"BehaviorSpace results (NetLogo 7.0.2)","Spreadsheet version 2.0"
"Altruistic 11_04nlogox.nlogox"
"Altruism_Reproduction"
"12/04/2025 15:11:14:192 -0500"
"min-pxcor","max-pxcor","min-pycor","max-pycor"
"-16","16","-16","16"
"[run number]","1","1","1","2","2","2","3","3","3","4","4","4","5","5","5","6","6","6","7","7","7","8","8","8","9","9","9","10","10","10","11","11","11","12","12","12","13","13","13","14","14","14","15","15","15","16","16","16","17","17","17","18","18","18","19","19","19","20","20","20","21","21","21","22","22","22","23","23","23","24","24","24","25","25","25","26","26","26","27","27","27","28","28","28","29","29","29","30","30","30","31","31","31","32","32","32","33","33","33","34","34","34","35","35","35","36","36","36","37","37","37","38","38","38","39","39","39","40","40","40","41","41","41","42","42","42","43","43","43","44","44","44","45","45","45","46","46","46","47","47","47","48","48","48","49","49","49","50","50","50","51","51","51","52","52","52","53","53","53","54","54","54","55","55","55","56","56","56","57","57","57","58","58","58","59","59","59","60","60","60"
"ode-mode","false",,,"false",,,"false",,,"false",,,"false",,,"false",,,"false",,,"false",,,"false",,,"false",,,"false",,,"false",,,"false",,,"false",,,"false",,,"false",,,"false",,,"false",,,"false",,,"false",,,"false",,,"false",,,"false",,,"false",,,"false",,,"false",,,"false",,,"false",,,"false",,,"false",,,"false",,,"false",,,"false",,,"false",,,"false",,,"false",,,"false",,,"false",,,"false",,,"false",,,"false",,,"false",,,"false",,,"false",,,"false",,,"false",,,"false",,,"false",,,"false",,,"false",,,"false",,,"false",,,"false",,,"false",,,"false",,,"false",,,"false",,,"false",,,"false",,,"false",,
"grass-on","true",,,"true",,,"true",,,"true",,,"true",,,"true",,,"true",,,"true",,,"true",,,"true",,,"true",,,"true",,,"true",,,"true",,,"true",,,"true",,,"true",,,"true",,,"true",,,"true",,,"true",,,"true",,,"true",,,"true",,,"true",,,"true",,,"true",,,"true",,,"true",,,"true",,,"true",,,"true",,,"true",,,"true",,,"true",,,"true",,,"true",,,"true",,,"true",,,"true",,,"true",,,"true",,,"true",,,"true",,,"true",,,"true",,,"true",,,"true",,,"true",,,"true",,,"true",,,"true",,,"true",,,"true",,,"true",,,"true",,,"true",,,"true",,,"true",,,"true",,
"starvation-on","true",,,"true",,,"true",,,"true",,,"true",,,"true",,,"true",,,"true",,,"true",,,"true",,,"true",,,"true",,,"true",,,"true",,,"true",,,"true",,,"true",,,"true",,,"true",,,"true",,,"true",,,"true",,,"true",,,"true",,,"true",,,"true",,,"true",,,"true",,,"true",,,"true",,,"true",,,"true",,,"true",,,"true",,,"true",,,"true",,,"true",,,"true",,,"true",,,"true",,,"true",,,"true",,,"true",,,"true",,,"true",,,"true",,,"true",,,"true",,,"true",,,"true",,,"true",,,"true",,,"true",,,"true",,,"true",,,"true",,,"true",,,"true",,,"true",,,"true",,
"aging-on","true",,,"true",,,"true",,,"true",,,"true",,,"true",,,"true",,,"true",,,"true",,,"true",,,"true",,,"true",,,"true",,,"true",,,"true",,,"true",,,"true",,,"true",,,"true",,,"true",,,"true",,,"true",,,"true",,,"true",,,"true",,,"true",,,"true",,,"true",,,"true",,,"true",,,"true",,,"true",,,"true",,,"true",,,"true",,,"true",,,"true",,,"true",,,"true",,,"true",,,"true",,,"true",,,"true",,,"true",,,"true",,,"true",,,"true",,,"true",,,"true",,,"true",,,"true",,,"true",,,"true",,,"true",,,"true",,,"true",,,"true",,,"true",,,"true",,,"true",,
"random-death-on","true",,,"true",,,"true",,,"true",,,"true",,,"true",,,"true",,,"true",,,"true",,,"true",,,"true",,,"true",,,"true",,,"true",,,"true",,,"true",,,"true",,,"true",,,"true",,,"true",,,"true",,,"true",,,"true",,,"true",,,"true",,,"true",,,"true",,,"true",,,"true",,,"true",,,"true",,,"true",,,"true",,,"true",,,"true",,,"true",,,"true",,,"true",,,"true",,,"true",,,"true",,,"true",,,"true",,,"true",,,"true",,,"true",,,"true",,,"true",,,"true",,,"true",,,"true",,,"true",,,"true",,,"true",,,"true",,,"true",,,"true",,,"true",,,"true",,,"true",,
"dominant-on","true",,,"true",,,"true",,,"true",,,"true",,,"true",,,"true",,,"true",,,"true",,,"true",,,"true",,,"true",,,"true",,,"true",,,"true",,,"true",,,"true",,,"true",,,"true",,,"true",,,"true",,,"true",,,"true",,,"true",,,"true",,,"true",,,"true",,,"true",,,"true",,,"true",,,"true",,,"true",,,"true",,,"true",,,"true",,,"true",,,"true",,,"true",,,"true",,,"true",,,"true",,,"true",,,"true",,,"true",,,"true",,,"true",,,"true",,,"true",,,"true",,,"true",,,"true",,,"true",,,"true",,,"true",,,"true",,,"true",,,"true",,,"true",,,"true",,,"true",,
"perfect-discrimination-on","true",,,"true",,,"true",,,"true",,,"true",,,"true",,,"true",,,"true",,,"true",,,"true",,,"true",,,"true",,,"true",,,"true",,,"true",,,"true",,,"true",,,"true",,,"true",,,"true",,,"true",,,"true",,,"true",,,"true",,,"true",,,"true",,,"true",,,"true",,,"true",,,"true",,,"true",,,"true",,,"true",,,"true",,,"true",,,"true",,,"true",,,"true",,,"true",,,"true",,,"true",,,"true",,,"true",,,"true",,,"true",,,"true",,,"true",,,"true",,,"true",,,"true",,,"true",,,"true",,,"true",,,"true",,,"true",,,"true",,,"true",,,"true",,,"true",,,"true",,
"initial-population","100",,,"100",,,"100",,,"100",,,"100",,,"100",,,"100",,,"100",,,"100",,,"100",,,"100",,,"100",,,"100",,,"100",,,"100",,,"100",,,"100",,,"100",,,"100",,,"100",,,"100",,,"100",,,"100",,,"100",,,"100",,,"100",,,"100",,,"100",,,"100",,,"100",,,"100",,,"100",,,"100",,,"100",,,"100",,,"100",,,"100",,,"100",,,"100",,,"100",,,"100",,,"100",,,"100",,,"100",,,"100",,,"100",,,"100",,,"100",,,"100",,,"100",,,"100",,,"100",,,"100",,,"100",,,"100",,,"100",,,"100",,,"100",,,"100",,,"100",,
"birth-rate","0.1",,,"0.1",,,"0.1",,,"0.1",,,"0.1",,,"0.1",,,"0.1",,,"0.1",,,"0.1",,,"0.1",,,"0.1",,,"0.1",,,"0.1",,,"0.1",,,"0.1",,,"0.1",,,"0.1",,,"0.1",,,"0.1",,,"0.1",,,"0.1",,,"0.1",,,"0.1",,,"0.1",,,"0.1",,,"0.1",,,"0.1",,,"0.1",,,"0.1",,,"0.1",,,"0.1",,,"0.1",,,"0.1",,,"0.1",,,"0.1",,,"0.1",,,"0.1",,,"0.1",,,"0.1",,,"0.1",,,"0.1",,,"0.1",,,"0.1",,,"0.1",,,"0.1",,,"0.1",,,"0.1",,,"0.1",,,"0.1",,,"0.1",,,"0.1",,,"0.1",,,"0.1",,,"0.1",,,"0.1",,,"0.1",,,"0.1",,,"0.1",,,"0.1",,,"0.1",,
"metabolic-rate","0.08",,,"0.08",,,"0.08",,,"0.08",,,"0.08",,,"0.08",,,"0.08",,,"0.08",,,"0.08",,,"0.08",,,"0.08",,,"0.08",,,"0.08",,,"0.08",,,"0.08",,,"0.08",,,"0.08",,,"0.08",,,"0.08",,,"0.08",,,"0.08",,,"0.08",,,"0.08",,,"0.08",,,"0.08",,,"0.08",,,"0.08",,,"0.08",,,"0.08",,,"0.08",,,"0.08",,,"0.08",,,"0.08",,,"0.08",,,"0.08",,,"0.08",,,"0.08",,,"0.08",,,"0.08",,,"0.08",,,"0.08",,,"0.08",,,"0.08",,,"0.08",,,"0.08",,,"0.08",,,"0.08",,,"0.08",,,"0.08",,,"0.08",,,"0.08",,,"0.08",,,"0.08",,,"0.08",,,"0.08",,,"0.08",,,"0.08",,,"0.08",,,"0.08",,,"0.08",,
"move-cost","0.03",,,"0.03",,,"0.03",,,"0.03",,,"0.03",,,"0.03",,,"0.03",,,"0.03",,,"0.03",,,"0.03",,,"0.03",,,"0.03",,,"0.03",,,"0.03",,,"0.03",,,"0.03",,,"0.03",,,"0.03",,,"0.03",,,"0.03",,,"0.03",,,"0.03",,,"0.03",,,"0.03",,,"0.03",,,"0.03",,,"0.03",,,"0.03",,,"0.03",,,"0.03",,,"0.03",,,"0.03",,,"0.03",,,"0.03",,,"0.03",,,"0.03",,,"0.03",,,"0.03",,,"0.03",,,"0.03",,,"0.03",,,"0.03",,,"0.03",,,"0.03",,,"0.03",,,"0.03",,,"0.03",,,"0.03",,,"0.03",,,"0.03",,,"0.03",,,"0.03",,,"0.03",,,"0.03",,,"0.03",,,"0.03",,,"0.03",,,"0.03",,,"0.03",,,"0.03",,
"reproduction-cost","1",,,"1",,,"1",,,"1",,,"1",,,"1",,,"1",,,"1",,,"1",,,"1",,,"1",,,"1",,,"1",,,"1",,,"1",,,"1",,,"1",,,"1",,,"1",,,"1",,,"1",,,"1",,,"1",,,"1",,,"1",,,"1",,,"1",,,"1",,,"1",,,"1",,,"1",,,"1",,,"1",,,"1",,,"1",,,"1",,,"1",,,"1",,,"1",,,"1",,,"1",,,"1",,,"1",,,"1",,,"1",,,"1",,,"1",,,"1",,,"1",,,"1",,,"1",,,"1",,,"1",,,"1",,,"1",,,"1",,,"1",,,"1",,,"1",,,"1",,
"reproduction-min-energy","3",,,"3",,,"3",,,"3",,,"3",,,"3",,,"3",,,"3",,,"3",,,"3",,,"3",,,"3",,,"3",,,"3",,,"3",,,"3",,,"3",,,"3",,,"3",,,"3",,,"3",,,"3",,,"3",,,"3",,,"3",,,"3",,,"3",,,"3",,,"3",,,"3",,,"3",,,"3",,,"3",,,"3",,,"3",,,"3",,,"3",,,"3",,,"3",,,"3",,,"3",,,"3",,,"3",,,"3",,,"3",,,"3",,,"3",,,"3",,,"3",,,"3",,,"3",,,"3",,,"3",,,"3",,,"3",,,"3",,,"3",,,"3",,,"3",,,"3",,
"time-step","0.6",,,"0.6",,,"0.6",,,"0.6",,,"0.6",,,"0.6",,,"0.6",,,"0.6",,,"0.6",,,"0.6",,,"0.6",,,"0.6",,,"0.6",,,"0.6",,,"0.6",,,"0.6",,,"0.6",,,"0.6",,,"0.6",,,"0.6",,,"0.6",,,"0.6",,,"0.6",,,"0.6",,,"0.6",,,"0.6",,,"0.6",,,"0.6",,,"0.6",,,"0.6",,,"0.6",,,"0.6",,,"0.6",,,"0.6",,,"0.6",,,"0.6",,,"0.6",,,"0.6",,,"0.6",,,"0.6",,,"0.6",,,"0.6",,,"0.6",,,"0.6",,,"0.6",,,"0.6",,,"0.6",,,"0.6",,,"0.6",,,"0.6",,,"0.6",,,"0.6",,,"0.6",,,"0.6",,,"0.6",,,"0.6",,,"0.6",,,"0.6",,,"0.6",,,"0.6",,
"altruism-energy","false",,,"false",,,"false",,,"false",,,"false",,,"false",,,"false",,,"false",,,"false",,,"false",,,"false",,,"false",,,"false",,,"false",,,"false",,,"false",,,"false",,,"false",,,"false",,,"false",,,"false",,,"false",,,"false",,,"false",,,"false",,,"false",,,"false",,,"false",,,"false",,,"false",,,"false",,,"false",,,"false",,,"false",,,"false",,,"false",,,"false",,,"false",,,"false",,,"false",,,"false",,,"false",,,"false",,,"false",,,"false",,,"false",,,"false",,,"false",,,"false",,,"false",,,"false",,,"false",,,"false",,,"false",,,"false",,,"false",,,"false",,,"false",,,"false",,,"false",,
"altruism-mortality","false",,,"false",,,"false",,,"false",,,"false",,,"false",,,"false",,,"false",,,"false",,,"false",,,"false",,,"false",,,"false",,,"false",,,"false",,,"false",,,"false",,,"false",,,"false",,,"false",,,"false",,,"false",,,"false",,,"false",,,"false",,,"false",,,"false",,,"false",,,"false",,,"false",,,"false",,,"false",,,"false",,,"false",,,"false",,,"false",,,"false",,,"false",,,"false",,,"false",,,"false",,,"false",,,"false",,,"false",,,"false",,,"false",,,"false",,,"false",,,"false",,,"false",,,"false",,,"false",,,"false",,,"false",,,"false",,,"false",,,"false",,,"false",,,"false",,,"false",,
"altruism-reproduction","true",,,"true",,,"true",,,"true",,,"true",,,"true",,,"true",,,"true",,,"true",,,"true",,,"true",,,"true",,,"true",,,"true",,,"true",,,"true",,,"true",,,"true",,,"true",,,"true",,,"true",,,"true",,,"true",,,"true",,,"true",,,"true",,,"true",,,"true",,,"true",,,"true",,,"true",,,"true",,,"true",,,"true",,,"true",,,"true",,,"true",,,"true",,,"true",,,"true",,,"true",,,"true",,,"true",,,"true",,,"true",,,"true",,,"true",,,"true",,,"true",,,"true",,,"true",,,"true",,,"true",,,"true",,,"true",,,"true",,,"true",,,"true",,,"true",,,"true",,
"altruist-reproduction-bonus","0.1",,,"0.1",,,"0.1",,,"0.1",,,"0.1",,,"0.1",,,"0.1",,,"0.1",,,"0.1",,,"0.1",,,"0.1",,,"0.1",,,"0.1",,,"0.1",,,"0.1",,,"0.1",,,"0.1",,,"0.1",,,"0.1",,,"0.1",,,"0.1",,,"0.1",,,"0.1",,,"0.1",,,"0.1",,,"0.1",,,"0.1",,,"0.1",,,"0.1",,,"0.1",,,"0.4",,,"0.4",,,"0.4",,,"0.4",,,"0.4",,,"0.4",,,"0.4",,,"0.4",,,"0.4",,,"0.4",,,"0.4",,,"0.4",,,"0.4",,,"0.4",,,"0.4",,,"0.4",,,"0.4",,,"0.4",,,"0.4",,,"0.4",,,"0.4",,,"0.4",,,"0.4",,,"0.4",,,"0.4",,,"0.4",,,"0.4",,,"0.4",,,"0.4",,,"0.4",,
"[reporter]","[step]","A-allele-proportion","total-population","[step]","A-allele-proportion","total-population","[step]","A-allele-proportion","total-population","[step]","A-allele-proportion","total-population","[step]","A-allele-proportion","total-population","[step]","A-allele-proportion","total-population","[step]","A-allele-proportion","total-population","[step]","A-allele-proportion","total-population","[step]","A-allele-proportion","total-population","[step]","A-allele-proportion","total-population","[step]","A-allele-proportion","total-population","[step]","A-allele-proportion","total-population","[step]","A-allele-proportion","total-population","[step]","A-allele-proportion","total-population","[step]","A-allele-proportion","total-population","[step]","A-allele-proportion","total-population","[step]","A-allele-proportion","total-population","[step]","A-allele-proportion","total-population","[step]","A-allele-proportion","total-population","[step]","A-allele-proportion","total-population","[step]","A-allele-proportion","total-population","[step]","A-allele-proportion","total-population","[step]","A-allele-proportion","total-population","[step]","A-allele-proportion","total-population","[step]","A-allele-proportion","total-population","[step]","A-allele-proportion","total-population","[step]","A-allele-proportion","total-population","[step]","A-allele-proportion","total-population","[step]","A-allele-proportion","total-population","[step]","A-allele-proportion","total-population","[step]","A-allele-proportion","total-population","[step]","A-allele-proportion","total-population","[step]","A-allele-proportion","total-population","[step]","A-allele-proportion","total-population","[step]","A-allele-proportion","total-population","[step]","A-allele-proportion","total-population","[step]","A-allele-proportion","total-population","[step]","A-allele-proportion","total-population","[step]","A-allele-proportion","total-population","[step]","A-allele-proportion","total-population","[step]","A-allele-proportion","total-population","[step]","A-allele-proportion","total-population","[step]","A-allele-proportion","total-population","[step]","A-allele-proportion","total-population","[step]","A-allele-proportion","total-population","[step]","A-allele-proportion","total-population","[step]","A-allele-proportion","total-population","[step]","A-allele-proportion","total-population","[step]","A-allele-proportion","total-population","[step]","A-allele-proportion","total-population","[step]","A-allele-proportion","total-population","[step]","A-allele-proportion","total-population","[step]","A-allele-proportion","total-population","[step]","A-allele-proportion","total-population","[step]","A-allele-proportion","total-population","[step]","A-allele-proportion","total-population","[step]","A-allele-proportion","total-population","[step]","A-allele-proportion","total-population","[step]","A-allele-proportion","total-population","[step]","A-allele-proportion","total-population"
"[final]","834","0","0","834","0","0","834","0","0","834","0","0","834","0","0","834","0","0","834","0","0","834","0","0","834","0","0","834","0","0","834","0","0","834","0","0","834","0","0","834","0","0","834","0","0","834","0","0","834","0","0","834","0","0","834","0","0","834","0","0","834","0","0","834","0","0","834","0","0","834","0","0","834","0","0","834","0","0","834","0","0","834","0","0","834","0","0","834","0","0","834","0","0","834","0","0","834","0","0","834","0","0","834","0","0","834","0","0","834","0","0","834","0","0","834","0","0","834","0","0","834","0","0","834","0","0","834","0","0","834","0","0","834","0","0","834","0","0","834","0","0","834","0","0","834","0","0","834","0","0","834","0","0","834","0","0","834","0","0","834","0","0","834","0","0","834","0","0","834","0","0","834","0","0","834","0","0","834","0","0"
"[min]","0","0","0","0","0","0","0","0","0","0","0","0","0","0","0","0","0","0","0","0","0","0","0","0","0","0","0","0","0","0","0","0","0","0","0","0","0","0","0","0","0","0","0","0","0","0","0","0","0","0","0","0","0","0","0","0","0","0","0","0","0","0","0","0","0","0","0","0","0","0","0","0","0","0","0","0","0","0","0","0","0","0","0","0","0","0","0","0","0","0","0","0","0","0","0","0","0","0","0","0","0","0","0","0","0","0","0","0","0","0","0","0","0","0","0","0","0","0","0","0","0","0","0","0","0","0","0","0","0","0","0","0","0","0","0","0","0","0","0","0","0","0","0","0","0","0","0","0","0","0","0","0","0","0","0","0","0","0","0","0","0","0","0","0","0","0","0","0","0","0","0","0","0","0","0","0","0","0","0","0"
"[max]","834","0.5555555555555556","101","834","1","103","834","1","102","834","0.575","106","834","1","100","834","0.6","102","834","0.59375","100","834","1","101","834","0.5625","100","834","0.5","101","834","1","101","834","0.6071428571428571","100","834","1","100","834","0.6666666666666666","101","834","1","101","834","1","100","834","1","100","834","0.875","101","834","0.6428571428571429","100","834","0.6296296296296297","102","834","0.525","100","834","1","100","834","0.5053191489361702","101","834","0.5625","106","834","0.6071428571428571","100","834","0.6666666666666666","101","834","0.7","100","834","0.5714285714285714","101","834","1","100","834","0.625","100","834","0.5952380952380952","100","834","0.5148514851485149","102","834","1","102","834","0.6111111111111112","103","834","0.65","100","834","1","100","834","1","101","834","0.625","101","834","0.5470588235294118","106","834","0.6842105263157895","115","834","1","104","834","1","101","834","0.75","101","834","0.631578947368421","100","834","0.603448275862069","106","834","0.5722222222222222","109","834","0.5448717948717948","103","834","0.5833333333333334","105","834","0.7857142857142857","109","834","0.5666666666666667","100","834","0.6666666666666666","102","834","0.625","102","834","0.6086956521739131","100","834","0.6","103","834","0.65","101","834","0.5","100","834","1","101","834","0.5","102","834","1","102","834","0.6666666666666666","101"
"[mean]","417","0.17831606724687213","17.777245508982038","417","0.18228403168021465","19.429940119760477","417","0.20064725671333355","18.45988023952096","417","0.15632031700742635","17.95808383233533","417","0.18841818150665607","16.453892215568864","417","0.24628885001945403","18.879041916167665","417","0.17235279154270314","16.24191616766467","417","0.20417839032443355","17.220359281437126","417","0.1574322014432713","14.156886227544911","417","0.17811654143918854","17.03353293413174","417","0.21369279913379666","18.507784431137726","417","0.18493326552906345","16.441916167664672","417","0.3050277930441328","14.62754491017964","417","0.1972053975936455","17.79880239520958","417","0.24539286650196557","16.28622754491018","417","0.21838849367265387","16.49700598802395","417","0.19377621034739195","15.264670658682634","417","0.22842376120360444","15.910179640718562","417","0.20825379792096507","16.98922155688623","417","0.261159618662208","20.154491017964073","417","0.1759407391049303","18.84071856287425","417","0.2304111791215366","15.276646706586826","417","0.15889071839964836","18.450299401197604","417","0.18931952629603982","21.752095808383235","417","0.20666444531759004","19.186826347305388","417","0.13724802648648488","14.895808383233533","417","0.2045134917427688","16.74491017964072","417","0.1875151203059646","16.332934131736526","417","0.29329901265541136","18.90299401197605","417","0.19151646622890384","15.954491017964072","417","0.2050271559253284","17.49940119760479","417","0.1805937087507011","19.639520958083832","417","0.2256054956720149","15.574850299401197","417","0.2097945570556175","18.37365269461078","417","0.2581994897697677","20.904191616766468","417","0.2212560102966426","17.738922155688623","417","0.255401743335602","16.34011976047904","417","0.17634809960101508","17.007185628742516","417","0.20031429935906234","24.148502994011977","417","0.2620285764791069","24.59760479041916","417","0.2506929289345634","17.11736526946108","417","0.22863214480223404","17.09940119760479","417","0.212239231435507","21.30179640718563","417","0.21724967784131458","18.41317365269461","417","0.2409076918610082","22.264670658682636","417","0.20845470881610675","22.67065868263473","417","0.18569058686171863","19.88383233532934","417","0.279825810621522","20.324550898203594","417","0.25353442823969535","20.86946107784431","417","0.23544197717944765","20.264670658682636","417","0.22340142684871175","20.862275449101798","417","0.23995972000857338","19.58562874251497","417","0.2272478213746948","19.20239520958084","417","0.19693543475353806","19.594011976047906","417","0.20868126847355986","20.75568862275449","417","0.19153199076881158","17.679041916167666","417","0.17667841072438753","15.119760479041917","417","0.154321967495872","20.676646706586826","417","0.2587451859153035","18.11616766467066","417","0.21680101477634328","16.96646706586826"
"[total steps]","834","834","834","834","834","834","834","834","834","834","834","834","834","834","834","834","834","834","834","834","834","834","834","834","834","834","834","834","834","834","834","834","834","834","834","834","834","834","834","834","834","834","834","834","834","834","834","834","834","834","834","834","834","834","834","834","834","834","834","834","834","834","834","834","834","834","834","834","834","834","834","834","834","834","834","834","834","834","834","834","834","834","834","834","834","834","834","834","834","834","834","834","834","834","834","834","834","834","834","834","834","834","834","834","834","834","834","834","834","834","834","834","834","834","834","834","834","834","834","834","834","834","834","834","834","834","834","834","834","834","834","834","834","834","834","834","834","834","834","834","834","834","834","834","834","834","834","834","834","834","834","834","834","834","834","834","834","834","834","834","834","834","834","834","834","834","834","834","834","834","834","834","834","834","834","834","834","834","834","834"

"[all run data]","[step]","A-allele-proportion","total-population","[step]","A-allele-proportion","total-population","[step]","A-allele-proportion","total-population","[step]","A-allele-proportion","total-population","[step]","A-allele-proportion","total-population","[step]","A-allele-proportion","total-population","[step]","A-allele-proportion","total-population","[step]","A-allele-proportion","total-population","[step]","A-allele-proportion","total-population","[step]","A-allele-proportion","total-population","[step]","A-allele-proportion","total-population","[step]","A-allele-proportion","total-population","[step]","A-allele-proportion","total-population","[step]","A-allele-proportion","total-population","[step]","A-allele-proportion","total-population","[step]","A-allele-proportion","total-population","[step]","A-allele-proportion","total-population","[step]","A-allele-proportion","total-population","[step]","A-allele-proportion","total-population","[step]","A-allele-proportion","total-population","[step]","A-allele-proportion","total-population","[step]","A-allele-proportion","total-population","[step]","A-allele-proportion","total-population","[step]","A-allele-proportion","total-population","[step]","A-allele-proportion","total-population","[step]","A-allele-proportion","total-population","[step]","A-allele-proportion","total-population","[step]","A-allele-proportion","total-population","[step]","A-allele-proportion","total-population","[step]","A-allele-proportion","total-population","[step]","A-allele-proportion","total-population","[step]","A-allele-proportion","total-population","[step]","A-allele-proportion","total-population","[step]","A-allele-proportion","total-population","[step]","A-allele-proportion","total-population","[step]","A-allele-proportion","total-population","[step]","A-allele-proportion","total-population","[step]","A-allele-proportion","total-population","[step]","A-allele-proportion","total-population","[step]","A-allele-proportion","total-population","[step]","A-allele-proportion","total-population","[step]","A-allele-proportion","total-population","[step]","A-allele-proportion","total-population","[step]","A-allele-proportion","total-population","[step]","A-allele-proportion","total-population","[step]","A-allele-proportion","total-population","[step]","A-allele-proportion","total-population","[step]","A-allele-proportion","total-population","[step]","A-allele-proportion","total-population","[step]","A-allele-proportion","total-population","[step]","A-allele-proportion","total-population","[step]","A-allele-proportion","total-population","[step]","A-allele-proportion","total-population","[step]","A-allele-proportion","total-population","[step]","A-allele-proportion","total-population","[step]","A-allele-proportion","total-population","[step]","A-allele-proportion","total-population","[step]","A-allele-proportion","total-population","[step]","A-allele-proportion","total-population","[step]","A-allele-proportion","total-population"
,"0","0.52","100","0","0.545","100","0","0.48","100","0","0.445","100","0","0.455","100","0","0.565","100","0","0.435","100","0","0.495","100","0","0.465","100","0","0.475","100","0","0.46","100","0","0.515","100","0","0.555","100","0","0.48","100","0","0.47","100","0","0.47","100","0","0.45","100","0","0.5","100","0","0.53","100","0","0.465","100","0","0.465","100","0","0.495","100","0","0.495","100","0","0.495","100","0","0.56","100","0","0.495","100","0","0.475","100","0","0.545","100","0","0.54","100","0","0.45","100","0","0.445","100","0","0.51","100","0","0.5","100","0","0.485","100","0","0.49","100","0","0.515","100","0","0.55","100","0","0.49","100","0","0.495","100","0","0.54","100","0","0.51","100","0","0.51","100","0","0.51","100","0","0.485","100","0","0.505","100","0","0.525","100","0","0.505","100","0","0.49","100","0","0.545","100","0","0.465","100","0","0.575","100","0","0.465","100","0","0.53","100","0","0.49","100","0","0.485","100","0","0.45","100","0","0.475","100","0","0.475","100","0","0.545","100","0","0.54","100"
,"1","0.5198019801980198","101","1","0.5360824742268041","97","1","0.4752475247524752","101","1","0.44607843137254904","102","1","0.455","100","1","0.5643564356435643","101","1","0.42857142857142855","98","1","0.4898989898989899","99","1","0.4696969696969697","99","1","0.47029702970297027","101","1","0.46","100","1","0.5151515151515151","99","1","0.56","100","1","0.48484848484848486","99","1","0.4744897959183674","98","1","0.4696969696969697","99","1","0.4494949494949495","99","1","0.5","100","1","0.52","100","1","0.465","100","1","0.4696969696969697","99","1","0.4897959183673469","98","1","0.495","100","1","0.5","101","1","0.56","100","1","0.4898989898989899","99","1","0.475","100","1","0.545","100","1","0.54","100","1","0.45","100","1","0.4444444444444444","99","1","0.5148514851485149","101","1","0.5","100","1","0.485","100","1","0.4898989898989899","99","1","0.515","100","1","0.5445544554455446","101","1","0.49504950495049505","101","1","0.495","100","1","0.5353535353535354","99","1","0.51","100","1","0.51","100","1","0.51","100","1","0.4898989898989899","99","1","0.5","100","1","0.5242718446601942","103","1","0.5","102","1","0.49","100","1","0.5392156862745098","102","1","0.4696969696969697","99","1","0.5686274509803921","102","1","0.465","100","1","0.5252525252525253","99","1","0.49514563106796117","103","1","0.495","100","1","0.455","100","1","0.475","100","1","0.4797979797979798","99","1","0.545","100","1","0.5454545454545454","99"
,"2","0.52","100","2","0.5306122448979592","98","2","0.47058823529411764","102","2","0.44607843137254904","102","2","0.455","100","2","0.5643564356435643","101","2","0.42857142857142855","98","2","0.49504950495049505","101","2","0.4642857142857143","98","2","0.4696969696969697","99","2","0.4603960396039604","101","2","0.5153061224489796","98","2","0.5606060606060606","99","2","0.4846938775510204","98","2","0.4793814432989691","97","2","0.47","100","2","0.45408163265306123","98","2","0.5051020408163265","98","2","0.5252525252525253","99","2","0.46534653465346537","101","2","0.4696969696969697","99","2","0.4895833333333333","96","2","0.495","100","2","0.5","102","2","0.5555555555555556","99","2","0.485","100","2","0.47474747474747475","99","2","0.55","100","2","0.5404040404040404","99","2","0.445","100","2","0.44387755102040816","98","2","0.5148514851485149","101","2","0.49504950495049505","101","2","0.485","100","2","0.49489795918367346","98","2","0.51010101010101","99","2","0.55","100","2","0.4898989898989899","99","2","0.49504950495049505","101","2","0.53","100","2","0.5151515151515151","99","2","0.51010101010101","99","2","0.51","100","2","0.4897959183673469","98","2","0.5","100","2","0.5192307692307693","104","2","0.5","101","2","0.49","100","2","0.5396039603960396","101","2","0.4696969696969697","99","2","0.5693069306930693","101","2","0.46568627450980393","102","2","0.5255102040816326","98","2","0.4803921568627451","102","2","0.49504950495049505","101","2","0.4587628865979381","97","2","0.47029702970297027","101","2","0.4797979797979798","99","2","0.5392156862745098","102","2","0.5445544554455446","101"
,"3","0.52","100","3","0.5306122448979592","98","3","0.475","100","3","0.44607843137254904","102","3","0.45454545454545453","99","3","0.5693069306930693","101","3","0.4329896907216495","97","3","0.494949494949495","99","3","0.4690721649484536","97","3","0.4744897959183674","98","3","0.45918367346938777","98","3","0.51010101010101","99","3","0.5606060606060606","99","3","0.49504950495049505","101","3","0.4793814432989691","97","3","0.4744897959183674","98","3","0.4587628865979381","97","3","0.5051546391752577","97","3","0.53125","96","3","0.465","100","3","0.4642857142857143","98","3","0.4895833333333333","96","3","0.495","100","3","0.5","102","3","0.5463917525773195","97","3","0.48484848484848486","99","3","0.4696969696969697","99","3","0.5404040404040404","99","3","0.535","100","3","0.45","100","3","0.44387755102040816","98","3","0.5098039215686274","102","3","0.49504950495049505","101","3","0.4897959183673469","98","3","0.4898989898989899","99","3","0.5153061224489796","98","3","0.55","100","3","0.4842105263157895","95","3","0.495","100","3","0.5297029702970297","101","3","0.5151515151515151","99","3","0.51010101010101","99","3","0.51010101010101","99","3","0.4897959183673469","98","3","0.5","100","3","0.5192307692307693","104","3","0.4950980392156863","102","3","0.49","100","3","0.5441176470588235","102","3","0.4696969696969697","99","3","0.5784313725490197","102","3","0.46534653465346537","101","3","0.5255102040816326","98","3","0.48514851485148514","101","3","0.495","100","3","0.4583333333333333","96","3","0.4797979797979798","99","3","0.48","100","3","0.5459183673469388","98","3","0.545","100"
,"4","0.52","100","4","0.5309278350515464","97","4","0.475","100","4","0.44607843137254904","102","4","0.45408163265306123","98","4","0.57","100","4","0.4381443298969072","97","4","0.5","99","4","0.4690721649484536","97","4","0.4744897959183674","98","4","0.45918367346938777","98","4","0.5153061224489796","98","4","0.5606060606060606","99","4","0.4948453608247423","97","4","0.4791666666666667","96","4","0.4797979797979798","99","4","0.4473684210526316","95","4","0.5051546391752577","97","4","0.5257731958762887","97","4","0.465","100","4","0.4642857142857143","98","4","0.4897959183673469","98","4","0.49504950495049505","101","4","0.5048076923076923","104","4","0.5459183673469388","98","4","0.4846938775510204","98","4","0.4690721649484536","97","4","0.5445544554455446","101","4","0.5408163265306123","98","4","0.44387755102040816","98","4","0.4444444444444444","99","4","0.5098039215686274","102","4","0.504950495049505","101","4","0.494949494949495","99","4","0.495","100","4","0.5151515151515151","99","4","0.5505050505050505","99","4","0.4895833333333333","96","4","0.494949494949495","99","4","0.5245098039215687","102","4","0.52","100","4","0.51010101010101","99","4","0.51010101010101","99","4","0.4897959183673469","98","4","0.5","100","4","0.5192307692307693","104","4","0.4950980392156863","102","4","0.4900990099009901","101","4","0.5436893203883495","103","4","0.4696969696969697","99","4","0.59","100","4","0.465","100","4","0.5303030303030303","99","4","0.47474747474747475","99","4","0.51010101010101","99","4","0.45789473684210524","95","4","0.48484848484848486","99","4","0.4803921568627451","102","4","0.555","100","4","0.54","100"
,"5","0.5151515151515151","99","5","0.5255102040816326","98","5","0.475","100","5","0.45","100","5","0.44387755102040816","98","5","0.575","100","5","0.4375","96","5","0.4948453608247423","97","5","0.4690721649484536","97","5","0.47959183673469385","98","5","0.45918367346938777","98","5","0.5103092783505154","97","5","0.5612244897959183","98","5","0.4948453608247423","97","5","0.4791666666666667","96","5","0.4696969696969697","99","5","0.44680851063829785","94","5","0.5102040816326531","98","5","0.5157894736842106","95","5","0.46078431372549017","102","5","0.4690721649484536","97","5","0.48947368421052634","95","5","0.49504950495049505","101","5","0.5048543689320388","103","5","0.5505050505050505","99","5","0.4744897959183674","98","5","0.4690721649484536","97","5","0.5404040404040404","99","5","0.545","100","5","0.44387755102040816","98","5","0.4381443298969072","97","5","0.5098039215686274","102","5","0.5049019607843137","102","5","0.4896907216494845","97","5","0.495","100","5","0.5102040816326531","98","5","0.5510204081632653","98","5","0.4787234042553192","94","5","0.494949494949495","99","5","0.5242718446601942","103","5","0.5151515151515151","99","5","0.51010101010101","99","5","0.51010101010101","99","5","0.494949494949495","99","5","0.5","100","5","0.5048076923076923","104","5","0.5048543689320388","103","5","0.4950980392156863","102","5","0.5436893203883495","103","5","0.46938775510204084","98","5","0.5891089108910891","101","5","0.4595959595959596","99","5","0.5357142857142857","98","5","0.48","100","5","0.5051546391752577","97","5","0.4574468085106383","94","5","0.4793814432989691","97","5","0.47474747474747475","99","5","0.55","100","5","0.5408163265306123","98"
,"6","0.520618556701031","97","6","0.5255102040816326","98","6","0.46938775510204084","98","6","0.44554455445544555","101","6","0.44329896907216493","97","6","0.575","100","6","0.4381443298969072","97","6","0.4897959183673469","98","6","0.46875","96","6","0.4739583333333333","96","6","0.4587628865979381","97","6","0.520618556701031","97","6","0.5670103092783505","97","6","0.4948453608247423","97","6","0.47368421052631576","95","6","0.4744897959183674","98","6","0.44680851063829785","94","6","0.5202020202020202","99","6","0.5157894736842106","95","6","0.46464646464646464","99","6","0.4690721649484536","97","6","0.48947368421052634","95","6","0.495","100","6","0.5048543689320388","103","6","0.5412371134020618","97","6","0.4744897959183674","98","6","0.4635416666666667","96","6","0.5459183673469388","98","6","0.5463917525773195","97","6","0.4489795918367347","98","6","0.4375","96","6","0.51","100","6","0.51","100","6","0.4896907216494845","97","6","0.4898989898989899","99","6","0.5151515151515151","99","6","0.5510204081632653","98","6","0.4838709677419355","93","6","0.5","99","6","0.5245098039215687","102","6","0.5151515151515151","99","6","0.5099009900990099","101","6","0.505","100","6","0.4897959183673469","98","6","0.5","100","6","0.5093457943925234","107","6","0.505","100","6","0.4900990099009901","101","6","0.5436893203883495","103","6","0.48","100","6","0.595","100","6","0.45408163265306123","98","6","0.5309278350515464","97","6","0.48484848484848486","99","6","0.5051546391752577","97","6","0.4574468085106383","94","6","0.4793814432989691","97","6","0.485","100","6","0.555","100","6","0.5357142857142857","98"
,"7","0.5153061224489796","98","7","0.520618556701031","97","7","0.4690721649484536","97","7","0.45","100","7","0.4387755102040816","98","7","0.5686274509803921","102","7","0.4368421052631579","95","7","0.4797979797979798","99","7","0.4639175257731959","97","7","0.4739583333333333","96","7","0.453125","96","7","0.5204081632653061","98","7","0.5670103092783505","97","7","0.4897959183673469","98","7","0.4739583333333333","96","7","0.47474747474747475","99","7","0.45161290322580644","93","7","0.5151515151515151","99","7","0.5157894736842106","95","7","0.4642857142857143","98","7","0.46875","96","7","0.4946808510638298","94","7","0.505","100","7","0.5","101","7","0.5360824742268041","97","7","0.48","100","7","0.4635416666666667","96","7","0.5459183673469388","98","7","0.5463917525773195","97","7","0.453125","96","7","0.44329896907216493","97","7","0.51","100","7","0.5050505050505051","99","7","0.4948453608247423","97","7","0.4898989898989899","99","7","0.5051546391752577","97","7","0.5510204081632653","98","7","0.483695652173913","92","7","0.5","99","7","0.5240384615384616","104","7","0.5153061224489796","98","7","0.5102040816326531","98","7","0.505","100","7","0.4948453608247423","97","7","0.5","99","7","0.5094339622641509","106","7","0.51010101010101","99","7","0.4950980392156863","102","7","0.5480769230769231","104","7","0.47474747474747475","99","7","0.5909090909090909","99","7","0.45408163265306123","98","7","0.5309278350515464","97","7","0.485","100","7","0.5051020408163265","98","7","0.4627659574468085","94","7","0.4787234042553192","94","7","0.485","100","7","0.555","100","7","0.5303030303030303","99"
,"8","0.520618556701031","97","8","0.5260416666666666","96","8","0.4690721649484536","97","8","0.44554455445544555","101","8","0.4329896907216495","97","8","0.575","100","8","0.4368421052631579","95","8","0.4846938775510204","98","8","0.4631578947368421","95","8","0.4793814432989691","97","8","0.453125","96","8","0.520618556701031","97","8","0.5670103092783505","97","8","0.4896907216494845","97","8","0.4696969696969697","99","8","0.48","100","8","0.4521276595744681","94","8","0.51010101010101","99","8","0.5103092783505154","97","8","0.4642857142857143","98","8","0.46875","96","8","0.48936170212765956","94","8","0.505","100","8","0.505","100","8","0.5360824742268041","97","8","0.48","100","8","0.4635416666666667","96","8","0.5416666666666666","96","8","0.5408163265306123","98","8","0.4627659574468085","94","8","0.4427083333333333","96","8","0.5102040816326531","98","8","0.505","100","8","0.49489795918367346","98","8","0.494949494949495","99","8","0.5051546391752577","97","8","0.5510204081632653","98","8","0.4946236559139785","93","8","0.5","99","8","0.5238095238095238","105","8","0.515","100","8","0.51","100","8","0.505","100","8","0.4947916666666667","96","8","0.5","100","8","0.5185185185185185","108","8","0.5154639175257731","97","8","0.48514851485148514","101","8","0.5480769230769231","104","8","0.47474747474747475","99","8","0.5824742268041238","97","8","0.4595959595959596","99","8","0.5306122448979592","98","8","0.49019607843137253","102","8","0.5051020408163265","98","8","0.4627659574468085","94","8","0.48404255319148937","94","8","0.49","100","8","0.5505050505050505","99","8","0.5303030303030303","99"
,"9","0.520618556701031","97","9","0.5257731958762887","97","9","0.4690721649484536","97","9","0.4411764705882353","102","9","0.4329896907216495","97","9","0.5742574257425742","101","9","0.43478260869565216","92","9","0.4791666666666667","96","9","0.4635416666666667","96","9","0.4739583333333333","96","9","0.453125","96","9","0.5306122448979592","98","9","0.5625","96","9","0.4948453608247423","97","9","0.4752475247524752","101","9","0.48","100","9","0.4473684210526316","95","9","0.51","100","9","0.5161290322580645","93","9","0.4642857142857143","98","9","0.47368421052631576","95","9","0.48936170212765956","94","9","0.504950495049505","101","9","0.504950495049505","101","9","0.5364583333333334","96","9","0.48","100","9","0.4583333333333333","96","9","0.5416666666666666","96","9","0.5404040404040404","99","9","0.46875","96","9","0.44329896907216493","97","9","0.5102040816326531","98","9","0.505","100","9","0.4898989898989899","99","9","0.4897959183673469","98","9","0.5052631578947369","95","9","0.5520833333333334","96","9","0.4888888888888889","90","9","0.5","99","9","0.5333333333333333","105","9","0.515","100","9","0.51","100","9","0.5099009900990099","101","9","0.4948453608247423","97","9","0.49489795918367346","98","9","0.518348623853211","109","9","0.5154639175257731","97","9","0.4854368932038835","103","9","0.5445544554455446","101","9","0.47959183673469385","98","9","0.5816326530612245","98","9","0.45918367346938777","98","9","0.5252525252525253","99","9","0.4752475247524752","101","9","0.5051020408163265","98","9","0.453125","96","9","0.48404255319148937","94","9","0.4797979797979798","99","9","0.5454545454545454","99","9","0.5303030303030303","99"
,"10","0.5263157894736842","95","10","0.5257731958762887","97","10","0.4690721649484536","97","10","0.44660194174757284","103","10","0.4375","96","10","0.5742574257425742","101","10","0.43548387096774194","93","10","0.4791666666666667","96","10","0.4734042553191489","94","10","0.46938775510204084","98","10","0.44680851063829785","94","10","0.5208333333333334","96","10","0.5631578947368421","95","10","0.5","96","10","0.4696969696969697","99","10","0.4797979797979798","99","10","0.4521276595744681","94","10","0.5050505050505051","99","10","0.5217391304347826","92","10","0.45408163265306123","98","10","0.47368421052631576","95","10","0.48936170212765956","94","10","0.504950495049505","101","10","0.5048543689320388","103","10","0.5360824742268041","97","10","0.4752475247524752","101","10","0.4631578947368421","95","10","0.5416666666666666","96","10","0.5404040404040404","99","10","0.46808510638297873","94","10","0.4484536082474227","97","10","0.51010101010101","99","10","0.5099009900990099","101","10","0.49504950495049505","101","10","0.4846938775510204","98","10","0.5052631578947369","95","10","0.5572916666666666","96","10","0.4888888888888889","90","10","0.5","99","10","0.5336538461538461","104","10","0.5148514851485149","101","10","0.5102040816326531","98","10","0.5050505050505051","99","10","0.4947916666666667","96","10","0.5","99","10","0.5185185185185185","108","10","0.5255102040816326","98","10","0.48095238095238096","105","10","0.5490196078431373","102","10","0.4797979797979798","99","10","0.5757575757575758","99","10","0.4639175257731959","97","10","0.5252525252525253","99","10","0.47058823529411764","102","10","0.5051020408163265","98","10","0.45263157894736844","95","10","0.48404255319148937","94","10","0.4797979797979798","99","10","0.5416666666666666","96","10","0.5357142857142857","98"
,"11","0.5263157894736842","95","11","0.5255102040816326","98","11","0.4739583333333333","96","11","0.4519230769230769","104","11","0.4421052631578947","95","11","0.57","100","11","0.43548387096774194","93","11","0.484375","96","11","0.4789473684210526","95","11","0.4635416666666667","96","11","0.4340659340659341","91","11","0.5208333333333334","96","11","0.5625","96","11","0.49473684210526314","95","11","0.4696969696969697","99","11","0.47959183673469385","98","11","0.45161290322580644","93","11","0.5050505050505051","99","11","0.5217391304347826","92","11","0.4536082474226804","97","11","0.4742268041237113","97","11","0.4838709677419355","93","11","0.505","100","11","0.5048076923076923","104","11","0.5360824742268041","97","11","0.48","100","11","0.4574468085106383","94","11","0.5421052631578948","95","11","0.535","100","11","0.46842105263157896","95","11","0.45408163265306123","98","11","0.5051020408163265","98","11","0.515","100","11","0.49019607843137253","102","11","0.4846938775510204","98","11","0.5052631578947369","95","11","0.5684210526315789","95","11","0.48314606741573035","89","11","0.5099009900990099","101","11","0.5336538461538461","104","11","0.5148514851485149","101","11","0.5154639175257731","97","11","0.5050505050505051","99","11","0.48947368421052634","95","11","0.505","100","11","0.5141509433962265","106","11","0.5257731958762887","97","11","0.48058252427184467","103","11","0.55","100","11","0.46938775510204084","98","11","0.5792079207920792","101","11","0.4642857142857143","98","11","0.5252525252525253","99","11","0.46568627450980393","102","11","0.5050505050505051","99","11","0.453125","96","11","0.48404255319148937","94","11","0.48514851485148514","101","11","0.5416666666666666","96","11","0.5368421052631579","95"
,"12","0.526595744680851","94","12","0.5257731958762887","97","12","0.4742268041237113","97","12","0.4519230769230769","104","12","0.44680851063829785","94","12","0.5714285714285714","98","12","0.43548387096774194","93","12","0.484375","96","12","0.4791666666666667","96","12","0.4635416666666667","96","12","0.4340659340659341","91","12","0.5212765957446809","94","12","0.5585106382978723","94","12","0.4845360824742268","97","12","0.4696969696969697","99","12","0.47959183673469385","98","12","0.44680851063829785","94","12","0.5050505050505051","99","12","0.5217391304347826","92","12","0.4583333333333333","96","12","0.4791666666666667","96","12","0.4787234042553192","94","12","0.505","100","12","0.5097087378640777","103","12","0.5360824742268041","97","12","0.48484848484848486","99","12","0.4574468085106383","94","12","0.5364583333333334","96","12","0.5357142857142857","98","12","0.4734042553191489","94","12","0.4587628865979381","97","12","0.5051546391752577","97","12","0.5148514851485149","101","12","0.49029126213592233","103","12","0.4793814432989691","97","12","0.5","94","12","0.5684210526315789","95","12","0.4888888888888889","90","12","0.5049019607843137","102","12","0.5380952380952381","105","12","0.5196078431372549","102","12","0.5153061224489796","98","12","0.5050505050505051","99","12","0.48947368421052634","95","12","0.5","100","12","0.514018691588785","107","12","0.5257731958762887","97","12","0.4803921568627451","102","12","0.5495049504950495","101","12","0.4742268041237113","97","12","0.5663265306122449","98","12","0.4690721649484536","97","12","0.525","100","12","0.47058823529411764","102","12","0.5051546391752577","97","12","0.4521276595744681","94","12","0.4838709677419355","93","12","0.4846938775510204","98","12","0.5416666666666666","96","12","0.5421052631578948","95"
,"13","0.5208333333333334","96","13","0.5257731958762887","97","13","0.46875","96","13","0.4528301886792453","106","13","0.44680851063829785","94","13","0.5773195876288659","97","13","0.4368421052631579","95","13","0.484375","96","13","0.4734042553191489","94","13","0.4690721649484536","97","13","0.44021739130434784","92","13","0.521505376344086","93","13","0.5585106382978723","94","13","0.4897959183673469","98","13","0.465","100","13","0.4793814432989691","97","13","0.44680851063829785","94","13","0.5099009900990099","101","13","0.521505376344086","93","13","0.46236559139784944","93","13","0.4791666666666667","96","13","0.4731182795698925","93","13","0.505","100","13","0.5096153846153846","104","13","0.5416666666666666","96","13","0.48484848484848486","99","13","0.4574468085106383","94","13","0.5372340425531915","94","13","0.5463917525773195","97","13","0.4734042553191489","94","13","0.453125","96","13","0.5051546391752577","97","13","0.51010101010101","99","13","0.5048543689320388","103","13","0.4793814432989691","97","13","0.5","94","13","0.5645161290322581","93","13","0.4888888888888889","90","13","0.5049019607843137","102","13","0.5380952380952381","105","13","0.5145631067961165","103","13","0.5104166666666666","96","13","0.505","100","13","0.489247311827957","93","13","0.5","100","13","0.514018691588785","107","13","0.5257731958762887","97","13","0.46601941747572817","103","13","0.5495049504950495","101","13","0.4791666666666667","96","13","0.5663265306122449","98","13","0.46938775510204084","98","13","0.525","100","13","0.47029702970297027","101","13","0.5051546391752577","97","13","0.4521276595744681","94","13","0.4838709677419355","93","13","0.48","100","13","0.5412371134020618","97","13","0.5421052631578948","95"
,"14","0.5210526315789473","95","14","0.5151515151515151","99","14","0.4631578947368421","95","14","0.4519230769230769","104","14","0.4473684210526316","95","14","0.5773195876288659","97","14","0.44148936170212766","94","14","0.4845360824742268","97","14","0.4734042553191489","94","14","0.4635416666666667","96","14","0.4340659340659341","91","14","0.521505376344086","93","14","0.5585106382978723","94","14","0.4845360824742268","97","14","0.465","100","14","0.4842105263157895","95","14","0.44680851063829785","94","14","0.5103092783505154","97","14","0.521978021978022","91","14","0.4631578947368421","95","14","0.4739583333333333","96","14","0.4789473684210526","95","14","0.5051020408163265","98","14","0.5095238095238095","105","14","0.5463917525773195","97","14","0.4739583333333333","96","14","0.4574468085106383","94","14","0.5372340425531915","94","14","0.546875","96","14","0.4734042553191489","94","14","0.4521276595744681","94","14","0.5","97","14","0.51","100","14","0.49019607843137253","102","14","0.4744897959183674","98","14","0.5052631578947369","95","14","0.5659340659340659","91","14","0.4888888888888889","90","14","0.5049019607843137","102","14","0.5285714285714286","105","14","0.5147058823529411","102","14","0.5104166666666666","96","14","0.505","100","14","0.4891304347826087","92","14","0.5","99","14","0.514018691588785","107","14","0.5208333333333334","96","14","0.47619047619047616","105","14","0.5495049504950495","101","14","0.489247311827957","93","14","0.575","100","14","0.46464646464646464","99","14","0.5202020202020202","99","14","0.47549019607843135","102","14","0.5051546391752577","97","14","0.45263157894736844","95","14","0.4838709677419355","93","14","0.485","100","14","0.5459183673469388","98","14","0.5368421052631579","95"
,"15","0.5210526315789473","95","15","0.515","100","15","0.4631578947368421","95","15","0.45145631067961167","103","15","0.4473684210526316","95","15","0.5773195876288659","97","15","0.4368421052631579","95","15","0.4895833333333333","96","15","0.46808510638297873","94","15","0.4639175257731959","97","15","0.4340659340659341","91","15","0.5217391304347826","92","15","0.5611111111111111","90","15","0.484375","96","15","0.465","100","15","0.48404255319148937","94","15","0.44623655913978494","93","15","0.5103092783505154","97","15","0.532258064516129","93","15","0.4574468085106383","94","15","0.47368421052631576","95","15","0.478494623655914","93","15","0.5","99","15","0.5096153846153846","104","15","0.5463917525773195","97","15","0.46808510638297873","94","15","0.45161290322580644","93","15","0.5372340425531915","94","15","0.5473684210526316","95","15","0.4787234042553192","94","15","0.4473684210526316","95","15","0.4947916666666667","96","15","0.51010101010101","99","15","0.49019607843137253","102","15","0.4793814432989691","97","15","0.5","95","15","0.5666666666666667","90","15","0.4945054945054945","91","15","0.5049019607843137","102","15","0.5285714285714286","105","15","0.5099009900990099","101","15","0.5153061224489796","98","15","0.505","100","15","0.47802197802197804","91","15","0.5","99","15","0.5229357798165137","109","15","0.5210526315789473","95","15","0.47596153846153844","104","15","0.55","100","15","0.483695652173913","92","15","0.57","100","15","0.4642857142857143","98","15","0.51010101010101","99","15","0.4797979797979798","99","15","0.5051546391752577","97","15","0.44565217391304346","92","15","0.4891304347826087","92","15","0.47959183673469385","98","15","0.5459183673469388","98","15","0.5368421052631579","95"
,"16","0.5210526315789473","95","16","0.515","100","16","0.4631578947368421","95","16","0.45588235294117646","102","16","0.4473684210526316","95","16","0.5773195876288659","97","16","0.4427083333333333","96","16","0.48947368421052634","95","16","0.46774193548387094","93","16","0.4635416666666667","96","16","0.43258426966292135","89","16","0.5217391304347826","92","16","0.5674157303370787","89","16","0.4842105263157895","95","16","0.46464646464646464","99","16","0.48404255319148937","94","16","0.44623655913978494","93","16","0.5106382978723404","94","16","0.5319148936170213","94","16","0.46195652173913043","92","16","0.47368421052631576","95","16","0.483695652173913","92","16","0.5","100","16","0.5048543689320388","103","16","0.5459183673469388","98","16","0.4734042553191489","94","16","0.4521276595744681","94","16","0.5372340425531915","94","16","0.5463917525773195","97","16","0.4787234042553192","94","16","0.45161290322580644","93","16","0.5","95","16","0.5","96","16","0.49504950495049505","101","16","0.4739583333333333","96","16","0.5","94","16","0.5674157303370787","89","16","0.4945054945054945","91","16","0.504950495049505","101","16","0.5238095238095238","105","16","0.505","100","16","0.5105263157894737","95","16","0.5099009900990099","101","16","0.47802197802197804","91","16","0.5","99","16","0.5185185185185185","108","16","0.5208333333333334","96","16","0.47029702970297027","101","16","0.5490196078431373","102","16","0.4835164835164835","91","16","0.5757575757575758","99","16","0.4639175257731959","97","16","0.5204081632653061","98","16","0.48484848484848486","99","16","0.5104166666666666","96","16","0.44021739130434784","92","16","0.489010989010989","91","16","0.47959183673469385","98","16","0.5404040404040404","99","16","0.5416666666666666","96"
,"17","0.5105263157894737","95","17","0.5194174757281553","103","17","0.46808510638297873","94","17","0.45588235294117646","102","17","0.4473684210526316","95","17","0.5736842105263158","95","17","0.4427083333333333","96","17","0.48947368421052634","95","17","0.46774193548387094","93","17","0.4587628865979381","97","17","0.43258426966292135","89","17","0.5217391304347826","92","17","0.5674157303370787","89","17","0.484375","96","17","0.46938775510204084","98","17","0.4842105263157895","95","17","0.44565217391304346","92","17","0.5105263157894737","95","17","0.5263157894736842","95","17","0.46703296703296704","91","17","0.478494623655914","93","17","0.483695652173913","92","17","0.5050505050505051","99","17","0.5098039215686274","102","17","0.5421052631578948","95","17","0.46774193548387094","93","17","0.4521276595744681","94","17","0.5372340425531915","94","17","0.5463917525773195","97","17","0.478494623655914","93","17","0.4574468085106383","94","17","0.48947368421052634","95","17","0.5","95","17","0.49504950495049505","101","17","0.4739583333333333","96","17","0.5","94","17","0.5625","88","17","0.4945054945054945","91","17","0.5148514851485149","101","17","0.5330188679245284","106","17","0.5","101","17","0.5210526315789473","95","17","0.51","100","17","0.4722222222222222","90","17","0.5","99","17","0.5229357798165137","109","17","0.520618556701031","97","17","0.47","100","17","0.553921568627451","102","17","0.48936170212765956","94","17","0.5757575757575758","99","17","0.4690721649484536","97","17","0.5204081632653061","98","17","0.484375","96","17","0.5208333333333334","96","17","0.44623655913978494","93","17","0.4943181818181818","88","17","0.47959183673469385","98","17","0.5408163265306123","98","17","0.5360824742268041","97"
,"18","0.5054347826086957","92","18","0.5147058823529411","102","18","0.46808510638297873","94","18","0.4504950495049505","101","18","0.4473684210526316","95","18","0.5824742268041238","97","18","0.4489795918367347","98","18","0.48947368421052634","95","18","0.45698924731182794","93","18","0.453125","96","18","0.4375","88","18","0.5164835164835165","91","18","0.5722222222222222","90","18","0.484375","96","18","0.47474747474747475","99","18","0.48404255319148937","94","18","0.43956043956043955","91","18","0.5157894736842106","95","18","0.5263157894736842","95","18","0.45555555555555555","90","18","0.478494623655914","93","18","0.4835164835164835","91","18","0.5","99","18","0.5097087378640777","103","18","0.5416666666666666","96","18","0.4673913043478261","92","18","0.45652173913043476","92","18","0.532608695652174","92","18","0.546875","96","18","0.47368421052631576","95","18","0.4521276595744681","94","18","0.4838709677419355","93","18","0.5","94","18","0.49514563106796117","103","18","0.47368421052631576","95","18","0.5052631578947369","95","18","0.5625","88","18","0.48333333333333334","90","18","0.51010101010101","99","18","0.5333333333333333","105","18","0.5096153846153846","104","18","0.5159574468085106","94","18","0.5099009900990099","101","18","0.4722222222222222","90","18","0.4900990099009901","101","18","0.5229357798165137","109","18","0.5208333333333334","96","18","0.4752475247524752","101","18","0.5485436893203883","103","18","0.48936170212765956","94","18","0.5714285714285714","98","18","0.4690721649484536","97","18","0.5151515151515151","99","18","0.4845360824742268","97","18","0.5257731958762887","97","18","0.44148936170212766","94","18","0.4943181818181818","88","18","0.47959183673469385","98","18","0.5421052631578948","95","18","0.5319148936170213","94"
,"19","0.5054347826086957","92","19","0.5147058823529411","102","19","0.46808510638297873","94","19","0.45454545454545453","99","19","0.4479166666666667","96","19","0.5824742268041238","97","19","0.4484536082474227","97","19","0.4946808510638298","94","19","0.46111111111111114","90","19","0.4473684210526316","95","19","0.4375","88","19","0.5164835164835165","91","19","0.5722222222222222","90","19","0.4845360824742268","97","19","0.46938775510204084","98","19","0.4838709677419355","93","19","0.4340659340659341","91","19","0.5159574468085106","94","19","0.5159574468085106","94","19","0.4673913043478261","92","19","0.478494623655914","93","19","0.48333333333333334","90","19","0.5","99","19","0.5097087378640777","103","19","0.5416666666666666","96","19","0.46111111111111114","90","19","0.46703296703296704","91","19","0.532258064516129","93","19","0.5463917525773195","97","19","0.47368421052631576","95","19","0.4479166666666667","96","19","0.48404255319148937","94","19","0.5","95","19","0.49019607843137253","102","19","0.47368421052631576","95","19","0.5052631578947369","95","19","0.5689655172413793","87","19","0.48863636363636365","88","19","0.51010101010101","99","19","0.5333333333333333","105","19","0.5","103","19","0.531578947368421","95","19","0.51","100","19","0.4777777777777778","90","19","0.4950980392156863","102","19","0.5231481481481481","108","19","0.526595744680851","94","19","0.4752475247524752","101","19","0.553921568627451","102","19","0.489247311827957","93","19","0.5670103092783505","97","19","0.46875","96","19","0.5263157894736842","95","19","0.484375","96","19","0.5210526315789473","95","19","0.44148936170212766","94","19","0.4943181818181818","88","19","0.47474747474747475","99","19","0.5425531914893617","94","19","0.5319148936170213","94"
,"20","0.5054347826086957","92","20","0.5194174757281553","103","20","0.46808510638297873","94","20","0.44554455445544555","101","20","0.4479166666666667","96","20","0.5808080808080808","99","20","0.4479166666666667","96","20","0.483695652173913","92","20","0.4673913043478261","92","20","0.45161290322580644","93","20","0.4375","88","20","0.5108695652173914","92","20","0.5611111111111111","90","20","0.4845360824742268","97","20","0.4642857142857143","98","20","0.47282608695652173","92","20","0.4340659340659341","91","20","0.5054347826086957","92","20","0.5161290322580645","93","20","0.4725274725274725","91","20","0.4782608695652174","92","20","0.47752808988764045","89","20","0.504950495049505","101","20","0.5049019607843137","102","20","0.5416666666666666","96","20","0.46111111111111114","90","20","0.46703296703296704","91","20","0.532608695652174","92","20","0.5526315789473685","95","20","0.47368421052631576","95","20","0.44148936170212766","94","20","0.4739583333333333","96","20","0.5","94","20","0.49019607843137253","102","20","0.46236559139784944","93","20","0.5052631578947369","95","20","0.5804597701149425","87","20","0.48863636363636365","88","20","0.504950495049505","101","20","0.5330188679245284","106","20","0.5048076923076923","104","20","0.526595744680851","94","20","0.51","100","20","0.4777777777777778","90","20","0.49019607843137253","102","20","0.5229357798165137","109","20","0.5212765957446809","94","20","0.475","100","20","0.553921568627451","102","20","0.48947368421052634","95","20","0.5677083333333334","96","20","0.46875","96","20","0.5309278350515464","97","20","0.4842105263157895","95","20","0.520618556701031","97","20","0.44148936170212766","94","20","0.4885057471264368","87","20","0.475","100","20","0.5515463917525774","97","20","0.5380434782608695","92"
,"21","0.5053763440860215","93","21","0.5148514851485149","101","21","0.46774193548387094","93","21","0.45454545454545453","99","21","0.4484536082474227","97","21","0.58","100","21","0.4521276595744681","94","21","0.48936170212765956","94","21","0.4673913043478261","92","21","0.45161290322580644","93","21","0.4367816091954023","87","21","0.510989010989011","91","21","0.5611111111111111","90","21","0.4846938775510204","98","21","0.4635416666666667","96","21","0.47282608695652173","92","21","0.4340659340659341","91","21","0.5106382978723404","94","21","0.5210526315789473","95","21","0.4731182795698925","93","21","0.4782608695652174","92","21","0.4772727272727273","88","21","0.505","100","21","0.5049019607843137","102","21","0.5416666666666666","96","21","0.46703296703296704","91","21","0.46195652173913043","92","21","0.532608695652174","92","21","0.5526315789473685","95","21","0.47368421052631576","95","21","0.44565217391304346","92","21","0.4787234042553192","94","21","0.5","94","21","0.4950980392156863","102","21","0.4673913043478261","92","21","0.5052083333333334","96","21","0.5764705882352941","85","21","0.4941860465116279","86","21","0.504950495049505","101","21","0.5330188679245284","106","21","0.5048076923076923","104","21","0.526595744680851","94","21","0.504950495049505","101","21","0.4885057471264368","87","21","0.49514563106796117","103","21","0.5324074074074074","108","21","0.5268817204301075","93","21","0.46938775510204084","98","21","0.558252427184466","103","21","0.484375","96","21","0.5670103092783505","97","21","0.46875","96","21","0.53125","96","21","0.4787234042553192","94","21","0.526595744680851","94","21","0.44565217391304346","92","21","0.4885057471264368","87","21","0.47474747474747475","99","21","0.5421052631578948","95","21","0.5388888888888889","90"
,"22","0.5","94","22","0.51","100","22","0.46774193548387094","93","22","0.45918367346938777","98","22","0.4479166666666667","96","22","0.58","100","22","0.4521276595744681","94","22","0.478494623655914","93","22","0.4673913043478261","92","22","0.45161290322580644","93","22","0.4367816091954023","87","22","0.5","88","22","0.5652173913043478","92","22","0.484375","96","22","0.4639175257731959","97","22","0.478494623655914","93","22","0.4340659340659341","91","22","0.5106382978723404","94","22","0.5210526315789473","95","22","0.4734042553191489","94","22","0.4838709677419355","93","22","0.47752808988764045","89","22","0.505","100","22","0.5048543689320388","103","22","0.5408163265306123","98","22","0.46195652173913043","92","22","0.4731182795698925","93","22","0.532608695652174","92","22","0.5515463917525774","97","22","0.47368421052631576","95","22","0.43548387096774194","93","22","0.478494623655914","93","22","0.5","95","22","0.5","100","22","0.4838709677419355","93","22","0.510752688172043","93","22","0.5714285714285714","84","22","0.5","84","22","0.5048543689320388","103","22","0.5336538461538461","104","22","0.5097087378640777","103","22","0.526595744680851","94","22","0.51010101010101","99","22","0.49411764705882355","85","22","0.4951923076923077","104","22","0.5327102803738317","107","22","0.5268817204301075","93","22","0.4639175257731959","97","22","0.558252427184466","103","22","0.4793814432989691","97","22","0.5677083333333334","96","22","0.46842105263157896","95","22","0.531578947368421","95","22","0.4787234042553192","94","22","0.5263157894736842","95","22","0.44565217391304346","92","22","0.48863636363636365","88","22","0.47474747474747475","99","22","0.5478723404255319","94","22","0.5388888888888889","90"
,"23","0.5","94","23","0.5097087378640777","103","23","0.4734042553191489","94","23","0.4587628865979381","97","23","0.4473684210526316","95","23","0.5808080808080808","99","23","0.45161290322580644","93","23","0.483695652173913","92","23","0.4673913043478261","92","23","0.45161290322580644","93","23","0.4367816091954023","87","23","0.5","88","23","0.5604395604395604","91","23","0.4842105263157895","95","23","0.4639175257731959","97","23","0.478494623655914","93","23","0.4340659340659341","91","23","0.5053763440860215","93","23","0.5210526315789473","95","23","0.46774193548387094","93","23","0.4725274725274725","91","23","0.47752808988764045","89","23","0.5","101","23","0.5048543689320388","103","23","0.5408163265306123","98","23","0.46236559139784944","93","23","0.4731182795698925","93","23","0.532258064516129","93","23","0.5515463917525774","97","23","0.4690721649484536","97","23","0.44021739130434784","92","23","0.478494623655914","93","23","0.5","94","23","0.5","100","23","0.4782608695652174","92","23","0.510752688172043","93","23","0.5714285714285714","84","23","0.5","84","23","0.5049019607843137","102","23","0.5388349514563107","103","23","0.5096153846153846","104","23","0.526595744680851","94","23","0.5","101","23","0.49411764705882355","85","23","0.4951923076923077","104","23","0.5330188679245284","106","23","0.532258064516129","93","23","0.46774193548387094","93","23","0.5571428571428572","105","23","0.4846938775510204","98","23","0.5684210526315789","95","23","0.4635416666666667","96","23","0.53125","96","23","0.4842105263157895","95","23","0.520618556701031","97","23","0.44623655913978494","93","23","0.48863636363636365","88","23","0.4744897959183674","98","23","0.543010752688172","93","23","0.5449438202247191","89"
,"24","0.4947916666666667","96","24","0.515","100","24","0.46774193548387094","93","24","0.4639175257731959","97","24","0.4473684210526316","95","24","0.5808080808080808","99","24","0.45161290322580644","93","24","0.47802197802197804","91","24","0.46808510638297873","94","24","0.45161290322580644","93","24","0.4418604651162791","86","24","0.5056179775280899","89","24","0.5645161290322581","93","24","0.48404255319148937","94","24","0.4639175257731959","97","24","0.47282608695652173","92","24","0.42777777777777776","90","24","0.5","94","24","0.5159574468085106","94","24","0.46808510638297873","94","24","0.4722222222222222","90","24","0.4722222222222222","90","24","0.49489795918367346","98","24","0.5048543689320388","103","24","0.5412371134020618","97","24","0.46236559139784944","93","24","0.4731182795698925","93","24","0.532608695652174","92","24","0.5510204081632653","98","24","0.47368421052631576","95","24","0.44086021505376344","93","24","0.4838709677419355","93","24","0.5106382978723404","94","24","0.5","99","24","0.4777777777777778","90","24","0.5054347826086957","92","24","0.5714285714285714","84","24","0.5","84","24","0.515","100","24","0.5392156862745098","102","24","0.5098039215686274","102","24","0.526595744680851","94","24","0.51010101010101","99","24","0.5","86","24","0.4951923076923077","104","24","0.5330188679245284","106","24","0.5271739130434783","92","24","0.46774193548387094","93","24","0.5576923076923077","104","24","0.4842105263157895","95","24","0.5631578947368421","95","24","0.4631578947368421","95","24","0.5263157894736842","95","24","0.4842105263157895","95","24","0.515625","96","24","0.4444444444444444","90","24","0.48863636363636365","88","24","0.4742268041237113","97","24","0.5376344086021505","93","24","0.5511363636363636","88"
,"25","0.4946808510638298","94","25","0.515","100","25","0.4725274725274725","91","25","0.4642857142857143","98","25","0.4521276595744681","94","25","0.58","100","25","0.45161290322580644","93","25","0.47802197802197804","91","25","0.46774193548387094","93","25","0.45161290322580644","93","25","0.4418604651162791","86","25","0.5","88","25","0.5591397849462365","93","25","0.478494623655914","93","25","0.46842105263157896","95","25","0.4731182795698925","93","25","0.449438202247191","89","25","0.5053763440860215","93","25","0.5159574468085106","94","25","0.46808510638297873","94","25","0.4722222222222222","90","25","0.47752808988764045","89","25","0.4895833333333333","96","25","0.5141509433962265","106","25","0.5357142857142857","98","25","0.45604395604395603","91","25","0.4731182795698925","93","25","0.532608695652174","92","25","0.5510204081632653","98","25","0.4791666666666667","96","25","0.44021739130434784","92","25","0.478494623655914","93","25","0.5108695652173914","92","25","0.5","99","25","0.4725274725274725","91","25","0.5054945054945055","91","25","0.5714285714285714","84","25","0.5","84","25","0.5151515151515151","99","25","0.5384615384615384","104","25","0.5098039215686274","102","25","0.5263157894736842","95","25","0.51","100","25","0.49411764705882355","85","25","0.49047619047619045","105","25","0.5327102803738317","107","25","0.5271739130434783","92","25","0.4734042553191489","94","25","0.5576923076923077","104","25","0.4791666666666667","96","25","0.5684210526315789","95","25","0.46808510638297873","94","25","0.5263157894736842","95","25","0.4789473684210526","95","25","0.5157894736842106","95","25","0.43956043956043955","91","25","0.4885057471264368","87","25","0.4789473684210526","95","25","0.5434782608695652","92","25","0.5511363636363636","88"
,"26","0.489247311827957","93","26","0.51010101010101","99","26","0.4725274725274725","91","26","0.465","100","26","0.44623655913978494","93","26","0.5757575757575758","99","26","0.45161290322580644","93","26","0.4772727272727273","88","26","0.46195652173913043","92","26","0.44680851063829785","94","26","0.4418604651162791","86","26","0.5113636363636364","88","26","0.5604395604395604","91","26","0.4782608695652174","92","26","0.4631578947368421","95","26","0.4731182795698925","93","26","0.44886363636363635","88","26","0.5053763440860215","93","26","0.5210526315789473","95","26","0.4673913043478261","92","26","0.4722222222222222","90","26","0.4827586206896552","87","26","0.48947368421052634","95","26","0.5096153846153846","104","26","0.5404040404040404","99","26","0.45604395604395603","91","26","0.4787234042553192","94","26","0.532258064516129","93","26","0.5510204081632653","98","26","0.4791666666666667","96","26","0.4444444444444444","90","26","0.4787234042553192","94","26","0.510752688172043","93","26","0.5051020408163265","98","26","0.4673913043478261","92","26","0.5055555555555555","90","26","0.563953488372093","86","26","0.5117647058823529","85","26","0.515","100","26","0.5384615384615384","104","26","0.5049019607843137","102","26","0.5319148936170213","94","26","0.5102040816326531","98","26","0.49411764705882355","85","26","0.49047619047619045","105","26","0.5330188679245284","106","26","0.5268817204301075","93","26","0.46774193548387094","93","26","0.5576923076923077","104","26","0.4791666666666667","96","26","0.5638297872340425","94","26","0.46808510638297873","94","26","0.5268817204301075","93","26","0.4838709677419355","93","26","0.5159574468085106","94","26","0.45555555555555555","90","26","0.4885057471264368","87","26","0.4787234042553192","94","26","0.5444444444444444","90","26","0.5511363636363636","88"
,"27","0.489247311827957","93","27","0.51010101010101","99","27","0.4725274725274725","91","27","0.475","100","27","0.44680851063829785","94","27","0.5721649484536082","97","27","0.45161290322580644","93","27","0.47126436781609193","87","27","0.46774193548387094","93","27","0.44086021505376344","93","27","0.4418604651162791","86","27","0.5113636363636364","88","27","0.5604395604395604","91","27","0.4838709677419355","93","27","0.4631578947368421","95","27","0.4734042553191489","94","27","0.4470588235294118","85","27","0.5053191489361702","94","27","0.521505376344086","93","27","0.4627659574468085","94","27","0.4722222222222222","90","27","0.4883720930232558","86","27","0.4946808510638298","94","27","0.5","102","27","0.5306122448979592","98","27","0.45604395604395603","91","27","0.4838709677419355","93","27","0.5376344086021505","93","27","0.546875","96","27","0.4791666666666667","96","27","0.43956043956043955","91","27","0.48404255319148937","94","27","0.5108695652173914","92","27","0.48947368421052634","95","27","0.46195652173913043","92","27","0.5","93","27","0.5697674418604651","86","27","0.5","83","27","0.515","100","27","0.5388349514563107","103","27","0.5099009900990099","101","27","0.521978021978022","91","27","0.51010101010101","99","27","0.49404761904761907","84","27","0.5","106","27","0.5330188679245284","106","27","0.5274725274725275","91","27","0.46236559139784944","93","27","0.5619047619047619","105","27","0.495","100","27","0.5706521739130435","92","27","0.46808510638297873","94","27","0.5268817204301075","93","27","0.4838709677419355","93","27","0.5159574468085106","94","27","0.45555555555555555","90","27","0.5057471264367817","87","27","0.4789473684210526","95","27","0.5449438202247191","89","27","0.5511363636363636","88"
,"28","0.4945054945054945","91","28","0.5153061224489796","98","28","0.4725274725274725","91","28","0.475","100","28","0.44623655913978494","93","28","0.5631578947368421","95","28","0.45652173913043476","92","28","0.47674418604651164","86","28","0.46808510638297873","94","28","0.44021739130434784","92","28","0.4476744186046512","86","28","0.5113636363636364","88","28","0.5777777777777777","90","28","0.4782608695652174","92","28","0.46808510638297873","94","28","0.47368421052631576","95","28","0.44047619047619047","84","28","0.4945652173913043","92","28","0.532608695652174","92","28","0.4627659574468085","94","28","0.47802197802197804","91","28","0.4885057471264368","87","28","0.4946808510638298","94","28","0.5","103","28","0.5309278350515464","97","28","0.45","90","28","0.478494623655914","93","28","0.5376344086021505","93","28","0.546875","96","28","0.4845360824742268","97","28","0.43820224719101125","89","28","0.48947368421052634","95","28","0.5108695652173914","92","28","0.48947368421052634","95","28","0.46111111111111114","90","28","0.5","91","28","0.5697674418604651","86","28","0.4939759036144578","83","28","0.515","100","28","0.5388349514563107","103","28","0.504950495049505","101","28","0.5222222222222223","90","28","0.5202020202020202","99","28","0.49404761904761907","84","28","0.5","105","28","0.5380952380952381","105","28","0.5271739130434783","92","28","0.4673913043478261","92","28","0.5613207547169812","106","28","0.4898989898989899","99","28","0.5706521739130435","92","28","0.46808510638297873","94","28","0.5274725274725275","91","28","0.4838709677419355","93","28","0.5105263157894737","95","28","0.4673913043478261","92","28","0.5","88","28","0.4789473684210526","95","28","0.5348837209302325","86","28","0.5511363636363636","88"
,"29","0.4891304347826087","92","29","0.5151515151515151","99","29","0.4722222222222222","90","29","0.47474747474747475","99","29","0.45161290322580644","93","29","0.5585106382978723","94","29","0.45555555555555555","90","29","0.4827586206896552","87","29","0.47368421052631576","95","29","0.44021739130434784","92","29","0.4425287356321839","87","29","0.5058139534883721","86","29","0.5777777777777777","90","29","0.4777777777777778","90","29","0.4734042553191489","94","29","0.4789473684210526","95","29","0.44047619047619047","84","29","0.5","93","29","0.532608695652174","92","29","0.4627659574468085","94","29","0.47802197802197804","91","29","0.5","90","29","0.4946236559139785","93","29","0.5","103","29","0.5309278350515464","97","29","0.45454545454545453","88","29","0.4782608695652174","92","29","0.5376344086021505","93","29","0.546875","96","29","0.4896907216494845","97","29","0.4340659340659341","91","29","0.4891304347826087","92","29","0.5166666666666667","90","29","0.48936170212765956","94","29","0.45604395604395603","91","29","0.5","91","29","0.5705882352941176","85","29","0.5","82","29","0.515","100","29","0.5388349514563107","103","29","0.5","100","29","0.5164835164835165","91","29","0.5208333333333334","96","29","0.49411764705882355","85","29","0.49528301886792453","106","29","0.5480769230769231","104","29","0.526595744680851","94","29","0.4731182795698925","93","29","0.5660377358490566","106","29","0.48936170212765956","94","29","0.5659340659340659","91","29","0.46774193548387094","93","29","0.5274725274725275","91","29","0.4838709677419355","93","29","0.5105263157894737","95","29","0.449438202247191","89","29","0.5","87","29","0.4789473684210526","95","29","0.5344827586206896","87","29","0.5459770114942529","87"
,"30","0.4945054945054945","91","30","0.5153061224489796","98","30","0.4782608695652174","92","30","0.47","100","30","0.4521276595744681","94","30","0.5585106382978723","94","30","0.4438202247191011","89","30","0.48255813953488375","86","30","0.47368421052631576","95","30","0.43548387096774194","93","30","0.4418604651162791","86","30","0.5058139534883721","86","30","0.5777777777777777","90","30","0.47752808988764045","89","30","0.4787234042553192","94","30","0.4838709677419355","93","30","0.44047619047619047","84","30","0.5","93","30","0.532608695652174","92","30","0.45789473684210524","95","30","0.47802197802197804","91","30","0.4943820224719101","89","30","0.5","94","30","0.5","101","30","0.5309278350515464","97","30","0.4550561797752809","89","30","0.4734042553191489","94","30","0.5376344086021505","93","30","0.5463917525773195","97","30","0.4793814432989691","97","30","0.43956043956043955","91","30","0.4835164835164835","91","30","0.5224719101123596","89","30","0.48936170212765956","94","30","0.46703296703296704","91","30","0.5","91","30","0.5764705882352941","85","30","0.5","83","30","0.5148514851485149","101","30","0.5388349514563107","103","30","0.5","100","30","0.5166666666666667","90","30","0.5208333333333334","96","30","0.49411764705882355","85","30","0.49528301886792453","106","30","0.5480769230769231","104","30","0.521505376344086","93","30","0.46808510638297873","94","30","0.5660377358490566","106","30","0.4896907216494845","97","30","0.5652173913043478","92","30","0.46774193548387094","93","30","0.532608695652174","92","30","0.4838709677419355","93","30","0.5105263157894737","95","30","0.449438202247191","89","30","0.5058139534883721","86","30","0.4789473684210526","95","30","0.5348837209302325","86","30","0.5465116279069767","86"
,"31","0.4891304347826087","92","31","0.5","94","31","0.47802197802197804","91","31","0.47029702970297027","101","31","0.45","90","31","0.5585106382978723","94","31","0.4431818181818182","88","31","0.48255813953488375","86","31","0.4739583333333333","96","31","0.43548387096774194","93","31","0.4482758620689655","87","31","0.5058823529411764","85","31","0.5730337078651685","89","31","0.47752808988764045","89","31","0.4731182795698925","93","31","0.48404255319148937","94","31","0.44047619047619047","84","31","0.4945652173913043","92","31","0.532258064516129","93","31","0.45698924731182794","93","31","0.47802197802197804","91","31","0.4943820224719101","89","31","0.5","95","31","0.5","101","31","0.5309278350515464","97","31","0.45454545454545453","88","31","0.4787234042553192","94","31","0.5376344086021505","93","31","0.5478723404255319","94","31","0.495","100","31","0.43956043956043955","91","31","0.483695652173913","92","31","0.5224719101123596","89","31","0.489247311827957","93","31","0.45454545454545453","88","31","0.5","91","31","0.5764705882352941","85","31","0.5","83","31","0.5148514851485149","101","31","0.5388349514563107","103","31","0.505","100","31","0.5168539325842697","89","31","0.5157894736842106","95","31","0.49411764705882355","85","31","0.49523809523809526","105","31","0.5471698113207547","106","31","0.5212765957446809","94","31","0.46808510638297873","94","31","0.5642201834862385","109","31","0.4896907216494845","97","31","0.5659340659340659","91","31","0.46774193548387094","93","31","0.5319148936170213","94","31","0.4888888888888889","90","31","0.5105263157894737","95","31","0.449438202247191","89","31","0.5058139534883721","86","31","0.4791666666666667","96","31","0.5348837209302325","86","31","0.5517241379310345","87"
,"32","0.4838709677419355","93","32","0.5","96","32","0.4777777777777778","90","32","0.47","100","32","0.4550561797752809","89","32","0.5591397849462365","93","32","0.4482758620689655","87","32","0.48255813953488375","86","32","0.47368421052631576","95","32","0.43548387096774194","93","32","0.4418604651162791","86","32","0.5058823529411764","85","32","0.5730337078651685","89","32","0.47752808988764045","89","32","0.4731182795698925","93","32","0.478494623655914","93","32","0.44047619047619047","84","32","0.4945054945054945","91","32","0.526595744680851","94","32","0.45789473684210524","95","32","0.4835164835164835","91","32","0.4943181818181818","88","32","0.5","96","32","0.49504950495049505","101","32","0.5255102040816326","98","32","0.4602272727272727","88","32","0.47368421052631576","95","32","0.5388888888888889","90","32","0.5478723404255319","94","32","0.48947368421052634","95","32","0.45054945054945056","91","32","0.4835164835164835","91","32","0.5229885057471264","87","32","0.4838709677419355","93","32","0.45454545454545453","88","32","0.5","90","32","0.5764705882352941","85","32","0.48823529411764705","85","32","0.52","100","32","0.5388349514563107","103","32","0.5212765957446809","94","32","0.5164835164835165","91","32","0.5210526315789473","95","32","0.49404761904761907","84","32","0.49523809523809526","105","32","0.5428571428571428","105","32","0.5157894736842106","95","32","0.4631578947368421","95","32","0.5642201834862385","109","32","0.4897959183673469","98","32","0.5597826086956522","92","32","0.46774193548387094","93","32","0.5380434782608695","92","32","0.4888888888888889","90","32","0.5157894736842106","95","32","0.449438202247191","89","32","0.5","86","32","0.4789473684210526","95","32","0.5287356321839081","87","32","0.5517241379310345","87"
,"33","0.4838709677419355","93","33","0.5","97","33","0.4777777777777778","90","33","0.47474747474747475","99","33","0.4606741573033708","89","33","0.5638297872340425","94","33","0.4476744186046512","86","33","0.48255813953488375","86","33","0.46842105263157896","95","33","0.42473118279569894","93","33","0.4418604651162791","86","33","0.5060240963855421","83","33","0.5730337078651685","89","33","0.4772727272727273","88","33","0.478494623655914","93","33","0.4782608695652174","92","33","0.42771084337349397","83","33","0.4888888888888889","90","33","0.526595744680851","94","33","0.45652173913043476","92","33","0.4777777777777778","90","33","0.4943181818181818","88","33","0.5052631578947369","95","33","0.495","100","33","0.5257731958762887","97","33","0.46111111111111114","90","33","0.48936170212765956","94","33","0.5388888888888889","90","33","0.5434782608695652","92","33","0.5","93","33","0.45108695652173914","92","33","0.4835164835164835","91","33","0.5174418604651163","86","33","0.4891304347826087","92","33","0.4444444444444444","90","33","0.5113636363636364","88","33","0.5764705882352941","85","33","0.49404761904761907","84","33","0.5153061224489796","98","33","0.5388349514563107","103","33","0.5268817204301075","93","33","0.5163043478260869","92","33","0.5210526315789473","95","33","0.5","82","33","0.5049019607843137","102","33","0.5384615384615384","104","33","0.5212765957446809","94","33","0.46808510638297873","94","33","0.5601851851851852","108","33","0.48484848484848486","99","33","0.5659340659340659","91","33","0.47282608695652173","92","33","0.5380434782608695","92","33","0.4888888888888889","90","33","0.5208333333333334","96","33","0.449438202247191","89","33","0.5","86","33","0.46875","96","33","0.5344827586206896","87","33","0.5470588235294118","85"
,"34","0.4838709677419355","93","34","0.5","96","34","0.4835164835164835","91","34","0.47474747474747475","99","34","0.4659090909090909","88","34","0.574468085106383","94","34","0.45294117647058824","85","34","0.48255813953488375","86","34","0.478494623655914","93","34","0.42473118279569894","93","34","0.4418604651162791","86","34","0.5060240963855421","83","34","0.5786516853932584","89","34","0.4772727272727273","88","34","0.4725274725274725","91","34","0.4782608695652174","92","34","0.42771084337349397","83","34","0.5","91","34","0.5268817204301075","93","34","0.45604395604395603","91","34","0.47282608695652173","92","34","0.4943181818181818","88","34","0.5052631578947369","95","34","0.5","98","34","0.5306122448979592","98","34","0.4550561797752809","89","34","0.4946236559139785","93","34","0.5439560439560439","91","34","0.5483870967741935","93","34","0.5","93","34","0.4444444444444444","90","34","0.47802197802197804","91","34","0.5235294117647059","85","34","0.489247311827957","93","34","0.44565217391304346","92","34","0.5114942528735632","87","34","0.5813953488372093","86","34","0.49404761904761907","84","34","0.5102040816326531","98","34","0.5441176470588235","102","34","0.5271739130434783","92","34","0.521505376344086","93","34","0.5208333333333334","96","34","0.5","82","34","0.5099009900990099","101","34","0.5380952380952381","105","34","0.521505376344086","93","34","0.46236559139784944","93","34","0.5642201834862385","109","34","0.48484848484848486","99","34","0.5652173913043478","92","34","0.47282608695652173","92","34","0.5380434782608695","92","34","0.49444444444444446","90","34","0.5210526315789473","95","34","0.4444444444444444","90","34","0.5","84","34","0.45698924731182794","93","34","0.5344827586206896","87","34","0.5470588235294118","85"
,"35","0.4838709677419355","93","35","0.5","96","35","0.48863636363636365","88","35","0.47474747474747475","99","35","0.4659090909090909","88","35","0.574468085106383","94","35","0.44642857142857145","84","35","0.4764705882352941","85","35","0.46774193548387094","93","35","0.42021276595744683","94","35","0.4418604651162791","86","35","0.5060975609756098","82","35","0.5786516853932584","89","35","0.48314606741573035","89","35","0.4725274725274725","91","35","0.47802197802197804","91","35","0.42771084337349397","83","35","0.5","91","35","0.5268817204301075","93","35","0.45604395604395603","91","35","0.47802197802197804","91","35","0.4943181818181818","88","35","0.5053191489361702","94","35","0.5","97","35","0.5260416666666666","96","35","0.45977011494252873","87","35","0.4945652173913043","92","35","0.5439560439560439","91","35","0.5526315789473685","95","35","0.5","93","35","0.43956043956043955","91","35","0.47802197802197804","91","35","0.5176470588235295","85","35","0.4891304347826087","92","35","0.45054945054945056","91","35","0.5176470588235295","85","35","0.5764705882352941","85","35","0.49404761904761907","84","35","0.5051546391752577","97","35","0.5441176470588235","102","35","0.5271739130434783","92","35","0.5159574468085106","94","35","0.5208333333333334","96","35","0.5125","80","35","0.5097087378640777","103","35","0.5377358490566038","106","35","0.521505376344086","93","35","0.4631578947368421","95","35","0.5707547169811321","106","35","0.4897959183673469","98","35","0.5760869565217391","92","35","0.4673913043478261","92","35","0.5388888888888889","90","35","0.5","89","35","0.5260416666666666","96","35","0.4444444444444444","90","35","0.5","84","35","0.46236559139784944","93","35","0.5344827586206896","87","35","0.5470588235294118","85"
,"36","0.4838709677419355","93","36","0.5","94","36","0.48863636363636365","88","36","0.475","100","36","0.4659090909090909","88","36","0.574468085106383","94","36","0.4457831325301205","83","36","0.4823529411764706","85","36","0.4725274725274725","91","36","0.42021276595744683","94","36","0.4418604651162791","86","36","0.5060975609756098","82","36","0.5786516853932584","89","36","0.47752808988764045","89","36","0.4725274725274725","91","36","0.4777777777777778","90","36","0.4329268292682927","82","36","0.49444444444444446","90","36","0.5388888888888889","90","36","0.45604395604395603","91","36","0.4782608695652174","92","36","0.5","88","36","0.5053191489361702","94","36","0.5","98","36","0.5260416666666666","96","36","0.46551724137931033","87","36","0.4945652173913043","92","36","0.5439560439560439","91","36","0.5572916666666666","96","36","0.5054347826086957","92","36","0.43956043956043955","91","36","0.4835164835164835","91","36","0.5178571428571429","84","36","0.48936170212765956","94","36","0.45054945054945056","91","36","0.5232558139534884","86","36","0.5755813953488372","86","36","0.5","85","36","0.5103092783505154","97","36","0.5441176470588235","102","36","0.521978021978022","91","36","0.5157894736842106","95","36","0.5306122448979592","98","36","0.5125","80","36","0.5048543689320388","103","36","0.5373831775700935","107","36","0.526595744680851","94","36","0.46808510638297873","94","36","0.5714285714285714","105","36","0.4898989898989899","99","36","0.5760869565217391","92","36","0.46842105263157896","95","36","0.5388888888888889","90","36","0.5","90","36","0.5260416666666666","96","36","0.43478260869565216","92","36","0.5058823529411764","85","36","0.46236559139784944","93","36","0.5232558139534884","86","36","0.5470588235294118","85"
,"37","0.4838709677419355","93","37","0.5","94","37","0.48314606741573035","89","37","0.47474747474747475","99","37","0.4659090909090909","88","37","0.5760869565217391","92","37","0.45180722891566266","83","37","0.47674418604651164","86","37","0.4725274725274725","91","37","0.42105263157894735","95","37","0.4418604651162791","86","37","0.5060975609756098","82","37","0.5777777777777777","90","37","0.4722222222222222","90","37","0.4722222222222222","90","37","0.4777777777777778","90","37","0.4329268292682927","82","37","0.4887640449438202","89","37","0.5388888888888889","90","37","0.45604395604395603","91","37","0.48333333333333334","90","37","0.5","86","37","0.4945652173913043","92","37","0.494949494949495","99","37","0.5260416666666666","96","37","0.46551724137931033","87","37","0.5","90","37","0.5489130434782609","92","37","0.5526315789473685","95","37","0.5053763440860215","93","37","0.43956043956043955","91","37","0.4782608695652174","92","37","0.5117647058823529","85","37","0.48936170212765956","94","37","0.44505494505494503","91","37","0.5116279069767442","86","37","0.5764705882352941","85","37","0.5","84","37","0.5105263157894737","95","37","0.5490196078431373","102","37","0.521978021978022","91","37","0.5157894736842106","95","37","0.5260416666666666","96","37","0.5123456790123457","81","37","0.5049019607843137","102","37","0.5370370370370371","108","37","0.5263157894736842","95","37","0.46774193548387094","93","37","0.5761904761904761","105","37","0.48484848484848486","99","37","0.5760869565217391","92","37","0.46842105263157896","95","37","0.5340909090909091","88","37","0.5","91","37","0.5309278350515464","97","37","0.43820224719101125","89","37","0.5057471264367817","87","37","0.45652173913043476","92","37","0.5235294117647059","85","37","0.5581395348837209","86"
,"38","0.4838709677419355","93","38","0.5","94","38","0.48314606741573035","89","38","0.4744897959183674","98","38","0.46551724137931033","87","38","0.5714285714285714","91","38","0.45121951219512196","82","38","0.4823529411764706","85","38","0.48314606741573035","89","38","0.42105263157894735","95","38","0.4411764705882353","85","38","0.5060240963855421","83","38","0.5777777777777777","90","38","0.47752808988764045","89","38","0.47752808988764045","89","38","0.48295454545454547","88","38","0.43209876543209874","81","38","0.4887640449438202","89","38","0.5393258426966292","89","38","0.46111111111111114","90","38","0.48333333333333334","90","38","0.4880952380952381","84","38","0.4945652173913043","92","38","0.495","100","38","0.5255102040816326","98","38","0.47058823529411764","85","38","0.5","91","38","0.5494505494505495","91","38","0.5473684210526316","95","38","0.5053763440860215","93","38","0.43956043956043955","91","38","0.4838709677419355","93","38","0.5057471264367817","87","38","0.489247311827957","93","38","0.45","90","38","0.5116279069767442","86","38","0.5764705882352941","85","38","0.4939759036144578","83","38","0.5103092783505154","97","38","0.5490196078431373","102","38","0.5274725274725275","91","38","0.5157894736842106","95","38","0.5255102040816326","98","38","0.5121951219512195","82","38","0.5049019607843137","102","38","0.5377358490566038","106","38","0.526595744680851","94","38","0.46774193548387094","93","38","0.5794392523364486","107","38","0.4897959183673469","98","38","0.5760869565217391","92","38","0.4690721649484536","97","38","0.5344827586206896","87","38","0.5","91","38","0.5404040404040404","99","38","0.4375","88","38","0.5116279069767442","86","38","0.45054945054945056","91","38","0.5235294117647059","85","38","0.5561797752808989","89"
,"39","0.48404255319148937","94","39","0.5","94","39","0.47802197802197804","91","39","0.4690721649484536","97","39","0.46551724137931033","87","39","0.5714285714285714","91","39","0.45180722891566266","83","39","0.48214285714285715","84","39","0.4777777777777778","90","39","0.43010752688172044","93","39","0.43373493975903615","83","39","0.5060240963855421","83","39","0.5786516853932584","89","39","0.4715909090909091","88","39","0.47752808988764045","89","39","0.48295454545454547","88","39","0.43209876543209874","81","39","0.48863636363636365","88","39","0.5397727272727273","88","39","0.45555555555555555","90","39","0.48314606741573035","89","39","0.49404761904761907","84","39","0.489010989010989","91","39","0.49","100","39","0.5257731958762887","97","39","0.47619047619047616","84","39","0.5055555555555555","90","39","0.5555555555555556","90","39","0.5478723404255319","94","39","0.5","92","39","0.43333333333333335","90","39","0.4838709677419355","93","39","0.5117647058823529","85","39","0.489247311827957","93","39","0.4574468085106383","94","39","0.5116279069767442","86","39","0.5773809523809523","84","39","0.49390243902439024","82","39","0.5105263157894737","95","39","0.5485436893203883","103","39","0.5337078651685393","89","39","0.5212765957446809","94","39","0.53125","96","39","0.5121951219512195","82","39","0.5049019607843137","102","39","0.5480769230769231","104","39","0.5268817204301075","93","39","0.4631578947368421","95","39","0.5721153846153846","104","39","0.48484848484848486","99","39","0.5760869565217391","92","39","0.47368421052631576","95","39","0.5290697674418605","86","39","0.5","91","39","0.54","100","39","0.43820224719101125","89","39","0.5117647058823529","85","39","0.45054945054945056","91","39","0.5290697674418605","86","39","0.5689655172413793","87"
,"40","0.48936170212765956","94","40","0.5052083333333334","96","40","0.4777777777777778","90","40","0.46875","96","40","0.47093023255813954","86","40","0.5706521739130435","92","40","0.4583333333333333","84","40","0.4941860465116279","86","40","0.48314606741573035","89","40","0.43010752688172044","93","40","0.43452380952380953","84","40","0.5060240963855421","83","40","0.5786516853932584","89","40","0.47093023255813954","86","40","0.47752808988764045","89","40","0.48295454545454547","88","40","0.43125","80","40","0.4943820224719101","89","40","0.5397727272727273","88","40","0.4659090909090909","88","40","0.48314606741573035","89","40","0.5","85","40","0.4891304347826087","92","40","0.4900990099009901","101","40","0.5257731958762887","97","40","0.47023809523809523","84","40","0.5","91","40","0.554945054945055","91","40","0.5483870967741935","93","40","0.49444444444444446","90","40","0.43333333333333335","90","40","0.489010989010989","91","40","0.5235294117647059","85","40","0.4891304347826087","92","40","0.4627659574468085","94","40","0.5114942528735632","87","40","0.573170731707317","82","40","0.49390243902439024","82","40","0.5104166666666666","96","40","0.5528846153846154","104","40","0.5337078651685393","89","40","0.521505376344086","93","40","0.5360824742268041","97","40","0.5121951219512195","82","40","0.5049019607843137","102","40","0.5476190476190477","105","40","0.532967032967033","91","40","0.4725274725274725","91","40","0.5714285714285714","105","40","0.4896907216494845","97","40","0.5659340659340659","91","40","0.46875","96","40","0.5227272727272727","88","40","0.4943820224719101","89","40","0.5357142857142857","98","40","0.4431818181818182","88","40","0.5117647058823529","85","40","0.45054945054945056","91","40","0.5290697674418605","86","40","0.5697674418604651","86"
,"41","0.48936170212765956","94","41","0.5052631578947369","95","41","0.47752808988764045","89","41","0.46842105263157896","95","41","0.4764705882352941","85","41","0.5706521739130435","92","41","0.4583333333333333","84","41","0.4941860465116279","86","41","0.48314606741573035","89","41","0.43478260869565216","92","41","0.43452380952380953","84","41","0.5060240963855421","83","41","0.5722222222222222","90","41","0.47058823529411764","85","41","0.4772727272727273","88","41","0.4827586206896552","87","41","0.43209876543209874","81","41","0.4885057471264368","87","41","0.5397727272727273","88","41","0.4659090909090909","88","41","0.4772727272727273","88","41","0.5059523809523809","84","41","0.4891304347826087","92","41","0.4900990099009901","101","41","0.5263157894736842","95","41","0.4759036144578313","83","41","0.49444444444444446","90","41","0.5555555555555556","90","41","0.5434782608695652","92","41","0.5055555555555555","90","41","0.4388888888888889","90","41","0.48333333333333334","90","41","0.5235294117647059","85","41","0.4946808510638298","94","41","0.46875","96","41","0.5116279069767442","86","41","0.5609756097560976","82","41","0.5","81","41","0.51010101010101","99","41","0.5528846153846154","104","41","0.5277777777777778","90","41","0.5212765957446809","94","41","0.5319148936170213","94","41","0.5121951219512195","82","41","0.5048543689320388","103","41","0.5471698113207547","106","41","0.532967032967033","91","41","0.47802197802197804","91","41","0.5728155339805825","103","41","0.4896907216494845","97","41","0.5659340659340659","91","41","0.478494623655914","93","41","0.5170454545454546","88","41","0.4888888888888889","90","41","0.5357142857142857","98","41","0.4367816091954023","87","41","0.5060240963855421","83","41","0.45108695652173914","92","41","0.5348837209302325","86","41","0.5705882352941176","85"
,"42","0.4891304347826087","92","42","0.5053763440860215","93","42","0.4722222222222222","90","42","0.47282608695652173","92","42","0.4764705882352941","85","42","0.5722222222222222","90","42","0.4578313253012048","83","42","0.4943181818181818","88","42","0.48295454545454547","88","42","0.43478260869565216","92","42","0.43452380952380953","84","42","0.5","82","42","0.5722222222222222","90","42","0.46511627906976744","86","42","0.48255813953488375","86","42","0.4827586206896552","87","42","0.43209876543209874","81","42","0.4885057471264368","87","42","0.5454545454545454","88","42","0.4715909090909091","88","42","0.47191011235955055","89","42","0.5117647058823529","85","42","0.489010989010989","91","42","0.48484848484848486","99","42","0.5263157894736842","95","42","0.4819277108433735","83","42","0.49444444444444446","90","42","0.5555555555555556","90","42","0.5483870967741935","93","42","0.5055555555555555","90","42","0.43258426966292135","89","42","0.48333333333333334","90","42","0.5174418604651163","86","42","0.489247311827957","93","42","0.4742268041237113","97","42","0.5059523809523809","84","42","0.5625","80","42","0.5","80","42","0.5104166666666666","96","42","0.5571428571428572","105","42","0.532967032967033","91","42","0.5210526315789473","95","42","0.531578947368421","95","42","0.5121951219512195","82","42","0.5049019607843137","102","42","0.5467289719626168","107","42","0.5280898876404494","89","42","0.47802197802197804","91","42","0.575","100","42","0.49489795918367346","98","42","0.5666666666666667","90","42","0.4734042553191489","94","42","0.5172413793103449","87","42","0.5","92","42","0.5260416666666666","96","42","0.4235294117647059","85","42","0.5060240963855421","83","42","0.45108695652173914","92","42","0.5294117647058824","85","42","0.5654761904761905","84"
,"43","0.48936170212765956","94","43","0.5053191489361702","94","43","0.4772727272727273","88","43","0.47282608695652173","92","43","0.463855421686747","83","43","0.5730337078651685","89","43","0.4578313253012048","83","43","0.4885057471264368","87","43","0.4827586206896552","87","43","0.43478260869565216","92","43","0.43529411764705883","85","43","0.50625","80","43","0.5769230769230769","91","43","0.46551724137931033","87","43","0.4823529411764706","85","43","0.4827586206896552","87","43","0.43209876543209874","81","43","0.4885057471264368","87","43","0.5454545454545454","88","43","0.46629213483146065","89","43","0.4772727272727273","88","43","0.5","86","43","0.48333333333333334","90","43","0.4900990099009901","101","43","0.531578947368421","95","43","0.4878048780487805","82","43","0.4887640449438202","89","43","0.5625","88","43","0.5434782608695652","92","43","0.5055555555555555","90","43","0.4388888888888889","90","43","0.48333333333333334","90","43","0.5176470588235295","85","43","0.483695652173913","92","43","0.4690721649484536","97","43","0.5060240963855421","83","43","0.5641025641025641","78","43","0.5","81","43","0.5103092783505154","97","43","0.5528846153846154","104","43","0.5284090909090909","88","43","0.5208333333333334","96","43","0.531578947368421","95","43","0.5060240963855421","83","43","0.504950495049505","101","43","0.5476190476190477","105","43","0.5284090909090909","88","43","0.47802197802197804","91","43","0.5757575757575758","99","43","0.4898989898989899","99","43","0.5714285714285714","91","43","0.478494623655914","93","43","0.5172413793103449","87","43","0.5","92","43","0.531578947368421","95","43","0.43373493975903615","83","43","0.5060240963855421","83","43","0.45698924731182794","93","43","0.536144578313253","83","43","0.5602409638554217","83"
,"44","0.4838709677419355","93","44","0.5052631578947369","95","44","0.4772727272727273","88","44","0.4725274725274725","91","44","0.4634146341463415","82","44","0.5730337078651685","89","44","0.4695121951219512","82","44","0.4885057471264368","87","44","0.4883720930232558","86","44","0.43478260869565216","92","44","0.4411764705882353","85","44","0.50625","80","44","0.5833333333333334","90","44","0.46551724137931033","87","44","0.48255813953488375","86","44","0.4885057471264368","87","44","0.425","80","44","0.48255813953488375","86","44","0.5465116279069767","86","44","0.46551724137931033","87","44","0.4772727272727273","88","44","0.5","84","44","0.48333333333333334","90","44","0.485","100","44","0.531578947368421","95","44","0.4819277108433735","83","44","0.4888888888888889","90","44","0.5689655172413793","87","44","0.532967032967033","91","44","0.5055555555555555","90","44","0.43258426966292135","89","44","0.483695652173913","92","44","0.5119047619047619","84","44","0.489247311827957","93","44","0.4731182795698925","93","44","0.5061728395061729","81","44","0.5592105263157895","76","44","0.49382716049382713","81","44","0.5202020202020202","99","44","0.5518867924528302","106","44","0.5284090909090909","88","44","0.5212765957446809","94","44","0.5263157894736842","95","44","0.5060240963855421","83","44","0.5049019607843137","102","44","0.5523809523809524","105","44","0.5280898876404494","89","44","0.48333333333333334","90","44","0.5757575757575758","99","44","0.4898989898989899","99","44","0.5666666666666667","90","44","0.489247311827957","93","44","0.5172413793103449","87","44","0.489010989010989","91","44","0.531578947368421","95","44","0.4329268292682927","82","44","0.5060240963855421","83","44","0.4574468085106383","94","44","0.536144578313253","83","44","0.5602409638554217","83"
,"45","0.4835164835164835","91","45","0.5052631578947369","95","45","0.48295454545454547","88","45","0.4725274725274725","91","45","0.463855421686747","83","45","0.5730337078651685","89","45","0.46296296296296297","81","45","0.4941860465116279","86","45","0.4883720930232558","86","45","0.43548387096774194","93","45","0.43452380952380953","84","45","0.5063291139240507","79","45","0.5833333333333334","90","45","0.46551724137931033","87","45","0.4764705882352941","85","45","0.4885057471264368","87","45","0.42207792207792205","77","45","0.4883720930232558","86","45","0.5411764705882353","85","45","0.4659090909090909","88","45","0.4827586206896552","87","45","0.5","82","45","0.489010989010989","91","45","0.4797979797979798","99","45","0.531578947368421","95","45","0.4878048780487805","82","45","0.4777777777777778","90","45","0.5689655172413793","87","45","0.5274725274725275","91","45","0.5","90","45","0.43258426966292135","89","45","0.4838709677419355","93","45","0.5119047619047619","84","45","0.478494623655914","93","45","0.4731182795698925","93","45","0.5121951219512195","82","45","0.5608108108108109","74","45","0.49382716049382713","81","45","0.5154639175257731","97","45","0.5476190476190477","105","45","0.5229885057471264","87","45","0.5212765957446809","94","45","0.5319148936170213","94","45","0.5060240963855421","83","45","0.5048543689320388","103","45","0.5471698113207547","106","45","0.5280898876404494","89","45","0.48314606741573035","89","45","0.5757575757575758","99","45","0.4898989898989899","99","45","0.5666666666666667","90","45","0.48404255319148937","94","45","0.5172413793103449","87","45","0.4887640449438202","89","45","0.5319148936170213","94","45","0.43373493975903615","83","45","0.5060240963855421","83","45","0.45698924731182794","93","45","0.536144578313253","83","45","0.5609756097560976","82"
,"46","0.4835164835164835","91","46","0.5052631578947369","95","46","0.48295454545454547","88","46","0.4725274725274725","91","46","0.463855421686747","83","46","0.5722222222222222","90","46","0.46296296296296297","81","46","0.4943181818181818","88","46","0.4880952380952381","84","46","0.44623655913978494","93","46","0.4397590361445783","83","46","0.4936708860759494","79","46","0.5842696629213483","89","46","0.46551724137931033","87","46","0.47023809523809523","84","46","0.4885057471264368","87","46","0.4230769230769231","78","46","0.48823529411764705","85","46","0.5411764705882353","85","46","0.47093023255813954","86","46","0.4827586206896552","87","46","0.5125","80","46","0.4888888888888889","90","46","0.4797979797979798","99","46","0.531578947368421","95","46","0.4879518072289157","83","46","0.4777777777777778","90","46","0.5689655172413793","87","46","0.5277777777777778","90","46","0.5","86","46","0.42696629213483145","89","46","0.4895833333333333","96","46","0.5119047619047619","84","46","0.48404255319148937","94","46","0.4731182795698925","93","46","0.5123456790123457","81","46","0.56","75","46","0.49382716049382713","81","46","0.5154639175257731","97","46","0.5509259259259259","108","46","0.5170454545454546","88","46","0.5212765957446809","94","46","0.532608695652174","92","46","0.5","84","46","0.5099009900990099","101","46","0.5533980582524272","103","46","0.5284090909090909","88","46","0.48295454545454547","88","46","0.57","100","46","0.4897959183673469","98","46","0.5666666666666667","90","46","0.489010989010989","91","46","0.5170454545454546","88","46","0.4887640449438202","89","46","0.5319148936170213","94","46","0.4382716049382716","81","46","0.5","84","46","0.45604395604395603","91","46","0.5352941176470588","85","46","0.5662650602409639","83"
,"47","0.4782608695652174","92","47","0.5054347826086957","92","47","0.48295454545454547","88","47","0.4725274725274725","91","47","0.4578313253012048","83","47","0.5722222222222222","90","47","0.46296296296296297","81","47","0.4941860465116279","86","47","0.48823529411764705","85","47","0.44623655913978494","93","47","0.43373493975903615","83","47","0.5","78","47","0.5833333333333334","90","47","0.46511627906976744","86","47","0.47058823529411764","85","47","0.4942528735632184","87","47","0.4230769230769231","78","47","0.4941860465116279","86","47","0.5411764705882353","85","47","0.46511627906976744","86","47","0.47674418604651164","86","47","0.5123456790123457","81","47","0.4888888888888889","90","47","0.4797979797979798","99","47","0.53125","96","47","0.4878048780487805","82","47","0.4777777777777778","90","47","0.5681818181818182","88","47","0.5224719101123596","89","47","0.5","84","47","0.43103448275862066","87","47","0.48404255319148937","94","47","0.5119047619047619","84","47","0.48404255319148937","94","47","0.4782608695652174","92","47","0.5123456790123457","81","47","0.5592105263157895","76","47","0.4876543209876543","81","47","0.5151515151515151","99","47","0.5416666666666666","108","47","0.5232558139534884","86","47","0.521505376344086","93","47","0.532608695652174","92","47","0.5","84","47","0.5098039215686274","102","47","0.5490196078431373","102","47","0.5277777777777778","90","47","0.4823529411764706","85","47","0.5656565656565656","99","47","0.49","100","47","0.5666666666666667","90","47","0.4887640449438202","89","47","0.5117647058823529","85","47","0.48333333333333334","90","47","0.5364583333333334","96","47","0.4382716049382716","81","47","0.5060240963855421","83","47","0.45652173913043476","92","47","0.5352941176470588","85","47","0.5602409638554217","83"
,"48","0.4777777777777778","90","48","0.5111111111111111","90","48","0.48295454545454547","88","48","0.4725274725274725","91","48","0.4578313253012048","83","48","0.5722222222222222","90","48","0.4625","80","48","0.48863636363636365","88","48","0.5056818181818182","88","48","0.4421052631578947","95","48","0.4397590361445783","83","48","0.5","78","48","0.5909090909090909","88","48","0.46511627906976744","86","48","0.47023809523809523","84","48","0.4943181818181818","88","48","0.4230769230769231","78","48","0.48823529411764705","85","48","0.5411764705882353","85","48","0.47674418604651164","86","48","0.47093023255813954","86","48","0.51875","80","48","0.49444444444444446","90","48","0.4797979797979798","99","48","0.53125","96","48","0.48125","80","48","0.47752808988764045","89","48","0.563953488372093","86","48","0.5222222222222223","90","48","0.5","83","48","0.43103448275862066","87","48","0.48404255319148937","94","48","0.5176470588235295","85","48","0.48404255319148937","94","48","0.4666666666666667","90","48","0.50625","80","48","0.5592105263157895","76","48","0.4807692307692308","78","48","0.51","100","48","0.5462962962962963","108","48","0.5176470588235295","85","48","0.521505376344086","93","48","0.5376344086021505","93","48","0.4943181818181818","88","48","0.5048076923076923","104","48","0.5490196078431373","102","48","0.5274725274725275","91","48","0.4883720930232558","86","48","0.5656565656565656","99","48","0.4948453608247423","97","48","0.5714285714285714","91","48","0.48333333333333334","90","48","0.5116279069767442","86","48","0.48333333333333334","90","48","0.5263157894736842","95","48","0.4375","80","48","0.5060240963855421","83","48","0.45161290322580644","93","48","0.5352941176470588","85","48","0.5595238095238095","84"
,"49","0.47752808988764045","89","49","0.5111111111111111","90","49","0.48295454545454547","88","49","0.4666666666666667","90","49","0.4523809523809524","84","49","0.5722222222222222","90","49","0.4625","80","49","0.4943181818181818","88","49","0.5","86","49","0.44680851063829785","94","49","0.43373493975903615","83","49","0.5064102564102564","78","49","0.5919540229885057","87","49","0.47674418604651164","86","49","0.46987951807228917","83","49","0.48314606741573035","89","49","0.42207792207792205","77","49","0.4880952380952381","84","49","0.5421686746987951","83","49","0.47674418604651164","86","49","0.4764705882352941","85","49","0.51875","80","49","0.4943820224719101","89","49","0.4744897959183674","98","49","0.531578947368421","95","49","0.475","80","49","0.4835164835164835","91","49","0.563953488372093","86","49","0.5224719101123596","89","49","0.5","83","49","0.4294117647058823","85","49","0.48404255319148937","94","49","0.5060240963855421","83","49","0.489247311827957","93","49","0.46153846153846156","91","49","0.5063291139240507","79","49","0.5592105263157895","76","49","0.4807692307692308","78","49","0.504950495049505","101","49","0.5462962962962963","108","49","0.5176470588235295","85","49","0.5217391304347826","92","49","0.5376344086021505","93","49","0.4943181818181818","88","49","0.5194174757281553","103","49","0.5490196078431373","102","49","0.5277777777777778","90","49","0.4883720930232558","86","49","0.5656565656565656","99","49","0.4948453608247423","97","49","0.5714285714285714","91","49","0.4887640449438202","89","49","0.5117647058823529","85","49","0.4835164835164835","91","49","0.5212765957446809","94","49","0.4375","80","49","0.5121951219512195","82","49","0.45604395604395603","91","49","0.5348837209302325","86","49","0.5529411764705883","85"
,"50","0.47752808988764045","89","50","0.5111111111111111","90","50","0.48314606741573035","89","50","0.4666666666666667","90","50","0.4523809523809524","84","50","0.5617977528089888","89","50","0.46296296296296297","81","50","0.4942528735632184","87","50","0.5","84","50","0.4473684210526316","95","50","0.43902439024390244","82","50","0.506578947368421","76","50","0.5919540229885057","87","50","0.47674418604651164","86","50","0.4695121951219512","82","50","0.49411764705882355","85","50","0.42207792207792205","77","50","0.4879518072289157","83","50","0.5426829268292683","82","50","0.47619047619047616","84","50","0.47619047619047616","84","50","0.5","78","50","0.49444444444444446","90","50","0.4793814432989691","97","50","0.531578947368421","95","50","0.48717948717948717","78","50","0.47752808988764045","89","50","0.5647058823529412","85","50","0.5224719101123596","89","50","0.5","83","50","0.4294117647058823","85","50","0.48947368421052634","95","50","0.5060975609756098","82","50","0.48404255319148937","94","50","0.46153846153846156","91","50","0.5063291139240507","79","50","0.5584415584415584","77","50","0.4807692307692308","78","50","0.5099009900990099","101","50","0.5514018691588785","107","50","0.5176470588235295","85","50","0.5217391304347826","92","50","0.5372340425531915","94","50","0.5","89","50","0.5247524752475248","101","50","0.5490196078431373","102","50","0.5337078651685393","89","50","0.4883720930232558","86","50","0.5510204081632653","98","50","0.4948453608247423","97","50","0.5659340659340659","91","50","0.4887640449438202","89","50","0.5119047619047619","84","50","0.4787234042553192","94","50","0.5157894736842106","95","50","0.4382716049382716","81","50","0.5121951219512195","82","50","0.45","90","50","0.5402298850574713","87","50","0.5542168674698795","83"
,"51","0.4725274725274725","91","51","0.5056179775280899","89","51","0.47752808988764045","89","51","0.46153846153846156","91","51","0.44642857142857145","84","51","0.5617977528089888","89","51","0.4444444444444444","81","51","0.49404761904761907","84","51","0.5","84","51","0.4473684210526316","95","51","0.43902439024390244","82","51","0.506578947368421","76","51","0.5965909090909091","88","51","0.4715909090909091","88","51","0.4695121951219512","82","51","0.49411764705882355","85","51","0.42207792207792205","77","51","0.4879518072289157","83","51","0.5426829268292683","82","51","0.47058823529411764","85","51","0.47619047619047616","84","51","0.5064935064935064","77","51","0.49444444444444446","90","51","0.4793814432989691","97","51","0.53125","96","51","0.4873417721518987","79","51","0.48314606741573035","89","51","0.5529411764705883","85","51","0.5224719101123596","89","51","0.5","83","51","0.43023255813953487","86","51","0.4787234042553192","94","51","0.5060975609756098","82","51","0.4838709677419355","93","51","0.47191011235955055","89","51","0.5063291139240507","79","51","0.5584415584415584","77","51","0.4805194805194805","77","51","0.5099009900990099","101","51","0.5476190476190477","105","51","0.5232558139534884","86","51","0.5161290322580645","93","51","0.5520833333333334","96","51","0.5","91","51","0.5204081632653061","98","51","0.5490196078431373","102","51","0.5337078651685393","89","51","0.48255813953488375","86","51","0.5454545454545454","99","51","0.4948453608247423","97","51","0.5617977528089888","89","51","0.4945054945054945","91","51","0.5119047619047619","84","51","0.483695652173913","92","51","0.5268817204301075","93","51","0.43209876543209874","81","51","0.5121951219512195","82","51","0.45","90","51","0.5357142857142857","84","51","0.5535714285714286","84"
,"52","0.47752808988764045","89","52","0.5056179775280899","89","52","0.47752808988764045","89","52","0.46153846153846156","91","52","0.44642857142857145","84","52","0.5611111111111111","90","52","0.45","80","52","0.49404761904761907","84","52","0.5060975609756098","82","52","0.44680851063829785","94","52","0.43373493975903615","83","52","0.5133333333333333","75","52","0.6022727272727273","88","52","0.47752808988764045","89","52","0.46987951807228917","83","52","0.49411764705882355","85","52","0.4276315789473684","76","52","0.4819277108433735","83","52","0.5481927710843374","83","52","0.47619047619047616","84","52","0.4759036144578313","83","52","0.5","76","52","0.4945054945054945","91","52","0.4793814432989691","97","52","0.5257731958762887","97","52","0.4873417721518987","79","52","0.48295454545454547","88","52","0.5529411764705883","85","52","0.5227272727272727","88","52","0.5","83","52","0.44642857142857145","84","52","0.4842105263157895","95","52","0.5061728395061729","81","52","0.48404255319148937","94","52","0.47701149425287354","87","52","0.5063291139240507","79","52","0.5584415584415584","77","52","0.4805194805194805","77","52","0.5099009900990099","101","52","0.5528846153846154","104","52","0.5287356321839081","87","52","0.5159574468085106","94","52","0.543010752688172","93","52","0.5","91","52","0.520618556701031","97","52","0.5490196078431373","102","52","0.5337078651685393","89","52","0.4823529411764706","85","52","0.545","100","52","0.4948453608247423","97","52","0.5666666666666667","90","52","0.4945054945054945","91","52","0.5060975609756098","82","52","0.483695652173913","92","52","0.5277777777777778","90","52","0.43209876543209874","81","52","0.5120481927710844","83","52","0.449438202247191","89","52","0.5406976744186046","86","52","0.5617283950617284","81"
,"53","0.48314606741573035","89","53","0.5056179775280899","89","53","0.4722222222222222","90","53","0.46153846153846156","91","53","0.4397590361445783","83","53","0.5604395604395604","91","53","0.45","80","53","0.49404761904761907","84","53","0.5060975609756098","82","53","0.44680851063829785","94","53","0.43902439024390244","82","53","0.5135135135135135","74","53","0.5977011494252874","87","53","0.4772727272727273","88","53","0.46987951807228917","83","53","0.49411764705882355","85","53","0.4189189189189189","74","53","0.4817073170731707","82","53","0.5476190476190477","84","53","0.47619047619047616","84","53","0.4695121951219512","82","53","0.5068493150684932","73","53","0.49444444444444446","90","53","0.4846938775510204","98","53","0.531578947368421","95","53","0.4875","80","53","0.48295454545454547","88","53","0.5529411764705883","85","53","0.5227272727272727","88","53","0.49404761904761907","84","53","0.4418604651162791","86","53","0.4842105263157895","95","53","0.5","80","53","0.4787234042553192","94","53","0.47126436781609193","87","53","0.5064102564102564","78","53","0.5584415584415584","77","53","0.4805194805194805","77","53","0.51","100","53","0.5613207547169812","106","53","0.5290697674418605","86","53","0.5163043478260869","92","53","0.543010752688172","93","53","0.49444444444444446","90","53","0.5104166666666666","96","53","0.5485436893203883","103","53","0.5344827586206896","87","53","0.4823529411764706","85","53","0.5473684210526316","95","53","0.5052631578947369","95","53","0.5617977528089888","89","53","0.4945054945054945","91","53","0.5060975609756098","82","53","0.4838709677419355","93","53","0.5277777777777778","90","53","0.43209876543209874","81","53","0.5120481927710844","83","53","0.4438202247191011","89","53","0.5411764705882353","85","53","0.55625","80"
,"54","0.48295454545454547","88","54","0.5056179775280899","89","54","0.4722222222222222","90","54","0.4550561797752809","89","54","0.4397590361445783","83","54","0.5604395604395604","91","54","0.4625","80","54","0.49404761904761907","84","54","0.5119047619047619","84","54","0.44680851063829785","94","54","0.4457831325301205","83","54","0.5136986301369864","73","54","0.6046511627906976","86","54","0.4772727272727273","88","54","0.47619047619047616","84","54","0.49411764705882355","85","54","0.41333333333333333","75","54","0.4876543209876543","81","54","0.5421686746987951","83","54","0.47619047619047616","84","54","0.4695121951219512","82","54","0.5","74","54","0.4945652173913043","92","54","0.4846938775510204","98","54","0.5268817204301075","93","54","0.48125","80","54","0.48295454545454547","88","54","0.5529411764705883","85","54","0.5227272727272727","88","54","0.49404761904761907","84","54","0.4418604651162791","86","54","0.4842105263157895","95","54","0.5061728395061729","81","54","0.4731182795698925","93","54","0.47701149425287354","87","54","0.512987012987013","77","54","0.5584415584415584","77","54","0.4807692307692308","78","54","0.5148514851485149","101","54","0.5571428571428572","105","54","0.5235294117647059","85","54","0.5161290322580645","93","54","0.5368421052631579","95","54","0.5","91","54","0.5103092783505154","97","54","0.5441176470588235","102","54","0.5352941176470588","85","54","0.4823529411764706","85","54","0.5473684210526316","95","54","0.5053191489361702","94","54","0.5611111111111111","90","54","0.4945054945054945","91","54","0.5060975609756098","82","54","0.483695652173913","92","54","0.5277777777777778","90","54","0.4375","80","54","0.5120481927710844","83","54","0.4431818181818182","88","54","0.5416666666666666","84","54","0.5506329113924051","79"
,"55","0.48295454545454547","88","55","0.5","88","55","0.4782608695652174","92","55","0.45555555555555555","90","55","0.4382716049382716","81","55","0.5561797752808989","89","55","0.4691358024691358","81","55","0.49390243902439024","82","55","0.5120481927710844","83","55","0.44565217391304346","92","55","0.4457831325301205","83","55","0.5202702702702703","74","55","0.6071428571428571","84","55","0.4772727272727273","88","55","0.4819277108433735","83","55","0.5","83","55","0.41333333333333333","75","55","0.4876543209876543","81","55","0.5426829268292683","82","55","0.4759036144578313","83","55","0.4695121951219512","82","55","0.5135135135135135","74","55","0.4945652173913043","92","55","0.4846938775510204","98","55","0.5274725274725275","91","55","0.4817073170731707","82","55","0.4887640449438202","89","55","0.5535714285714286","84","55","0.5227272727272727","88","55","0.4939759036144578","83","55","0.4425287356321839","87","55","0.4895833333333333","96","55","0.50625","80","55","0.4731182795698925","93","55","0.47674418604651164","86","55","0.5263157894736842","76","55","0.5584415584415584","77","55","0.47333333333333333","75","55","0.5148514851485149","101","55","0.5566037735849056","106","55","0.5176470588235295","85","55","0.510752688172043","93","55","0.5372340425531915","94","55","0.4945054945054945","91","55","0.5153061224489796","98","55","0.5333333333333333","105","55","0.5297619047619048","84","55","0.4823529411764706","85","55","0.5625","96","55","0.5053191489361702","94","55","0.5561797752808989","89","55","0.4945054945054945","91","55","0.5120481927710844","83","55","0.4838709677419355","93","55","0.5277777777777778","90","55","0.4375","80","55","0.5061728395061729","81","55","0.4425287356321839","87","55","0.5416666666666666","84","55","0.5375","80"
,"56","0.48255813953488375","86","56","0.5","88","56","0.484375","96","56","0.45555555555555555","90","56","0.43037974683544306","79","56","0.5674157303370787","89","56","0.4695121951219512","82","56","0.4879518072289157","83","56","0.5060240963855421","83","56","0.44565217391304346","92","56","0.436046511627907","86","56","0.527027027027027","74","56","0.6071428571428571","84","56","0.47191011235955055","89","56","0.4817073170731707","82","56","0.5058823529411764","85","56","0.4178082191780822","73","56","0.4875","80","56","0.536144578313253","83","56","0.4759036144578313","83","56","0.46987951807228917","83","56","0.5068493150684932","73","56","0.4945652173913043","92","56","0.4898989898989899","99","56","0.5337078651685393","89","56","0.48148148148148145","81","56","0.4885057471264368","87","56","0.5602409638554217","83","56","0.5227272727272727","88","56","0.5","82","56","0.4418604651162791","86","56","0.4842105263157895","95","56","0.5123456790123457","81","56","0.4731182795698925","93","56","0.4764705882352941","85","56","0.5256410256410257","78","56","0.5584415584415584","77","56","0.47368421052631576","76","56","0.5147058823529411","102","56","0.5560747663551402","107","56","0.5180722891566265","83","56","0.510752688172043","93","56","0.5376344086021505","93","56","0.5","90","56","0.5105263157894737","95","56","0.5384615384615384","104","56","0.536144578313253","83","56","0.48255813953488375","86","56","0.5631578947368421","95","56","0.5053191489361702","94","56","0.5561797752808989","89","56","0.489010989010989","91","56","0.5119047619047619","84","56","0.4835164835164835","91","56","0.5222222222222223","90","56","0.4382716049382716","81","56","0.5061728395061729","81","56","0.4425287356321839","87","56","0.5416666666666666","84","56","0.5448717948717948","78"
,"57","0.48255813953488375","86","57","0.5057471264367817","87","57","0.4787234042553192","94","57","0.4550561797752809","89","57","0.42948717948717946","78","57","0.5738636363636364","88","57","0.47560975609756095","82","57","0.49390243902439024","82","57","0.5060975609756098","82","57","0.44565217391304346","92","57","0.43373493975903615","83","57","0.5273972602739726","73","57","0.6071428571428571","84","57","0.47701149425287354","87","57","0.4817073170731707","82","57","0.5059523809523809","84","57","0.4166666666666667","72","57","0.48717948717948717","78","57","0.536144578313253","83","57","0.47560975609756095","82","57","0.4695121951219512","82","57","0.5069444444444444","72","57","0.4946236559139785","93","57","0.4898989898989899","99","57","0.5284090909090909","88","57","0.48148148148148145","81","57","0.4885057471264368","87","57","0.5617283950617284","81","57","0.5227272727272727","88","57","0.5","82","57","0.44047619047619047","84","57","0.4896907216494845","97","57","0.5063291139240507","79","57","0.48404255319148937","94","57","0.46551724137931033","87","57","0.525974025974026","77","57","0.5576923076923077","78","57","0.47368421052631576","76","57","0.5147058823529411","102","57","0.5601851851851852","108","57","0.5240963855421686","83","57","0.510752688172043","93","57","0.5376344086021505","93","57","0.5","89","57","0.5053191489361702","94","57","0.5471698113207547","106","57","0.536144578313253","83","57","0.48255813953488375","86","57","0.5638297872340425","94","57","0.5053191489361702","94","57","0.554945054945055","91","57","0.49444444444444446","90","57","0.5060975609756098","82","57","0.4835164835164835","91","57","0.5222222222222223","90","57","0.4444444444444444","81","57","0.5061728395061729","81","57","0.4425287356321839","87","57","0.5178571428571429","84","57","0.5448717948717948","78"
,"58","0.4827586206896552","87","58","0.5116279069767442","86","58","0.478494623655914","93","58","0.4550561797752809","89","58","0.4423076923076923","78","58","0.5689655172413793","87","58","0.4759036144578313","83","58","0.49390243902439024","82","58","0.5060975609756098","82","58","0.44565217391304346","92","58","0.43373493975903615","83","58","0.5273972602739726","73","58","0.6176470588235294","85","58","0.47093023255813954","86","58","0.4876543209876543","81","58","0.5060975609756098","82","58","0.4166666666666667","72","58","0.4935064935064935","77","58","0.536144578313253","83","58","0.48148148148148145","81","58","0.4695121951219512","82","58","0.5069444444444444","72","58","0.4945652173913043","92","58","0.49489795918367346","98","58","0.5287356321839081","87","58","0.4817073170731707","82","58","0.5","85","58","0.5506329113924051","79","58","0.5280898876404494","89","58","0.5060975609756098","82","58","0.44047619047619047","84","58","0.484375","96","58","0.5","80","58","0.4782608695652174","92","58","0.47126436781609193","87","58","0.525974025974026","77","58","0.5576923076923077","78","58","0.47333333333333333","75","58","0.5148514851485149","101","58","0.5560747663551402","107","58","0.5240963855421686","83","58","0.510752688172043","93","58","0.543010752688172","93","58","0.5","89","58","0.5105263157894737","95","58","0.5420560747663551","107","58","0.536144578313253","83","58","0.48255813953488375","86","58","0.5591397849462365","93","58","0.510752688172043","93","58","0.554945054945055","91","58","0.5","89","58","0.5060975609756098","82","58","0.48333333333333334","90","58","0.5271739130434783","92","58","0.44375","80","58","0.5","80","58","0.4418604651162791","86","58","0.5238095238095238","84","58","0.5379746835443038","79"
,"59","0.48255813953488375","86","59","0.5058139534883721","86","59","0.478494623655914","93","59","0.4606741573033708","89","59","0.4276315789473684","76","59","0.5697674418604651","86","59","0.47560975609756095","82","59","0.5","83","59","0.5060975609756098","82","59","0.44565217391304346","92","59","0.4329268292682927","82","59","0.5277777777777778","72","59","0.6190476190476191","84","59","0.47093023255813954","86","59","0.49375","80","59","0.5123456790123457","81","59","0.4166666666666667","72","59","0.5","76","59","0.536144578313253","83","59","0.48125","80","59","0.4695121951219512","82","59","0.5069444444444444","72","59","0.4945652173913043","92","59","0.49489795918367346","98","59","0.5348837209302325","86","59","0.47560975609756095","82","59","0.5","85","59","0.5506329113924051","79","59","0.5280898876404494","89","59","0.5","82","59","0.43529411764705883","85","59","0.484375","96","59","0.5","81","59","0.4782608695652174","92","59","0.4764705882352941","85","59","0.5328947368421053","76","59","0.5592105263157895","76","59","0.48026315789473684","76","59","0.5148514851485149","101","59","0.5560747663551402","107","59","0.5235294117647059","85","59","0.510752688172043","93","59","0.5520833333333334","96","59","0.5","89","59","0.5052083333333334","96","59","0.5471698113207547","106","59","0.536144578313253","83","59","0.47093023255813954","86","59","0.5531914893617021","94","59","0.5108695652173914","92","59","0.5489130434782609","92","59","0.49444444444444446","90","59","0.5060975609756098","82","59","0.47802197802197804","91","59","0.521978021978022","91","59","0.44375","80","59","0.5","80","59","0.4411764705882353","85","59","0.5238095238095238","84","59","0.5576923076923077","78"
,"60","0.4880952380952381","84","60","0.5058139534883721","86","60","0.4731182795698925","93","60","0.4602272727272727","88","60","0.4342105263157895","76","60","0.5689655172413793","87","60","0.48148148148148145","81","60","0.5","83","60","0.5125","80","60","0.45161290322580644","93","60","0.42592592592592593","81","60","0.5347222222222222","72","60","0.6280487804878049","82","60","0.46551724137931033","87","60","0.49375","80","60","0.5123456790123457","81","60","0.4166666666666667","72","60","0.4935064935064935","77","60","0.5426829268292683","82","60","0.48125","80","60","0.4695121951219512","82","60","0.5142857142857142","70","60","0.4945054945054945","91","60","0.494949494949495","99","60","0.5344827586206896","87","60","0.47530864197530864","81","60","0.49404761904761907","84","60","0.5506329113924051","79","60","0.5284090909090909","88","60","0.5","82","60","0.43373493975903615","83","60","0.4895833333333333","96","60","0.50625","80","60","0.4782608695652174","92","60","0.47674418604651164","86","60","0.5328947368421053","76","60","0.5540540540540541","74","60","0.48026315789473684","76","60","0.515","100","60","0.5555555555555556","108","60","0.5238095238095238","84","60","0.5053191489361702","94","60","0.5585106382978723","94","60","0.5055555555555555","90","60","0.5105263157894737","95","60","0.5476190476190477","105","60","0.536144578313253","83","60","0.47619047619047616","84","60","0.5543478260869565","92","60","0.5108695652173914","92","60","0.5489130434782609","92","60","0.4943820224719101","89","60","0.5060975609756098","82","60","0.4835164835164835","91","60","0.5280898876404494","89","60","0.44375","80","60","0.5","80","60","0.4411764705882353","85","60","0.5176470588235295","85","60","0.5506329113924051","79"
,"61","0.4880952380952381","84","61","0.5170454545454546","88","61","0.4666666666666667","90","61","0.4602272727272727","88","61","0.43333333333333335","75","61","0.5697674418604651","86","61","0.4810126582278481","79","61","0.49390243902439024","82","61","0.5064102564102564","78","61","0.4550561797752809","89","61","0.43125","80","61","0.5347222222222222","72","61","0.6341463414634146","82","61","0.46511627906976744","86","61","0.4876543209876543","81","61","0.5185185185185185","81","61","0.4166666666666667","72","61","0.4935064935064935","77","61","0.5416666666666666","84","61","0.48125","80","61","0.4764705882352941","85","61","0.5140845070422535","71","61","0.4888888888888889","90","61","0.494949494949495","99","61","0.5397727272727273","88","61","0.475","80","61","0.49404761904761907","84","61","0.5512820512820513","78","61","0.5287356321839081","87","61","0.5","82","61","0.4451219512195122","82","61","0.484375","96","61","0.5125","80","61","0.48333333333333334","90","61","0.47674418604651164","86","61","0.5448717948717948","78","61","0.547945205479452","73","61","0.4866666666666667","75","61","0.5099009900990099","101","61","0.5555555555555556","108","61","0.5238095238095238","84","61","0.5","95","61","0.5591397849462365","93","61","0.5056818181818182","88","61","0.5159574468085106","94","61","0.5432692307692307","104","61","0.5416666666666666","84","61","0.47619047619047616","84","61","0.5543478260869565","92","61","0.5108695652173914","92","61","0.5489130434782609","92","61","0.4943820224719101","89","61","0.5060240963855421","83","61","0.4888888888888889","90","61","0.5227272727272727","88","61","0.45","80","61","0.5","80","61","0.4470588235294118","85","61","0.5176470588235295","85","61","0.5569620253164557","79"
,"62","0.48823529411764705","85","62","0.5170454545454546","88","62","0.4666666666666667","90","62","0.4550561797752809","89","62","0.43243243243243246","74","62","0.5773809523809523","84","62","0.4810126582278481","79","62","0.49390243902439024","82","62","0.5064102564102564","78","62","0.45454545454545453","88","62","0.43125","80","62","0.5347222222222222","72","62","0.6358024691358025","81","62","0.47619047619047616","84","62","0.4876543209876543","81","62","0.5125","80","62","0.4166666666666667","72","62","0.4935064935064935","77","62","0.5416666666666666","84","62","0.48148148148148145","81","62","0.4759036144578313","83","62","0.5140845070422535","71","62","0.4888888888888889","90","62","0.4898989898989899","99","62","0.5397727272727273","88","62","0.475","80","62","0.4878048780487805","82","62","0.5512820512820513","78","62","0.5348837209302325","86","62","0.5","81","62","0.4423076923076923","78","62","0.48936170212765956","94","62","0.5189873417721519","79","62","0.48333333333333334","90","62","0.47058823529411764","85","62","0.5328947368421053","76","62","0.5540540540540541","74","62","0.4864864864864865","74","62","0.51010101010101","99","62","0.5555555555555556","108","62","0.5238095238095238","84","62","0.5163043478260869","92","62","0.5591397849462365","93","62","0.5058139534883721","86","62","0.5212765957446809","94","62","0.5428571428571428","105","62","0.5357142857142857","84","62","0.4879518072289157","83","62","0.5478723404255319","94","62","0.5108695652173914","92","62","0.5439560439560439","91","62","0.49444444444444446","90","62","0.5061728395061729","81","62","0.4888888888888889","90","62","0.5337078651685393","89","62","0.44871794871794873","78","62","0.5125","80","62","0.4470588235294118","85","62","0.5176470588235295","85","62","0.5448717948717948","78"
,"63","0.49404761904761907","84","63","0.5170454545454546","88","63","0.4666666666666667","90","63","0.4540229885057471","87","63","0.43243243243243246","74","63","0.5773809523809523","84","63","0.4805194805194805","77","63","0.4879518072289157","83","63","0.5","77","63","0.4476744186046512","86","63","0.42592592592592593","81","63","0.5347222222222222","72","63","0.63125","80","63","0.46987951807228917","83","63","0.49390243902439024","82","63","0.5125","80","63","0.4225352112676056","71","63","0.4935064935064935","77","63","0.5416666666666666","84","63","0.4810126582278481","79","63","0.47560975609756095","82","63","0.5140845070422535","71","63","0.489010989010989","91","63","0.4898989898989899","99","63","0.5393258426966292","89","63","0.46835443037974683","79","63","0.4878048780487805","82","63","0.5506329113924051","79","63","0.5348837209302325","86","63","0.5","80","63","0.4407894736842105","76","63","0.4946236559139785","93","63","0.5189873417721519","79","63","0.47752808988764045","89","63","0.47752808988764045","89","63","0.538961038961039","77","63","0.5592105263157895","76","63","0.4864864864864865","74","63","0.51010101010101","99","63","0.555045871559633","109","63","0.5176470588235295","85","63","0.5163043478260869","92","63","0.5591397849462365","93","63","0.5058139534883721","86","63","0.5271739130434783","92","63","0.5432692307692307","104","63","0.5294117647058824","85","63","0.4879518072289157","83","63","0.5631578947368421","95","63","0.5108695652173914","92","63","0.5439560439560439","91","63","0.5054945054945055","91","63","0.5061728395061729","81","63","0.4943820224719101","89","63","0.5280898876404494","89","63","0.4430379746835443","79","63","0.5064102564102564","78","63","0.4523809523809524","84","63","0.5176470588235295","85","63","0.5512820512820513","78"
,"64","0.5","83","64","0.5170454545454546","88","64","0.4666666666666667","90","64","0.4540229885057471","87","64","0.43243243243243246","74","64","0.5783132530120482","83","64","0.4805194805194805","77","64","0.4876543209876543","81","64","0.506578947368421","76","64","0.4476744186046512","86","64","0.42592592592592593","81","64","0.5428571428571428","70","64","0.63125","80","64","0.46987951807228917","83","64","0.49390243902439024","82","64","0.5125","80","64","0.4225352112676056","71","64","0.4868421052631579","76","64","0.5416666666666666","84","64","0.4875","80","64","0.47560975609756095","82","64","0.5140845070422535","71","64","0.49444444444444446","90","64","0.4898989898989899","99","64","0.5284090909090909","88","64","0.46835443037974683","79","64","0.48125","80","64","0.5506329113924051","79","64","0.5287356321839081","87","64","0.5","80","64","0.4407894736842105","76","64","0.4945652173913043","92","64","0.5189873417721519","79","64","0.48295454545454547","88","64","0.47752808988764045","89","64","0.5394736842105263","76","64","0.5592105263157895","76","64","0.47297297297297297","74","64","0.51010101010101","99","64","0.555045871559633","109","64","0.5235294117647059","85","64","0.5222222222222223","90","64","0.5666666666666667","90","64","0.5114942528735632","87","64","0.5271739130434783","92","64","0.5432692307692307","104","64","0.5232558139534884","86","64","0.49382716049382713","81","64","0.5515463917525774","97","64","0.5108695652173914","92","64","0.5439560439560439","91","64","0.5055555555555555","90","64","0.5061728395061729","81","64","0.4943820224719101","89","64","0.5222222222222223","90","64","0.4430379746835443","79","64","0.5064102564102564","78","64","0.4523809523809524","84","64","0.5294117647058824","85","64","0.551948051948052","77"
,"65","0.5","83","65","0.5227272727272727","88","65","0.4666666666666667","90","65","0.4540229885057471","87","65","0.4383561643835616","73","65","0.5714285714285714","84","65","0.474025974025974","77","65","0.4936708860759494","79","65","0.5","75","65","0.4470588235294118","85","65","0.42592592592592593","81","65","0.5285714285714286","70","65","0.6296296296296297","81","65","0.46987951807228917","83","65","0.5","82","65","0.5063291139240507","79","65","0.42857142857142855","70","65","0.4868421052631579","76","65","0.5421686746987951","83","65","0.4875","80","65","0.47560975609756095","82","65","0.5208333333333334","72","65","0.49444444444444446","90","65","0.49","100","65","0.5284090909090909","88","65","0.4675324675324675","77","65","0.48125","80","65","0.5506329113924051","79","65","0.5411764705882353","85","65","0.5","80","65","0.4407894736842105","76","65","0.4945652173913043","92","65","0.5189873417721519","79","65","0.48295454545454547","88","65","0.47752808988764045","89","65","0.5460526315789473","76","65","0.5592105263157895","76","65","0.4797297297297297","74","65","0.51010101010101","99","65","0.5446428571428571","112","65","0.5304878048780488","82","65","0.5168539325842697","89","65","0.5617977528089888","89","65","0.5120481927710844","83","65","0.5271739130434783","92","65","0.5428571428571428","105","65","0.5290697674418605","86","65","0.49382716049382713","81","65","0.5572916666666666","96","65","0.5108695652173914","92","65","0.5434782608695652","92","65","0.5054347826086957","92","65","0.5061728395061729","81","65","0.4943820224719101","89","65","0.5274725274725275","91","65","0.4430379746835443","79","65","0.5064935064935064","77","65","0.4470588235294118","85","65","0.5297619047619048","84","65","0.551948051948052","77"
,"66","0.5061728395061729","81","66","0.5224719101123596","89","66","0.4666666666666667","90","66","0.4540229885057471","87","66","0.43243243243243246","74","66","0.572289156626506","83","66","0.474025974025974","77","66","0.49375","80","66","0.5","75","66","0.4470588235294118","85","66","0.42592592592592593","81","66","0.5289855072463768","69","66","0.6265822784810127","79","66","0.46296296296296297","81","66","0.5060975609756098","82","66","0.5","78","66","0.43478260869565216","69","66","0.4868421052631579","76","66","0.5421686746987951","83","66","0.4875","80","66","0.4695121951219512","82","66","0.5208333333333334","72","66","0.4887640449438202","89","66","0.494949494949495","99","66","0.5232558139534884","86","66","0.47368421052631576","76","66","0.48125","80","66","0.5506329113924051","79","66","0.5406976744186046","86","66","0.5","80","66","0.4407894736842105","76","66","0.4945652173913043","92","66","0.5189873417721519","79","66","0.48295454545454547","88","66","0.48314606741573035","89","66","0.54","75","66","0.5592105263157895","76","66","0.48","75","66","0.5148514851485149","101","66","0.5442477876106194","113","66","0.5308641975308642","81","66","0.5227272727272727","88","66","0.5666666666666667","90","66","0.5120481927710844","83","66","0.5268817204301075","93","66","0.5480769230769231","104","66","0.5294117647058824","85","66","0.49390243902439024","82","66","0.5567010309278351","97","66","0.510989010989011","91","66","0.543010752688172","93","66","0.510989010989011","91","66","0.5","80","66","0.4943820224719101","89","66","0.532608695652174","92","66","0.44375","80","66","0.506578947368421","76","66","0.4470588235294118","85","66","0.5297619047619048","84","66","0.5576923076923077","78"
,"67","0.5061728395061729","81","67","0.5222222222222223","90","67","0.46629213483146065","89","67","0.4540229885057471","87","67","0.4315068493150685","73","67","0.572289156626506","83","67","0.4797297297297297","74","67","0.49375","80","67","0.506578947368421","76","67","0.4470588235294118","85","67","0.42592592592592593","81","67","0.5289855072463768","69","67","0.6265822784810127","79","67","0.45625","80","67","0.5061728395061729","81","67","0.5","78","67","0.4411764705882353","68","67","0.4868421052631579","76","67","0.5487804878048781","82","67","0.475","80","67","0.46296296296296297","81","67","0.5140845070422535","71","67","0.4835164835164835","91","67","0.4948453608247423","97","67","0.5235294117647059","85","67","0.4868421052631579","76","67","0.48125","80","67","0.5506329113924051","79","67","0.5406976744186046","86","67","0.5","80","67","0.4473684210526316","76","67","0.4945652173913043","92","67","0.5125","80","67","0.48295454545454547","88","67","0.48314606741573035","89","67","0.54","75","67","0.5584415584415584","77","67","0.4868421052631579","76","67","0.51","100","67","0.5442477876106194","113","67","0.5379746835443038","79","67","0.5287356321839081","87","67","0.5730337078651685","89","67","0.5120481927710844","83","67","0.532258064516129","93","67","0.5523809523809524","105","67","0.5294117647058824","85","67","0.49390243902439024","82","67","0.5526315789473685","95","67","0.5263157894736842","95","67","0.543010752688172","93","67","0.5163043478260869","92","67","0.5","82","67","0.4943820224719101","89","67","0.5274725274725275","91","67","0.4382716049382716","81","67","0.506578947368421","76","67","0.4418604651162791","86","67","0.536144578313253","83","67","0.551948051948052","77"
,"68","0.5","82","68","0.5224719101123596","89","68","0.4722222222222222","90","68","0.4540229885057471","87","68","0.43243243243243246","74","68","0.572289156626506","83","68","0.4797297297297297","74","68","0.4873417721518987","79","68","0.49324324324324326","74","68","0.4470588235294118","85","68","0.42592592592592593","81","68","0.5217391304347826","69","68","0.6265822784810127","79","68","0.45625","80","68","0.5120481927710844","83","68","0.5","78","68","0.43283582089552236","67","68","0.49333333333333335","75","68","0.5426829268292683","82","68","0.4810126582278481","79","68","0.4625","80","68","0.5140845070422535","71","68","0.4835164835164835","91","68","0.4946808510638298","94","68","0.5238095238095238","84","68","0.4666666666666667","75","68","0.4810126582278481","79","68","0.55625","80","68","0.5523255813953488","86","68","0.5","80","68","0.44594594594594594","74","68","0.5","89","68","0.5189873417721519","79","68","0.48314606741573035","89","68","0.48333333333333334","90","68","0.54","75","68","0.56875","80","68","0.487012987012987","77","68","0.51","100","68","0.5353982300884956","113","68","0.5384615384615384","78","68","0.5287356321839081","87","68","0.5706521739130435","92","68","0.5123456790123457","81","68","0.5271739130434783","92","68","0.5485436893203883","103","68","0.5235294117647059","85","68","0.49390243902439024","82","68","0.5478723404255319","94","68","0.5212765957446809","94","68","0.543010752688172","93","68","0.5161290322580645","93","68","0.5","82","68","0.4943820224719101","89","68","0.521978021978022","91","68","0.4451219512195122","82","68","0.5066666666666667","75","68","0.4482758620689655","87","68","0.536144578313253","83","68","0.551948051948052","77"
,"69","0.5","82","69","0.5224719101123596","89","69","0.45977011494252873","87","69","0.45348837209302323","86","69","0.4315068493150685","73","69","0.572289156626506","83","69","0.4797297297297297","74","69","0.4873417721518987","79","69","0.4863013698630137","73","69","0.44642857142857145","84","69","0.425","80","69","0.5289855072463768","69","69","0.625","80","69","0.45625","80","69","0.50625","80","69","0.487012987012987","77","69","0.43283582089552236","67","69","0.4866666666666667","75","69","0.5421686746987951","83","69","0.48125","80","69","0.4625","80","69","0.5140845070422535","71","69","0.4835164835164835","91","69","0.5","96","69","0.536144578313253","83","69","0.47368421052631576","76","69","0.4875","80","69","0.55625","80","69","0.5523255813953488","86","69","0.5","79","69","0.44594594594594594","74","69","0.48863636363636365","88","69","0.5192307692307693","78","69","0.48295454545454547","88","69","0.47802197802197804","91","69","0.54","75","69","0.5632911392405063","79","69","0.487012987012987","77","69","0.5147058823529411","102","69","0.5307017543859649","114","69","0.5384615384615384","78","69","0.5287356321839081","87","69","0.5769230769230769","91","69","0.5123456790123457","81","69","0.5388888888888889","90","69","0.5480769230769231","104","69","0.5235294117647059","85","69","0.4939759036144578","83","69","0.543010752688172","93","69","0.5161290322580645","93","69","0.543010752688172","93","69","0.510752688172043","93","69","0.5","82","69","0.4943181818181818","88","69","0.521978021978022","91","69","0.4382716049382716","81","69","0.5","76","69","0.4418604651162791","86","69","0.5470588235294118","85","69","0.551948051948052","77"
,"70","0.5","80","70","0.5224719101123596","89","70","0.45977011494252873","87","70","0.4470588235294118","85","70","0.4315068493150685","73","70","0.5670731707317073","82","70","0.4797297297297297","74","70","0.4810126582278481","79","70","0.4866666666666667","75","70","0.44642857142857145","84","70","0.425","80","70","0.5289855072463768","69","70","0.6296296296296297","81","70","0.45625","80","70","0.50625","80","70","0.487012987012987","77","70","0.43283582089552236","67","70","0.4866666666666667","75","70","0.5421686746987951","83","70","0.4876543209876543","81","70","0.45569620253164556","79","70","0.5140845070422535","71","70","0.48333333333333334","90","70","0.5","96","70","0.5308641975308642","81","70","0.47368421052631576","76","70","0.4873417721518987","79","70","0.5555555555555556","81","70","0.5465116279069767","86","70","0.5064935064935064","77","70","0.4383561643835616","73","70","0.48863636363636365","88","70","0.5194805194805194","77","70","0.48823529411764705","85","70","0.4887640449438202","89","70","0.54","75","70","0.5632911392405063","79","70","0.474025974025974","77","70","0.5097087378640777","103","70","0.5260869565217391","115","70","0.5384615384615384","78","70","0.5287356321839081","87","70","0.5769230769230769","91","70","0.5123456790123457","81","70","0.5388888888888889","90","70","0.5480769230769231","104","70","0.5172413793103449","87","70","0.49390243902439024","82","70","0.5380434782608695","92","70","0.5106382978723404","94","70","0.5434782608695652","92","70","0.5106382978723404","94","70","0.5060975609756098","82","70","0.5","87","70","0.521978021978022","91","70","0.4382716049382716","81","70","0.5","76","70","0.4418604651162791","86","70","0.5517241379310345","87","70","0.5526315789473685","76"
,"71","0.4936708860759494","79","71","0.5224719101123596","89","71","0.45977011494252873","87","71","0.4476744186046512","86","71","0.4315068493150685","73","71","0.56875","80","71","0.4797297297297297","74","71","0.4810126582278481","79","71","0.4861111111111111","72","71","0.44642857142857145","84","71","0.43209876543209874","81","71","0.5422535211267606","71","71","0.6234567901234568","81","71","0.45625","80","71","0.5","80","71","0.4935897435897436","78","71","0.43283582089552236","67","71","0.4868421052631579","76","71","0.5432098765432098","81","71","0.49390243902439024","82","71","0.44871794871794873","78","71","0.5144927536231884","69","71","0.4835164835164835","91","71","0.5052631578947369","95","71","0.5308641975308642","81","71","0.4666666666666667","75","71","0.4873417721518987","79","71","0.55625","80","71","0.5529411764705883","85","71","0.5064935064935064","77","71","0.4383561643835616","73","71","0.4887640449438202","89","71","0.5197368421052632","76","71","0.4941860465116279","86","71","0.48314606741573035","89","71","0.5337837837837838","74","71","0.564935064935065","77","71","0.48026315789473684","76","71","0.5095238095238095","105","71","0.5353982300884956","113","71","0.5324675324675324","77","71","0.5287356321839081","87","71","0.5777777777777777","90","71","0.5123456790123457","81","71","0.5337078651685393","89","71","0.5480769230769231","104","71","0.5174418604651163","86","71","0.49382716049382713","81","71","0.5384615384615384","91","71","0.5106382978723404","94","71","0.55","90","71","0.510752688172043","93","71","0.5","81","71","0.5058139534883721","86","71","0.510752688172043","93","71","0.4382716049382716","81","71","0.5","76","71","0.4425287356321839","87","71","0.5523255813953488","86","71","0.5466666666666666","75"
,"72","0.4935897435897436","78","72","0.5274725274725275","91","72","0.45348837209302323","86","72","0.4540229885057471","87","72","0.4236111111111111","72","72","0.56875","80","72","0.4797297297297297","74","72","0.475","80","72","0.4861111111111111","72","72","0.44642857142857145","84","72","0.43125","80","72","0.5357142857142857","70","72","0.6219512195121951","82","72","0.45625","80","72","0.49382716049382713","81","72","0.48","75","72","0.43283582089552236","67","72","0.49324324324324326","74","72","0.5432098765432098","81","72","0.49390243902439024","82","72","0.44871794871794873","78","72","0.5142857142857142","70","72","0.4887640449438202","89","72","0.5053763440860215","93","72","0.524390243902439","82","72","0.4666666666666667","75","72","0.4873417721518987","79","72","0.54375","80","72","0.5470588235294118","85","72","0.5064102564102564","78","72","0.4391891891891892","74","72","0.4827586206896552","87","72","0.512987012987013","77","72","0.4941860465116279","86","72","0.4835164835164835","91","72","0.5337837837837838","74","72","0.5592105263157895","76","72","0.4866666666666667","75","72","0.5190476190476191","105","72","0.5394736842105263","114","72","0.5328947368421053","76","72","0.5287356321839081","87","72","0.5786516853932584","89","72","0.5246913580246914","81","72","0.5397727272727273","88","72","0.5392156862745098","102","72","0.5174418604651163","86","72","0.49382716049382713","81","72","0.5384615384615384","91","72","0.5054347826086957","92","72","0.550561797752809","89","72","0.510752688172043","93","72","0.4939759036144578","83","72","0.5114942528735632","87","72","0.510752688172043","93","72","0.4382716049382716","81","72","0.5","76","72","0.4482758620689655","87","72","0.5523255813953488","86","72","0.538961038961039","77"
,"73","0.4935897435897436","78","73","0.5274725274725275","91","73","0.45930232558139533","86","73","0.45454545454545453","88","73","0.4236111111111111","72","73","0.56875","80","73","0.4797297297297297","74","73","0.48125","80","73","0.4861111111111111","72","73","0.4470588235294118","85","73","0.43125","80","73","0.5362318840579711","69","73","0.6234567901234568","81","73","0.45","80","73","0.5061728395061729","81","73","0.48","75","73","0.43283582089552236","67","73","0.49324324324324326","74","73","0.54375","80","73","0.49390243902439024","82","73","0.44871794871794873","78","73","0.5144927536231884","69","73","0.4887640449438202","89","73","0.5054347826086957","92","73","0.5240963855421686","83","73","0.4666666666666667","75","73","0.4935064935064935","77","73","0.5506329113924051","79","73","0.536144578313253","83","73","0.506578947368421","76","73","0.4383561643835616","73","73","0.4823529411764706","85","73","0.5131578947368421","76","73","0.5","85","73","0.48314606741573035","89","73","0.5273972602739726","73","73","0.5592105263157895","76","73","0.49333333333333335","75","73","0.5194174757281553","103","73","0.5350877192982456","114","73","0.5328947368421053","76","73","0.5348837209302325","86","73","0.5681818181818182","88","73","0.5304878048780488","82","73","0.5337078651685393","89","73","0.5388349514563107","103","73","0.5229885057471264","87","73","0.49382716049382713","81","73","0.5337078651685393","89","73","0.5108695652173914","92","73","0.55","90","73","0.510752688172043","93","73","0.5121951219512195","82","73","0.5060240963855421","83","73","0.5164835164835165","91","73","0.44375","80","73","0.5","75","73","0.4482758620689655","87","73","0.5470588235294118","85","73","0.551948051948052","77"
,"74","0.4935897435897436","78","74","0.5277777777777778","90","74","0.46551724137931033","87","74","0.4540229885057471","87","74","0.4246575342465753","73","74","0.56875","80","74","0.4797297297297297","74","74","0.48125","80","74","0.49295774647887325","71","74","0.4470588235294118","85","74","0.43125","80","74","0.5362318840579711","69","74","0.6265822784810127","79","74","0.4506172839506173","81","74","0.50625","80","74","0.4797297297297297","74","74","0.4264705882352941","68","74","0.5","75","74","0.5448717948717948","78","74","0.4879518072289157","83","74","0.45","80","74","0.5147058823529411","68","74","0.4777777777777778","90","74","0.4945652173913043","92","74","0.5297619047619048","84","74","0.4520547945205479","73","74","0.4934210526315789","76","74","0.5512820512820513","78","74","0.536144578313253","83","74","0.506578947368421","76","74","0.4391891891891892","74","74","0.48255813953488375","86","74","0.5135135135135135","74","74","0.5","85","74","0.48314606741573035","89","74","0.527027027027027","74","74","0.5592105263157895","76","74","0.49324324324324326","74","74","0.5192307692307693","104","74","0.5391304347826087","115","74","0.5324675324675324","77","74","0.5352941176470588","85","74","0.5804597701149425","87","74","0.5308641975308642","81","74","0.5344827586206896","87","74","0.5388349514563107","103","74","0.5290697674418605","86","74","0.49382716049382713","81","74","0.5337078651685393","89","74","0.5","92","74","0.5454545454545454","88","74","0.5161290322580645","93","74","0.5","85","74","0.5059523809523809","84","74","0.5164835164835165","91","74","0.4382716049382716","81","74","0.506578947368421","76","74","0.44886363636363635","88","74","0.5416666666666666","84","74","0.5533333333333333","75"
,"75","0.4935897435897436","78","75","0.5277777777777778","90","75","0.46551724137931033","87","75","0.45930232558139533","86","75","0.4295774647887324","71","75","0.569620253164557","79","75","0.4794520547945205","73","75","0.4873417721518987","79","75","0.4857142857142857","70","75","0.45180722891566266","83","75","0.43125","80","75","0.5294117647058824","68","75","0.6410256410256411","78","75","0.4506172839506173","81","75","0.50625","80","75","0.47333333333333333","75","75","0.43283582089552236","67","75","0.5","75","75","0.5506329113924051","79","75","0.4879518072289157","83","75","0.45","80","75","0.5147058823529411","68","75","0.4772727272727273","88","75","0.5054347826086957","92","75","0.5352941176470588","85","75","0.4513888888888889","72","75","0.5","78","75","0.5512820512820513","78","75","0.5365853658536586","82","75","0.506578947368421","76","75","0.4315068493150685","73","75","0.48823529411764705","85","75","0.5205479452054794","73","75","0.5","85","75","0.48295454545454547","88","75","0.527027027027027","74","75","0.56","75","75","0.49324324324324326","74","75","0.5245098039215687","102","75","0.5353982300884956","113","75","0.5328947368421053","76","75","0.5470588235294118","85","75","0.5705882352941176","85","75","0.5370370370370371","81","75","0.5280898876404494","89","75","0.5388349514563107","103","75","0.5287356321839081","87","75","0.5","82","75","0.5388888888888889","90","75","0.5054945054945055","91","75","0.5402298850574713","87","75","0.5161290322580645","93","75","0.5","82","75","0.5059523809523809","84","75","0.5112359550561798","89","75","0.43670886075949367","79","75","0.5","75","75","0.44886363636363635","88","75","0.5352941176470588","85","75","0.5533333333333333","75"
,"76","0.48717948717948717","78","76","0.532967032967033","91","76","0.46629213483146065","89","76","0.45294117647058824","85","76","0.4295774647887324","71","76","0.569620253164557","79","76","0.47297297297297297","74","76","0.4875","80","76","0.4857142857142857","70","76","0.45180722891566266","83","76","0.43670886075949367","79","76","0.5294117647058824","68","76","0.6363636363636364","77","76","0.45","80","76","0.5189873417721519","79","76","0.47333333333333333","75","76","0.43283582089552236","67","76","0.5","76","76","0.5506329113924051","79","76","0.4879518072289157","83","76","0.44871794871794873","78","76","0.5147058823529411","68","76","0.48295454545454547","88","76","0.5054347826086957","92","76","0.5235294117647059","85","76","0.4513888888888889","72","76","0.5","77","76","0.5454545454545454","77","76","0.5370370370370371","81","76","0.5133333333333333","75","76","0.4315068493150685","73","76","0.4880952380952381","84","76","0.5208333333333334","72","76","0.49404761904761907","84","76","0.4885057471264368","87","76","0.5273972602739726","73","76","0.5592105263157895","76","76","0.4868421052631579","76","76","0.5247524752475248","101","76","0.536036036036036","111","76","0.5394736842105263","76","76","0.5470588235294118","85","76","0.5705882352941176","85","76","0.53125","80","76","0.5224719101123596","89","76","0.5432692307692307","104","76","0.5290697674418605","86","76","0.49382716049382713","81","76","0.5489130434782609","92","76","0.5111111111111111","90","76","0.5348837209302325","86","76","0.5161290322580645","93","76","0.5","82","76","0.5120481927710844","83","76","0.5112359550561798","89","76","0.4423076923076923","78","76","0.5","75","76","0.45454545454545453","88","76","0.5352941176470588","85","76","0.5608108108108109","74"
,"77","0.487012987012987","77","77","0.5271739130434783","92","77","0.46551724137931033","87","77","0.4523809523809524","84","77","0.4305555555555556","72","77","0.569620253164557","79","77","0.4666666666666667","75","77","0.48717948717948717","78","77","0.4857142857142857","70","77","0.4573170731707317","82","77","0.4329268292682927","82","77","0.5223880597014925","67","77","0.6363636363636364","77","77","0.45","80","77","0.512987012987013","77","77","0.4675324675324675","77","77","0.4318181818181818","66","77","0.5","76","77","0.5506329113924051","79","77","0.4878048780487805","82","77","0.44155844155844154","77","77","0.5223880597014925","67","77","0.47093023255813954","86","77","0.5053191489361702","94","77","0.5240963855421686","83","77","0.4513888888888889","72","77","0.5","78","77","0.5394736842105263","76","77","0.5375","80","77","0.5133333333333333","75","77","0.4315068493150685","73","77","0.4819277108433735","83","77","0.5071428571428571","70","77","0.49404761904761907","84","77","0.48255813953488375","86","77","0.5208333333333334","72","77","0.56","75","77","0.48026315789473684","76","77","0.5247524752475248","101","77","0.5401785714285714","112","77","0.538961038961039","77","77","0.5470588235294118","85","77","0.5705882352941176","85","77","0.5316455696202531","79","77","0.5164835164835165","91","77","0.5432692307692307","104","77","0.5290697674418605","86","77","0.49382716049382713","81","77","0.5494505494505495","91","77","0.5111111111111111","90","77","0.5411764705882353","85","77","0.5161290322580645","93","77","0.5","83","77","0.5119047619047619","84","77","0.5055555555555555","90","77","0.44805194805194803","77","77","0.5067567567567568","74","77","0.44886363636363635","88","77","0.5411764705882353","85","77","0.5616438356164384","73"
,"78","0.4934210526315789","76","78","0.532967032967033","91","78","0.46551724137931033","87","78","0.4588235294117647","85","78","0.4315068493150685","73","78","0.5641025641025641","78","78","0.47368421052631576","76","78","0.48717948717948717","78","78","0.4782608695652174","69","78","0.4573170731707317","82","78","0.4358974358974359","78","78","0.5223880597014925","67","78","0.631578947368421","76","78","0.4573170731707317","82","78","0.5192307692307693","78","78","0.46710526315789475","76","78","0.4318181818181818","66","78","0.5","77","78","0.5512820512820513","78","78","0.4878048780487805","82","78","0.44155844155844154","77","78","0.5223880597014925","67","78","0.47093023255813954","86","78","0.5105263157894737","95","78","0.5240963855421686","83","78","0.4513888888888889","72","78","0.4935064935064935","77","78","0.5394736842105263","76","78","0.5375","80","78","0.5136986301369864","73","78","0.4305555555555556","72","78","0.4817073170731707","82","78","0.5071428571428571","70","78","0.5","81","78","0.4715909090909091","88","78","0.5205479452054794","73","78","0.5657894736842105","76","78","0.4805194805194805","77","78","0.5242718446601942","103","78","0.5442477876106194","113","78","0.54","75","78","0.5476190476190477","84","78","0.5705882352941176","85","78","0.53125","80","78","0.5112359550561798","89","78","0.545","100","78","0.5357142857142857","84","78","0.4873417721518987","79","78","0.5494505494505495","91","78","0.5111111111111111","90","78","0.5470588235294118","85","78","0.510989010989011","91","78","0.5","83","78","0.5120481927710844","83","78","0.4945054945054945","91","78","0.4423076923076923","78","78","0.5067567567567568","74","78","0.4418604651162791","86","78","0.5357142857142857","84","78","0.5555555555555556","72"
,"79","0.4934210526315789","76","79","0.532967032967033","91","79","0.4647058823529412","85","79","0.4523809523809524","84","79","0.4315068493150685","73","79","0.5714285714285714","77","79","0.4666666666666667","75","79","0.4873417721518987","79","79","0.4857142857142857","70","79","0.4573170731707317","82","79","0.4358974358974359","78","79","0.5220588235294118","68","79","0.6351351351351351","74","79","0.45625","80","79","0.5192307692307693","78","79","0.46","75","79","0.4318181818181818","66","79","0.5","77","79","0.5512820512820513","78","79","0.4878048780487805","82","79","0.44155844155844154","77","79","0.5147058823529411","68","79","0.47058823529411764","85","79","0.5053191489361702","94","79","0.524390243902439","82","79","0.4513888888888889","72","79","0.4868421052631579","76","79","0.538961038961039","77","79","0.5443037974683544","79","79","0.5136986301369864","73","79","0.43661971830985913","71","79","0.4817073170731707","82","79","0.5","69","79","0.5","79","79","0.47701149425287354","87","79","0.5135135135135135","74","79","0.5714285714285714","77","79","0.47368421052631576","76","79","0.5240384615384616","104","79","0.5446428571428571","112","79","0.54","75","79","0.5470588235294118","85","79","0.5755813953488372","86","79","0.5316455696202531","79","79","0.5114942528735632","87","79","0.5510204081632653","98","79","0.5304878048780488","82","79","0.4873417721518987","79","79","0.550561797752809","89","79","0.5111111111111111","90","79","0.5523255813953488","86","79","0.510989010989011","91","79","0.5061728395061729","81","79","0.5119047619047619","84","79","0.5054347826086957","92","79","0.4423076923076923","78","79","0.5067567567567568","74","79","0.4425287356321839","87","79","0.5297619047619048","84","79","0.5547945205479452","73"
,"80","0.49333333333333335","75","80","0.532967032967033","91","80","0.4578313253012048","83","80","0.4457831325301205","83","80","0.4315068493150685","73","80","0.5714285714285714","77","80","0.47368421052631576","76","80","0.5","77","80","0.4857142857142857","70","80","0.4567901234567901","81","80","0.44155844155844154","77","80","0.5220588235294118","68","80","0.6351351351351351","74","80","0.4573170731707317","82","80","0.525974025974026","77","80","0.46","75","80","0.4318181818181818","66","80","0.5","77","80","0.5454545454545454","77","80","0.4878048780487805","82","80","0.4423076923076923","78","80","0.5147058823529411","68","80","0.47619047619047616","84","80","0.5052631578947369","95","80","0.5240963855421686","83","80","0.4513888888888889","72","80","0.4866666666666667","75","80","0.5394736842105263","76","80","0.55","80","80","0.5208333333333334","72","80","0.4444444444444444","72","80","0.4817073170731707","82","80","0.5072463768115942","69","80","0.5","79","80","0.4772727272727273","88","80","0.5135135135135135","74","80","0.569620253164557","79","80","0.47368421052631576","76","80","0.5196078431372549","102","80","0.5486725663716814","113","80","0.54","75","80","0.5481927710843374","83","80","0.5689655172413793","87","80","0.53125","80","80","0.5176470588235295","85","80","0.5515463917525774","97","80","0.5304878048780488","82","80","0.4935897435897436","78","80","0.554945054945055","91","80","0.5113636363636364","88","80","0.5470588235294118","85","80","0.5163043478260869","92","80","0.5061728395061729","81","80","0.5059523809523809","84","80","0.4945054945054945","91","80","0.45394736842105265","76","80","0.5","73","80","0.45348837209302323","86","80","0.5297619047619048","84","80","0.5616438356164384","73"
,"81","0.5","76","81","0.5271739130434783","92","81","0.4578313253012048","83","81","0.4506172839506173","81","81","0.4305555555555556","72","81","0.577922077922078","77","81","0.47368421052631576","76","81","0.5","77","81","0.4927536231884058","69","81","0.4567901234567901","81","81","0.44155844155844154","77","81","0.5220588235294118","68","81","0.6142857142857143","70","81","0.46296296296296297","81","81","0.525974025974026","77","81","0.46","75","81","0.4307692307692308","65","81","0.5063291139240507","79","81","0.5454545454545454","77","81","0.4880952380952381","84","81","0.4423076923076923","78","81","0.5217391304347826","69","81","0.4764705882352941","85","81","0.5053191489361702","94","81","0.5308641975308642","81","81","0.4520547945205479","73","81","0.4866666666666667","75","81","0.5512820512820513","78","81","0.55","80","81","0.5208333333333334","72","81","0.4444444444444444","72","81","0.48148148148148145","81","81","0.5140845070422535","71","81","0.5","79","81","0.47752808988764045","89","81","0.5135135135135135","74","81","0.569620253164557","79","81","0.46794871794871795","78","81","0.5194174757281553","103","81","0.5446428571428571","112","81","0.5394736842105263","76","81","0.5481927710843374","83","81","0.5647058823529412","85","81","0.53125","80","81","0.5119047619047619","84","81","0.5572916666666666","96","81","0.5370370370370371","81","81","0.4936708860759494","79","81","0.554945054945055","91","81","0.5166666666666667","90","81","0.5476190476190477","84","81","0.5108695652173914","92","81","0.5061728395061729","81","81","0.5116279069767442","86","81","0.4945652173913043","92","81","0.45394736842105265","76","81","0.4863013698630137","73","81","0.44886363636363635","88","81","0.5297619047619048","84","81","0.5616438356164384","73"
,"82","0.5","75","82","0.5271739130434783","92","82","0.4578313253012048","83","82","0.46835443037974683","79","82","0.4305555555555556","72","82","0.5789473684210527","76","82","0.474025974025974","77","82","0.5","76","82","0.4927536231884058","69","82","0.4567901234567901","81","82","0.44666666666666666","75","82","0.5298507462686567","67","82","0.6029411764705882","68","82","0.46296296296296297","81","82","0.525974025974026","77","82","0.46","75","82","0.4307692307692308","65","82","0.5064935064935064","77","82","0.5454545454545454","77","82","0.4879518072289157","83","82","0.44155844155844154","77","82","0.5217391304347826","69","82","0.47058823529411764","85","82","0.5053763440860215","93","82","0.5308641975308642","81","82","0.4647887323943662","71","82","0.4935064935064935","77","82","0.5512820512820513","78","82","0.55625","80","82","0.528169014084507","71","82","0.4520547945205479","73","82","0.4817073170731707","82","82","0.5208333333333334","72","82","0.5","79","82","0.47752808988764045","89","82","0.5135135135135135","74","82","0.569620253164557","79","82","0.47368421052631576","76","82","0.5192307692307693","104","82","0.5625","112","82","0.54","75","82","0.5481927710843374","83","82","0.5647058823529412","85","82","0.53125","80","82","0.5060240963855421","83","82","0.5578947368421052","95","82","0.5370370370370371","81","82","0.4936708860759494","79","82","0.5597826086956522","92","82","0.5112359550561798","89","82","0.5542168674698795","83","82","0.510989010989011","91","82","0.5061728395061729","81","82","0.5178571428571429","84","82","0.4945054945054945","91","82","0.45394736842105265","76","82","0.4930555555555556","72","82","0.4550561797752809","89","82","0.5352941176470588","85","82","0.5616438356164384","73"
,"83","0.5","75","83","0.5268817204301075","93","83","0.4583333333333333","84","83","0.46835443037974683","79","83","0.4305555555555556","72","83","0.5789473684210527","76","83","0.474025974025974","77","83","0.5","76","83","0.4927536231884058","69","83","0.4567901234567901","81","83","0.44666666666666666","75","83","0.5298507462686567","67","83","0.6029411764705882","68","83","0.45625","80","83","0.525974025974026","77","83","0.4594594594594595","74","83","0.4126984126984127","63","83","0.506578947368421","76","83","0.5454545454545454","77","83","0.4878048780487805","82","83","0.44155844155844154","77","83","0.5285714285714286","70","83","0.47058823529411764","85","83","0.5052631578947369","95","83","0.5308641975308642","81","83","0.4647887323943662","71","83","0.4935064935064935","77","83","0.5512820512820513","78","83","0.5548780487804879","82","83","0.5214285714285715","70","83","0.4513888888888889","72","83","0.4817073170731707","82","83","0.5208333333333334","72","83","0.5","80","83","0.4772727272727273","88","83","0.5133333333333333","75","83","0.5705128205128205","78","83","0.47368421052631576","76","83","0.5192307692307693","104","83","0.5625","112","83","0.54","75","83","0.5548780487804879","82","83","0.5654761904761905","84","83","0.5379746835443038","79","83","0.5060240963855421","83","83","0.5585106382978723","94","83","0.5365853658536586","82","83","0.4875","80","83","0.5617977528089888","89","83","0.5113636363636364","88","83","0.5542168674698795","83","83","0.5053191489361702","94","83","0.5061728395061729","81","83","0.5178571428571429","84","83","0.4945054945054945","91","83","0.44805194805194803","77","83","0.5","73","83","0.44886363636363635","88","83","0.5352941176470588","85","83","0.5555555555555556","72"
,"84","0.49324324324324326","74","84","0.5268817204301075","93","84","0.45294117647058824","85","84","0.46835443037974683","79","84","0.4295774647887324","71","84","0.5733333333333334","75","84","0.46794871794871795","78","84","0.5","76","84","0.4928571428571429","70","84","0.4634146341463415","82","84","0.4473684210526316","76","84","0.5298507462686567","67","84","0.6029411764705882","68","84","0.4506172839506173","81","84","0.5192307692307693","78","84","0.4594594594594595","74","84","0.4126984126984127","63","84","0.506578947368421","76","84","0.5454545454545454","77","84","0.4876543209876543","81","84","0.44155844155844154","77","84","0.5217391304347826","69","84","0.47619047619047616","84","84","0.5106382978723404","94","84","0.53125","80","84","0.45714285714285713","70","84","0.5","76","84","0.5625","80","84","0.5555555555555556","81","84","0.5217391304347826","69","84","0.4513888888888889","72","84","0.4876543209876543","81","84","0.5205479452054794","73","84","0.5064935064935064","77","84","0.47126436781609193","87","84","0.5135135135135135","74","84","0.5714285714285714","77","84","0.4675324675324675","77","84","0.5192307692307693","104","84","0.5675675675675675","111","84","0.5394736842105263","76","84","0.5542168674698795","83","84","0.5602409638554217","83","84","0.5379746835443038","79","84","0.5060975609756098","82","84","0.5585106382978723","94","84","0.536144578313253","83","84","0.4935897435897436","78","84","0.5617977528089888","89","84","0.5058139534883721","86","84","0.5542168674698795","83","84","0.5054347826086957","92","84","0.5125","80","84","0.5176470588235295","85","84","0.5","90","84","0.4473684210526316","76","84","0.5","73","84","0.44886363636363635","88","84","0.5357142857142857","84","84","0.5547945205479452","73"
,"85","0.49324324324324326","74","85","0.5268817204301075","93","85","0.463855421686747","83","85","0.46153846153846156","78","85","0.4295774647887324","71","85","0.5733333333333334","75","85","0.474025974025974","77","85","0.5","76","85","0.4927536231884058","69","85","0.4551282051282051","78","85","0.43506493506493504","77","85","0.5298507462686567","67","85","0.6029411764705882","68","85","0.4506172839506173","81","85","0.525974025974026","77","85","0.4533333333333333","75","85","0.4112903225806452","62","85","0.506578947368421","76","85","0.5384615384615384","78","85","0.48125","80","85","0.44155844155844154","77","85","0.5217391304347826","69","85","0.47560975609756095","82","85","0.5105263157894737","95","85","0.5316455696202531","79","85","0.45714285714285713","70","85","0.5066666666666667","75","85","0.5641025641025641","78","85","0.5555555555555556","81","85","0.5217391304347826","69","85","0.4513888888888889","72","85","0.4876543209876543","81","85","0.5208333333333334","72","85","0.5064935064935064","77","85","0.47126436781609193","87","85","0.5135135135135135","74","85","0.5733333333333334","75","85","0.4675324675324675","77","85","0.5190476190476191","105","85","0.5642201834862385","109","85","0.5394736842105263","76","85","0.5487804878048781","82","85","0.5602409638554217","83","85","0.5384615384615384","78","85","0.5060240963855421","83","85","0.5585106382978723","94","85","0.5365853658536586","82","85","0.487012987012987","77","85","0.5604395604395604","91","85","0.5058139534883721","86","85","0.5617283950617284","81","85","0.510989010989011","91","85","0.5126582278481012","79","85","0.5232558139534884","86","85","0.5","90","85","0.4473684210526316","76","85","0.49324324324324326","74","85","0.4540229885057471","87","85","0.5352941176470588","85","85","0.5555555555555556","72"
,"86","0.49333333333333335","75","86","0.5268817204301075","93","86","0.4573170731707317","82","86","0.46153846153846156","78","86","0.4236111111111111","72","86","0.5657894736842105","76","86","0.461038961038961","77","86","0.5","76","86","0.48507462686567165","67","86","0.4551282051282051","78","86","0.44594594594594594","74","86","0.5298507462686567","67","86","0.6044776119402985","67","86","0.4506172839506173","81","86","0.525974025974026","77","86","0.4533333333333333","75","86","0.42063492063492064","63","86","0.506578947368421","76","86","0.5394736842105263","76","86","0.48717948717948717","78","86","0.44805194805194803","77","86","0.5217391304347826","69","86","0.47560975609756095","82","86","0.510752688172043","93","86","0.532051282051282","78","86","0.45652173913043476","69","86","0.5131578947368421","76","86","0.5641025641025641","78","86","0.5609756097560976","82","86","0.5142857142857142","70","86","0.4520547945205479","73","86","0.47530864197530864","81","86","0.5208333333333334","72","86","0.5064935064935064","77","86","0.47126436781609193","87","86","0.5136986301369864","73","86","0.5733333333333334","75","86","0.4675324675324675","77","86","0.5190476190476191","105","86","0.5681818181818182","110","86","0.54","75","86","0.5548780487804879","82","86","0.5602409638554217","83","86","0.5384615384615384","78","86","0.5060240963855421","83","86","0.5526315789473685","95","86","0.536144578313253","83","86","0.487012987012987","77","86","0.5555555555555556","90","86","0.5","89","86","0.5542168674698795","83","86","0.5108695652173914","92","86","0.5126582278481012","79","86","0.5178571428571429","84","86","0.5","90","86","0.4473684210526316","76","86","0.4864864864864865","74","86","0.4540229885057471","87","86","0.5352941176470588","85","86","0.5555555555555556","72"
,"87","0.49324324324324326","74","87","0.5268817204301075","93","87","0.4567901234567901","81","87","0.45454545454545453","77","87","0.4236111111111111","72","87","0.5714285714285714","77","87","0.4666666666666667","75","87","0.5","76","87","0.4852941176470588","68","87","0.4551282051282051","78","87","0.4520547945205479","73","87","0.5298507462686567","67","87","0.6230769230769231","65","87","0.45121951219512196","82","87","0.525974025974026","77","87","0.4473684210526316","76","87","0.42063492063492064","63","87","0.5","74","87","0.54","75","87","0.487012987012987","77","87","0.44666666666666666","75","87","0.5217391304347826","69","87","0.46987951807228917","83","87","0.510752688172043","93","87","0.532051282051282","78","87","0.45652173913043476","69","87","0.5131578947368421","76","87","0.5632911392405063","79","87","0.5555555555555556","81","87","0.5294117647058824","68","87","0.4513888888888889","72","87","0.4817073170731707","82","87","0.5208333333333334","72","87","0.5064102564102564","78","87","0.47126436781609193","87","87","0.5069444444444444","72","87","0.589041095890411","73","87","0.4675324675324675","77","87","0.5142857142857142","105","87","0.5636363636363636","110","87","0.5337837837837838","74","87","0.5548780487804879","82","87","0.5602409638554217","83","87","0.5324675324675324","77","87","0.5059523809523809","84","87","0.5585106382978723","94","87","0.5365853658536586","82","87","0.487012987012987","77","87","0.5561797752808989","89","87","0.5056179775280899","89","87","0.5542168674698795","83","87","0.5055555555555555","90","87","0.5125","80","87","0.5119047619047619","84","87","0.5","90","87","0.44","75","87","0.4863013698630137","73","87","0.4602272727272727","88","87","0.5297619047619048","84","87","0.5555555555555556","72"
,"88","0.49324324324324326","74","88","0.5271739130434783","92","88","0.4625","80","88","0.45454545454545453","77","88","0.4295774647887324","71","88","0.5714285714285714","77","88","0.46621621621621623","74","88","0.5064935064935064","77","88","0.4925373134328358","67","88","0.45","80","88","0.4527027027027027","74","88","0.5367647058823529","68","88","0.6171875","64","88","0.45121951219512196","82","88","0.5263157894736842","76","88","0.45394736842105265","76","88","0.42063492063492064","63","88","0.5066666666666667","75","88","0.54","75","88","0.4934210526315789","76","88","0.4473684210526316","76","88","0.5217391304347826","69","88","0.46987951807228917","83","88","0.510752688172043","93","88","0.532051282051282","78","88","0.45652173913043476","69","88","0.5064935064935064","77","88","0.5641025641025641","78","88","0.5548780487804879","82","88","0.5220588235294118","68","88","0.4507042253521127","71","88","0.475","80","88","0.5273972602739726","73","88","0.5064935064935064","77","88","0.46551724137931033","87","88","0.5069444444444444","72","88","0.589041095890411","73","88","0.4605263157894737","76","88","0.5096153846153846","104","88","0.5642201834862385","109","88","0.5342465753424658","73","88","0.5493827160493827","81","88","0.5654761904761905","84","88","0.5384615384615384","78","88","0.5060975609756098","82","88","0.5585106382978723","94","88","0.536144578313253","83","88","0.487012987012987","77","88","0.5632183908045977","87","88","0.5","88","88","0.5548780487804879","82","88","0.5056179775280899","89","88","0.5064102564102564","78","88","0.5121951219512195","82","88","0.5054347826086957","92","88","0.4342105263157895","76","88","0.4861111111111111","72","88","0.449438202247191","89","88","0.5238095238095238","84","88","0.5540540540540541","74"
,"89","0.4864864864864865","74","89","0.521505376344086","93","89","0.461038961038961","77","89","0.4407894736842105","76","89","0.4295774647887324","71","89","0.5705128205128205","78","89","0.4657534246575342","73","89","0.5","77","89","0.5","66","89","0.44871794871794873","78","89","0.4652777777777778","72","89","0.5367647058823529","68","89","0.6171875","64","89","0.45121951219512196","82","89","0.5263157894736842","76","89","0.4473684210526316","76","89","0.4274193548387097","62","89","0.5066666666666667","75","89","0.5405405405405406","74","89","0.49333333333333335","75","89","0.45394736842105265","76","89","0.5217391304347826","69","89","0.4819277108433735","83","89","0.5108695652173914","92","89","0.5379746835443038","79","89","0.4632352941176471","68","89","0.506578947368421","76","89","0.569620253164557","79","89","0.5609756097560976","82","89","0.5220588235294118","68","89","0.4507042253521127","71","89","0.475","80","89","0.5273972602739726","73","89","0.506578947368421","76","89","0.46551724137931033","87","89","0.5069444444444444","72","89","0.589041095890411","73","89","0.4675324675324675","77","89","0.5095238095238095","105","89","0.5648148148148148","108","89","0.5416666666666666","72","89","0.5493827160493827","81","89","0.5654761904761905","84","89","0.5443037974683544","79","89","0.5060975609756098","82","89","0.5631578947368421","95","89","0.536144578313253","83","89","0.4807692307692308","78","89","0.5581395348837209","86","89","0.5113636363636364","88","89","0.5548780487804879","82","89","0.5056179775280899","89","89","0.5064102564102564","78","89","0.5121951219512195","82","89","0.5111111111111111","90","89","0.42857142857142855","77","89","0.4861111111111111","72","89","0.45348837209302323","86","89","0.524390243902439","82","89","0.5547945205479452","73"
,"90","0.4931506849315068","73","90","0.5271739130434783","92","90","0.4551282051282051","78","90","0.4473684210526316","76","90","0.4295774647887324","71","90","0.5714285714285714","77","90","0.4657534246575342","73","90","0.5","77","90","0.5","66","90","0.4430379746835443","79","90","0.45774647887323944","71","90","0.5367647058823529","68","90","0.6209677419354839","62","90","0.4567901234567901","81","90","0.5266666666666666","75","90","0.4473684210526316","76","90","0.4274193548387097","62","90","0.5","73","90","0.5342465753424658","73","90","0.4866666666666667","75","90","0.45394736842105265","76","90","0.5214285714285715","70","90","0.47560975609756095","82","90","0.5111111111111111","90","90","0.5384615384615384","78","90","0.4626865671641791","67","90","0.5","76","90","0.5641025641025641","78","90","0.5555555555555556","81","90","0.5151515151515151","66","90","0.4583333333333333","72","90","0.47530864197530864","81","90","0.5277777777777778","72","90","0.506578947368421","76","90","0.46551724137931033","87","90","0.5068493150684932","73","90","0.5902777777777778","72","90","0.4675324675324675","77","90","0.5188679245283019","106","90","0.5642201834862385","109","90","0.547945205479452","73","90","0.54375","80","90","0.5647058823529412","85","90","0.5384615384615384","78","90","0.5061728395061729","81","90","0.5631578947368421","95","90","0.5370370370370371","81","90","0.4807692307692308","78","90","0.5697674418604651","86","90","0.5174418604651163","86","90","0.5569620253164557","79","90","0.5114942528735632","87","90","0.5064102564102564","78","90","0.5121951219512195","82","90","0.5174418604651163","86","90","0.4230769230769231","78","90","0.4861111111111111","72","90","0.45294117647058824","85","90","0.5240963855421686","83","90","0.5547945205479452","73"
,"91","0.4931506849315068","73","91","0.5271739130434783","92","91","0.45569620253164556","79","91","0.4473684210526316","76","91","0.42142857142857143","70","91","0.5657894736842105","76","91","0.4722222222222222","72","91","0.506578947368421","76","91","0.5","66","91","0.44805194805194803","77","91","0.45774647887323944","71","91","0.5434782608695652","69","91","0.6209677419354839","62","91","0.4567901234567901","81","91","0.5266666666666666","75","91","0.4473684210526316","76","91","0.4365079365079365","63","91","0.5","73","91","0.5342465753424658","73","91","0.4864864864864865","74","91","0.45394736842105265","76","91","0.5214285714285715","70","91","0.47560975609756095","82","91","0.5055555555555555","90","91","0.5384615384615384","78","91","0.4626865671641791","67","91","0.5","74","91","0.5641025641025641","78","91","0.5555555555555556","81","91","0.5151515151515151","66","91","0.4583333333333333","72","91","0.47468354430379744","79","91","0.528169014084507","71","91","0.506578947368421","76","91","0.47093023255813954","86","91","0.5068493150684932","73","91","0.5902777777777778","72","91","0.47368421052631576","76","91","0.5144230769230769","104","91","0.5700934579439252","107","91","0.547945205479452","73","91","0.5443037974683544","79","91","0.5588235294117647","85","91","0.5379746835443038","79","91","0.50625","80","91","0.5520833333333334","96","91","0.5370370370370371","81","91","0.47468354430379744","79","91","0.5730337078651685","89","91","0.5172413793103449","87","91","0.55625","80","91","0.5116279069767442","86","91","0.5064102564102564","78","91","0.5059523809523809","84","91","0.5229885057471264","87","91","0.42105263157894735","76","91","0.4861111111111111","72","91","0.4476744186046512","86","91","0.5240963855421686","83","91","0.5547945205479452","73"
,"92","0.4861111111111111","72","92","0.5268817204301075","93","92","0.44805194805194803","77","92","0.44666666666666666","75","92","0.4305555555555556","72","92","0.5733333333333334","75","92","0.4722222222222222","72","92","0.506578947368421","76","92","0.5076923076923077","65","92","0.4423076923076923","78","92","0.45774647887323944","71","92","0.55","70","92","0.6311475409836066","61","92","0.4567901234567901","81","92","0.5266666666666666","75","92","0.4473684210526316","76","92","0.42857142857142855","63","92","0.5","73","92","0.541095890410959","73","92","0.4864864864864865","74","92","0.44805194805194803","77","92","0.5285714285714286","70","92","0.4759036144578313","83","92","0.5056179775280899","89","92","0.5384615384615384","78","92","0.4621212121212121","66","92","0.5","74","92","0.5512820512820513","78","92","0.5548780487804879","82","92","0.5151515151515151","66","92","0.4647887323943662","71","92","0.47468354430379744","79","92","0.5285714285714286","70","92","0.506578947368421","76","92","0.4764705882352941","85","92","0.5135135135135135","74","92","0.5821917808219178","73","92","0.47368421052631576","76","92","0.5144230769230769","104","92","0.5666666666666667","105","92","0.5555555555555556","72","92","0.551948051948052","77","92","0.5581395348837209","86","92","0.53125","80","92","0.5123456790123457","81","92","0.5531914893617021","94","92","0.5370370370370371","81","92","0.4807692307692308","78","92","0.5747126436781609","87","92","0.5174418604651163","86","92","0.55625","80","92","0.5172413793103449","87","92","0.5064102564102564","78","92","0.5120481927710844","83","92","0.5229885057471264","87","92","0.42207792207792205","77","92","0.4861111111111111","72","92","0.4482758620689655","87","92","0.524390243902439","82","92","0.5486111111111112","72"
,"93","0.4864864864864865","74","93","0.5212765957446809","94","93","0.45394736842105265","76","93","0.44","75","93","0.4357142857142857","70","93","0.5657894736842105","76","93","0.47183098591549294","71","93","0.506578947368421","76","93","0.5","63","93","0.44666666666666666","75","93","0.45774647887323944","71","93","0.5434782608695652","69","93","0.635593220338983","59","93","0.45180722891566266","83","93","0.5266666666666666","75","93","0.44666666666666666","75","93","0.42857142857142855","63","93","0.5069444444444444","72","93","0.541095890410959","73","93","0.4864864864864865","74","93","0.4407894736842105","76","93","0.5285714285714286","70","93","0.47560975609756095","82","93","0.5111111111111111","90","93","0.538961038961039","77","93","0.4552238805970149","67","93","0.5066666666666667","75","93","0.5506329113924051","79","93","0.5432098765432098","81","93","0.5151515151515151","66","93","0.4647887323943662","71","93","0.47468354430379744","79","93","0.5211267605633803","71","93","0.5066666666666667","75","93","0.4764705882352941","85","93","0.5135135135135135","74","93","0.5763888888888888","72","93","0.48026315789473684","76","93","0.5095238095238095","105","93","0.5707547169811321","106","93","0.5555555555555556","72","93","0.5466666666666666","75","93","0.5581395348837209","86","93","0.53125","80","93","0.50625","80","93","0.5578947368421052","95","93","0.5365853658536586","82","93","0.4807692307692308","78","93","0.5747126436781609","87","93","0.5174418604651163","86","93","0.5506329113924051","79","93","0.5227272727272727","88","93","0.5","80","93","0.5060240963855421","83","93","0.5229885057471264","87","93","0.42207792207792205","77","93","0.4788732394366197","71","93","0.4411764705882353","85","93","0.524390243902439","82","93","0.5486111111111112","72"
,"94","0.4797297297297297","74","94","0.5268817204301075","93","94","0.44805194805194803","77","94","0.4473684210526316","76","94","0.4357142857142857","70","94","0.5657894736842105","76","94","0.4714285714285714","70","94","0.506578947368421","76","94","0.5","64","94","0.44666666666666666","75","94","0.45774647887323944","71","94","0.5434782608695652","69","94","0.635593220338983","59","94","0.4573170731707317","82","94","0.5333333333333333","75","94","0.4473684210526316","76","94","0.42857142857142855","63","94","0.5069444444444444","72","94","0.541095890410959","73","94","0.48","75","94","0.4407894736842105","76","94","0.5367647058823529","68","94","0.4691358024691358","81","94","0.5056179775280899","89","94","0.538961038961039","77","94","0.45454545454545453","66","94","0.5","73","94","0.5512820512820513","78","94","0.5432098765432098","81","94","0.5303030303030303","66","94","0.4647887323943662","71","94","0.4551282051282051","78","94","0.5289855072463768","69","94","0.5066666666666667","75","94","0.4764705882352941","85","94","0.5135135135135135","74","94","0.5704225352112676","71","94","0.4807692307692308","78","94","0.5095238095238095","105","94","0.5721153846153846","104","94","0.547945205479452","73","94","0.5533333333333333","75","94","0.5581395348837209","86","94","0.53125","80","94","0.50625","80","94","0.5578947368421052","95","94","0.5240963855421686","83","94","0.48","75","94","0.5747126436781609","87","94","0.5117647058823529","85","94","0.5448717948717948","78","94","0.5166666666666667","90","94","0.5","80","94","0.49390243902439024","82","94","0.5287356321839081","87","94","0.42207792207792205","77","94","0.4788732394366197","71","94","0.4418604651162791","86","94","0.525","80","94","0.541095890410959","73"
,"95","0.4797297297297297","74","95","0.526595744680851","94","95","0.4533333333333333","75","95","0.4473684210526316","76","95","0.4357142857142857","70","95","0.5657894736842105","76","95","0.4714285714285714","70","95","0.506578947368421","76","95","0.5","64","95","0.4391891891891892","74","95","0.4652777777777778","72","95","0.5434782608695652","69","95","0.6379310344827587","58","95","0.4642857142857143","84","95","0.5347222222222222","72","95","0.45454545454545453","77","95","0.4274193548387097","62","95","0.5144927536231884","69","95","0.5347222222222222","72","95","0.48","75","95","0.44805194805194803","77","95","0.5220588235294118","68","95","0.4691358024691358","81","95","0.5056179775280899","89","95","0.5266666666666666","75","95","0.45454545454545453","66","95","0.5","73","95","0.5584415584415584","77","95","0.5443037974683544","79","95","0.5298507462686567","67","95","0.4714285714285714","70","95","0.461038961038961","77","95","0.5140845070422535","71","95","0.5068493150684932","73","95","0.4764705882352941","85","95","0.5066666666666667","75","95","0.5704225352112676","71","95","0.4868421052631579","76","95","0.5094339622641509","106","95","0.5776699029126213","103","95","0.547945205479452","73","95","0.5472972972972973","74","95","0.5581395348837209","86","95","0.5379746835443038","79","95","0.50625","80","95","0.5578947368421052","95","95","0.5421686746987951","83","95","0.47333333333333333","75","95","0.5747126436781609","87","95","0.5117647058823529","85","95","0.5448717948717948","78","95","0.5170454545454546","88","95","0.50625","80","95","0.5","81","95","0.5229885057471264","87","95","0.42207792207792205","77","95","0.4788732394366197","71","95","0.4470588235294118","85","95","0.5253164556962026","79","95","0.541095890410959","73"
,"96","0.4797297297297297","74","96","0.5372340425531915","94","96","0.4533333333333333","75","96","0.45454545454545453","77","96","0.4295774647887324","71","96","0.56","75","96","0.4714285714285714","70","96","0.5064935064935064","77","96","0.49193548387096775","62","96","0.4452054794520548","73","96","0.4652777777777778","72","96","0.5434782608695652","69","96","0.6379310344827587","58","96","0.463855421686747","83","96","0.5347222222222222","72","96","0.44155844155844154","77","96","0.4274193548387097","62","96","0.5144927536231884","69","96","0.5347222222222222","72","96","0.48","75","96","0.44805194805194803","77","96","0.5220588235294118","68","96","0.4691358024691358","81","96","0.5","91","96","0.5202702702702703","74","96","0.45454545454545453","66","96","0.5","72","96","0.5512820512820513","78","96","0.5443037974683544","79","96","0.5367647058823529","68","96","0.4714285714285714","70","96","0.474025974025974","77","96","0.5294117647058824","68","96","0.5068493150684932","73","96","0.4764705882352941","85","96","0.5136986301369864","73","96","0.5704225352112676","71","96","0.4868421052631579","76","96","0.5094339622641509","106","96","0.5735294117647058","102","96","0.5492957746478874","71","96","0.5472972972972973","74","96","0.5517241379310345","87","96","0.53125","80","96","0.50625","80","96","0.5578947368421052","95","96","0.5365853658536586","82","96","0.48","75","96","0.5738636363636364","88","96","0.5116279069767442","86","96","0.5506329113924051","79","96","0.5170454545454546","88","96","0.51875","80","96","0.5","81","96","0.5168539325842697","89","96","0.42207792207792205","77","96","0.4788732394366197","71","96","0.45348837209302323","86","96","0.5246913580246914","81","96","0.5347222222222222","72"
,"97","0.4866666666666667","75","97","0.532258064516129","93","97","0.4533333333333333","75","97","0.45454545454545453","77","97","0.4295774647887324","71","97","0.551948051948052","77","97","0.4714285714285714","70","97","0.5064935064935064","77","97","0.4918032786885246","61","97","0.4513888888888889","72","97","0.47183098591549294","71","97","0.5357142857142857","70","97","0.6379310344827587","58","97","0.4573170731707317","82","97","0.5342465753424658","73","97","0.44155844155844154","77","97","0.4274193548387097","62","97","0.5144927536231884","69","97","0.5352112676056338","71","97","0.47297297297297297","74","97","0.44805194805194803","77","97","0.5289855072463768","69","97","0.4691358024691358","81","97","0.5055555555555555","90","97","0.52","75","97","0.4461538461538462","65","97","0.5","72","97","0.5584415584415584","77","97","0.5384615384615384","78","97","0.5367647058823529","68","97","0.47101449275362317","69","97","0.45394736842105265","76","97","0.5294117647058824","68","97","0.5068493150684932","73","97","0.47023809523809523","84","97","0.5136986301369864","73","97","0.5694444444444444","72","97","0.4935064935064935","77","97","0.5142857142857142","105","97","0.5673076923076923","104","97","0.5486111111111112","72","97","0.5533333333333333","75","97","0.5523255813953488","86","97","0.53125","80","97","0.5061728395061729","81","97","0.5578947368421052","95","97","0.5426829268292683","82","97","0.48026315789473684","76","97","0.5764705882352941","85","97","0.5178571428571429","84","97","0.5448717948717948","78","97","0.5057471264367817","87","97","0.51875","80","97","0.5063291139240507","79","97","0.5227272727272727","88","97","0.4166666666666667","78","97","0.4859154929577465","71","97","0.45294117647058824","85","97","0.5304878048780488","82","97","0.5347222222222222","72"
,"98","0.4797297297297297","74","98","0.532608695652174","92","98","0.4533333333333333","75","98","0.45454545454545453","77","98","0.4295774647887324","71","98","0.551948051948052","77","98","0.47101449275362317","69","98","0.5","76","98","0.4915254237288136","59","98","0.4513888888888889","72","98","0.47183098591549294","71","98","0.5352112676056338","71","98","0.6379310344827587","58","98","0.4573170731707317","82","98","0.5347222222222222","72","98","0.44871794871794873","78","98","0.42857142857142855","63","98","0.5147058823529411","68","98","0.5352112676056338","71","98","0.47333333333333333","75","98","0.4473684210526316","76","98","0.5289855072463768","69","98","0.4691358024691358","81","98","0.4885057471264368","87","98","0.5202702702702703","74","98","0.4461538461538462","65","98","0.5","72","98","0.5584415584415584","77","98","0.5384615384615384","78","98","0.5362318840579711","69","98","0.47101449275362317","69","98","0.4527027027027027","74","98","0.5298507462686567","67","98","0.5070422535211268","71","98","0.47560975609756095","82","98","0.5136986301369864","73","98","0.5704225352112676","71","98","0.4868421052631579","76","98","0.5097087378640777","103","98","0.5817307692307693","104","98","0.5472972972972973","74","98","0.5533333333333333","75","98","0.5529411764705883","85","98","0.5308641975308642","81","98","0.5","81","98","0.5572916666666666","96","98","0.5375","80","98","0.48","75","98","0.5783132530120482","83","98","0.5121951219512195","82","98","0.5584415584415584","77","98","0.5057471264367817","87","98","0.51875","80","98","0.5063291139240507","79","98","0.5227272727272727","88","98","0.4166666666666667","78","98","0.4927536231884058","69","98","0.45294117647058824","85","98","0.5308641975308642","81","98","0.5347222222222222","72"
,"99","0.4794520547945205","73","99","0.5372340425531915","94","99","0.4513888888888889","72","99","0.4473684210526316","76","99","0.4295774647887324","71","99","0.5576923076923077","78","99","0.47101449275362317","69","99","0.5","75","99","0.5","58","99","0.4513888888888889","72","99","0.47183098591549294","71","99","0.5352112676056338","71","99","0.631578947368421","57","99","0.4573170731707317","82","99","0.5357142857142857","70","99","0.4533333333333333","75","99","0.4344262295081967","61","99","0.5147058823529411","68","99","0.5352112676056338","71","99","0.4797297297297297","74","99","0.44805194805194803","77","99","0.5289855072463768","69","99","0.4691358024691358","81","99","0.4885057471264368","87","99","0.5133333333333333","75","99","0.43846153846153846","65","99","0.5","72","99","0.5714285714285714","77","99","0.538961038961039","77","99","0.5285714285714286","70","99","0.47101449275362317","69","99","0.4527027027027027","74","99","0.5303030303030303","66","99","0.5069444444444444","72","99","0.47560975609756095","82","99","0.5136986301369864","73","99","0.5714285714285714","70","99","0.4868421052631579","76","99","0.5098039215686274","102","99","0.5801886792452831","106","99","0.5492957746478874","71","99","0.5540540540540541","74","99","0.5465116279069767","86","99","0.53125","80","99","0.50625","80","99","0.5585106382978723","94","99","0.5375","80","99","0.48","75","99","0.572289156626506","83","99","0.5174418604651163","86","99","0.5526315789473685","76","99","0.4880952380952381","84","99","0.5182926829268293","82","99","0.5063291139240507","79","99","0.5280898876404494","89","99","0.42207792207792205","77","99","0.49264705882352944","68","99","0.4583333333333333","84","99","0.5370370370370371","81","99","0.5347222222222222","72"
,"100","0.4794520547945205","73","100","0.521978021978022","91","100","0.4513888888888889","72","100","0.4473684210526316","76","100","0.4225352112676056","71","100","0.5576923076923077","78","100","0.4714285714285714","70","100","0.5","75","100","0.5","58","100","0.4492753623188406","69","100","0.4722222222222222","72","100","0.5357142857142857","70","100","0.631578947368421","57","100","0.4573170731707317","82","100","0.5367647058823529","68","100","0.4533333333333333","75","100","0.43548387096774194","62","100","0.5147058823529411","68","100","0.5347222222222222","72","100","0.4794520547945205","73","100","0.44805194805194803","77","100","0.5289855072463768","69","100","0.4691358024691358","81","100","0.4885057471264368","87","100","0.52","75","100","0.4453125","64","100","0.4931506849315068","73","100","0.5632911392405063","79","100","0.5333333333333333","75","100","0.528169014084507","71","100","0.47101449275362317","69","100","0.4527027027027027","74","100","0.5230769230769231","65","100","0.5069444444444444","72","100","0.47530864197530864","81","100","0.5067567567567568","74","100","0.5714285714285714","70","100","0.4868421052631579","76","100","0.5099009900990099","101","100","0.5801886792452831","106","100","0.55","70","100","0.547945205479452","73","100","0.5406976744186046","86","100","0.5379746835443038","79","100","0.50625","80","100","0.5585106382978723","94","100","0.5308641975308642","81","100","0.48","75","100","0.573170731707317","82","100","0.5114942528735632","87","100","0.5576923076923077","78","100","0.5","84","100","0.5125","80","100","0.5064102564102564","78","100","0.5227272727272727","88","100","0.42857142857142855","77","100","0.49264705882352944","68","100","0.45180722891566266","83","100","0.5365853658536586","82","100","0.5405405405405406","74"
,"101","0.4794520547945205","73","101","0.5222222222222223","90","101","0.4513888888888889","72","101","0.4533333333333333","75","101","0.427536231884058","69","101","0.5512820512820513","78","101","0.47183098591549294","71","101","0.5","76","101","0.5178571428571429","56","101","0.4492753623188406","69","101","0.4722222222222222","72","101","0.5357142857142857","70","101","0.631578947368421","57","101","0.4573170731707317","82","101","0.5367647058823529","68","101","0.45394736842105265","76","101","0.4365079365079365","63","101","0.5074626865671642","67","101","0.5347222222222222","72","101","0.4794520547945205","73","101","0.44805194805194803","77","101","0.5298507462686567","67","101","0.475","80","101","0.4885057471264368","87","101","0.5131578947368421","76","101","0.4461538461538462","65","101","0.5","72","101","0.5705128205128205","78","101","0.5337837837837838","74","101","0.5352112676056338","71","101","0.47183098591549294","71","101","0.4520547945205479","73","101","0.5230769230769231","65","101","0.5069444444444444","72","101","0.46296296296296297","81","101","0.5136986301369864","73","101","0.5694444444444444","72","101","0.4868421052631579","76","101","0.5098039215686274","102","101","0.5801886792452831","106","101","0.5434782608695652","69","101","0.5472972972972973","74","101","0.5402298850574713","87","101","0.5379746835443038","79","101","0.50625","80","101","0.5597826086956522","92","101","0.5375","80","101","0.48","75","101","0.5740740740740741","81","101","0.5229885057471264","87","101","0.5584415584415584","77","101","0.5","85","101","0.5126582278481012","79","101","0.5064102564102564","78","101","0.5232558139534884","86","101","0.42105263157894735","76","101","0.5075757575757576","66","101","0.4506172839506173","81","101","0.5365853658536586","82","101","0.527027027027027","74"
,"102","0.4791666666666667","72","102","0.5164835164835165","91","102","0.4583333333333333","72","102","0.4452054794520548","73","102","0.427536231884058","69","102","0.5512820512820513","78","102","0.4714285714285714","70","102","0.5","73","102","0.5178571428571429","56","102","0.45588235294117646","68","102","0.4722222222222222","72","102","0.5357142857142857","70","102","0.631578947368421","57","102","0.4634146341463415","82","102","0.5367647058823529","68","102","0.46","75","102","0.4296875","64","102","0.5074626865671642","67","102","0.5347222222222222","72","102","0.4794520547945205","73","102","0.44805194805194803","77","102","0.5303030303030303","66","102","0.475","80","102","0.48823529411764705","85","102","0.5131578947368421","76","102","0.4461538461538462","65","102","0.5","73","102","0.5641025641025641","78","102","0.5333333333333333","75","102","0.5357142857142857","70","102","0.4791666666666667","72","102","0.4520547945205479","73","102","0.5234375","64","102","0.5069444444444444","72","102","0.47560975609756095","82","102","0.5138888888888888","72","102","0.5694444444444444","72","102","0.487012987012987","77","102","0.51","100","102","0.5801886792452831","106","102","0.5434782608695652","69","102","0.5466666666666666","75","102","0.5402298850574713","87","102","0.5454545454545454","77","102","0.50625","80","102","0.5645161290322581","93","102","0.5432098765432098","81","102","0.47297297297297297","74","102","0.573170731707317","82","102","0.5174418604651163","86","102","0.5632911392405063","79","102","0.5","85","102","0.5126582278481012","79","102","0.50625","80","102","0.5232558139534884","86","102","0.42105263157894735","76","102","0.5076923076923077","65","102","0.4451219512195122","82","102","0.525","80","102","0.527027027027027","74"
,"103","0.4788732394366197","71","103","0.5274725274725275","91","103","0.4583333333333333","72","103","0.4452054794520548","73","103","0.43283582089552236","67","103","0.5512820512820513","78","103","0.4782608695652174","69","103","0.5","73","103","0.5178571428571429","56","103","0.45588235294117646","68","103","0.4647887323943662","71","103","0.5362318840579711","69","103","0.6293103448275862","58","103","0.46296296296296297","81","103","0.5367647058823529","68","103","0.4452054794520548","73","103","0.42857142857142855","63","103","0.5074626865671642","67","103","0.5347222222222222","72","103","0.4794520547945205","73","103","0.4423076923076923","78","103","0.5303030303030303","66","103","0.475","80","103","0.4883720930232558","86","103","0.5194805194805194","77","103","0.4461538461538462","65","103","0.5067567567567568","74","103","0.5584415584415584","77","103","0.5333333333333333","75","103","0.5357142857142857","70","103","0.47183098591549294","71","103","0.44594594594594594","74","103","0.5238095238095238","63","103","0.5140845070422535","71","103","0.46875","80","103","0.5070422535211268","71","103","0.5694444444444444","72","103","0.4868421052631579","76","103","0.5","98","103","0.5754716981132075","106","103","0.5434782608695652","69","103","0.5472972972972973","74","103","0.5402298850574713","87","103","0.5454545454545454","77","103","0.50625","80","103","0.5645161290322581","93","103","0.5448717948717948","78","103","0.4657534246575342","73","103","0.5783132530120482","83","103","0.5174418604651163","86","103","0.56875","80","103","0.5058139534883721","86","103","0.5192307692307693","78","103","0.5126582278481012","79","103","0.5232558139534884","86","103","0.42207792207792205","77","103","0.5076923076923077","65","103","0.45121951219512196","82","103","0.5256410256410257","78","103","0.5342465753424658","73"
,"104","0.4788732394366197","71","104","0.5277777777777778","90","104","0.4583333333333333","72","104","0.4452054794520548","73","104","0.43283582089552236","67","104","0.5448717948717948","78","104","0.47794117647058826","68","104","0.5","73","104","0.5178571428571429","56","104","0.44776119402985076","67","104","0.4647887323943662","71","104","0.5362318840579711","69","104","0.631578947368421","57","104","0.46296296296296297","81","104","0.5298507462686567","67","104","0.4375","72","104","0.42857142857142855","63","104","0.5","68","104","0.5347222222222222","72","104","0.4794520547945205","73","104","0.4423076923076923","78","104","0.5303030303030303","66","104","0.475","80","104","0.49411764705882355","85","104","0.5263157894736842","76","104","0.4453125","64","104","0.5","73","104","0.5584415584415584","77","104","0.5328947368421053","76","104","0.5217391304347826","69","104","0.47183098591549294","71","104","0.4520547945205479","73","104","0.5238095238095238","63","104","0.5071428571428571","70","104","0.46875","80","104","0.5070422535211268","71","104","0.5694444444444444","72","104","0.4868421052631579","76","104","0.505","100","104","0.5754716981132075","106","104","0.5441176470588235","68","104","0.5472972972972973","74","104","0.5402298850574713","87","104","0.5454545454545454","77","104","0.50625","80","104","0.5638297872340425","94","104","0.5379746835443038","79","104","0.47297297297297297","74","104","0.5714285714285714","84","104","0.5174418604651163","86","104","0.56875","80","104","0.5059523809523809","84","104","0.5194805194805194","77","104","0.5064102564102564","78","104","0.5232558139534884","86","104","0.42","75","104","0.5","64","104","0.4506172839506173","81","104","0.5394736842105263","76","104","0.5342465753424658","73"
,"105","0.4788732394366197","71","105","0.5337078651685393","89","105","0.4583333333333333","72","105","0.44594594594594594","74","105","0.43283582089552236","67","105","0.5443037974683544","79","105","0.47794117647058826","68","105","0.5","73","105","0.5181818181818182","55","105","0.4411764705882353","68","105","0.4647887323943662","71","105","0.5362318840579711","69","105","0.631578947368421","57","105","0.46875","80","105","0.5298507462686567","67","105","0.4375","72","105","0.42857142857142855","63","105","0.5075757575757576","66","105","0.5357142857142857","70","105","0.4797297297297297","74","105","0.44155844155844154","77","105","0.5307692307692308","65","105","0.46835443037974683","79","105","0.49411764705882355","85","105","0.525974025974026","77","105","0.4453125","64","105","0.5070422535211268","71","105","0.5657894736842105","76","105","0.54","75","105","0.5073529411764706","68","105","0.4714285714285714","70","105","0.4520547945205479","73","105","0.5238095238095238","63","105","0.5071428571428571","70","105","0.47530864197530864","81","105","0.5069444444444444","72","105","0.5785714285714286","70","105","0.48","75","105","0.505","100","105","0.580952380952381","105","105","0.5441176470588235","68","105","0.547945205479452","73","105","0.5348837209302325","86","105","0.5454545454545454","77","105","0.50625","80","105","0.5591397849462365","93","105","0.5379746835443038","79","105","0.47297297297297297","74","105","0.5662650602409639","83","105","0.5174418604651163","86","105","0.5679012345679012","81","105","0.5059523809523809","84","105","0.5256410256410257","78","105","0.5","79","105","0.5352941176470588","85","105","0.4276315789473684","76","105","0.5","64","105","0.45121951219512196","82","105","0.5394736842105263","76","105","0.5342465753424658","73"
,"106","0.4714285714285714","70","106","0.5337078651685393","89","106","0.4507042253521127","71","106","0.4452054794520548","73","106","0.4264705882352941","68","106","0.5443037974683544","79","106","0.47761194029850745","67","106","0.5069444444444444","72","106","0.5178571428571429","56","106","0.4411764705882353","68","106","0.4647887323943662","71","106","0.5362318840579711","69","106","0.6379310344827587","58","106","0.46835443037974683","79","106","0.5298507462686567","67","106","0.427536231884058","69","106","0.42857142857142855","63","106","0.5078125","64","106","0.5357142857142857","70","106","0.4797297297297297","74","106","0.44155844155844154","77","106","0.5238095238095238","63","106","0.46835443037974683","79","106","0.5","86","106","0.5263157894736842","76","106","0.4262295081967213","61","106","0.5","70","106","0.5657894736842105","76","106","0.5405405405405406","74","106","0.5","69","106","0.4782608695652174","69","106","0.4520547945205479","73","106","0.5307692307692308","65","106","0.5140845070422535","71","106","0.4695121951219512","82","106","0.5068493150684932","73","106","0.5785714285714286","70","106","0.4864864864864865","74","106","0.5","99","106","0.5728155339805825","103","106","0.5441176470588235","68","106","0.5472972972972973","74","106","0.5352941176470588","85","106","0.5454545454545454","77","106","0.50625","80","106","0.5591397849462365","93","106","0.5316455696202531","79","106","0.47297297297297297","74","106","0.5662650602409639","83","106","0.5057471264367817","87","106","0.5679012345679012","81","106","0.5059523809523809","84","106","0.5194805194805194","77","106","0.5","79","106","0.5352941176470588","85","106","0.42105263157894735","76","106","0.5","64","106","0.4457831325301205","83","106","0.5394736842105263","76","106","0.5416666666666666","72"
,"107","0.4726027397260274","73","107","0.521978021978022","91","107","0.45","70","107","0.44594594594594594","74","107","0.4264705882352941","68","107","0.54375","80","107","0.4696969696969697","66","107","0.5069444444444444","72","107","0.5181818181818182","55","107","0.43478260869565216","69","107","0.4722222222222222","72","107","0.5294117647058824","68","107","0.6403508771929824","57","107","0.4625","80","107","0.5367647058823529","68","107","0.427536231884058","69","107","0.4274193548387097","62","107","0.5078125","64","107","0.5362318840579711","69","107","0.4794520547945205","73","107","0.4423076923076923","78","107","0.5238095238095238","63","107","0.4691358024691358","81","107","0.49411764705882355","85","107","0.5266666666666666","75","107","0.425","60","107","0.5","70","107","0.5540540540540541","74","107","0.5405405405405406","74","107","0.5","68","107","0.4782608695652174","69","107","0.4520547945205479","73","107","0.5230769230769231","65","107","0.5140845070422535","71","107","0.4695121951219512","82","107","0.5069444444444444","72","107","0.5882352941176471","68","107","0.4864864864864865","74","107","0.5","99","107","0.5686274509803921","102","107","0.5441176470588235","68","107","0.5416666666666666","72","107","0.5352941176470588","85","107","0.5316455696202531","79","107","0.50625","80","107","0.5591397849462365","93","107","0.5384615384615384","78","107","0.47333333333333333","75","107","0.5662650602409639","83","107","0.5117647058823529","85","107","0.5679012345679012","81","107","0.5","83","107","0.5131578947368421","76","107","0.5","79","107","0.5352941176470588","85","107","0.4189189189189189","74","107","0.5","64","107","0.45180722891566266","83","107","0.5394736842105263","76","107","0.5416666666666666","72"
,"108","0.4726027397260274","73","108","0.5166666666666667","90","108","0.45","70","108","0.4452054794520548","73","108","0.4264705882352941","68","108","0.53125","80","108","0.47692307692307695","65","108","0.5069444444444444","72","108","0.5181818181818182","55","108","0.43478260869565216","69","108","0.4722222222222222","72","108","0.5294117647058824","68","108","0.6403508771929824","57","108","0.475","80","108","0.5289855072463768","69","108","0.42857142857142855","70","108","0.4274193548387097","62","108","0.5078125","64","108","0.5416666666666666","72","108","0.4791666666666667","72","108","0.44155844155844154","77","108","0.5238095238095238","63","108","0.46835443037974683","79","108","0.49411764705882355","85","108","0.5266666666666666","75","108","0.425","60","108","0.5","69","108","0.547945205479452","73","108","0.54","75","108","0.5","68","108","0.4714285714285714","70","108","0.4527027027027027","74","108","0.5234375","64","108","0.5","71","108","0.46987951807228917","83","108","0.5069444444444444","72","108","0.5882352941176471","68","108","0.4864864864864865","74","108","0.5","99","108","0.5686274509803921","102","108","0.5441176470588235","68","108","0.5416666666666666","72","108","0.5294117647058824","85","108","0.5379746835443038","79","108","0.50625","80","108","0.5652173913043478","92","108","0.5324675324675324","77","108","0.48","75","108","0.5662650602409639","83","108","0.5174418604651163","86","108","0.5679012345679012","81","108","0.5","83","108","0.5131578947368421","76","108","0.5","79","108","0.5294117647058824","85","108","0.4189189189189189","74","108","0.5076923076923077","65","108","0.45121951219512196","82","108","0.5394736842105263","76","108","0.5405405405405406","74"
,"109","0.4726027397260274","73","109","0.5166666666666667","90","109","0.45","70","109","0.4527027027027027","74","109","0.4264705882352941","68","109","0.5454545454545454","77","109","0.47692307692307695","65","109","0.5069444444444444","72","109","0.5272727272727272","55","109","0.4411764705882353","68","109","0.4722222222222222","72","109","0.5294117647058824","68","109","0.6517857142857143","56","109","0.475","80","109","0.5362318840579711","69","109","0.41911764705882354","68","109","0.4274193548387097","62","109","0.5078125","64","109","0.5422535211267606","71","109","0.4791666666666667","72","109","0.4407894736842105","76","109","0.5234375","64","109","0.46835443037974683","79","109","0.4883720930232558","86","109","0.5202702702702703","74","109","0.4262295081967213","61","109","0.5","69","109","0.547945205479452","73","109","0.5328947368421053","76","109","0.5","68","109","0.4857142857142857","70","109","0.4527027027027027","74","109","0.5158730158730159","63","109","0.5071428571428571","70","109","0.4695121951219512","82","109","0.5138888888888888","72","109","0.5942028985507246","69","109","0.4864864864864865","74","109","0.5052083333333334","96","109","0.5742574257425742","101","109","0.5514705882352942","68","109","0.5486111111111112","72","109","0.5294117647058824","85","109","0.5384615384615384","78","109","0.5125","80","109","0.5659340659340659","91","109","0.5328947368421053","76","109","0.4864864864864865","74","109","0.5670731707317073","82","109","0.5176470588235295","85","109","0.573170731707317","82","109","0.49390243902439024","82","109","0.5131578947368421","76","109","0.50625","80","109","0.5297619047619048","84","109","0.41216216216216217","74","109","0.5076923076923077","65","109","0.4444444444444444","81","109","0.5394736842105263","76","109","0.5466666666666666","75"
,"110","0.4726027397260274","73","110","0.5166666666666667","90","110","0.44366197183098594","71","110","0.4594594594594595","74","110","0.4264705882352941","68","110","0.5454545454545454","77","110","0.4772727272727273","66","110","0.5","71","110","0.5277777777777778","54","110","0.4411764705882353","68","110","0.4722222222222222","72","110","0.5217391304347826","69","110","0.6578947368421053","57","110","0.47468354430379744","79","110","0.5362318840579711","69","110","0.427536231884058","69","110","0.4426229508196721","61","110","0.5078125","64","110","0.5416666666666666","72","110","0.47183098591549294","71","110","0.4407894736842105","76","110","0.5241935483870968","62","110","0.46835443037974683","79","110","0.4883720930232558","86","110","0.52","75","110","0.4262295081967213","61","110","0.5","69","110","0.5486111111111112","72","110","0.54","75","110","0.5","68","110","0.4857142857142857","70","110","0.4527027027027027","74","110","0.5161290322580645","62","110","0.5142857142857142","70","110","0.47560975609756095","82","110","0.5136986301369864","73","110","0.5942028985507246","69","110","0.5","74","110","0.5052083333333334","96","110","0.5742574257425742","101","110","0.5507246376811594","69","110","0.5352112676056338","71","110","0.5294117647058824","85","110","0.5454545454545454","77","110","0.5125","80","110","0.5659340659340659","91","110","0.5328947368421053","76","110","0.4864864864864865","74","110","0.5679012345679012","81","110","0.5232558139534884","86","110","0.573170731707317","82","110","0.49375","80","110","0.512987012987013","77","110","0.5121951219512195","82","110","0.5297619047619048","84","110","0.41216216216216217","74","110","0.5076923076923077","65","110","0.4375","80","110","0.5324675324675324","77","110","0.5405405405405406","74"
,"111","0.4726027397260274","73","111","0.5166666666666667","90","111","0.44366197183098594","71","111","0.4594594594594595","74","111","0.4264705882352941","68","111","0.5394736842105263","76","111","0.47692307692307695","65","111","0.5","70","111","0.5283018867924528","53","111","0.43478260869565216","69","111","0.4722222222222222","72","111","0.5217391304347826","69","111","0.6517857142857143","56","111","0.47435897435897434","78","111","0.5362318840579711","69","111","0.41911764705882354","68","111","0.45","60","111","0.5078125","64","111","0.5422535211267606","71","111","0.4714285714285714","70","111","0.44155844155844154","77","111","0.5241935483870968","62","111","0.46835443037974683","79","111","0.5","86","111","0.5202702702702703","74","111","0.43548387096774194","62","111","0.5074626865671642","67","111","0.5486111111111112","72","111","0.5460526315789473","76","111","0.5","68","111","0.4857142857142857","70","111","0.4589041095890411","73","111","0.5166666666666667","60","111","0.5","72","111","0.4625","80","111","0.5","70","111","0.5942028985507246","69","111","0.5","74","111","0.5105263157894737","95","111","0.5784313725490197","102","111","0.5507246376811594","69","111","0.5357142857142857","70","111","0.5290697674418605","86","111","0.5512820512820513","78","111","0.5063291139240507","79","111","0.5659340659340659","91","111","0.5337837837837838","74","111","0.4791666666666667","72","111","0.5632911392405063","79","111","0.5235294117647059","85","111","0.573170731707317","82","111","0.49375","80","111","0.5066666666666667","75","111","0.50625","80","111","0.5301204819277109","83","111","0.42","75","111","0.5076923076923077","65","111","0.43209876543209874","81","111","0.5394736842105263","76","111","0.5405405405405406","74"
,"112","0.4726027397260274","73","112","0.5166666666666667","90","112","0.4444444444444444","72","112","0.4652777777777778","72","112","0.4264705882352941","68","112","0.54","75","112","0.4765625","64","112","0.49295774647887325","71","112","0.5283018867924528","53","112","0.4411764705882353","68","112","0.4726027397260274","73","112","0.5217391304347826","69","112","0.6517857142857143","56","112","0.47435897435897434","78","112","0.5357142857142857","70","112","0.43283582089552236","67","112","0.45","60","112","0.5075757575757576","66","112","0.5422535211267606","71","112","0.4782608695652174","69","112","0.44155844155844154","77","112","0.5245901639344263","61","112","0.4605263157894737","76","112","0.49411764705882355","85","112","0.5136986301369864","73","112","0.43548387096774194","62","112","0.5075757575757576","66","112","0.5492957746478874","71","112","0.5328947368421053","76","112","0.5","68","112","0.4927536231884058","69","112","0.4583333333333333","72","112","0.5166666666666667","60","112","0.5","71","112","0.4567901234567901","81","112","0.5","70","112","0.6","70","112","0.4931506849315068","73","112","0.5106382978723404","94","112","0.5686274509803921","102","112","0.5507246376811594","69","112","0.5294117647058824","68","112","0.5290697674418605","86","112","0.551948051948052","77","112","0.5063291139240507","79","112","0.5659340659340659","91","112","0.5342465753424658","73","112","0.4859154929577465","71","112","0.5632911392405063","79","112","0.5235294117647059","85","112","0.5679012345679012","81","112","0.4936708860759494","79","112","0.5067567567567568","74","112","0.50625","80","112","0.5301204819277109","83","112","0.42","75","112","0.5076923076923077","65","112","0.4375","80","112","0.5337837837837838","74","112","0.5405405405405406","74"
,"113","0.4726027397260274","73","113","0.5227272727272727","88","113","0.44366197183098594","71","113","0.46621621621621623","74","113","0.427536231884058","69","113","0.547945205479452","73","113","0.4765625","64","113","0.49295774647887325","71","113","0.5288461538461539","52","113","0.4318181818181818","66","113","0.4726027397260274","73","113","0.5217391304347826","69","113","0.6517857142857143","56","113","0.47435897435897434","78","113","0.5362318840579711","69","113","0.43283582089552236","67","113","0.4491525423728814","59","113","0.5076923076923077","65","113","0.5422535211267606","71","113","0.4782608695652174","69","113","0.4423076923076923","78","113","0.5245901639344263","61","113","0.46","75","113","0.49404761904761907","84","113","0.5136986301369864","73","113","0.43548387096774194","62","113","0.5075757575757576","66","113","0.5416666666666666","72","113","0.5333333333333333","75","113","0.5","68","113","0.4927536231884058","69","113","0.4583333333333333","72","113","0.5166666666666667","60","113","0.5","71","113","0.4444444444444444","81","113","0.5","69","113","0.5955882352941176","68","113","0.5","72","113","0.5161290322580645","93","113","0.5776699029126213","103","113","0.5507246376811594","69","113","0.5294117647058824","68","113","0.5290697674418605","86","113","0.551948051948052","77","113","0.5063291139240507","79","113","0.5611111111111111","90","113","0.5333333333333333","75","113","0.4863013698630137","73","113","0.5632911392405063","79","113","0.5290697674418605","86","113","0.56875","80","113","0.4936708860759494","79","113","0.5138888888888888","72","113","0.5","81","113","0.5297619047619048","84","113","0.42567567567567566","74","113","0.5078125","64","113","0.4375","80","113","0.5337837837837838","74","113","0.5342465753424658","73"
,"114","0.4726027397260274","73","114","0.5168539325842697","89","114","0.44366197183098594","71","114","0.4652777777777778","72","114","0.43283582089552236","67","114","0.5540540540540541","74","114","0.47619047619047616","63","114","0.5","72","114","0.5392156862745098","51","114","0.4318181818181818","66","114","0.4797297297297297","74","114","0.5147058823529411","68","114","0.6636363636363637","55","114","0.47435897435897434","78","114","0.5428571428571428","70","114","0.4338235294117647","68","114","0.4491525423728814","59","114","0.5","65","114","0.55","70","114","0.4852941176470588","68","114","0.4423076923076923","78","114","0.5245901639344263","61","114","0.4594594594594595","74","114","0.49411764705882355","85","114","0.5067567567567568","74","114","0.43548387096774194","62","114","0.5076923076923077","65","114","0.5416666666666666","72","114","0.5333333333333333","75","114","0.5","67","114","0.5","70","114","0.4647887323943662","71","114","0.5166666666666667","60","114","0.5","71","114","0.45","80","114","0.5","68","114","0.5895522388059702","67","114","0.5","72","114","0.5161290322580645","93","114","0.5693069306930693","101","114","0.5428571428571428","70","114","0.5294117647058824","68","114","0.5290697674418605","86","114","0.5506329113924051","79","114","0.5063291139240507","79","114","0.5617977528089888","89","114","0.5328947368421053","76","114","0.4861111111111111","72","114","0.5632911392405063","79","114","0.5235294117647059","85","114","0.5679012345679012","81","114","0.5","79","114","0.5140845070422535","71","114","0.5061728395061729","81","114","0.5297619047619048","84","114","0.42567567567567566","74","114","0.5078125","64","114","0.4375","80","114","0.5337837837837838","74","114","0.5342465753424658","73"
,"115","0.4726027397260274","73","115","0.5229885057471264","87","115","0.44366197183098594","71","115","0.4642857142857143","70","115","0.43283582089552236","67","115","0.5472972972972973","74","115","0.484375","64","115","0.5","72","115","0.5392156862745098","51","115","0.4253731343283582","67","115","0.46621621621621623","74","115","0.5147058823529411","68","115","0.6636363636363637","55","115","0.47435897435897434","78","115","0.5367647058823529","68","115","0.4338235294117647","68","115","0.45","60","115","0.5","64","115","0.5563380281690141","71","115","0.4927536231884058","69","115","0.4423076923076923","78","115","0.5084745762711864","59","115","0.4473684210526316","76","115","0.49404761904761907","84","115","0.5067567567567568","74","115","0.43548387096774194","62","115","0.5076923076923077","65","115","0.5416666666666666","72","115","0.5328947368421053","76","115","0.5","67","115","0.5","68","115","0.4647887323943662","71","115","0.5081967213114754","61","115","0.5","71","115","0.4567901234567901","81","115","0.5","68","115","0.5909090909090909","66","115","0.5068493150684932","73","115","0.5159574468085106","94","115","0.5757575757575758","99","115","0.5362318840579711","69","115","0.528169014084507","71","115","0.5290697674418605","86","115","0.5584415584415584","77","115","0.50625","80","115","0.5666666666666667","90","115","0.5263157894736842","76","115","0.4861111111111111","72","115","0.5609756097560976","82","115","0.5178571428571429","84","115","0.5679012345679012","81","115","0.5","79","115","0.5140845070422535","71","115","0.5061728395061729","81","115","0.5352941176470588","85","115","0.42567567567567566","74","115","0.5078125","64","115","0.4375","80","115","0.5337837837837838","74","115","0.5347222222222222","72"
,"116","0.46621621621621623","74","116","0.5232558139534884","86","116","0.44366197183098594","71","116","0.4642857142857143","70","116","0.43283582089552236","67","116","0.5405405405405406","74","116","0.48412698412698413","63","116","0.5","72","116","0.5392156862745098","51","116","0.42424242424242425","66","116","0.4657534246575342","73","116","0.5217391304347826","69","116","0.6636363636363637","55","116","0.47435897435897434","78","116","0.5367647058823529","68","116","0.4338235294117647","68","116","0.4491525423728814","59","116","0.4838709677419355","62","116","0.55","70","116","0.5","69","116","0.4423076923076923","78","116","0.5084745762711864","59","116","0.4533333333333333","75","116","0.49390243902439024","82","116","0.52","75","116","0.4344262295081967","61","116","0.5076923076923077","65","116","0.5422535211267606","71","116","0.5263157894736842","76","116","0.5","67","116","0.5075757575757576","66","116","0.4647887323943662","71","116","0.5163934426229508","61","116","0.5069444444444444","72","116","0.4625","80","116","0.4925373134328358","67","116","0.5909090909090909","66","116","0.5068493150684932","73","116","0.5161290322580645","93","116","0.5757575757575758","99","116","0.5441176470588235","68","116","0.528169014084507","71","116","0.5294117647058824","85","116","0.5584415584415584","77","116","0.5125","80","116","0.5666666666666667","90","116","0.532051282051282","78","116","0.4861111111111111","72","116","0.56875","80","116","0.5178571428571429","84","116","0.5679012345679012","81","116","0.5","79","116","0.5140845070422535","71","116","0.5061728395061729","81","116","0.5352941176470588","85","116","0.43333333333333335","75","116","0.5078125","64","116","0.4375","80","116","0.5337837837837838","74","116","0.5347222222222222","72"
,"117","0.47297297297297297","74","117","0.5294117647058824","85","117","0.44366197183098594","71","117","0.4642857142857143","70","117","0.43283582089552236","67","117","0.5466666666666666","75","117","0.48412698412698413","63","117","0.5138888888888888","72","117","0.53","50","117","0.42424242424242425","66","117","0.4657534246575342","73","117","0.5217391304347826","69","117","0.6636363636363637","55","117","0.47435897435897434","78","117","0.5454545454545454","66","117","0.4338235294117647","68","117","0.4491525423728814","59","117","0.4838709677419355","62","117","0.55","70","117","0.5","69","117","0.4423076923076923","78","117","0.5175438596491229","57","117","0.4527027027027027","74","117","0.5058139534883721","86","117","0.5202702702702703","74","117","0.4344262295081967","61","117","0.5076923076923077","65","117","0.5428571428571428","70","117","0.5333333333333333","75","117","0.5","66","117","0.5153846153846153","65","117","0.4642857142857143","70","117","0.5169491525423728","59","117","0.5068493150684932","73","117","0.4675324675324675","77","117","0.49264705882352944","68","117","0.5923076923076923","65","117","0.5068493150684932","73","117","0.5161290322580645","93","117","0.5757575757575758","99","117","0.5441176470588235","68","117","0.528169014084507","71","117","0.5178571428571429","84","117","0.5714285714285714","77","117","0.5189873417721519","79","117","0.5722222222222222","90","117","0.532051282051282","78","117","0.4861111111111111","72","117","0.56875","80","117","0.5240963855421686","83","117","0.5679012345679012","81","117","0.4936708860759494","79","117","0.5205479452054794","73","117","0.5061728395061729","81","117","0.5357142857142857","84","117","0.43333333333333335","75","117","0.5153846153846153","65","117","0.43209876543209874","81","117","0.5337837837837838","74","117","0.5416666666666666","72"
,"118","0.47297297297297297","74","118","0.5294117647058824","85","118","0.4444444444444444","72","118","0.4642857142857143","70","118","0.4393939393939394","66","118","0.56","75","118","0.4838709677419355","62","118","0.5070422535211268","71","118","0.53","50","118","0.43283582089552236","67","118","0.46621621621621623","74","118","0.5217391304347826","69","118","0.6636363636363637","55","118","0.48026315789473684","76","118","0.5454545454545454","66","118","0.4318181818181818","66","118","0.4491525423728814","59","118","0.4838709677419355","62","118","0.5563380281690141","71","118","0.5","69","118","0.44155844155844154","77","118","0.5175438596491229","57","118","0.4527027027027027","74","118","0.49404761904761907","84","118","0.52","75","118","0.4344262295081967","61","118","0.5076923076923077","65","118","0.5352112676056338","71","118","0.5333333333333333","75","118","0.5","66","118","0.515625","64","118","0.4642857142857143","70","118","0.5169491525423728","59","118","0.5068493150684932","73","118","0.4675324675324675","77","118","0.49242424242424243","66","118","0.5923076923076923","65","118","0.5068493150684932","73","118","0.5268817204301075","93","118","0.575","100","118","0.5454545454545454","66","118","0.528169014084507","71","118","0.5180722891566265","83","118","0.5657894736842105","76","118","0.5189873417721519","79","118","0.5674157303370787","89","118","0.5197368421052632","76","118","0.4794520547945205","73","118","0.5569620253164557","79","118","0.5178571428571429","84","118","0.5670731707317073","82","118","0.5","78","118","0.5138888888888888","72","118","0.5063291139240507","79","118","0.5357142857142857","84","118","0.4266666666666667","75","118","0.5076923076923077","65","118","0.43902439024390244","82","118","0.5342465753424658","73","118","0.5352112676056338","71"
,"119","0.4791666666666667","72","119","0.5348837209302325","86","119","0.4444444444444444","72","119","0.4647887323943662","71","119","0.4393939393939394","66","119","0.5608108108108109","74","119","0.47619047619047616","63","119","0.5069444444444444","72","119","0.54","50","119","0.42424242424242425","66","119","0.46621621621621623","74","119","0.5217391304347826","69","119","0.6636363636363637","55","119","0.48026315789473684","76","119","0.5454545454545454","66","119","0.4296875","64","119","0.4396551724137931","58","119","0.48333333333333334","60","119","0.55","70","119","0.5071428571428571","70","119","0.44871794871794873","78","119","0.5175438596491229","57","119","0.4589041095890411","73","119","0.49411764705882355","85","119","0.5202702702702703","74","119","0.4344262295081967","61","119","0.5","63","119","0.5434782608695652","69","119","0.5333333333333333","75","119","0.5076923076923077","65","119","0.515625","64","119","0.4642857142857143","70","119","0.5086206896551724","58","119","0.5","71","119","0.4675324675324675","77","119","0.48507462686567165","67","119","0.5923076923076923","65","119","0.5138888888888888","72","119","0.5271739130434783","92","119","0.58","100","119","0.5454545454545454","66","119","0.5285714285714286","70","119","0.5180722891566265","83","119","0.5657894736842105","76","119","0.5189873417721519","79","119","0.5666666666666667","90","119","0.5194805194805194","77","119","0.4652777777777778","72","119","0.5584415584415584","77","119","0.5180722891566265","83","119","0.5679012345679012","81","119","0.5","78","119","0.5140845070422535","71","119","0.5063291139240507","79","119","0.5357142857142857","84","119","0.4246575342465753","73","119","0.5078125","64","119","0.43902439024390244","82","119","0.5273972602739726","73","119","0.5352112676056338","71"
,"120","0.4791666666666667","72","120","0.5352941176470588","85","120","0.4647887323943662","71","120","0.47101449275362317","69","120","0.4393939393939394","66","120","0.56","75","120","0.47580645161290325","62","120","0.5070422535211268","71","120","0.5408163265306123","49","120","0.4166666666666667","66","120","0.4594594594594595","74","120","0.5220588235294118","68","120","0.6636363636363637","55","120","0.48026315789473684","76","120","0.546875","64","120","0.42063492063492064","63","120","0.4482758620689655","58","120","0.4838709677419355","62","120","0.5588235294117647","68","120","0.5071428571428571","70","120","0.4430379746835443","79","120","0.5175438596491229","57","120","0.4589041095890411","73","120","0.4942528735632184","87","120","0.5202702702702703","74","120","0.4344262295081967","61","120","0.5","63","120","0.5434782608695652","69","120","0.5333333333333333","75","120","0.515625","64","120","0.5153846153846153","65","120","0.463768115942029","69","120","0.5086206896551724","58","120","0.5","71","120","0.4675324675324675","77","120","0.48484848484848486","66","120","0.5859375","64","120","0.5","74","120","0.532608695652174","92","120","0.58","100","120","0.5447761194029851","67","120","0.5285714285714286","70","120","0.5182926829268293","82","120","0.5641025641025641","78","120","0.5189873417721519","79","120","0.5611111111111111","90","120","0.527027027027027","74","120","0.47183098591549294","71","120","0.5584415584415584","77","120","0.5246913580246914","81","120","0.5679012345679012","81","120","0.5128205128205128","78","120","0.5140845070422535","71","120","0.5063291139240507","79","120","0.5357142857142857","84","120","0.4246575342465753","73","120","0.5","62","120","0.43902439024390244","82","120","0.5202702702702703","74","120","0.5362318840579711","69"
,"121","0.4863013698630137","73","121","0.5352941176470588","85","121","0.4583333333333333","72","121","0.4632352941176471","68","121","0.4393939393939394","66","121","0.56","75","121","0.4838709677419355","62","121","0.5138888888888888","72","121","0.5408163265306123","49","121","0.4153846153846154","65","121","0.4594594594594595","74","121","0.5223880597014925","67","121","0.6636363636363637","55","121","0.48026315789473684","76","121","0.5538461538461539","65","121","0.4230769230769231","65","121","0.4482758620689655","58","121","0.48360655737704916","61","121","0.5671641791044776","67","121","0.5071428571428571","70","121","0.44871794871794873","78","121","0.5178571428571429","56","121","0.4589041095890411","73","121","0.4942528735632184","87","121","0.52","75","121","0.43333333333333335","60","121","0.49193548387096775","62","121","0.5447761194029851","67","121","0.5337837837837838","74","121","0.515625","64","121","0.5158730158730159","63","121","0.463768115942029","69","121","0.5089285714285714","56","121","0.5","72","121","0.4620253164556962","79","121","0.484375","64","121","0.5737704918032787","61","121","0.5069444444444444","72","121","0.5210526315789473","95","121","0.5808080808080808","99","121","0.5447761194029851","67","121","0.5285714285714286","70","121","0.5180722891566265","83","121","0.5641025641025641","78","121","0.5253164556962026","79","121","0.5483870967741935","93","121","0.527027027027027","74","121","0.4785714285714286","70","121","0.5584415584415584","77","121","0.525","80","121","0.5670731707317073","82","121","0.5197368421052632","76","121","0.5140845070422535","71","121","0.50625","80","121","0.5352941176470588","85","121","0.4246575342465753","73","121","0.5","62","121","0.4375","80","121","0.5273972602739726","73","121","0.5362318840579711","69"
,"122","0.4930555555555556","72","122","0.5352941176470588","85","122","0.4589041095890411","73","122","0.45714285714285713","70","122","0.4393939393939394","66","122","0.56","75","122","0.4838709677419355","62","122","0.5138888888888888","72","122","0.5408163265306123","49","122","0.4153846153846154","65","122","0.4594594594594595","74","122","0.5151515151515151","66","122","0.6636363636363637","55","122","0.474025974025974","77","122","0.5546875","64","122","0.4296875","64","122","0.4482758620689655","58","122","0.47580645161290325","62","122","0.5671641791044776","67","122","0.5072463768115942","69","122","0.44805194805194803","77","122","0.5178571428571429","56","122","0.4652777777777778","72","122","0.4942528735632184","87","122","0.5205479452054794","73","122","0.4322033898305085","59","122","0.5","61","122","0.5447761194029851","67","122","0.5342465753424658","73","122","0.515625","64","122","0.5241935483870968","62","122","0.4642857142857143","70","122","0.5089285714285714","56","122","0.5","72","122","0.4551282051282051","78","122","0.4772727272727273","66","122","0.5645161290322581","62","122","0.5070422535211268","71","122","0.5268817204301075","93","122","0.5808080808080808","99","122","0.5514705882352942","68","122","0.5285714285714286","70","122","0.5185185185185185","81","122","0.564935064935065","77","122","0.5192307692307693","78","122","0.5489130434782609","92","122","0.52","75","122","0.4782608695652174","69","122","0.5666666666666667","75","122","0.525","80","122","0.5662650602409639","83","122","0.5197368421052632","76","122","0.5070422535211268","71","122","0.5126582278481012","79","122","0.5352941176470588","85","122","0.4246575342465753","73","122","0.5","62","122","0.4375","80","122","0.5277777777777778","72","122","0.5367647058823529","68"
,"123","0.49295774647887325","71","123","0.5297619047619048","84","123","0.4589041095890411","73","123","0.45714285714285713","70","123","0.4393939393939394","66","123","0.56","75","123","0.48360655737704916","61","123","0.5068493150684932","73","123","0.5408163265306123","49","123","0.4090909090909091","66","123","0.46621621621621623","74","123","0.5223880597014925","67","123","0.6636363636363637","55","123","0.474025974025974","77","123","0.5546875","64","123","0.4365079365079365","63","123","0.4482758620689655","58","123","0.48360655737704916","61","123","0.5522388059701493","67","123","0.5072463768115942","69","123","0.4551282051282051","78","123","0.5178571428571429","56","123","0.4642857142857143","70","123","0.5","87","123","0.5136986301369864","73","123","0.4396551724137931","58","123","0.5","59","123","0.5447761194029851","67","123","0.5337837837837838","74","123","0.5241935483870968","62","123","0.5241935483870968","62","123","0.47183098591549294","71","123","0.5087719298245614","57","123","0.4931506849315068","73","123","0.45","80","123","0.47692307692307695","65","123","0.5645161290322581","62","123","0.5070422535211268","71","123","0.5268817204301075","93","123","0.58","100","123","0.5454545454545454","66","123","0.5373134328358209","67","123","0.5185185185185185","81","123","0.5657894736842105","76","123","0.5192307692307693","78","123","0.554945054945055","91","123","0.52","75","123","0.4782608695652174","69","123","0.5608108108108109","74","123","0.5253164556962026","79","123","0.5679012345679012","81","123","0.5202702702702703","74","123","0.5208333333333334","72","123","0.51875","80","123","0.5348837209302325","86","123","0.4246575342465753","73","123","0.5","61","123","0.44375","80","123","0.5277777777777778","72","123","0.5367647058823529","68"
,"124","0.49295774647887325","71","124","0.5301204819277109","83","124","0.4589041095890411","73","124","0.45714285714285713","70","124","0.4393939393939394","66","124","0.56","75","124","0.4830508474576271","59","124","0.5068493150684932","73","124","0.53","50","124","0.4090909090909091","66","124","0.4726027397260274","73","124","0.5223880597014925","67","124","0.6666666666666666","54","124","0.46621621621621623","74","124","0.5546875","64","124","0.4365079365079365","63","124","0.4482758620689655","58","124","0.48360655737704916","61","124","0.5514705882352942","68","124","0.5072463768115942","69","124","0.44805194805194803","77","124","0.5178571428571429","56","124","0.45652173913043476","69","124","0.4942528735632184","87","124","0.5135135135135135","74","124","0.4396551724137931","58","124","0.5","60","124","0.5447761194029851","67","124","0.5342465753424658","73","124","0.5245901639344263","61","124","0.5241935483870968","62","124","0.4642857142857143","70","124","0.5087719298245614","57","124","0.4930555555555556","72","124","0.45569620253164556","79","124","0.47692307692307695","65","124","0.5645161290322581","62","124","0.5070422535211268","71","124","0.5274725274725275","91","124","0.5776699029126213","103","124","0.5454545454545454","66","124","0.5378787878787878","66","124","0.5123456790123457","81","124","0.5657894736842105","76","124","0.5192307692307693","78","124","0.55","90","124","0.52","75","124","0.47794117647058826","68","124","0.5608108108108109","74","124","0.5253164556962026","79","124","0.5670731707317073","82","124","0.5202702702702703","74","124","0.5273972602739726","73","124","0.51875","80","124","0.5459770114942529","87","124","0.4166666666666667","72","124","0.5","62","124","0.44375","80","124","0.5214285714285715","70","124","0.5367647058823529","68"
,"125","0.5","70","125","0.5301204819277109","83","125","0.4589041095890411","73","125","0.45714285714285713","70","125","0.4393939393939394","66","125","0.56","75","125","0.4827586206896552","58","125","0.5068493150684932","73","125","0.5319148936170213","47","125","0.4090909090909091","66","125","0.4726027397260274","73","125","0.5223880597014925","67","125","0.6666666666666666","54","125","0.47333333333333333","75","125","0.5573770491803278","61","125","0.4365079365079365","63","125","0.46551724137931033","58","125","0.48360655737704916","61","125","0.5507246376811594","69","125","0.5","70","125","0.4407894736842105","76","125","0.5181818181818182","55","125","0.4420289855072464","69","125","0.49411764705882355","85","125","0.5067567567567568","74","125","0.44642857142857145","56","125","0.5","58","125","0.5447761194029851","67","125","0.5337837837837838","74","125","0.5245901639344263","61","125","0.5245901639344263","61","125","0.463768115942029","69","125","0.5086206896551724","58","125","0.5","73","125","0.45569620253164556","79","125","0.47692307692307695","65","125","0.5725806451612904","62","125","0.5070422535211268","71","125","0.5333333333333333","90","125","0.5776699029126213","103","125","0.5454545454545454","66","125","0.5378787878787878","66","125","0.5123456790123457","81","125","0.5657894736842105","76","125","0.5256410256410257","78","125","0.5444444444444444","90","125","0.5135135135135135","74","125","0.47761194029850745","67","125","0.5547945205479452","73","125","0.525","80","125","0.5670731707317073","82","125","0.52","75","125","0.5273972602739726","73","125","0.51875","80","125","0.5465116279069767","86","125","0.4166666666666667","72","125","0.5","62","125","0.44375","80","125","0.5214285714285715","70","125","0.5434782608695652","69"
,"126","0.5","70","126","0.5301204819277109","83","126","0.4594594594594595","74","126","0.45","70","126","0.4307692307692308","65","126","0.56","75","126","0.4827586206896552","58","126","0.5138888888888888","72","126","0.5319148936170213","47","126","0.4090909090909091","66","126","0.4726027397260274","73","126","0.5223880597014925","67","126","0.660377358490566","53","126","0.47333333333333333","75","126","0.5583333333333333","60","126","0.4435483870967742","62","126","0.4649122807017544","57","126","0.48360655737704916","61","126","0.5514705882352942","68","126","0.5","71","126","0.4407894736842105","76","126","0.5185185185185185","54","126","0.4393939393939394","66","126","0.49404761904761907","84","126","0.5068493150684932","73","126","0.44545454545454544","55","126","0.5","58","126","0.5447761194029851","67","126","0.5342465753424658","73","126","0.5245901639344263","61","126","0.5245901639344263","61","126","0.463768115942029","69","126","0.5087719298245614","57","126","0.5","75","126","0.45625","80","126","0.47692307692307695","65","126","0.5737704918032787","61","126","0.5070422535211268","71","126","0.5388888888888889","90","126","0.5776699029126213","103","126","0.5454545454545454","66","126","0.5384615384615384","65","126","0.5121951219512195","82","126","0.5641025641025641","78","126","0.5256410256410257","78","126","0.5439560439560439","91","126","0.5131578947368421","76","126","0.47761194029850745","67","126","0.5486111111111112","72","126","0.525","80","126","0.5740740740740741","81","126","0.5135135135135135","74","126","0.5342465753424658","73","126","0.5253164556962026","79","126","0.5411764705882353","85","126","0.4097222222222222","72","126","0.5","62","126","0.4430379746835443","79","126","0.5144927536231884","69","126","0.5434782608695652","69"
,"127","0.5","71","127","0.5301204819277109","83","127","0.4589041095890411","73","127","0.45","70","127","0.4307692307692308","65","127","0.56","75","127","0.4827586206896552","58","127","0.5135135135135135","74","127","0.5319148936170213","47","127","0.4090909090909091","66","127","0.4726027397260274","73","127","0.5223880597014925","67","127","0.660377358490566","53","127","0.4797297297297297","74","127","0.559322033898305","59","127","0.4435483870967742","62","127","0.4732142857142857","56","127","0.49166666666666664","60","127","0.5514705882352942","68","127","0.5","71","127","0.4342105263157895","76","127","0.5185185185185185","54","127","0.4393939393939394","66","127","0.4883720930232558","86","127","0.5067567567567568","74","127","0.4537037037037037","54","127","0.5","58","127","0.5447761194029851","67","127","0.5342465753424658","73","127","0.525","60","127","0.5245901639344263","61","127","0.45714285714285713","70","127","0.509090909090909","55","127","0.5","76","127","0.45569620253164556","79","127","0.4765625","64","127","0.5737704918032787","61","127","0.5142857142857142","70","127","0.5388888888888889","90","127","0.5693069306930693","101","127","0.5522388059701493","67","127","0.5317460317460317","63","127","0.5185185185185185","81","127","0.5592105263157895","76","127","0.5194805194805194","77","127","0.5439560439560439","91","127","0.5069444444444444","72","127","0.47761194029850745","67","127","0.5555555555555556","72","127","0.5189873417721519","79","127","0.5740740740740741","81","127","0.5135135135135135","74","127","0.5208333333333334","72","127","0.525","80","127","0.5542168674698795","83","127","0.4027777777777778","72","127","0.5","62","127","0.4430379746835443","79","127","0.5144927536231884","69","127","0.5378787878787878","66"
,"128","0.5","71","128","0.5304878048780488","82","128","0.4589041095890411","73","128","0.44366197183098594","71","128","0.4435483870967742","62","128","0.5592105263157895","76","128","0.49122807017543857","57","128","0.5135135135135135","74","128","0.5444444444444444","45","128","0.4090909090909091","66","128","0.47297297297297297","74","128","0.5227272727272727","66","128","0.6634615384615384","52","128","0.4797297297297297","74","128","0.5603448275862069","58","128","0.4435483870967742","62","128","0.4732142857142857","56","128","0.49166666666666664","60","128","0.5441176470588235","68","128","0.5069444444444444","72","128","0.44","75","128","0.5185185185185185","54","128","0.4393939393939394","66","128","0.4941860465116279","86","128","0.5068493150684932","73","128","0.4537037037037037","54","128","0.5083333333333333","60","128","0.5447761194029851","67","128","0.5347222222222222","72","128","0.525","60","128","0.5245901639344263","61","128","0.45","70","128","0.5185185185185185","54","128","0.5","76","128","0.45569620253164556","79","128","0.4765625","64","128","0.5737704918032787","61","128","0.5144927536231884","69","128","0.5397727272727273","88","128","0.5663265306122449","98","128","0.5522388059701493","67","128","0.5317460317460317","63","128","0.5182926829268293","82","128","0.5608108108108109","74","128","0.5192307692307693","78","128","0.5388888888888889","90","128","0.5069444444444444","72","128","0.47761194029850745","67","128","0.5492957746478874","71","128","0.5189873417721519","79","128","0.5670731707317073","82","128","0.5205479452054794","73","128","0.5208333333333334","72","128","0.532051282051282","78","128","0.5535714285714286","84","128","0.4142857142857143","70","128","0.5","61","128","0.4430379746835443","79","128","0.5144927536231884","69","128","0.5307692307692308","65"
,"129","0.5","71","129","0.5301204819277109","83","129","0.4589041095890411","73","129","0.45774647887323944","71","129","0.4435483870967742","62","129","0.551948051948052","77","129","0.49122807017543857","57","129","0.5135135135135135","74","129","0.5444444444444444","45","129","0.4090909090909091","66","129","0.4652777777777778","72","129","0.5227272727272727","66","129","0.6634615384615384","52","129","0.4794520547945205","73","129","0.5614035087719298","57","129","0.4435483870967742","62","129","0.4818181818181818","55","129","0.5","59","129","0.5441176470588235","68","129","0.5069444444444444","72","129","0.4391891891891892","74","129","0.5185185185185185","54","129","0.43846153846153846","65","129","0.4942528735632184","87","129","0.5068493150684932","73","129","0.4537037037037037","54","129","0.5084745762711864","59","129","0.5441176470588235","68","129","0.5347222222222222","72","129","0.525","60","129","0.5245901639344263","61","129","0.45","70","129","0.5185185185185185","54","129","0.5","76","129","0.45569620253164556","79","129","0.4765625","64","129","0.5737704918032787","61","129","0.5144927536231884","69","129","0.5397727272727273","88","129","0.5714285714285714","98","129","0.5588235294117647","68","129","0.5317460317460317","63","129","0.5185185185185185","81","129","0.5608108108108109","74","129","0.5189873417721519","79","129","0.5388888888888889","90","129","0.5069444444444444","72","129","0.47761194029850745","67","129","0.5507246376811594","69","129","0.5189873417721519","79","129","0.5714285714285714","84","129","0.5205479452054794","73","129","0.5208333333333334","72","129","0.532051282051282","78","129","0.5609756097560976","82","129","0.4084507042253521","71","129","0.5","61","129","0.4375","80","129","0.5144927536231884","69","129","0.5307692307692308","65"
,"130","0.5071428571428571","70","130","0.5304878048780488","82","130","0.4589041095890411","73","130","0.4642857142857143","70","130","0.4444444444444444","63","130","0.5592105263157895","76","130","0.49122807017543857","57","130","0.5205479452054794","73","130","0.5454545454545454","44","130","0.4090909090909091","66","130","0.4722222222222222","72","130","0.5223880597014925","67","130","0.6666666666666666","51","130","0.4794520547945205","73","130","0.5625","56","130","0.4435483870967742","62","130","0.47368421052631576","57","130","0.5","59","130","0.5441176470588235","68","130","0.5136986301369864","73","130","0.4452054794520548","73","130","0.5185185185185185","54","130","0.43846153846153846","65","130","0.4942528735632184","87","130","0.5","73","130","0.4537037037037037","54","130","0.5084745762711864","59","130","0.553030303030303","66","130","0.5416666666666666","72","130","0.5258620689655172","58","130","0.5245901639344263","61","130","0.45","70","130","0.5188679245283019","53","130","0.4934210526315789","76","130","0.44805194805194803","77","130","0.47692307692307695","65","130","0.575","60","130","0.5144927536231884","69","130","0.5397727272727273","88","130","0.5677083333333334","96","130","0.5588235294117647","68","130","0.5327868852459017","61","130","0.5180722891566265","83","130","0.5547945205479452","73","130","0.5125","80","130","0.5439560439560439","91","130","0.5068493150684932","73","130","0.47761194029850745","67","130","0.5507246376811594","69","130","0.5189873417721519","79","130","0.5662650602409639","83","130","0.5202702702702703","74","130","0.5208333333333334","72","130","0.532051282051282","78","130","0.5595238095238095","84","130","0.4084507042253521","71","130","0.5","61","130","0.4375","80","130","0.5144927536231884","69","130","0.5307692307692308","65"
,"131","0.5071428571428571","70","131","0.5506329113924051","79","131","0.4513888888888889","72","131","0.47058823529411764","68","131","0.4435483870967742","62","131","0.56","75","131","0.48214285714285715","56","131","0.5205479452054794","73","131","0.5454545454545454","44","131","0.40298507462686567","67","131","0.4722222222222222","72","131","0.5227272727272727","66","131","0.6666666666666666","51","131","0.4794520547945205","73","131","0.5625","56","131","0.4435483870967742","62","131","0.4807692307692308","52","131","0.5","59","131","0.5441176470588235","68","131","0.5136986301369864","73","131","0.4452054794520548","73","131","0.5185185185185185","54","131","0.43846153846153846","65","131","0.49411764705882355","85","131","0.5067567567567568","74","131","0.4537037037037037","54","131","0.5084745762711864","59","131","0.5461538461538461","65","131","0.5352112676056338","71","131","0.5258620689655172","58","131","0.5245901639344263","61","131","0.44366197183098594","71","131","0.5188679245283019","53","131","0.5","77","131","0.44805194805194803","77","131","0.47619047619047616","63","131","0.5833333333333334","60","131","0.5144927536231884","69","131","0.5344827586206896","87","131","0.5677083333333334","96","131","0.5588235294117647","68","131","0.5241935483870968","62","131","0.5180722891566265","83","131","0.5547945205479452","73","131","0.5125","80","131","0.5489130434782609","92","131","0.5068493150684932","73","131","0.4626865671641791","67","131","0.5507246376811594","69","131","0.512987012987013","77","131","0.5662650602409639","83","131","0.5205479452054794","73","131","0.5277777777777778","72","131","0.532051282051282","78","131","0.5602409638554217","83","131","0.40714285714285714","70","131","0.5","61","131","0.44375","80","131","0.5144927536231884","69","131","0.5403225806451613","62"
,"132","0.5071428571428571","70","132","0.5460526315789473","76","132","0.4375","72","132","0.463768115942029","69","132","0.4426229508196721","61","132","0.56","75","132","0.4818181818181818","55","132","0.5202702702702703","74","132","0.5348837209302325","43","132","0.3939393939393939","66","132","0.4722222222222222","72","132","0.5227272727272727","66","132","0.6666666666666666","51","132","0.4861111111111111","72","132","0.5625","56","132","0.4426229508196721","61","132","0.4807692307692308","52","132","0.5","59","132","0.5441176470588235","68","132","0.5138888888888888","72","132","0.4513888888888889","72","132","0.5185185185185185","54","132","0.4453125","64","132","0.49404761904761907","84","132","0.5066666666666667","75","132","0.4537037037037037","54","132","0.5084745762711864","59","132","0.5461538461538461","65","132","0.5352112676056338","71","132","0.5263157894736842","57","132","0.5245901639344263","61","132","0.4444444444444444","72","132","0.5185185185185185","54","132","0.5","75","132","0.45394736842105265","76","132","0.47619047619047616","63","132","0.5901639344262295","61","132","0.5073529411764706","68","132","0.5344827586206896","87","132","0.5677083333333334","96","132","0.5571428571428572","70","132","0.5327868852459017","61","132","0.5180722891566265","83","132","0.5492957746478874","71","132","0.5125","80","132","0.5489130434782609","92","132","0.5070422535211268","71","132","0.4696969696969697","66","132","0.5507246376811594","69","132","0.5126582278481012","79","132","0.5662650602409639","83","132","0.5205479452054794","73","132","0.5211267605633803","71","132","0.532051282051282","78","132","0.5609756097560976","82","132","0.39705882352941174","68","132","0.5","61","132","0.4375","80","132","0.5147058823529411","68","132","0.5403225806451613","62"
,"133","0.5071428571428571","70","133","0.5460526315789473","76","133","0.43333333333333335","75","133","0.47058823529411764","68","133","0.4426229508196721","61","133","0.56","75","133","0.48148148148148145","54","133","0.5202702702702703","74","133","0.5348837209302325","43","133","0.3939393939393939","66","133","0.46621621621621623","74","133","0.5230769230769231","65","133","0.6634615384615384","52","133","0.4859154929577465","71","133","0.5636363636363636","55","133","0.4426229508196721","61","133","0.4807692307692308","52","133","0.5","59","133","0.5441176470588235","68","133","0.5138888888888888","72","133","0.4513888888888889","72","133","0.5185185185185185","54","133","0.4453125","64","133","0.5","83","133","0.5066666666666667","75","133","0.4537037037037037","54","133","0.5","60","133","0.5476190476190477","63","133","0.5357142857142857","70","133","0.5263157894736842","57","133","0.5166666666666667","60","133","0.4444444444444444","72","133","0.5185185185185185","54","133","0.5","75","133","0.44805194805194803","77","133","0.47619047619047616","63","133","0.5916666666666667","60","133","0.5073529411764706","68","133","0.5344827586206896","87","133","0.5677083333333334","96","133","0.5588235294117647","68","133","0.5327868852459017","61","133","0.5119047619047619","84","133","0.55","70","133","0.5125","80","133","0.553763440860215","93","133","0.5070422535211268","71","133","0.4696969696969697","66","133","0.5507246376811594","69","133","0.5125","80","133","0.5662650602409639","83","133","0.5205479452054794","73","133","0.5211267605633803","71","133","0.5316455696202531","79","133","0.5609756097560976","82","133","0.39705882352941174","68","133","0.49166666666666664","60","133","0.44375","80","133","0.5147058823529411","68","133","0.5564516129032258","62"
,"134","0.5072463768115942","69","134","0.5460526315789473","76","134","0.43333333333333335","75","134","0.47761194029850745","67","134","0.4576271186440678","59","134","0.5666666666666667","75","134","0.48148148148148145","54","134","0.5202702702702703","74","134","0.5348837209302325","43","134","0.3880597014925373","67","134","0.4657534246575342","73","134","0.5230769230769231","65","134","0.6666666666666666","51","134","0.4859154929577465","71","134","0.5566037735849056","53","134","0.4426229508196721","61","134","0.47115384615384615","52","134","0.5","59","134","0.5441176470588235","68","134","0.5067567567567568","74","134","0.4513888888888889","72","134","0.5185185185185185","54","134","0.4453125","64","134","0.5","83","134","0.5","76","134","0.44545454545454544","55","134","0.4918032786885246","61","134","0.5476190476190477","63","134","0.5357142857142857","70","134","0.5263157894736842","57","134","0.5166666666666667","60","134","0.4520547945205479","73","134","0.5185185185185185","54","134","0.5","75","134","0.45394736842105265","76","134","0.47619047619047616","63","134","0.5916666666666667","60","134","0.5149253731343284","67","134","0.5344827586206896","87","134","0.5721649484536082","97","134","0.5588235294117647","68","134","0.5327868852459017","61","134","0.5180722891566265","83","134","0.5434782608695652","69","134","0.5121951219512195","82","134","0.5439560439560439","91","134","0.5070422535211268","71","134","0.4696969696969697","66","134","0.55","70","134","0.5123456790123457","81","134","0.5662650602409639","83","134","0.5205479452054794","73","134","0.5211267605633803","71","134","0.5316455696202531","79","134","0.5670731707317073","82","134","0.39705882352941174","68","134","0.4830508474576271","59","134","0.44375","80","134","0.5147058823529411","68","134","0.5564516129032258","62"
,"135","0.5072463768115942","69","135","0.5472972972972973","74","135","0.43333333333333335","75","135","0.48484848484848486","66","135","0.45","60","135","0.5608108108108109","74","135","0.48148148148148145","54","135","0.5208333333333334","72","135","0.5348837209302325","43","135","0.4","65","135","0.4657534246575342","73","135","0.5230769230769231","65","135","0.6666666666666666","51","135","0.4859154929577465","71","135","0.5566037735849056","53","135","0.43333333333333335","60","135","0.47058823529411764","51","135","0.5083333333333333","60","135","0.5447761194029851","67","135","0.5067567567567568","74","135","0.4513888888888889","72","135","0.5185185185185185","54","135","0.4523809523809524","63","135","0.5","83","135","0.5136986301369864","73","135","0.44545454545454544","55","135","0.5","60","135","0.5476190476190477","63","135","0.5362318840579711","69","135","0.5172413793103449","58","135","0.5166666666666667","60","135","0.4583333333333333","72","135","0.5185185185185185","54","135","0.5066666666666667","75","135","0.45394736842105265","76","135","0.47619047619047616","63","135","0.6016949152542372","59","135","0.5153846153846153","65","135","0.5402298850574713","87","135","0.5677083333333334","96","135","0.5588235294117647","68","135","0.5327868852459017","61","135","0.5180722891566265","83","135","0.5507246376811594","69","135","0.5120481927710844","83","135","0.5439560439560439","91","135","0.5070422535211268","71","135","0.4696969696969697","66","135","0.5492957746478874","71","135","0.51875","80","135","0.5654761904761905","84","135","0.5205479452054794","73","135","0.5208333333333334","72","135","0.53125","80","135","0.5617283950617284","81","135","0.39855072463768115","69","135","0.49137931034482757","58","135","0.44375","80","135","0.5147058823529411","68","135","0.5564516129032258","62"
,"136","0.5072463768115942","69","136","0.5460526315789473","76","136","0.43333333333333335","75","136","0.47761194029850745","67","136","0.45","60","136","0.5547945205479452","73","136","0.48148148148148145","54","136","0.5208333333333334","72","136","0.5340909090909091","44","136","0.4","65","136","0.4657534246575342","73","136","0.5230769230769231","65","136","0.6666666666666666","51","136","0.4859154929577465","71","136","0.5566037735849056","53","136","0.425","60","136","0.47058823529411764","51","136","0.5083333333333333","60","136","0.5615384615384615","65","136","0.5133333333333333","75","136","0.4520547945205479","73","136","0.5272727272727272","55","136","0.4603174603174603","63","136","0.5","84","136","0.5136986301369864","73","136","0.44642857142857145","56","136","0.5","59","136","0.5483870967741935","62","136","0.5362318840579711","69","136","0.5263157894736842","57","136","0.5084745762711864","59","136","0.4583333333333333","72","136","0.5283018867924528","53","136","0.5202702702702703","74","136","0.4620253164556962","79","136","0.47619047619047616","63","136","0.6","60","136","0.5153846153846153","65","136","0.5402298850574713","87","136","0.5684210526315789","95","136","0.5522388059701493","67","136","0.5327868852459017","61","136","0.5174418604651163","86","136","0.55","70","136","0.5178571428571429","84","136","0.5444444444444444","90","136","0.5070422535211268","71","136","0.4696969696969697","66","136","0.5492957746478874","71","136","0.5189873417721519","79","136","0.5548780487804879","82","136","0.5205479452054794","73","136","0.5208333333333334","72","136","0.5316455696202531","79","136","0.55625","80","136","0.4057971014492754","69","136","0.49137931034482757","58","136","0.4375","80","136","0.5072463768115942","69","136","0.5573770491803278","61"
,"137","0.5072463768115942","69","137","0.5466666666666666","75","137","0.43243243243243246","74","137","0.48484848484848486","66","137","0.45","60","137","0.5608108108108109","74","137","0.4818181818181818","55","137","0.5211267605633803","71","137","0.5348837209302325","43","137","0.4","65","137","0.4657534246575342","73","137","0.5230769230769231","65","137","0.6666666666666666","51","137","0.4928571428571429","70","137","0.5566037735849056","53","137","0.425","60","137","0.47058823529411764","51","137","0.5166666666666667","60","137","0.5615384615384615","65","137","0.5135135135135135","74","137","0.4520547945205479","73","137","0.5185185185185185","54","137","0.45161290322580644","62","137","0.49390243902439024","82","137","0.5067567567567568","74","137","0.44642857142857145","56","137","0.5","59","137","0.5483870967741935","62","137","0.5362318840579711","69","137","0.5263157894736842","57","137","0.5084745762711864","59","137","0.4589041095890411","73","137","0.5283018867924528","53","137","0.5138888888888888","72","137","0.4625","80","137","0.47619047619047616","63","137","0.5916666666666667","60","137","0.5153846153846153","65","137","0.5348837209302325","86","137","0.5691489361702128","94","137","0.5522388059701493","67","137","0.5327868852459017","61","137","0.5176470588235295","85","137","0.5507246376811594","69","137","0.5120481927710844","83","137","0.5444444444444444","90","137","0.5070422535211268","71","137","0.45588235294117646","68","137","0.5492957746478874","71","137","0.51875","80","137","0.5555555555555556","81","137","0.5205479452054794","73","137","0.5208333333333334","72","137","0.5253164556962026","79","137","0.55625","80","137","0.39705882352941174","68","137","0.49137931034482757","58","137","0.43670886075949367","79","137","0.5072463768115942","69","137","0.5573770491803278","61"
,"138","0.5072463768115942","69","138","0.5328947368421053","76","138","0.43243243243243246","74","138","0.48484848484848486","66","138","0.45","60","138","0.5540540540540541","74","138","0.4811320754716981","53","138","0.5285714285714286","70","138","0.5348837209302325","43","138","0.3984375","64","138","0.4657534246575342","73","138","0.5230769230769231","65","138","0.6836734693877551","49","138","0.5","71","138","0.5566037735849056","53","138","0.425","60","138","0.47058823529411764","51","138","0.5086206896551724","58","138","0.5615384615384615","65","138","0.5068493150684932","73","138","0.46","75","138","0.5192307692307693","52","138","0.4426229508196721","61","138","0.49390243902439024","82","138","0.5136986301369864","73","138","0.44642857142857145","56","138","0.5","60","138","0.5409836065573771","61","138","0.5362318840579711","69","138","0.5344827586206896","58","138","0.5084745762711864","59","138","0.4589041095890411","73","138","0.5288461538461539","52","138","0.5138888888888888","72","138","0.46794871794871795","78","138","0.4765625","64","138","0.5916666666666667","60","138","0.5078125","64","138","0.5406976744186046","86","138","0.5736842105263158","95","138","0.5522388059701493","67","138","0.5327868852459017","61","138","0.5176470588235295","85","138","0.5522388059701493","67","138","0.5178571428571429","84","138","0.5449438202247191","89","138","0.5069444444444444","72","138","0.45588235294117646","68","138","0.5555555555555556","72","138","0.5189873417721519","79","138","0.5487804878048781","82","138","0.5214285714285715","70","138","0.5211267605633803","71","138","0.525","80","138","0.5493827160493827","81","138","0.39705882352941174","68","138","0.49137931034482757","58","138","0.4358974358974359","78","138","0.5071428571428571","70","138","0.5573770491803278","61"
,"139","0.5149253731343284","67","139","0.5472972972972973","74","139","0.4315068493150685","73","139","0.48484848484848486","66","139","0.45","60","139","0.5555555555555556","72","139","0.4811320754716981","53","139","0.528169014084507","71","139","0.5348837209302325","43","139","0.3984375","64","139","0.4657534246575342","73","139","0.5230769230769231","65","139","0.6836734693877551","49","139","0.4855072463768116","69","139","0.5566037735849056","53","139","0.425","60","139","0.47058823529411764","51","139","0.5086206896551724","58","139","0.5615384615384615","65","139","0.5","72","139","0.45394736842105265","76","139","0.5188679245283019","53","139","0.44166666666666665","60","139","0.49390243902439024","82","139","0.5136986301369864","73","139","0.44545454545454544","55","139","0.49137931034482757","58","139","0.5483870967741935","62","139","0.5362318840579711","69","139","0.5344827586206896","58","139","0.5084745762711864","59","139","0.4527027027027027","74","139","0.5196078431372549","51","139","0.5138888888888888","72","139","0.46835443037974683","79","139","0.4765625","64","139","0.5916666666666667","60","139","0.5","62","139","0.5406976744186046","86","139","0.578125","96","139","0.553030303030303","66","139","0.5245901639344263","61","139","0.5176470588235295","85","139","0.5522388059701493","67","139","0.5119047619047619","84","139","0.5449438202247191","89","139","0.5069444444444444","72","139","0.45652173913043476","69","139","0.5563380281690141","71","139","0.5128205128205128","78","139","0.5481927710843374","83","139","0.5214285714285715","70","139","0.5285714285714286","70","139","0.5253164556962026","79","139","0.55","80","139","0.39705882352941174","68","139","0.49137931034482757","58","139","0.4358974358974359","78","139","0.5070422535211268","71","139","0.5573770491803278","61"
,"140","0.5149253731343284","67","140","0.5547945205479452","73","140","0.4315068493150685","73","140","0.484375","64","140","0.45081967213114754","61","140","0.5555555555555556","72","140","0.4807692307692308","52","140","0.528169014084507","71","140","0.5348837209302325","43","140","0.3984375","64","140","0.46621621621621623","74","140","0.5234375","64","140","0.6875","48","140","0.47794117647058826","68","140","0.5566037735849056","53","140","0.425","60","140","0.47058823529411764","51","140","0.5084745762711864","59","140","0.5615384615384615","65","140","0.5","72","140","0.45394736842105265","76","140","0.5188679245283019","53","140","0.4406779661016949","59","140","0.5","84","140","0.5136986301369864","73","140","0.45454545454545453","55","140","0.49137931034482757","58","140","0.5483870967741935","62","140","0.5149253731343284","67","140","0.543859649122807","57","140","0.5169491525423728","59","140","0.4589041095890411","73","140","0.5196078431372549","51","140","0.5142857142857142","70","140","0.4620253164556962","79","140","0.4765625","64","140","0.5916666666666667","60","140","0.5","62","140","0.5406976744186046","86","140","0.5824742268041238","97","140","0.5538461538461539","65","140","0.5254237288135594","59","140","0.5176470588235295","85","140","0.5579710144927537","69","140","0.5180722891566265","83","140","0.5397727272727273","88","140","0.5070422535211268","71","140","0.45652173913043476","69","140","0.5563380281690141","71","140","0.5128205128205128","78","140","0.5426829268292683","82","140","0.5220588235294118","68","140","0.5285714285714286","70","140","0.51875","80","140","0.55","80","140","0.39855072463768115","69","140","0.49122807017543857","57","140","0.43670886075949367","79","140","0.5070422535211268","71","140","0.55","60"
,"141","0.5074626865671642","67","141","0.5547945205479452","73","141","0.4236111111111111","72","141","0.484375","64","141","0.4365079365079365","63","141","0.5492957746478874","71","141","0.47058823529411764","51","141","0.5285714285714286","70","141","0.5238095238095238","42","141","0.3984375","64","141","0.4722222222222222","72","141","0.5234375","64","141","0.6938775510204082","49","141","0.47101449275362317","69","141","0.5648148148148148","54","141","0.4262295081967213","61","141","0.47058823529411764","51","141","0.5","60","141","0.5615384615384615","65","141","0.5069444444444444","72","141","0.45394736842105265","76","141","0.5188679245283019","53","141","0.4406779661016949","59","141","0.5058139534883721","86","141","0.5136986301369864","73","141","0.4528301886792453","53","141","0.49137931034482757","58","141","0.5483870967741935","62","141","0.5151515151515151","66","141","0.5446428571428571","56","141","0.5169491525423728","59","141","0.4594594594594595","74","141","0.5288461538461539","52","141","0.5294117647058824","68","141","0.4625","80","141","0.4765625","64","141","0.5916666666666667","60","141","0.5","63","141","0.5402298850574713","87","141","0.5824742268041238","97","141","0.5538461538461539","65","141","0.5254237288135594","59","141","0.5176470588235295","85","141","0.5588235294117647","68","141","0.5180722891566265","83","141","0.5284090909090909","88","141","0.5069444444444444","72","141","0.45652173913043476","69","141","0.5555555555555556","72","141","0.512987012987013","77","141","0.5421686746987951","83","141","0.5294117647058824","68","141","0.5285714285714286","70","141","0.51875","80","141","0.55625","80","141","0.39705882352941174","68","141","0.49122807017543857","57","141","0.43506493506493504","77","141","0.5071428571428571","70","141","0.5517241379310345","58"
,"142","0.5151515151515151","66","142","0.5486111111111112","72","142","0.4305555555555556","72","142","0.46774193548387094","62","142","0.4583333333333333","60","142","0.5579710144927537","69","142","0.48","50","142","0.5285714285714286","70","142","0.5238095238095238","42","142","0.3984375","64","142","0.4726027397260274","73","142","0.5378787878787878","66","142","0.6808510638297872","47","142","0.47101449275362317","69","142","0.5648148148148148","54","142","0.4262295081967213","61","142","0.48","50","142","0.5","60","142","0.5615384615384615","65","142","0.5","73","142","0.45394736842105265","76","142","0.5188679245283019","53","142","0.44166666666666665","60","142","0.5","85","142","0.5135135135135135","74","142","0.45098039215686275","51","142","0.49137931034482757","58","142","0.5409836065573771","61","142","0.5151515151515151","66","142","0.5446428571428571","56","142","0.5172413793103449","58","142","0.4589041095890411","73","142","0.5294117647058824","51","142","0.5294117647058824","68","142","0.45569620253164556","79","142","0.47692307692307695","65","142","0.5847457627118644","59","142","0.5","62","142","0.5411764705882353","85","142","0.5979381443298969","97","142","0.546875","64","142","0.5254237288135594","59","142","0.5176470588235295","85","142","0.5588235294117647","68","142","0.5238095238095238","84","142","0.5397727272727273","88","142","0.5070422535211268","71","142","0.45652173913043476","69","142","0.5555555555555556","72","142","0.5064935064935064","77","142","0.5432098765432098","81","142","0.5294117647058824","68","142","0.5285714285714286","70","142","0.5126582278481012","79","142","0.5506329113924051","79","142","0.39705882352941174","68","142","0.49107142857142855","56","142","0.4358974358974359","78","142","0.5071428571428571","70","142","0.5517241379310345","58"
,"143","0.5074626865671642","67","143","0.5486111111111112","72","143","0.4315068493150685","73","143","0.47540983606557374","61","143","0.4583333333333333","60","143","0.5588235294117647","68","143","0.46938775510204084","49","143","0.5357142857142857","70","143","0.5238095238095238","42","143","0.3984375","64","143","0.46621621621621623","74","143","0.5307692307692308","65","143","0.6739130434782609","46","143","0.47058823529411764","68","143","0.5648148148148148","54","143","0.43333333333333335","60","143","0.47959183673469385","49","143","0.5","60","143","0.5615384615384615","65","143","0.5070422535211268","71","143","0.45454545454545453","77","143","0.5288461538461539","52","143","0.44166666666666665","60","143","0.5","86","143","0.5135135135135135","74","143","0.45098039215686275","51","143","0.5","57","143","0.5338983050847458","59","143","0.515625","64","143","0.5446428571428571","56","143","0.5175438596491229","57","143","0.4589041095890411","73","143","0.5294117647058824","51","143","0.5298507462686567","67","143","0.45569620253164556","79","143","0.47692307692307695","65","143","0.5847457627118644","59","143","0.5","62","143","0.5406976744186046","86","143","0.5989583333333334","96","143","0.546875","64","143","0.5258620689655172","58","143","0.5176470588235295","85","143","0.5588235294117647","68","143","0.5238095238095238","84","143","0.5397727272727273","88","143","0.5069444444444444","72","143","0.4492753623188406","69","143","0.5555555555555556","72","143","0.52","75","143","0.5432098765432098","81","143","0.5227272727272727","66","143","0.5285714285714286","70","143","0.5126582278481012","79","143","0.5506329113924051","79","143","0.39855072463768115","69","143","0.48148148148148145","54","143","0.44155844155844154","77","143","0.5071428571428571","70","143","0.5689655172413793","58"
,"144","0.5149253731343284","67","144","0.5492957746478874","71","144","0.4246575342465753","73","144","0.47540983606557374","61","144","0.4583333333333333","60","144","0.5735294117647058","68","144","0.46","50","144","0.5357142857142857","70","144","0.5121951219512195","41","144","0.3984375","64","144","0.46621621621621623","74","144","0.5307692307692308","65","144","0.6739130434782609","46","144","0.47101449275362317","69","144","0.5648148148148148","54","144","0.43333333333333335","60","144","0.47959183673469385","49","144","0.5083333333333333","60","144","0.5703125","64","144","0.5138888888888888","72","144","0.45454545454545453","77","144","0.5294117647058824","51","144","0.4406779661016949","59","144","0.5","86","144","0.5135135135135135","74","144","0.45098039215686275","51","144","0.5","57","144","0.5338983050847458","59","144","0.5230769230769231","65","144","0.543859649122807","57","144","0.5272727272727272","55","144","0.4594594594594595","74","144","0.5294117647058824","51","144","0.5298507462686567","67","144","0.45454545454545453","77","144","0.47692307692307695","65","144","0.5847457627118644","59","144","0.5","61","144","0.5406976744186046","86","144","0.5989583333333334","96","144","0.546875","64","144","0.5258620689655172","58","144","0.5176470588235295","85","144","0.5671641791044776","67","144","0.5178571428571429","84","144","0.5397727272727273","88","144","0.5069444444444444","72","144","0.4485294117647059","68","144","0.5633802816901409","71","144","0.5202702702702703","74","144","0.5365853658536586","82","144","0.5230769230769231","65","144","0.5285714285714286","70","144","0.5126582278481012","79","144","0.5506329113924051","79","144","0.39855072463768115","69","144","0.4818181818181818","55","144","0.4358974358974359","78","144","0.5071428571428571","70","144","0.5689655172413793","58"
,"145","0.5151515151515151","66","145","0.5492957746478874","71","145","0.4236111111111111","72","145","0.47540983606557374","61","145","0.4583333333333333","60","145","0.5735294117647058","68","145","0.46","50","145","0.5357142857142857","70","145","0.5121951219512195","41","145","0.3984375","64","145","0.46621621621621623","74","145","0.5307692307692308","65","145","0.6739130434782609","46","145","0.47058823529411764","68","145","0.5648148148148148","54","145","0.4406779661016949","59","145","0.47959183673469385","49","145","0.5083333333333333","60","145","0.5703125","64","145","0.5138888888888888","72","145","0.45454545454545453","77","145","0.5294117647058824","51","145","0.4406779661016949","59","145","0.4943181818181818","88","145","0.5066666666666667","75","145","0.45098039215686275","51","145","0.49137931034482757","58","145","0.5258620689655172","58","145","0.5230769230769231","65","145","0.5446428571428571","56","145","0.5277777777777778","54","145","0.4594594594594595","74","145","0.5294117647058824","51","145","0.5298507462686567","67","145","0.45454545454545453","77","145","0.47692307692307695","65","145","0.5964912280701754","57","145","0.5","61","145","0.5352941176470588","85","145","0.5979381443298969","97","145","0.546875","64","145","0.5258620689655172","58","145","0.5176470588235295","85","145","0.5661764705882353","68","145","0.5176470588235295","85","145","0.5449438202247191","89","145","0.5068493150684932","73","145","0.4485294117647059","68","145","0.5547945205479452","73","145","0.5202702702702703","74","145","0.5421686746987951","83","145","0.5230769230769231","65","145","0.528169014084507","71","145","0.5125","80","145","0.564935064935065","77","145","0.39855072463768115","69","145","0.48148148148148145","54","145","0.44155844155844154","77","145","0.5071428571428571","70","145","0.5689655172413793","58"
,"146","0.5149253731343284","67","146","0.55","70","146","0.4295774647887324","71","146","0.4838709677419355","62","146","0.4583333333333333","60","146","0.5671641791044776","67","146","0.46","50","146","0.5357142857142857","70","146","0.5128205128205128","39","146","0.3984375","64","146","0.4726027397260274","73","146","0.5307692307692308","65","146","0.6739130434782609","46","146","0.4772727272727273","66","146","0.5660377358490566","53","146","0.4406779661016949","59","146","0.47959183673469385","49","146","0.5083333333333333","60","146","0.5725806451612904","62","146","0.5142857142857142","70","146","0.4605263157894737","76","146","0.5294117647058824","51","146","0.4406779661016949","59","146","0.4883720930232558","86","146","0.5","77","146","0.45098039215686275","51","146","0.5","57","146","0.5350877192982456","57","146","0.5230769230769231","65","146","0.5446428571428571","56","146","0.5277777777777778","54","146","0.4533333333333333","75","146","0.5294117647058824","51","146","0.5373134328358209","67","146","0.4551282051282051","78","146","0.49206349206349204","63","146","0.5892857142857143","56","146","0.5","62","146","0.5344827586206896","87","146","0.6030927835051546","97","146","0.546875","64","146","0.5258620689655172","58","146","0.5174418604651163","86","146","0.5661764705882353","68","146","0.5119047619047619","84","146","0.5397727272727273","88","146","0.5","74","146","0.44776119402985076","67","146","0.5540540540540541","74","146","0.5202702702702703","74","146","0.5308641975308642","81","146","0.5227272727272727","66","146","0.5285714285714286","70","146","0.5063291139240507","79","146","0.564935064935065","77","146","0.39855072463768115","69","146","0.48148148148148145","54","146","0.44155844155844154","77","146","0.5","69","146","0.576271186440678","59"
,"147","0.5151515151515151","66","147","0.55","70","147","0.4295774647887324","71","147","0.4838709677419355","62","147","0.45","60","147","0.5671641791044776","67","147","0.46","50","147","0.5434782608695652","69","147","0.5128205128205128","39","147","0.3968253968253968","63","147","0.4726027397260274","73","147","0.5307692307692308","65","147","0.6739130434782609","46","147","0.4846153846153846","65","147","0.5660377358490566","53","147","0.45","60","147","0.47959183673469385","49","147","0.5169491525423728","59","147","0.5666666666666667","60","147","0.5142857142857142","70","147","0.46","75","147","0.5384615384615384","52","147","0.44166666666666665","60","147","0.48823529411764705","85","147","0.506578947368421","76","147","0.45098039215686275","51","147","0.5","57","147","0.543859649122807","57","147","0.5151515151515151","66","147","0.5350877192982456","57","147","0.5283018867924528","53","147","0.4533333333333333","75","147","0.5294117647058824","51","147","0.5378787878787878","66","147","0.4551282051282051","78","147","0.49193548387096775","62","147","0.5892857142857143","56","147","0.5","62","147","0.5344827586206896","87","147","0.6030927835051546","97","147","0.546875","64","147","0.5175438596491229","57","147","0.5117647058823529","85","147","0.5746268656716418","67","147","0.5117647058823529","85","147","0.5402298850574713","87","147","0.5","74","147","0.44776119402985076","67","147","0.5533333333333333","75","147","0.5202702702702703","74","147","0.5421686746987951","83","147","0.5227272727272727","66","147","0.5289855072463768","69","147","0.5064102564102564","78","147","0.5723684210526315","76","147","0.39855072463768115","69","147","0.48148148148148145","54","147","0.4358974358974359","78","147","0.4927536231884058","69","147","0.5625","56"
,"148","0.5151515151515151","66","148","0.55","70","148","0.42857142857142855","70","148","0.4838709677419355","62","148","0.45","60","148","0.5671641791044776","67","148","0.46","50","148","0.5434782608695652","69","148","0.5128205128205128","39","148","0.3951612903225806","62","148","0.4652777777777778","72","148","0.5234375","64","148","0.6739130434782609","46","148","0.48484848484848486","66","148","0.5686274509803921","51","148","0.45","60","148","0.47959183673469385","49","148","0.5178571428571429","56","148","0.5666666666666667","60","148","0.5142857142857142","70","148","0.4605263157894737","76","148","0.5294117647058824","51","148","0.43333333333333335","60","148","0.4879518072289157","83","148","0.5064935064935064","77","148","0.45","50","148","0.5","55","148","0.5446428571428571","56","148","0.5151515151515151","66","148","0.5363636363636364","55","148","0.5283018867924528","53","148","0.4605263157894737","76","148","0.54","50","148","0.5378787878787878","66","148","0.4551282051282051","78","148","0.49206349206349204","63","148","0.5909090909090909","55","148","0.5","62","148","0.5344827586206896","87","148","0.601063829787234","94","148","0.5476190476190477","63","148","0.5175438596491229","57","148","0.5117647058823529","85","148","0.5681818181818182","66","148","0.5114942528735632","87","148","0.5348837209302325","86","148","0.5","74","148","0.44696969696969696","66","148","0.5533333333333333","75","148","0.5202702702702703","74","148","0.536144578313253","83","148","0.5227272727272727","66","148","0.5289855072463768","69","148","0.512987012987013","77","148","0.577922077922078","77","148","0.40441176470588236","68","148","0.48148148148148145","54","148","0.4358974358974359","78","148","0.5","68","148","0.5625","56"
,"149","0.5149253731343284","67","149","0.55","70","149","0.42857142857142855","70","149","0.4838709677419355","62","149","0.45081967213114754","61","149","0.5692307692307692","65","149","0.46","50","149","0.5434782608695652","69","149","0.5128205128205128","39","149","0.3951612903225806","62","149","0.4652777777777778","72","149","0.5234375","64","149","0.6739130434782609","46","149","0.49230769230769234","65","149","0.5686274509803921","51","149","0.45","60","149","0.47959183673469385","49","149","0.5087719298245614","57","149","0.5737704918032787","61","149","0.5211267605633803","71","149","0.4533333333333333","75","149","0.5294117647058824","51","149","0.4406779661016949","59","149","0.4817073170731707","82","149","0.5067567567567568","74","149","0.45","50","149","0.5","55","149","0.5363636363636364","55","149","0.5149253731343284","67","149","0.5370370370370371","54","149","0.5283018867924528","53","149","0.4589041095890411","73","149","0.55","50","149","0.5384615384615384","65","149","0.44805194805194803","77","149","0.49206349206349204","63","149","0.5982142857142857","56","149","0.5","61","149","0.5411764705882353","85","149","0.6075268817204301","93","149","0.5476190476190477","63","149","0.5089285714285714","56","149","0.5119047619047619","84","149","0.5692307692307692","65","149","0.5113636363636364","88","149","0.5344827586206896","87","149","0.5","74","149","0.44696969696969696","66","149","0.5533333333333333","75","149","0.5202702702702703","74","149","0.5370370370370371","81","149","0.5227272727272727","66","149","0.5294117647058824","68","149","0.512987012987013","77","149","0.5666666666666667","75","149","0.40441176470588236","68","149","0.49056603773584906","53","149","0.4358974358974359","78","149","0.5","68","149","0.5701754385964912","57"
,"150","0.5149253731343284","67","150","0.55","70","150","0.42857142857142855","70","150","0.48360655737704916","61","150","0.45","60","150","0.5692307692307692","65","150","0.46","50","150","0.5434782608695652","69","150","0.5131578947368421","38","150","0.3870967741935484","62","150","0.4652777777777778","72","150","0.5234375","64","150","0.6739130434782609","46","150","0.4921875","64","150","0.5673076923076923","52","150","0.45689655172413796","58","150","0.47959183673469385","49","150","0.5087719298245614","57","150","0.575","60","150","0.5140845070422535","71","150","0.4533333333333333","75","150","0.5384615384615384","52","150","0.4482758620689655","58","150","0.4819277108433735","83","150","0.5067567567567568","74","150","0.45","50","150","0.5","55","150","0.5363636363636364","55","150","0.5151515151515151","66","150","0.5370370370370371","54","150","0.5283018867924528","53","150","0.4589041095890411","73","150","0.55","50","150","0.5384615384615384","65","150","0.4473684210526316","76","150","0.49206349206349204","63","150","0.5803571428571429","56","150","0.5","60","150","0.5465116279069767","86","150","0.6063829787234043","94","150","0.5476190476190477","63","150","0.5","57","150","0.5176470588235295","85","150","0.5757575757575758","66","150","0.5114942528735632","87","150","0.5344827586206896","87","150","0.5","74","150","0.44696969696969696","66","150","0.5533333333333333","75","150","0.5205479452054794","73","150","0.5365853658536586","82","150","0.5298507462686567","67","150","0.5294117647058824","68","150","0.512987012987013","77","150","0.5743243243243243","74","150","0.40441176470588236","68","150","0.49038461538461536","52","150","0.4358974358974359","78","150","0.5","68","150","0.5701754385964912","57"
,"151","0.5149253731343284","67","151","0.5507246376811594","69","151","0.4295774647887324","71","151","0.47580645161290325","62","151","0.45","60","151","0.5757575757575758","66","151","0.46078431372549017","51","151","0.5434782608695652","69","151","0.5131578947368421","38","151","0.3870967741935484","62","151","0.4594594594594595","74","151","0.5234375","64","151","0.6739130434782609","46","151","0.4921875","64","151","0.5686274509803921","51","151","0.45689655172413796","58","151","0.48","50","151","0.5087719298245614","57","151","0.575","60","151","0.5214285714285715","70","151","0.44666666666666666","75","151","0.5384615384615384","52","151","0.4482758620689655","58","151","0.47619047619047616","84","151","0.49324324324324326","74","151","0.45","50","151","0.5","55","151","0.5370370370370371","54","151","0.5230769230769231","65","151","0.5363636363636364","55","151","0.5272727272727272","55","151","0.4507042253521127","71","151","0.55","50","151","0.53125","64","151","0.4473684210526316","76","151","0.484375","64","151","0.5803571428571429","56","151","0.4915254237288136","59","151","0.5465116279069767","86","151","0.6117021276595744","94","151","0.5476190476190477","63","151","0.5175438596491229","57","151","0.5232558139534884","86","151","0.5769230769230769","65","151","0.5058139534883721","86","151","0.5344827586206896","87","151","0.5","75","151","0.44029850746268656","67","151","0.5533333333333333","75","151","0.5205479452054794","73","151","0.536144578313253","83","151","0.5227272727272727","66","151","0.5294117647058824","68","151","0.5128205128205128","78","151","0.5753424657534246","73","151","0.40441176470588236","68","151","0.49038461538461536","52","151","0.4473684210526316","76","151","0.5","68","151","0.5701754385964912","57"
,"152","0.5149253731343284","67","152","0.5507246376811594","69","152","0.43478260869565216","69","152","0.48360655737704916","61","152","0.45","60","152","0.5757575757575758","66","152","0.46","50","152","0.5434782608695652","69","152","0.5131578947368421","38","152","0.39344262295081966","61","152","0.46","75","152","0.5234375","64","152","0.6666666666666666","45","152","0.49193548387096775","62","152","0.5673076923076923","52","152","0.45689655172413796","58","152","0.48","50","152","0.5089285714285714","56","152","0.5677966101694916","59","152","0.5147058823529411","68","152","0.4527027027027027","74","152","0.5384615384615384","52","152","0.4473684210526316","57","152","0.4819277108433735","83","152","0.5069444444444444","72","152","0.45","50","152","0.5","56","152","0.5377358490566038","53","152","0.5238095238095238","63","152","0.5363636363636364","55","152","0.5277777777777778","54","152","0.4527027027027027","74","152","0.55","50","152","0.5238095238095238","63","152","0.44666666666666666","75","152","0.484375","64","152","0.5818181818181818","55","152","0.4915254237288136","59","152","0.5470588235294118","85","152","0.6075268817204301","93","152","0.5403225806451613","62","152","0.5267857142857143","56","152","0.5280898876404494","89","152","0.5887096774193549","62","152","0.5116279069767442","86","152","0.5348837209302325","86","152","0.5","73","152","0.44029850746268656","67","152","0.5533333333333333","75","152","0.5140845070422535","71","152","0.5308641975308642","81","152","0.5230769230769231","65","152","0.5294117647058824","68","152","0.5131578947368421","76","152","0.58","75","152","0.38636363636363635","66","152","0.49038461538461536","52","152","0.4375","80","152","0.5","67","152","0.5701754385964912","57"
,"153","0.5149253731343284","67","153","0.5507246376811594","69","153","0.4338235294117647","68","153","0.49166666666666664","60","153","0.4576271186440678","59","153","0.5769230769230769","65","153","0.47058823529411764","51","153","0.5367647058823529","68","153","0.5131578947368421","38","153","0.39344262295081966","61","153","0.4594594594594595","74","153","0.5078125","64","153","0.6666666666666666","45","153","0.49193548387096775","62","153","0.5686274509803921","51","153","0.45689655172413796","58","153","0.48","50","153","0.509090909090909","55","153","0.5677966101694916","59","153","0.5144927536231884","69","153","0.4527027027027027","74","153","0.5384615384615384","52","153","0.4732142857142857","56","153","0.4819277108433735","83","153","0.5069444444444444","72","153","0.45","50","153","0.5","56","153","0.5377358490566038","53","153","0.5238095238095238","63","153","0.5363636363636364","55","153","0.5277777777777778","54","153","0.44594594594594594","74","153","0.55","50","153","0.5234375","64","153","0.45394736842105265","76","153","0.4772727272727273","66","153","0.6037735849056604","53","153","0.5","60","153","0.5470588235294118","85","153","0.6032608695652174","92","153","0.5403225806451613","62","153","0.5267857142857143","56","153","0.5340909090909091","88","153","0.5887096774193549","62","153","0.5174418604651163","86","153","0.5348837209302325","86","153","0.5","73","153","0.4338235294117647","68","153","0.5533333333333333","75","153","0.5072463768115942","69","153","0.524390243902439","82","153","0.515625","64","153","0.5294117647058824","68","153","0.5131578947368421","76","153","0.5821917808219178","73","153","0.375","68","153","0.49038461538461536","52","153","0.4382716049382716","81","153","0.5","67","153","0.5603448275862069","58"
,"154","0.5149253731343284","67","154","0.5362318840579711","69","154","0.4338235294117647","68","154","0.49166666666666664","60","154","0.4666666666666667","60","154","0.5769230769230769","65","154","0.46153846153846156","52","154","0.5298507462686567","67","154","0.5131578947368421","38","154","0.39344262295081966","61","154","0.4594594594594595","74","154","0.5078125","64","154","0.6666666666666666","45","154","0.49206349206349204","63","154","0.57","50","154","0.4642857142857143","56","154","0.46","50","154","0.509090909090909","55","154","0.5689655172413793","58","154","0.5147058823529411","68","154","0.4527027027027027","74","154","0.5392156862745098","51","154","0.46296296296296297","54","154","0.4823529411764706","85","154","0.5069444444444444","72","154","0.4489795918367347","49","154","0.5","56","154","0.5377358490566038","53","154","0.5234375","64","154","0.5277777777777778","54","154","0.5277777777777778","54","154","0.4444444444444444","72","154","0.55","50","154","0.5238095238095238","63","154","0.45394736842105265","76","154","0.47761194029850745","67","154","0.6037735849056604","53","154","0.4915254237288136","59","154","0.5470588235294118","85","154","0.6032608695652174","92","154","0.5403225806451613","62","154","0.5267857142857143","56","154","0.5348837209302325","86","154","0.5819672131147541","61","154","0.5174418604651163","86","154","0.5352941176470588","85","154","0.5","73","154","0.4338235294117647","68","154","0.5555555555555556","72","154","0.5142857142857142","70","154","0.5308641975308642","81","154","0.515625","64","154","0.5298507462686567","67","154","0.5131578947368421","76","154","0.5878378378378378","74","154","0.3923076923076923","65","154","0.49019607843137253","51","154","0.4430379746835443","79","154","0.5","67","154","0.5603448275862069","58"
,"155","0.5151515151515151","66","155","0.5367647058823529","68","155","0.4338235294117647","68","155","0.49166666666666664","60","155","0.45901639344262296","61","155","0.5757575757575758","66","155","0.47","50","155","0.5298507462686567","67","155","0.5131578947368421","38","155","0.4","60","155","0.4589041095890411","73","155","0.5078125","64","155","0.6666666666666666","45","155","0.49206349206349204","63","155","0.57","50","155","0.4642857142857143","56","155","0.46938775510204084","49","155","0.5089285714285714","56","155","0.5689655172413793","58","155","0.5144927536231884","69","155","0.4527027027027027","74","155","0.5392156862745098","51","155","0.46296296296296297","54","155","0.47619047619047616","84","155","0.5069444444444444","72","155","0.4375","48","155","0.5","56","155","0.5377358490566038","53","155","0.5234375","64","155","0.5277777777777778","54","155","0.5277777777777778","54","155","0.44285714285714284","70","155","0.55","50","155","0.5238095238095238","63","155","0.46","75","155","0.4925373134328358","67","155","0.6037735849056604","53","155","0.48360655737704916","61","155","0.5470588235294118","85","155","0.6022727272727273","88","155","0.5476190476190477","63","155","0.5267857142857143","56","155","0.5352941176470588","85","155","0.5819672131147541","61","155","0.5116279069767442","86","155","0.5297619047619048","84","155","0.5","75","155","0.4411764705882353","68","155","0.5625","72","155","0.5073529411764706","68","155","0.5185185185185185","81","155","0.5158730158730159","63","155","0.5298507462686567","67","155","0.5131578947368421","76","155","0.5958904109589042","73","155","0.3984375","64","155","0.49","50","155","0.4423076923076923","78","155","0.5","66","155","0.559322033898305","59"
,"156","0.5078125","64","156","0.5367647058823529","68","156","0.4338235294117647","68","156","0.49166666666666664","60","156","0.4666666666666667","60","156","0.5769230769230769","65","156","0.47","50","156","0.5298507462686567","67","156","0.5131578947368421","38","156","0.3983050847457627","59","156","0.4533333333333333","75","156","0.5","65","156","0.6666666666666666","45","156","0.49206349206349204","63","156","0.57","50","156","0.4642857142857143","56","156","0.4791666666666667","48","156","0.509090909090909","55","156","0.5689655172413793","58","156","0.5144927536231884","69","156","0.4527027027027027","74","156","0.5392156862745098","51","156","0.46296296296296297","54","156","0.47023809523809523","84","156","0.5140845070422535","71","156","0.4375","48","156","0.5","55","156","0.5377358490566038","53","156","0.5230769230769231","65","156","0.5277777777777778","54","156","0.5277777777777778","54","156","0.44285714285714284","70","156","0.55","50","156","0.5234375","64","156","0.46","75","156","0.48507462686567165","67","156","0.5961538461538461","52","156","0.4915254237288136","59","156","0.5470588235294118","85","156","0.6022727272727273","88","156","0.546875","64","156","0.5267857142857143","56","156","0.5416666666666666","84","156","0.5887096774193549","62","156","0.5116279069767442","86","156","0.5297619047619048","84","156","0.5","74","156","0.4492753623188406","69","156","0.5704225352112676","71","156","0.5144927536231884","69","156","0.5180722891566265","83","156","0.5238095238095238","63","156","0.5227272727272727","66","156","0.5131578947368421","76","156","0.5945945945945946","74","156","0.3984375","64","156","0.49","50","156","0.4423076923076923","78","156","0.5","66","156","0.5603448275862069","58"
,"157","0.5079365079365079","63","157","0.5367647058823529","68","157","0.4338235294117647","68","157","0.4915254237288136","59","157","0.4672131147540984","61","157","0.5769230769230769","65","157","0.46078431372549017","51","157","0.5294117647058824","68","157","0.5131578947368421","38","157","0.3983050847457627","59","157","0.4520547945205479","73","157","0.5","66","157","0.6666666666666666","45","157","0.49193548387096775","62","157","0.57","50","157","0.4642857142857143","56","157","0.4791666666666667","48","157","0.5","54","157","0.5689655172413793","58","157","0.5142857142857142","70","157","0.44666666666666666","75","157","0.5288461538461539","52","157","0.45454545454545453","55","157","0.47058823529411764","85","157","0.5140845070422535","71","157","0.4375","48","157","0.5","53","157","0.5377358490566038","53","157","0.5230769230769231","65","157","0.5277777777777778","54","157","0.5181818181818182","55","157","0.44366197183098594","71","157","0.5480769230769231","52","157","0.5234375","64","157","0.46","75","157","0.5","67","157","0.5961538461538461","52","157","0.49137931034482757","58","157","0.5411764705882353","85","157","0.6022727272727273","88","157","0.5476190476190477","63","157","0.5267857142857143","56","157","0.5470588235294118","85","157","0.5793650793650794","63","157","0.5116279069767442","86","157","0.5297619047619048","84","157","0.5","73","157","0.45714285714285713","70","157","0.5704225352112676","71","157","0.5073529411764706","68","157","0.524390243902439","82","157","0.5238095238095238","63","157","0.53125","64","157","0.512987012987013","77","157","0.5933333333333334","75","157","0.3888888888888889","63","157","0.49","50","157","0.4423076923076923","78","157","0.5","65","157","0.5603448275862069","58"
,"158","0.5078125","64","158","0.5367647058823529","68","158","0.44776119402985076","67","158","0.4915254237288136","59","158","0.4672131147540984","61","158","0.5769230769230769","65","158","0.46153846153846156","52","158","0.5298507462686567","67","158","0.5131578947368421","38","158","0.4","60","158","0.4527027027027027","74","158","0.5","65","158","0.6666666666666666","45","158","0.49193548387096775","62","158","0.57","50","158","0.4642857142857143","56","158","0.46938775510204084","49","158","0.5","54","158","0.5677966101694916","59","158","0.5073529411764706","68","158","0.43333333333333335","75","158","0.5196078431372549","51","158","0.45454545454545453","55","158","0.47023809523809523","84","158","0.5071428571428571","70","158","0.4375","48","158","0.49038461538461536","52","158","0.5384615384615384","52","158","0.5230769230769231","65","158","0.5370370370370371","54","158","0.5277777777777778","54","158","0.44366197183098594","71","158","0.5490196078431373","51","158","0.5234375","64","158","0.4605263157894737","76","158","0.5","67","158","0.5961538461538461","52","158","0.49137931034482757","58","158","0.5406976744186046","86","158","0.6022727272727273","88","158","0.546875","64","158","0.5267857142857143","56","158","0.5416666666666666","84","158","0.5793650793650794","63","158","0.5116279069767442","86","158","0.5294117647058824","85","158","0.5","73","158","0.4492753623188406","69","158","0.5704225352112676","71","158","0.5073529411764706","68","158","0.51875","80","158","0.5238095238095238","63","158","0.53125","64","158","0.5197368421052632","76","158","0.5933333333333334","75","158","0.4032258064516129","62","158","0.4897959183673469","49","158","0.4423076923076923","78","158","0.5079365079365079","63","158","0.559322033898305","59"
,"159","0.5078125","64","159","0.5441176470588235","68","159","0.44776119402985076","67","159","0.49166666666666664","60","159","0.4672131147540984","61","159","0.5769230769230769","65","159","0.46153846153846156","52","159","0.5298507462686567","67","159","0.5131578947368421","38","159","0.4067796610169492","59","159","0.4527027027027027","74","159","0.5","65","159","0.6666666666666666","45","159","0.48360655737704916","61","159","0.5612244897959183","49","159","0.4636363636363636","55","159","0.46938775510204084","49","159","0.4909090909090909","55","159","0.575","60","159","0.5073529411764706","68","159","0.4383561643835616","73","159","0.5196078431372549","51","159","0.45454545454545453","55","159","0.46987951807228917","83","159","0.5","70","159","0.4375","48","159","0.4807692307692308","52","159","0.5377358490566038","53","159","0.5230769230769231","65","159","0.5272727272727272","55","159","0.5277777777777778","54","159","0.4375","72","159","0.5490196078431373","51","159","0.5161290322580645","62","159","0.45454545454545453","77","159","0.5","67","159","0.5961538461538461","52","159","0.49122807017543857","57","159","0.5406976744186046","86","159","0.6022727272727273","88","159","0.5546875","64","159","0.5267857142857143","56","159","0.5470588235294118","85","159","0.5769230769230769","65","159","0.5116279069767442","86","159","0.5182926829268293","82","159","0.5","74","159","0.4492753623188406","69","159","0.5704225352112676","71","159","0.5073529411764706","68","159","0.5253164556962026","79","159","0.53125","64","159","0.53125","64","159","0.5266666666666666","75","159","0.6013513513513513","74","159","0.3968253968253968","63","159","0.4897959183673469","49","159","0.4423076923076923","78","159","0.515625","64","159","0.5603448275862069","58"
,"160","0.5078125","64","160","0.5367647058823529","68","160","0.44776119402985076","67","160","0.4915254237288136","59","160","0.4672131147540984","61","160","0.5703125","64","160","0.47058823529411764","51","160","0.5153846153846153","65","160","0.5131578947368421","38","160","0.4067796610169492","59","160","0.4527027027027027","74","160","0.5153846153846153","65","160","0.6627906976744186","43","160","0.4838709677419355","62","160","0.5612244897959183","49","160","0.4636363636363636","55","160","0.4791666666666667","48","160","0.4909090909090909","55","160","0.5677966101694916","59","160","0.5075757575757576","66","160","0.4383561643835616","73","160","0.5196078431372549","51","160","0.45454545454545453","55","160","0.46987951807228917","83","160","0.5","70","160","0.4375","48","160","0.4807692307692308","52","160","0.5377358490566038","53","160","0.5230769230769231","65","160","0.5370370370370371","54","160","0.5277777777777778","54","160","0.44285714285714284","70","160","0.5490196078431373","51","160","0.5161290322580645","62","160","0.46153846153846156","78","160","0.5","67","160","0.5961538461538461","52","160","0.49122807017543857","57","160","0.5411764705882353","85","160","0.6022727272727273","88","160","0.5476190476190477","63","160","0.5350877192982456","57","160","0.5481927710843374","83","160","0.5793650793650794","63","160","0.5114942528735632","87","160","0.525","80","160","0.49295774647887325","71","160","0.4485294117647059","68","160","0.5704225352112676","71","160","0.5073529411764706","68","160","0.5370370370370371","81","160","0.5234375","64","160","0.53125","64","160","0.527027027027027","74","160","0.6041666666666666","72","160","0.3870967741935484","62","160","0.4897959183673469","49","160","0.4423076923076923","78","160","0.515625","64","160","0.5603448275862069","58"
,"161","0.5078125","64","161","0.5434782608695652","69","161","0.44029850746268656","67","161","0.5","60","161","0.4583333333333333","60","161","0.5703125","64","161","0.46153846153846156","52","161","0.5153846153846153","65","161","0.5131578947368421","38","161","0.4067796610169492","59","161","0.44594594594594594","74","161","0.5078125","64","161","0.6627906976744186","43","161","0.4838709677419355","62","161","0.5612244897959183","49","161","0.46296296296296297","54","161","0.4791666666666667","48","161","0.4909090909090909","55","161","0.5603448275862069","58","161","0.5076923076923077","65","161","0.4383561643835616","73","161","0.5196078431372549","51","161","0.45454545454545453","55","161","0.47023809523809523","84","161","0.5","70","161","0.4375","48","161","0.4716981132075472","53","161","0.5377358490566038","53","161","0.5151515151515151","66","161","0.5370370370370371","54","161","0.5181818181818182","55","161","0.4420289855072464","69","161","0.5490196078431373","51","161","0.5081967213114754","61","161","0.4551282051282051","78","161","0.5","67","161","0.6037735849056604","53","161","0.5","58","161","0.5411764705882353","85","161","0.5977011494252874","87","161","0.5476190476190477","63","161","0.5267857142857143","56","161","0.536144578313253","83","161","0.5859375","64","161","0.5174418604651163","86","161","0.5185185185185185","81","161","0.4930555555555556","72","161","0.45454545454545453","66","161","0.5694444444444444","72","161","0.5073529411764706","68","161","0.5316455696202531","79","161","0.5238095238095238","63","161","0.5230769230769231","65","161","0.527027027027027","74","161","0.6041666666666666","72","161","0.3770491803278688","61","161","0.4897959183673469","49","161","0.4423076923076923","78","161","0.5080645161290323","62","161","0.559322033898305","59"
,"162","0.5158730158730159","63","162","0.5434782608695652","69","162","0.44029850746268656","67","162","0.4918032786885246","61","162","0.4672131147540984","61","162","0.5769230769230769","65","162","0.47058823529411764","51","162","0.5153846153846153","65","162","0.5131578947368421","38","162","0.4067796610169492","59","162","0.4513888888888889","72","162","0.5078125","64","162","0.6704545454545454","44","162","0.4838709677419355","62","162","0.5612244897959183","49","162","0.46296296296296297","54","162","0.4897959183673469","49","162","0.4909090909090909","55","162","0.5603448275862069","58","162","0.5076923076923077","65","162","0.4391891891891892","74","162","0.5196078431372549","51","162","0.45454545454545453","55","162","0.46987951807228917","83","162","0.5","70","162","0.4375","48","162","0.4716981132075472","53","162","0.5384615384615384","52","162","0.5074626865671642","67","162","0.5283018867924528","53","162","0.5181818181818182","55","162","0.4485294117647059","68","162","0.5490196078431373","51","162","0.5081967213114754","61","162","0.45454545454545453","77","162","0.5","67","162","0.6037735849056604","53","162","0.5","57","162","0.5357142857142857","84","162","0.5965909090909091","88","162","0.5483870967741935","62","162","0.5267857142857143","56","162","0.536144578313253","83","162","0.5846153846153846","65","162","0.5229885057471264","87","162","0.5185185185185185","81","162","0.5","71","162","0.44776119402985076","67","162","0.5694444444444444","72","162","0.5073529411764706","68","162","0.5316455696202531","79","162","0.532258064516129","62","162","0.53125","64","162","0.52","75","162","0.5945945945945946","74","162","0.3770491803278688","61","162","0.4897959183673469","49","162","0.44155844155844154","77","162","0.5158730158730159","63","162","0.559322033898305","59"
,"163","0.5158730158730159","63","163","0.5434782608695652","69","163","0.44029850746268656","67","163","0.4915254237288136","59","163","0.4583333333333333","60","163","0.5703125","64","163","0.46938775510204084","49","163","0.5227272727272727","66","163","0.5131578947368421","38","163","0.4067796610169492","59","163","0.4589041095890411","73","163","0.5078125","64","163","0.6704545454545454","44","163","0.47540983606557374","61","163","0.5520833333333334","48","163","0.46226415094339623","53","163","0.4897959183673469","49","163","0.49074074074074076","54","163","0.5603448275862069","58","163","0.5151515151515151","66","163","0.4391891891891892","74","163","0.5196078431372549","51","163","0.45454545454545453","55","163","0.4695121951219512","82","163","0.5","70","163","0.4375","48","163","0.4716981132075472","53","163","0.5294117647058824","51","163","0.5074626865671642","67","163","0.5288461538461539","52","163","0.5092592592592593","54","163","0.4485294117647059","68","163","0.5490196078431373","51","163","0.5083333333333333","60","163","0.46153846153846156","78","163","0.5","67","163","0.6037735849056604","53","163","0.5","55","163","0.5357142857142857","84","163","0.5919540229885057","87","163","0.5483870967741935","62","163","0.5363636363636364","55","163","0.5416666666666666","84","163","0.59375","64","163","0.5229885057471264","87","163","0.51875","80","163","0.5","72","163","0.4552238805970149","67","163","0.5684931506849316","73","163","0.5073529411764706","68","163","0.532051282051282","78","163","0.5327868852459017","61","163","0.53125","64","163","0.5394736842105263","76","163","0.5958904109589042","73","163","0.375","60","163","0.48936170212765956","47","163","0.4423076923076923","78","163","0.5161290322580645","62","163","0.5603448275862069","58"
,"164","0.515625","64","164","0.5428571428571428","70","164","0.44029850746268656","67","164","0.4915254237288136","59","164","0.4583333333333333","60","164","0.5703125","64","164","0.46938775510204084","49","164","0.5153846153846153","65","164","0.527027027027027","37","164","0.4067796610169492","59","164","0.4513888888888889","72","164","0.5078125","64","164","0.6704545454545454","44","164","0.47540983606557374","61","164","0.5531914893617021","47","164","0.46226415094339623","53","164","0.4897959183673469","49","164","0.49074074074074076","54","164","0.5603448275862069","58","164","0.5151515151515151","66","164","0.4444444444444444","72","164","0.5196078431372549","51","164","0.45454545454545453","55","164","0.4695121951219512","82","164","0.5072463768115942","69","164","0.44680851063829785","47","164","0.4716981132075472","53","164","0.5294117647058824","51","164","0.5151515151515151","66","164","0.5294117647058824","51","164","0.5","54","164","0.4492753623188406","69","164","0.5480769230769231","52","164","0.5","59","164","0.4620253164556962","79","164","0.5","67","164","0.6057692307692307","52","164","0.5","55","164","0.5421686746987951","83","164","0.6011904761904762","84","164","0.5483870967741935","62","164","0.5370370370370371","54","164","0.5481927710843374","83","164","0.5923076923076923","65","164","0.5287356321839081","87","164","0.5121951219512195","82","164","0.5067567567567568","74","164","0.4632352941176471","68","164","0.5625","72","164","0.5074626865671642","67","164","0.532051282051282","78","164","0.5327868852459017","61","164","0.5241935483870968","62","164","0.5333333333333333","75","164","0.5902777777777778","72","164","0.375","60","164","0.48936170212765956","47","164","0.4430379746835443","79","164","0.5161290322580645","62","164","0.5701754385964912","57"
,"165","0.515625","64","165","0.5428571428571428","70","165","0.44029850746268656","67","165","0.49166666666666664","60","165","0.4661016949152542","59","165","0.5606060606060606","66","165","0.4574468085106383","47","165","0.5153846153846153","65","165","0.527027027027027","37","165","0.4083333333333333","60","165","0.44366197183098594","71","165","0.5","63","165","0.6704545454545454","44","165","0.47540983606557374","61","165","0.5531914893617021","47","165","0.46226415094339623","53","165","0.4897959183673469","49","165","0.49074074074074076","54","165","0.5714285714285714","56","165","0.5078125","64","165","0.4507042253521127","71","165","0.52","50","165","0.45454545454545453","55","165","0.46987951807228917","83","165","0.5","68","165","0.45652173913043476","46","165","0.4716981132075472","53","165","0.5294117647058824","51","165","0.5317460317460317","63","165","0.5294117647058824","51","165","0.5","54","165","0.4492753623188406","69","165","0.5392156862745098","51","165","0.5","60","165","0.4691358024691358","81","165","0.5","67","165","0.6057692307692307","52","165","0.5","55","165","0.5421686746987951","83","165","0.6158536585365854","82","165","0.5416666666666666","60","165","0.5370370370370371","54","165","0.5481927710843374","83","165","0.5923076923076923","65","165","0.5227272727272727","88","165","0.5185185185185185","81","165","0.5068493150684932","73","165","0.4696969696969697","66","165","0.5625","72","165","0.5074626865671642","67","165","0.5394736842105263","76","165","0.5169491525423728","59","165","0.5409836065573771","61","165","0.54","75","165","0.5902777777777778","72","165","0.3706896551724138","58","165","0.4791666666666667","48","165","0.4423076923076923","78","165","0.5083333333333333","60","165","0.5701754385964912","57"
,"166","0.5230769230769231","65","166","0.5507246376811594","69","166","0.44029850746268656","67","166","0.49166666666666664","60","166","0.4661016949152542","59","166","0.5615384615384615","65","166","0.4574468085106383","47","166","0.5153846153846153","65","166","0.527027027027027","37","166","0.4083333333333333","60","166","0.44366197183098594","71","166","0.5","62","166","0.6704545454545454","44","166","0.47540983606557374","61","166","0.5531914893617021","47","166","0.46226415094339623","53","166","0.4897959183673469","49","166","0.49074074074074076","54","166","0.5714285714285714","56","166","0.5076923076923077","65","166","0.4507042253521127","71","166","0.52","50","166","0.4444444444444444","54","166","0.4583333333333333","84","166","0.5","69","166","0.45555555555555555","45","166","0.4716981132075472","53","166","0.53","50","166","0.5317460317460317","63","166","0.5192307692307693","52","166","0.5","54","166","0.45714285714285713","70","166","0.5392156862745098","51","166","0.5","60","166","0.4620253164556962","79","166","0.5","67","166","0.6057692307692307","52","166","0.5","55","166","0.5421686746987951","83","166","0.608433734939759","83","166","0.5416666666666666","60","166","0.5377358490566038","53","166","0.5487804878048781","82","166","0.59375","64","166","0.5222222222222223","90","166","0.5125","80","166","0.5068493150684932","73","166","0.4696969696969697","66","166","0.5563380281690141","71","166","0.5","66","166","0.5394736842105263","76","166","0.5169491525423728","59","166","0.5409836065573771","61","166","0.5416666666666666","72","166","0.5985915492957746","71","166","0.3706896551724138","58","166","0.4791666666666667","48","166","0.4423076923076923","78","166","0.5169491525423728","59","166","0.5701754385964912","57"
,"167","0.46296296296296297","27","167","0.5555555555555556","27","167","0.46153846153846156","26","167","0.5652173913043478","23","167","0.4375","16","167","0.5454545454545454","33","167","0.5789473684210527","19","167","0.5277777777777778","18","167","0.5416666666666666","12","167","0.3055555555555556","18","167","0.484375","32","167","0.5454545454545454","22","167","0.8636363636363636","11","167","0.425","20","167","0.7105263157894737","19","167","0.5882352941176471","17","167","0.5","20","167","0.5769230769230769","13","167","0.625","20","167","0.5967741935483871","31","167","0.5","26","167","0.5","16","167","0.4090909090909091","22","167","0.47674418604651164","43","167","0.46774193548387094","31","167","0.4642857142857143","14","167","0.5625","24","167","0.5","12","167","0.5357142857142857","28","167","0.5555555555555556","18","167","0.5952380952380952","21","167","0.45454545454545453","33","167","0.625","20","167","0.5833333333333334","24","167","0.4523809523809524","42","167","0.5333333333333333","30","167","0.6086956521739131","23","167","0.5","27","167","0.5340909090909091","44","167","0.6190476190476191","42","167","0.5952380952380952","21","167","0.575","20","167","0.6022727272727273","44","167","0.6111111111111112","27","167","0.5760869565217391","46","167","0.5571428571428572","35","167","0.5121951219512195","41","167","0.527027027027027","37","167","0.631578947368421","38","167","0.53125","32","167","0.5256410256410257","39","167","0.48333333333333334","30","167","0.5535714285714286","28","167","0.6","30","167","0.5571428571428572","35","167","0.3","20","167","0.5","9","167","0.3974358974358974","39","167","0.5416666666666666","24","167","0.6086956521739131","23"
,"168","0.46296296296296297","27","168","0.5555555555555556","27","168","0.46296296296296297","27","168","0.5652173913043478","23","168","0.4375","16","168","0.5454545454545454","33","168","0.5789473684210527","19","168","0.5277777777777778","18","168","0.5416666666666666","12","168","0.3055555555555556","18","168","0.5","31","168","0.6","20","168","0.85","10","168","0.425","20","168","0.7105263157894737","19","168","0.5882352941176471","17","168","0.5","20","168","0.5769230769230769","13","168","0.625","20","168","0.5967741935483871","31","168","0.5","26","168","0.5","16","168","0.4090909090909091","22","168","0.4634146341463415","41","168","0.46774193548387094","31","168","0.4642857142857143","14","168","0.5625","24","168","0.5","12","168","0.5185185185185185","27","168","0.5555555555555556","18","168","0.5952380952380952","21","168","0.45454545454545453","33","168","0.625","20","168","0.5833333333333334","24","168","0.4523809523809524","42","168","0.5161290322580645","31","168","0.6086956521739131","23","168","0.5","26","168","0.5340909090909091","44","168","0.6219512195121951","41","168","0.5952380952380952","21","168","0.575","20","168","0.5930232558139535","43","168","0.6111111111111112","27","168","0.5666666666666667","45","168","0.5571428571428572","35","168","0.5121951219512195","41","168","0.527027027027027","37","168","0.631578947368421","38","168","0.5161290322580645","31","168","0.5256410256410257","39","168","0.48333333333333334","30","168","0.5555555555555556","27","168","0.5862068965517241","29","168","0.5571428571428572","35","168","0.3","20","168","0.5","9","168","0.3974358974358974","39","168","0.5652173913043478","23","168","0.6086956521739131","23"
,"169","0.46153846153846156","26","169","0.5555555555555556","27","169","0.46296296296296297","27","169","0.5652173913043478","23","169","0.4375","16","169","0.546875","32","169","0.5789473684210527","19","169","0.5277777777777778","18","169","0.5416666666666666","12","169","0.3235294117647059","17","169","0.5","31","169","0.6","20","169","0.8333333333333334","9","169","0.42857142857142855","21","169","0.7105263157894737","19","169","0.5882352941176471","17","169","0.5","20","169","0.5769230769230769","13","169","0.625","20","169","0.5967741935483871","31","169","0.5","25","169","0.5","16","169","0.4090909090909091","22","169","0.47435897435897434","39","169","0.45","30","169","0.4642857142857143","14","169","0.5625","24","169","0.5","12","169","0.5185185185185185","27","169","0.5555555555555556","18","169","0.5952380952380952","21","169","0.45454545454545453","33","169","0.625","20","169","0.5833333333333334","24","169","0.4523809523809524","42","169","0.5333333333333333","30","169","0.6086956521739131","23","169","0.5","26","169","0.5333333333333333","45","169","0.6219512195121951","41","169","0.5952380952380952","21","169","0.575","20","169","0.5930232558139535","43","169","0.6111111111111112","27","169","0.5666666666666667","45","169","0.5571428571428572","35","169","0.5121951219512195","41","169","0.527027027027027","37","169","0.631578947368421","38","169","0.5161290322580645","31","169","0.5256410256410257","39","169","0.5","29","169","0.5555555555555556","27","169","0.5740740740740741","27","169","0.5571428571428572","35","169","0.3","20","169","0.5","9","169","0.3974358974358974","39","169","0.5454545454545454","22","169","0.6086956521739131","23"
,"170","0.4444444444444444","27","170","0.5555555555555556","27","170","0.46296296296296297","27","170","0.5652173913043478","23","170","0.4375","16","170","0.546875","32","170","0.5789473684210527","19","170","0.5","17","170","0.5416666666666666","12","170","0.34375","16","170","0.5","31","170","0.6","20","170","0.8333333333333334","9","170","0.42857142857142855","21","170","0.6944444444444444","18","170","0.5882352941176471","17","170","0.5","20","170","0.5769230769230769","13","170","0.625","20","170","0.5967741935483871","31","170","0.5","25","170","0.5","16","170","0.4090909090909091","22","170","0.47435897435897434","39","170","0.45","30","170","0.4583333333333333","12","170","0.5625","24","170","0.5","12","170","0.5185185185185185","27","170","0.5555555555555556","18","170","0.5952380952380952","21","170","0.45588235294117646","34","170","0.625","20","170","0.5833333333333334","24","170","0.4523809523809524","42","170","0.5333333333333333","30","170","0.5909090909090909","22","170","0.5","26","170","0.5333333333333333","45","170","0.6219512195121951","41","170","0.5952380952380952","21","170","0.5789473684210527","19","170","0.5930232558139535","43","170","0.6111111111111112","27","170","0.5666666666666667","45","170","0.5571428571428572","35","170","0.5238095238095238","42","170","0.527027027027027","37","170","0.6410256410256411","39","170","0.5161290322580645","31","170","0.5263157894736842","38","170","0.5","29","170","0.5576923076923077","26","170","0.5740740740740741","27","170","0.5571428571428572","35","170","0.3157894736842105","19","170","0.5","9","170","0.3783783783783784","37","170","0.5454545454545454","22","170","0.6086956521739131","23"
,"171","0.4444444444444444","27","171","0.5555555555555556","27","171","0.46296296296296297","27","171","0.5652173913043478","23","171","0.4375","16","171","0.546875","32","171","0.5789473684210527","19","171","0.5","17","171","0.5","11","171","0.34375","16","171","0.5","31","171","0.5952380952380952","21","171","0.8333333333333334","9","171","0.42857142857142855","21","171","0.6944444444444444","18","171","0.5882352941176471","17","171","0.5","20","171","0.5769230769230769","13","171","0.625","20","171","0.5967741935483871","31","171","0.5","25","171","0.5","16","171","0.4090909090909091","22","171","0.4605263157894737","38","171","0.45","30","171","0.4583333333333333","12","171","0.5652173913043478","23","171","0.5","12","171","0.5185185185185185","27","171","0.5555555555555556","18","171","0.5952380952380952","21","171","0.45588235294117646","34","171","0.625","20","171","0.58","25","171","0.4375","40","171","0.5333333333333333","30","171","0.5909090909090909","22","171","0.5","26","171","0.5333333333333333","45","171","0.6341463414634146","41","171","0.5952380952380952","21","171","0.5789473684210527","19","171","0.5952380952380952","42","171","0.6111111111111112","27","171","0.5652173913043478","46","171","0.5571428571428572","35","171","0.5","40","171","0.527027027027027","37","171","0.6410256410256411","39","171","0.5161290322580645","31","171","0.5256410256410257","39","171","0.5","29","171","0.5576923076923077","26","171","0.5740740740740741","27","171","0.5571428571428572","35","171","0.3157894736842105","19","171","0.5","9","171","0.3783783783783784","37","171","0.525","20","171","0.6086956521739131","23"
,"172","0.4444444444444444","27","172","0.5555555555555556","27","172","0.46296296296296297","27","172","0.5714285714285714","21","172","0.4375","16","172","0.532258064516129","31","172","0.5789473684210527","19","172","0.5","17","172","0.5","11","172","0.34375","16","172","0.5","31","172","0.5952380952380952","21","172","0.8333333333333334","9","172","0.42857142857142855","21","172","0.6944444444444444","18","172","0.5882352941176471","17","172","0.5","20","172","0.5769230769230769","13","172","0.625","20","172","0.5967741935483871","31","172","0.5208333333333334","24","172","0.5","15","172","0.4090909090909091","22","172","0.4605263157894737","38","172","0.45","30","172","0.5","11","172","0.5652173913043478","23","172","0.5","12","172","0.5185185185185185","27","172","0.5555555555555556","18","172","0.5909090909090909","22","172","0.45588235294117646","34","172","0.625","20","172","0.58","25","172","0.4358974358974359","39","172","0.5344827586206896","29","172","0.5909090909090909","22","172","0.5","26","172","0.5333333333333333","45","172","0.6341463414634146","41","172","0.5952380952380952","21","172","0.5789473684210527","19","172","0.5952380952380952","42","172","0.6111111111111112","27","172","0.5666666666666667","45","172","0.5588235294117647","34","172","0.5","40","172","0.5138888888888888","36","172","0.6410256410256411","39","172","0.5161290322580645","31","172","0.5263157894736842","38","172","0.5","28","172","0.5576923076923077","26","172","0.5576923076923077","26","172","0.5571428571428572","35","172","0.3157894736842105","19","172","0.5","9","172","0.3783783783783784","37","172","0.525","20","172","0.6086956521739131","23"
,"173","0.4230769230769231","26","173","0.5769230769230769","26","173","0.46296296296296297","27","173","0.575","20","173","0.4375","16","173","0.532258064516129","31","173","0.5789473684210527","19","173","0.5","17","173","0.5","11","173","0.34375","16","173","0.5","31","173","0.575","20","173","0.8333333333333334","9","173","0.42857142857142855","21","173","0.6944444444444444","18","173","0.5882352941176471","17","173","0.5","20","173","0.5416666666666666","12","173","0.625","20","173","0.5967741935483871","31","173","0.5208333333333334","24","173","0.5","14","173","0.4090909090909091","22","173","0.47435897435897434","39","173","0.45","30","173","0.5","11","173","0.5652173913043478","23","173","0.5","12","173","0.5185185185185185","27","173","0.5555555555555556","18","173","0.5652173913043478","23","173","0.45454545454545453","33","173","0.625","20","173","0.5833333333333334","24","173","0.4375","40","173","0.5344827586206896","29","173","0.5909090909090909","22","173","0.5","26","173","0.5333333333333333","45","173","0.6341463414634146","41","173","0.5952380952380952","21","173","0.5789473684210527","19","173","0.6097560975609756","41","173","0.6111111111111112","27","173","0.5666666666666667","45","173","0.5606060606060606","33","173","0.5","40","173","0.5138888888888888","36","173","0.6375","40","173","0.5161290322580645","31","173","0.5263157894736842","38","173","0.5","28","173","0.5576923076923077","26","173","0.5576923076923077","26","173","0.5694444444444444","36","173","0.3157894736842105","19","173","0.5","9","173","0.3783783783783784","37","173","0.525","20","173","0.6086956521739131","23"
,"174","0.44","25","174","0.5769230769230769","26","174","0.46296296296296297","27","174","0.575","20","174","0.4375","16","174","0.532258064516129","31","174","0.5789473684210527","19","174","0.5","17","174","0.5","11","174","0.34375","16","174","0.5","31","174","0.5789473684210527","19","174","0.8333333333333334","9","174","0.42857142857142855","21","174","0.6944444444444444","18","174","0.6","15","174","0.5","20","174","0.5416666666666666","12","174","0.625","20","174","0.5967741935483871","31","174","0.5208333333333334","24","174","0.5","14","174","0.4090909090909091","22","174","0.47435897435897434","39","174","0.4482758620689655","29","174","0.5","11","174","0.5909090909090909","22","174","0.5","12","174","0.5185185185185185","27","174","0.5555555555555556","18","174","0.5454545454545454","22","174","0.45454545454545453","33","174","0.625","20","174","0.5833333333333334","24","174","0.4375","40","174","0.5178571428571429","28","174","0.6086956521739131","23","174","0.5","25","174","0.5434782608695652","46","174","0.625","40","174","0.5952380952380952","21","174","0.5789473684210527","19","174","0.6097560975609756","41","174","0.6111111111111112","27","174","0.5681818181818182","44","174","0.5606060606060606","33","174","0.5","40","174","0.5138888888888888","36","174","0.6282051282051282","39","174","0.5","30","174","0.5263157894736842","38","174","0.5","27","174","0.56","25","174","0.5576923076923077","26","174","0.5694444444444444","36","174","0.3333333333333333","18","174","0.5","9","174","0.37142857142857144","35","174","0.525","20","174","0.5909090909090909","22"
,"175","0.44","25","175","0.56","25","175","0.46296296296296297","27","175","0.575","20","175","0.4375","16","175","0.5333333333333333","30","175","0.5882352941176471","17","175","0.5","17","175","0.5","11","175","0.34375","16","175","0.5","31","175","0.5789473684210527","19","175","0.8125","8","175","0.42857142857142855","21","175","0.7058823529411765","17","175","0.6","15","175","0.5","19","175","0.5416666666666666","12","175","0.625","20","175","0.5967741935483871","31","175","0.5208333333333334","24","175","0.5","14","175","0.43478260869565216","23","175","0.47435897435897434","39","175","0.4482758620689655","29","175","0.5","10","175","0.5909090909090909","22","175","0.5","12","175","0.5185185185185185","27","175","0.5555555555555556","18","175","0.5454545454545454","22","175","0.45454545454545453","33","175","0.625","20","175","0.5869565217391305","23","175","0.4375","40","175","0.5370370370370371","27","175","0.6086956521739131","23","175","0.5","24","175","0.5333333333333333","45","175","0.625","40","175","0.5952380952380952","21","175","0.5555555555555556","18","175","0.6","40","175","0.5961538461538461","26","175","0.5681818181818182","44","175","0.5606060606060606","33","175","0.5","40","175","0.5","35","175","0.6282051282051282","39","175","0.5161290322580645","31","175","0.5416666666666666","36","175","0.5","27","175","0.5833333333333334","24","175","0.5416666666666666","24","175","0.5694444444444444","36","175","0.3333333333333333","18","175","0.5","9","175","0.36764705882352944","34","175","0.525","20","175","0.5909090909090909","22"
,"176","0.44","25","176","0.56","25","176","0.46296296296296297","27","176","0.575","20","176","0.4375","16","176","0.5333333333333333","30","176","0.5882352941176471","17","176","0.5","17","176","0.5","11","176","0.34375","16","176","0.5161290322580645","31","176","0.5789473684210527","19","176","0.8125","8","176","0.42105263157894735","19","176","0.7058823529411765","17","176","0.6","15","176","0.475","20","176","0.5416666666666666","12","176","0.625","20","176","0.5967741935483871","31","176","0.5208333333333334","24","176","0.5","14","176","0.45652173913043476","23","176","0.47368421052631576","38","176","0.4482758620689655","29","176","0.5","10","176","0.5909090909090909","22","176","0.5","12","176","0.5384615384615384","26","176","0.5555555555555556","18","176","0.5454545454545454","22","176","0.453125","32","176","0.625","20","176","0.5909090909090909","22","176","0.4375","40","176","0.5370370370370371","27","176","0.625","24","176","0.5","24","176","0.5333333333333333","45","176","0.6153846153846154","39","176","0.5952380952380952","21","176","0.5555555555555556","18","176","0.6025641025641025","39","176","0.5961538461538461","26","176","0.5681818181818182","44","176","0.5606060606060606","33","176","0.5","40","176","0.4852941176470588","34","176","0.6282051282051282","39","176","0.5161290322580645","31","176","0.5416666666666666","36","176","0.5","27","176","0.6086956521739131","23","176","0.5416666666666666","24","176","0.5694444444444444","36","176","0.35294117647058826","17","176","0.5","9","176","0.36764705882352944","34","176","0.525","20","176","0.5909090909090909","22"
,"177","0.44","25","177","0.5416666666666666","24","177","0.4642857142857143","28","177","0.575","20","177","0.4666666666666667","15","177","0.5535714285714286","28","177","0.59375","16","177","0.53125","16","177","0.5","11","177","0.34375","16","177","0.532258064516129","31","177","0.5789473684210527","19","177","0.8125","8","177","0.42105263157894735","19","177","0.7058823529411765","17","177","0.6","15","177","0.475","20","177","0.5416666666666666","12","177","0.625","20","177","0.5967741935483871","31","177","0.5217391304347826","23","177","0.5","14","177","0.45652173913043476","23","177","0.4852941176470588","34","177","0.4482758620689655","29","177","0.5","10","177","0.6190476190476191","21","177","0.5","12","177","0.5384615384615384","26","177","0.5555555555555556","18","177","0.5454545454545454","22","177","0.453125","32","177","0.631578947368421","19","177","0.6","20","177","0.4358974358974359","39","177","0.5370370370370371","27","177","0.6136363636363636","22","177","0.5","24","177","0.5340909090909091","44","177","0.6052631578947368","38","177","0.631578947368421","19","177","0.5555555555555556","18","177","0.5921052631578947","38","177","0.5961538461538461","26","177","0.5681818181818182","44","177","0.5606060606060606","33","177","0.48717948717948717","39","177","0.48484848484848486","33","177","0.6282051282051282","39","177","0.5","30","177","0.5571428571428572","35","177","0.5","27","177","0.6086956521739131","23","177","0.5416666666666666","24","177","0.5694444444444444","36","177","0.35294117647058826","17","177","0.5","9","177","0.36764705882352944","34","177","0.525","20","177","0.5952380952380952","21"
,"178","0.44","25","178","0.5416666666666666","24","178","0.46296296296296297","27","178","0.5526315789473685","19","178","0.4642857142857143","14","178","0.5535714285714286","28","178","0.59375","16","178","0.5","14","178","0.5","11","178","0.34375","16","178","0.532258064516129","31","178","0.5789473684210527","19","178","0.8125","8","178","0.4166666666666667","18","178","0.7058823529411765","17","178","0.6","15","178","0.475","20","178","0.5416666666666666","12","178","0.625","20","178","0.5967741935483871","31","178","0.5227272727272727","22","178","0.5","14","178","0.45652173913043476","23","178","0.4852941176470588","34","178","0.4642857142857143","28","178","0.5","10","178","0.6190476190476191","21","178","0.5","12","178","0.5384615384615384","26","178","0.5588235294117647","17","178","0.5238095238095238","21","178","0.453125","32","178","0.631578947368421","19","178","0.6111111111111112","18","178","0.4358974358974359","39","178","0.5370370370370371","27","178","0.5952380952380952","21","178","0.5","24","178","0.5232558139534884","43","178","0.6052631578947368","38","178","0.631578947368421","19","178","0.5555555555555556","18","178","0.5921052631578947","38","178","0.5961538461538461","26","178","0.5581395348837209","43","178","0.5606060606060606","33","178","0.48717948717948717","39","178","0.48484848484848486","33","178","0.6447368421052632","38","178","0.5","30","178","0.5571428571428572","35","178","0.5","27","178","0.6086956521739131","23","178","0.5416666666666666","24","178","0.5714285714285714","35","178","0.35294117647058826","17","178","0.5","9","178","0.359375","32","178","0.5263157894736842","19","178","0.5952380952380952","21"
,"179","0.44","25","179","0.5416666666666666","24","179","0.46153846153846156","26","179","0.5526315789473685","19","179","0.4642857142857143","14","179","0.5535714285714286","28","179","0.59375","16","179","0.5","13","179","0.5","11","179","0.34375","16","179","0.532258064516129","31","179","0.5833333333333334","18","179","0.8125","8","179","0.46875","16","179","0.71875","16","179","0.6","15","179","0.47058823529411764","17","179","0.5416666666666666","12","179","0.625","20","179","0.6","30","179","0.5227272727272727","22","179","0.5","14","179","0.45652173913043476","23","179","0.4852941176470588","34","179","0.4642857142857143","28","179","0.5","10","179","0.6190476190476191","21","179","0.5","12","179","0.54","25","179","0.5588235294117647","17","179","0.5238095238095238","21","179","0.453125","32","179","0.631578947368421","19","179","0.6111111111111112","18","179","0.42105263157894735","38","179","0.5192307692307693","26","179","0.575","20","179","0.5","24","179","0.5357142857142857","42","179","0.5945945945945946","37","179","0.631578947368421","19","179","0.5588235294117647","17","179","0.5921052631578947","38","179","0.5961538461538461","26","179","0.5609756097560976","41","179","0.5625","32","179","0.4868421052631579","38","179","0.48484848484848486","33","179","0.6447368421052632","38","179","0.5","30","179","0.5735294117647058","34","179","0.5","27","179","0.6041666666666666","24","179","0.5416666666666666","24","179","0.5714285714285714","35","179","0.35294117647058826","17","179","0.5","9","179","0.36666666666666664","30","179","0.5263157894736842","19","179","0.575","20"
,"180","0.4583333333333333","24","180","0.5416666666666666","24","180","0.46153846153846156","26","180","0.5526315789473685","19","180","0.4642857142857143","14","180","0.5555555555555556","27","180","0.59375","16","180","0.5","13","180","0.5","11","180","0.36666666666666664","15","180","0.5333333333333333","30","180","0.5833333333333334","18","180","0.8125","8","180","0.46875","16","180","0.71875","16","180","0.6","15","180","0.47058823529411764","17","180","0.5454545454545454","11","180","0.625","20","180","0.5833333333333334","30","180","0.5227272727272727","22","180","0.5","14","180","0.45454545454545453","22","180","0.48484848484848486","33","180","0.4642857142857143","28","180","0.5","10","180","0.6190476190476191","21","180","0.5","12","180","0.5208333333333334","24","180","0.5588235294117647","17","180","0.5238095238095238","21","180","0.4666666666666667","30","180","0.6388888888888888","18","180","0.6111111111111112","18","180","0.42105263157894735","38","180","0.52","25","180","0.575","20","180","0.5","24","180","0.5357142857142857","42","180","0.5945945945945946","37","180","0.7058823529411765","17","180","0.5588235294117647","17","180","0.5945945945945946","37","180","0.5961538461538461","26","180","0.5609756097560976","41","180","0.5625","32","180","0.4868421052631579","38","180","0.48484848484848486","33","180","0.6447368421052632","38","180","0.5","30","180","0.5735294117647058","34","180","0.5","26","180","0.6041666666666666","24","180","0.5652173913043478","23","180","0.5714285714285714","35","180","0.35294117647058826","17","180","0.5","9","180","0.38333333333333336","30","180","0.5263157894736842","19","180","0.575","20"
,"181","0.4583333333333333","24","181","0.5652173913043478","23","181","0.46153846153846156","26","181","0.5526315789473685","19","181","0.4642857142857143","14","181","0.5555555555555556","27","181","0.59375","16","181","0.5","13","181","0.55","10","181","0.36666666666666664","15","181","0.5333333333333333","30","181","0.5833333333333334","18","181","0.8125","8","181","0.46875","16","181","0.71875","16","181","0.6","15","181","0.47058823529411764","17","181","0.5454545454545454","11","181","0.625","20","181","0.5833333333333334","30","181","0.5227272727272727","22","181","0.5384615384615384","13","181","0.45454545454545453","22","181","0.48484848484848486","33","181","0.4642857142857143","28","181","0.5","10","181","0.6190476190476191","21","181","0.5","11","181","0.5","23","181","0.59375","16","181","0.5238095238095238","21","181","0.46551724137931033","29","181","0.6176470588235294","17","181","0.6111111111111112","18","181","0.4444444444444444","36","181","0.52","25","181","0.5526315789473685","19","181","0.5","24","181","0.5348837209302325","43","181","0.5945945945945946","37","181","0.7058823529411765","17","181","0.5588235294117647","17","181","0.5945945945945946","37","181","0.58","25","181","0.55","40","181","0.5625","32","181","0.4868421052631579","38","181","0.5","32","181","0.6578947368421053","38","181","0.5","29","181","0.5606060606060606","33","181","0.5","26","181","0.6","25","181","0.5652173913043478","23","181","0.5714285714285714","35","181","0.35294117647058826","17","181","0.5","9","181","0.38333333333333336","30","181","0.55","20","181","0.575","20"
,"182","0.4583333333333333","24","182","0.5681818181818182","22","182","0.48","25","182","0.5526315789473685","19","182","0.4642857142857143","14","182","0.5555555555555556","27","182","0.59375","16","182","0.5","13","182","0.55","10","182","0.32142857142857145","14","182","0.5344827586206896","29","182","0.5833333333333334","18","182","0.8571428571428571","7","182","0.46875","16","182","0.71875","16","182","0.6","15","182","0.5","16","182","0.5454545454545454","11","182","0.5833333333333334","18","182","0.5862068965517241","29","182","0.5227272727272727","22","182","0.5384615384615384","13","182","0.45454545454545453","22","182","0.48484848484848486","33","182","0.4642857142857143","28","182","0.5","10","182","0.6190476190476191","21","182","0.5","11","182","0.5","23","182","0.59375","16","182","0.5238095238095238","21","182","0.4642857142857143","28","182","0.6176470588235294","17","182","0.6111111111111112","18","182","0.4444444444444444","36","182","0.52","25","182","0.5526315789473685","19","182","0.5","25","182","0.5348837209302325","43","182","0.6111111111111112","36","182","0.7058823529411765","17","182","0.5588235294117647","17","182","0.5945945945945946","37","182","0.5833333333333334","24","182","0.55","40","182","0.5483870967741935","31","182","0.4868421052631579","38","182","0.5","32","182","0.6486486486486487","37","182","0.48148148148148145","27","182","0.5606060606060606","33","182","0.5","26","182","0.6","25","182","0.5652173913043478","23","182","0.5714285714285714","35","182","0.35294117647058826","17","182","0.5","9","182","0.38333333333333336","30","182","0.55","20","182","0.575","20"
,"183","0.45652173913043476","23","183","0.5681818181818182","22","183","0.48","25","183","0.5526315789473685","19","183","0.4642857142857143","14","183","0.5555555555555556","27","183","0.5666666666666667","15","183","0.5","13","183","0.55","10","183","0.32142857142857145","14","183","0.5344827586206896","29","183","0.5833333333333334","18","183","0.8571428571428571","7","183","0.46875","16","183","0.71875","16","183","0.6","15","183","0.5","16","183","0.5454545454545454","11","183","0.5833333333333334","18","183","0.6071428571428571","28","183","0.5227272727272727","22","183","0.5384615384615384","13","183","0.45454545454545453","22","183","0.48484848484848486","33","183","0.4642857142857143","28","183","0.5","9","183","0.6578947368421053","19","183","0.5","11","183","0.5","23","183","0.5714285714285714","14","183","0.5238095238095238","21","183","0.4642857142857143","28","183","0.6","15","183","0.6111111111111112","18","183","0.4444444444444444","36","183","0.52","25","183","0.5526315789473685","19","183","0.5","24","183","0.5348837209302325","43","183","0.6142857142857143","35","183","0.7058823529411765","17","183","0.5588235294117647","17","183","0.5945945945945946","37","183","0.5833333333333334","24","183","0.55","40","183","0.5483870967741935","31","183","0.5","39","183","0.5","32","183","0.6486486486486487","37","183","0.46","25","183","0.5625","32","183","0.5","26","183","0.5869565217391305","23","183","0.5652173913043478","23","183","0.546875","32","183","0.34375","16","183","0.5","9","183","0.38333333333333336","30","183","0.55","20","183","0.5789473684210527","19"
,"184","0.45454545454545453","22","184","0.5681818181818182","22","184","0.48","25","184","0.5526315789473685","19","184","0.4642857142857143","14","184","0.5555555555555556","27","184","0.5666666666666667","15","184","0.5","13","184","0.55","10","184","0.34615384615384615","13","184","0.5344827586206896","29","184","0.5833333333333334","18","184","0.8571428571428571","7","184","0.4666666666666667","15","184","0.71875","16","184","0.5714285714285714","14","184","0.5","16","184","0.5454545454545454","11","184","0.5833333333333334","18","184","0.6071428571428571","28","184","0.5227272727272727","22","184","0.5384615384615384","13","184","0.45454545454545453","22","184","0.484375","32","184","0.4642857142857143","28","184","0.5","9","184","0.6578947368421053","19","184","0.5","11","184","0.5","22","184","0.5714285714285714","14","184","0.525","20","184","0.4642857142857143","28","184","0.6","15","184","0.6111111111111112","18","184","0.44594594594594594","37","184","0.52","25","184","0.5526315789473685","19","184","0.5","24","184","0.5348837209302325","43","184","0.6029411764705882","34","184","0.7058823529411765","17","184","0.5588235294117647","17","184","0.5945945945945946","37","184","0.5833333333333334","24","184","0.5512820512820513","39","184","0.5483870967741935","31","184","0.4864864864864865","37","184","0.5","31","184","0.6571428571428571","35","184","0.46","25","184","0.5625","32","184","0.5","26","184","0.5869565217391305","23","184","0.5652173913043478","23","184","0.546875","32","184","0.34375","16","184","0.5","9","184","0.38333333333333336","30","184","0.55","20","184","0.6111111111111112","18"
,"185","0.45454545454545453","22","185","0.5681818181818182","22","185","0.48","25","185","0.5526315789473685","19","185","0.4642857142857143","14","185","0.5384615384615384","26","185","0.5666666666666667","15","185","0.5","13","185","0.55","10","185","0.34615384615384615","13","185","0.5344827586206896","29","185","0.5833333333333334","18","185","0.8571428571428571","7","185","0.4666666666666667","15","185","0.71875","16","185","0.5714285714285714","14","185","0.5","15","185","0.5454545454545454","11","185","0.5833333333333334","18","185","0.6296296296296297","27","185","0.5227272727272727","22","185","0.5384615384615384","13","185","0.42857142857142855","21","185","0.484375","32","185","0.46296296296296297","27","185","0.5","9","185","0.6578947368421053","19","185","0.5","11","185","0.5","22","185","0.5714285714285714","14","185","0.525","20","185","0.4642857142857143","28","185","0.5714285714285714","14","185","0.6111111111111112","18","185","0.4444444444444444","36","185","0.52","25","185","0.5526315789473685","19","185","0.5","24","185","0.5357142857142857","42","185","0.6029411764705882","34","185","0.6875","16","185","0.5588235294117647","17","185","0.5833333333333334","36","185","0.5833333333333334","24","185","0.5512820512820513","39","185","0.5645161290322581","31","185","0.47368421052631576","38","185","0.5","31","185","0.6617647058823529","34","185","0.46","25","185","0.5625","32","185","0.5","25","185","0.5869565217391305","23","185","0.5652173913043478","23","185","0.532258064516129","31","185","0.34375","16","185","0.5","9","185","0.38333333333333336","30","185","0.55","20","185","0.6111111111111112","18"
,"186","0.45454545454545453","22","186","0.5681818181818182","22","186","0.48","25","186","0.5526315789473685","19","186","0.4642857142857143","14","186","0.5384615384615384","26","186","0.5666666666666667","15","186","0.5","13","186","0.55","10","186","0.34615384615384615","13","186","0.5344827586206896","29","186","0.5625","16","186","0.8571428571428571","7","186","0.4666666666666667","15","186","0.71875","16","186","0.5714285714285714","14","186","0.5","15","186","0.5454545454545454","11","186","0.5882352941176471","17","186","0.6153846153846154","26","186","0.5238095238095238","21","186","0.5384615384615384","13","186","0.42857142857142855","21","186","0.484375","32","186","0.46296296296296297","27","186","0.5","9","186","0.6578947368421053","19","186","0.5","11","186","0.5","21","186","0.5714285714285714","14","186","0.525","20","186","0.46296296296296297","27","186","0.5714285714285714","14","186","0.6111111111111112","18","186","0.4444444444444444","36","186","0.52","25","186","0.5526315789473685","19","186","0.5","24","186","0.5357142857142857","42","186","0.6029411764705882","34","186","0.6875","16","186","0.5588235294117647","17","186","0.5833333333333334","36","186","0.5869565217391305","23","186","0.5512820512820513","39","186","0.5645161290322581","31","186","0.47297297297297297","37","186","0.484375","32","186","0.6666666666666666","33","186","0.46","25","186","0.5645161290322581","31","186","0.5208333333333334","24","186","0.5869565217391305","23","186","0.5714285714285714","21","186","0.532258064516129","31","186","0.34375","16","186","0.5","9","186","0.39655172413793105","29","186","0.55","20","186","0.6111111111111112","18"
,"187","0.45454545454545453","22","187","0.5681818181818182","22","187","0.48","25","187","0.5526315789473685","19","187","0.4642857142857143","14","187","0.54","25","187","0.5666666666666667","15","187","0.5","13","187","0.5555555555555556","9","187","0.34615384615384615","13","187","0.5357142857142857","28","187","0.5625","16","187","0.8571428571428571","7","187","0.4666666666666667","15","187","0.7666666666666667","15","187","0.5714285714285714","14","187","0.5","15","187","0.5454545454545454","11","187","0.5882352941176471","17","187","0.6153846153846154","26","187","0.5238095238095238","21","187","0.5384615384615384","13","187","0.42857142857142855","21","187","0.484375","32","187","0.46296296296296297","27","187","0.5","9","187","0.6578947368421053","19","187","0.5","11","187","0.5","21","187","0.5714285714285714","14","187","0.525","20","187","0.4642857142857143","28","187","0.5714285714285714","14","187","0.6111111111111112","18","187","0.4444444444444444","36","187","0.52","25","187","0.5526315789473685","19","187","0.5","24","187","0.5128205128205128","39","187","0.6142857142857143","35","187","0.6875","16","187","0.5588235294117647","17","187","0.5833333333333334","36","187","0.5681818181818182","22","187","0.5512820512820513","39","187","0.5645161290322581","31","187","0.47297297297297297","37","187","0.484375","32","187","0.6666666666666666","33","187","0.45652173913043476","23","187","0.5833333333333334","30","187","0.5208333333333334","24","187","0.5869565217391305","23","187","0.5454545454545454","22","187","0.532258064516129","31","187","0.34375","16","187","0.5","9","187","0.39655172413793105","29","187","0.55","20","187","0.6111111111111112","18"
,"188","0.45454545454545453","22","188","0.5681818181818182","22","188","0.48","25","188","0.5555555555555556","18","188","0.4642857142857143","14","188","0.5652173913043478","23","188","0.5666666666666667","15","188","0.5","12","188","0.5555555555555556","9","188","0.34615384615384615","13","188","0.5357142857142857","28","188","0.5625","16","188","0.8571428571428571","7","188","0.4666666666666667","15","188","0.7857142857142857","14","188","0.5714285714285714","14","188","0.5","15","188","0.5555555555555556","9","188","0.5882352941176471","17","188","0.6153846153846154","26","188","0.5238095238095238","21","188","0.5384615384615384","13","188","0.42857142857142855","21","188","0.484375","32","188","0.4807692307692308","26","188","0.4375","8","188","0.6578947368421053","19","188","0.5","11","188","0.5","21","188","0.5714285714285714","14","188","0.525","20","188","0.4642857142857143","28","188","0.5714285714285714","14","188","0.6111111111111112","18","188","0.45714285714285713","35","188","0.52","25","188","0.55","20","188","0.5","24","188","0.5128205128205128","39","188","0.6","35","188","0.7","15","188","0.5588235294117647","17","188","0.5714285714285714","35","188","0.5681818181818182","22","188","0.5526315789473685","38","188","0.5666666666666667","30","188","0.4722222222222222","36","188","0.484375","32","188","0.65625","32","188","0.47619047619047616","21","188","0.5689655172413793","29","188","0.5208333333333334","24","188","0.5869565217391305","23","188","0.5454545454545454","22","188","0.532258064516129","31","188","0.34375","16","188","0.5","9","188","0.39655172413793105","29","188","0.55","20","188","0.6111111111111112","18"
,"189","0.47619047619047616","21","189","0.5714285714285714","21","189","0.48","25","189","0.5294117647058824","17","189","0.4642857142857143","14","189","0.5652173913043478","23","189","0.5666666666666667","15","189","0.5","12","189","0.5555555555555556","9","189","0.375","12","189","0.5357142857142857","28","189","0.5625","16","189","0.9166666666666666","6","189","0.4666666666666667","15","189","0.8076923076923077","13","189","0.5714285714285714","14","189","0.5","15","189","0.5555555555555556","9","189","0.5882352941176471","17","189","0.62","25","189","0.5238095238095238","21","189","0.5416666666666666","12","189","0.42857142857142855","21","189","0.4838709677419355","31","189","0.4807692307692308","26","189","0.4375","8","189","0.6666666666666666","18","189","0.55","10","189","0.5","21","189","0.5714285714285714","14","189","0.525","20","189","0.4642857142857143","28","189","0.5714285714285714","14","189","0.6111111111111112","18","189","0.45714285714285713","35","189","0.52","25","189","0.55","20","189","0.5","23","189","0.5128205128205128","39","189","0.6","35","189","0.7","15","189","0.5588235294117647","17","189","0.5714285714285714","35","189","0.5681818181818182","22","189","0.5694444444444444","36","189","0.5666666666666667","30","189","0.4722222222222222","36","189","0.484375","32","189","0.6612903225806451","31","189","0.5","20","189","0.5689655172413793","29","189","0.5208333333333334","24","189","0.5869565217391305","23","189","0.5454545454545454","22","189","0.532258064516129","31","189","0.34375","16","189","0.5","9","189","0.39655172413793105","29","189","0.55","20","189","0.6111111111111112","18"
,"190","0.45","20","190","0.5714285714285714","21","190","0.5","24","190","0.5294117647058824","17","190","0.4642857142857143","14","190","0.5652173913043478","23","190","0.5666666666666667","15","190","0.5","12","190","0.5555555555555556","9","190","0.375","12","190","0.5357142857142857","28","190","0.5625","16","190","0.9166666666666666","6","190","0.4666666666666667","15","190","0.8076923076923077","13","190","0.5714285714285714","14","190","0.5","15","190","0.5555555555555556","9","190","0.625","16","190","0.62","25","190","0.5238095238095238","21","190","0.5454545454545454","11","190","0.45","20","190","0.4838709677419355","31","190","0.4807692307692308","26","190","0.4375","8","190","0.6470588235294118","17","190","0.55","10","190","0.5","21","190","0.5714285714285714","14","190","0.525","20","190","0.4642857142857143","28","190","0.5714285714285714","14","190","0.5882352941176471","17","190","0.45714285714285713","35","190","0.52","25","190","0.55","20","190","0.5","23","190","0.5128205128205128","39","190","0.6","35","190","0.7","15","190","0.5625","16","190","0.5714285714285714","35","190","0.5681818181818182","22","190","0.5694444444444444","36","190","0.5666666666666667","30","190","0.4714285714285714","35","190","0.484375","32","190","0.6666666666666666","30","190","0.5","20","190","0.5689655172413793","29","190","0.5","23","190","0.5869565217391305","23","190","0.5454545454545454","22","190","0.55","30","190","0.34375","16","190","0.5","9","190","0.39655172413793105","29","190","0.55","20","190","0.6111111111111112","18"
,"191","0.45","20","191","0.5714285714285714","21","191","0.5","24","191","0.5294117647058824","17","191","0.4642857142857143","14","191","0.5652173913043478","23","191","0.5666666666666667","15","191","0.5","12","191","0.5625","8","191","0.375","12","191","0.5370370370370371","27","191","0.5625","16","191","0.9166666666666666","6","191","0.4666666666666667","15","191","0.8076923076923077","13","191","0.5714285714285714","14","191","0.5","15","191","0.625","8","191","0.625","16","191","0.62","25","191","0.5238095238095238","21","191","0.5833333333333334","12","191","0.45","20","191","0.48333333333333334","30","191","0.4807692307692308","26","191","0.4375","8","191","0.6470588235294118","17","191","0.55","10","191","0.5","21","191","0.5714285714285714","14","191","0.525","20","191","0.4642857142857143","28","191","0.5769230769230769","13","191","0.5882352941176471","17","191","0.45714285714285713","35","191","0.5416666666666666","24","191","0.55","20","191","0.5227272727272727","22","191","0.5128205128205128","39","191","0.6","35","191","0.7","15","191","0.5625","16","191","0.5714285714285714","35","191","0.5681818181818182","22","191","0.5857142857142857","35","191","0.5666666666666667","30","191","0.4714285714285714","35","191","0.484375","32","191","0.6666666666666666","30","191","0.5","20","191","0.5689655172413793","29","191","0.5","23","191","0.5869565217391305","23","191","0.5454545454545454","22","191","0.5517241379310345","29","191","0.34375","16","191","0.5","9","191","0.39655172413793105","29","191","0.55","20","191","0.6176470588235294","17"
,"192","0.45","20","192","0.575","20","192","0.5","24","192","0.5294117647058824","17","192","0.4642857142857143","14","192","0.5652173913043478","23","192","0.53125","16","192","0.5","12","192","0.5625","8","192","0.375","12","192","0.5384615384615384","26","192","0.5625","16","192","0.9166666666666666","6","192","0.4666666666666667","15","192","0.8076923076923077","13","192","0.5714285714285714","14","192","0.5","15","192","0.625","8","192","0.6","15","192","0.62","25","192","0.5238095238095238","21","192","0.5833333333333334","12","192","0.45","20","192","0.48148148148148145","27","192","0.5","25","192","0.4375","8","192","0.6470588235294118","17","192","0.55","10","192","0.5","21","192","0.5714285714285714","14","192","0.525","20","192","0.4807692307692308","26","192","0.5416666666666666","12","192","0.59375","16","192","0.47058823529411764","34","192","0.5416666666666666","24","192","0.55","20","192","0.5227272727272727","22","192","0.5128205128205128","39","192","0.6","35","192","0.7","15","192","0.5666666666666667","15","192","0.5714285714285714","35","192","0.5681818181818182","22","192","0.6029411764705882","34","192","0.5689655172413793","29","192","0.4714285714285714","35","192","0.4838709677419355","31","192","0.6724137931034483","29","192","0.5263157894736842","19","192","0.5689655172413793","29","192","0.5","23","192","0.5869565217391305","23","192","0.5454545454545454","22","192","0.5357142857142857","28","192","0.34375","16","192","0.5","9","192","0.39285714285714285","28","192","0.55","20","192","0.6176470588235294","17"
,"193","0.45","20","193","0.575","20","193","0.5","25","193","0.5294117647058824","17","193","0.4642857142857143","14","193","0.5909090909090909","22","193","0.53125","16","193","0.5","12","193","0.5625","8","193","0.4090909090909091","11","193","0.5384615384615384","26","193","0.5625","16","193","0.9166666666666666","6","193","0.4666666666666667","15","193","0.8076923076923077","13","193","0.5714285714285714","14","193","0.5","15","193","0.625","8","193","0.6","15","193","0.62","25","193","0.525","20","193","0.5833333333333334","12","193","0.45","20","193","0.48148148148148145","27","193","0.5","25","193","0.4375","8","193","0.625","16","193","0.55","10","193","0.5","21","193","0.5714285714285714","14","193","0.525","20","193","0.4807692307692308","26","193","0.5416666666666666","12","193","0.59375","16","193","0.47058823529411764","34","193","0.5434782608695652","23","193","0.55","20","193","0.5","21","193","0.5131578947368421","38","193","0.6","35","193","0.7142857142857143","14","193","0.5714285714285714","14","193","0.5833333333333334","36","193","0.5681818181818182","22","193","0.6029411764705882","34","193","0.5714285714285714","28","193","0.4714285714285714","35","193","0.4838709677419355","31","193","0.6724137931034483","29","193","0.5263157894736842","19","193","0.5714285714285714","28","193","0.5","23","193","0.5952380952380952","21","193","0.5454545454545454","22","193","0.5357142857142857","28","193","0.34375","16","193","0.5","10","193","0.39285714285714285","28","193","0.55","20","193","0.6176470588235294","17"
,"194","0.45","20","194","0.575","20","194","0.5","24","194","0.5294117647058824","17","194","0.4642857142857143","14","194","0.5909090909090909","22","194","0.53125","16","194","0.5","11","194","0.5625","8","194","0.4090909090909091","11","194","0.5384615384615384","26","194","0.5625","16","194","0.9166666666666666","6","194","0.4642857142857143","14","194","0.8333333333333334","12","194","0.5769230769230769","13","194","0.5","14","194","0.625","8","194","0.6","15","194","0.62","25","194","0.525","20","194","0.5833333333333334","12","194","0.45","20","194","0.48148148148148145","27","194","0.5208333333333334","24","194","0.4375","8","194","0.625","16","194","0.55","10","194","0.5","21","194","0.5714285714285714","14","194","0.525","20","194","0.4807692307692308","26","194","0.5","11","194","0.59375","16","194","0.4696969696969697","33","194","0.5681818181818182","22","194","0.55","20","194","0.5","21","194","0.5131578947368421","38","194","0.6","35","194","0.7142857142857143","14","194","0.5714285714285714","14","194","0.5857142857142857","35","194","0.5681818181818182","22","194","0.5909090909090909","33","194","0.5714285714285714","28","194","0.47058823529411764","34","194","0.5","30","194","0.6724137931034483","29","194","0.5277777777777778","18","194","0.5714285714285714","28","194","0.5","23","194","0.5952380952380952","21","194","0.5454545454545454","22","194","0.5357142857142857","28","194","0.34375","16","194","0.5","9","194","0.3888888888888889","27","194","0.55","20","194","0.6176470588235294","17"
,"195","0.4473684210526316","19","195","0.5526315789473685","19","195","0.5","24","195","0.5294117647058824","17","195","0.4642857142857143","14","195","0.5909090909090909","22","195","0.53125","16","195","0.5","11","195","0.5625","8","195","0.4090909090909091","11","195","0.5208333333333334","24","195","0.5625","16","195","0.9","5","195","0.4642857142857143","14","195","0.8333333333333334","12","195","0.5769230769230769","13","195","0.5","14","195","0.625","8","195","0.6","15","195","0.62","25","195","0.525","20","195","0.5833333333333334","12","195","0.47368421052631576","19","195","0.48148148148148145","27","195","0.5208333333333334","24","195","0.4375","8","195","0.625","16","195","0.55","10","195","0.5","21","195","0.5714285714285714","14","195","0.525","20","195","0.46","25","195","0.5","11","195","0.59375","16","195","0.4696969696969697","33","195","0.5681818181818182","22","195","0.5789473684210527","19","195","0.5","21","195","0.5131578947368421","38","195","0.6","35","195","0.7083333333333334","12","195","0.5714285714285714","14","195","0.5735294117647058","34","195","0.5681818181818182","22","195","0.5909090909090909","33","195","0.5714285714285714","28","195","0.4696969696969697","33","195","0.5","29","195","0.6724137931034483","29","195","0.5277777777777778","18","195","0.5740740740740741","27","195","0.5","22","195","0.5952380952380952","21","195","0.5454545454545454","22","195","0.5357142857142857","28","195","0.34375","16","195","0.5625","8","195","0.3888888888888889","27","195","0.55","20","195","0.6176470588235294","17"
,"196","0.4473684210526316","19","196","0.5526315789473685","19","196","0.5","23","196","0.5294117647058824","17","196","0.4642857142857143","14","196","0.5869565217391305","23","196","0.53125","16","196","0.5","11","196","0.5","6","196","0.4090909090909091","11","196","0.5434782608695652","23","196","0.5625","16","196","0.9","5","196","0.4642857142857143","14","196","0.8333333333333334","12","196","0.5769230769230769","13","196","0.5","14","196","0.625","8","196","0.6","15","196","0.62","25","196","0.525","20","196","0.5833333333333334","12","196","0.47368421052631576","19","196","0.48148148148148145","27","196","0.5208333333333334","24","196","0.4375","8","196","0.625","16","196","0.55","10","196","0.5","21","196","0.5714285714285714","14","196","0.525","20","196","0.46","25","196","0.5","11","196","0.59375","16","196","0.4696969696969697","33","196","0.5681818181818182","22","196","0.5789473684210527","19","196","0.5","21","196","0.5131578947368421","38","196","0.6","35","196","0.7083333333333334","12","196","0.5714285714285714","14","196","0.5735294117647058","34","196","0.5681818181818182","22","196","0.5909090909090909","33","196","0.5555555555555556","27","196","0.5","30","196","0.5","29","196","0.6833333333333333","30","196","0.5277777777777778","18","196","0.5740740740740741","27","196","0.5","22","196","0.5952380952380952","21","196","0.5454545454545454","22","196","0.5357142857142857","28","196","0.34375","16","196","0.5625","8","196","0.40384615384615385","26","196","0.55","20","196","0.6176470588235294","17"
,"197","0.4444444444444444","18","197","0.5277777777777778","18","197","0.47619047619047616","21","197","0.5294117647058824","17","197","0.46153846153846156","13","197","0.5869565217391305","23","197","0.53125","16","197","0.5","11","197","0.5","6","197","0.45","10","197","0.5434782608695652","23","197","0.5625","16","197","0.9","5","197","0.4642857142857143","14","197","0.8181818181818182","11","197","0.5769230769230769","13","197","0.5","14","197","0.625","8","197","0.6","15","197","0.62","25","197","0.525","20","197","0.5909090909090909","11","197","0.47368421052631576","19","197","0.48148148148148145","27","197","0.5208333333333334","24","197","0.4375","8","197","0.6","15","197","0.55","10","197","0.5","21","197","0.5714285714285714","14","197","0.525","20","197","0.46","25","197","0.5","11","197","0.59375","16","197","0.4696969696969697","33","197","0.5681818181818182","22","197","0.5833333333333334","18","197","0.5","20","197","0.5131578947368421","38","197","0.6029411764705882","34","197","0.7083333333333334","12","197","0.5714285714285714","14","197","0.5735294117647058","34","197","0.5681818181818182","22","197","0.5909090909090909","33","197","0.5555555555555556","27","197","0.5","29","197","0.5178571428571429","28","197","0.6833333333333333","30","197","0.5294117647058824","17","197","0.5740740740740741","27","197","0.5","22","197","0.6","20","197","0.5454545454545454","22","197","0.5357142857142857","28","197","0.34375","16","197","0.5625","8","197","0.40384615384615385","26","197","0.55","20","197","0.6176470588235294","17"
,"198","0.4444444444444444","18","198","0.5277777777777778","18","198","0.47619047619047616","21","198","0.5294117647058824","17","198","0.46153846153846156","13","198","0.5869565217391305","23","198","0.5333333333333333","15","198","0.5","11","198","0.5","6","198","0.45","10","198","0.5227272727272727","22","198","0.6071428571428571","14","198","0.9","5","198","0.4642857142857143","14","198","0.8181818181818182","11","198","0.5833333333333334","12","198","0.5","14","198","0.625","8","198","0.6","15","198","0.62","25","198","0.525","20","198","0.65","10","198","0.4722222222222222","18","198","0.48148148148148145","27","198","0.5208333333333334","24","198","0.4375","8","198","0.6071428571428571","14","198","0.55","10","198","0.5","21","198","0.5454545454545454","11","198","0.525","20","198","0.46","25","198","0.5","11","198","0.59375","16","198","0.4696969696969697","33","198","0.5681818181818182","22","198","0.5833333333333334","18","198","0.5","20","198","0.5131578947368421","38","198","0.6029411764705882","34","198","0.7083333333333334","12","198","0.5714285714285714","14","198","0.5735294117647058","34","198","0.5681818181818182","22","198","0.59375","32","198","0.5576923076923077","26","198","0.5","29","198","0.5178571428571429","28","198","0.6851851851851852","27","198","0.5294117647058824","17","198","0.5740740740740741","27","198","0.5","22","198","0.6052631578947368","19","198","0.5454545454545454","22","198","0.5357142857142857","28","198","0.34375","16","198","0.5","7","198","0.40384615384615385","26","198","0.55","20","198","0.6176470588235294","17"
,"199","0.5","16","199","0.53125","16","199","0.47619047619047616","21","199","0.5294117647058824","17","199","0.46153846153846156","13","199","0.5869565217391305","23","199","0.5","14","199","0.5","11","199","0.5","6","199","0.45","10","199","0.5227272727272727","22","199","0.6071428571428571","14","199","0.9","5","199","0.4642857142857143","14","199","0.8181818181818182","11","199","0.5833333333333334","12","199","0.5","14","199","0.625","8","199","0.5714285714285714","14","199","0.62","25","199","0.5","19","199","0.65","10","199","0.47058823529411764","17","199","0.48148148148148145","27","199","0.5208333333333334","24","199","0.35714285714285715","7","199","0.6071428571428571","14","199","0.55","10","199","0.5","21","199","0.55","10","199","0.525","20","199","0.46","25","199","0.5","11","199","0.59375","16","199","0.4696969696969697","33","199","0.5681818181818182","22","199","0.5882352941176471","17","199","0.5","20","199","0.5131578947368421","38","199","0.6029411764705882","34","199","0.7083333333333334","12","199","0.5769230769230769","13","199","0.5606060606060606","33","199","0.5681818181818182","22","199","0.59375","32","199","0.5576923076923077","26","199","0.5","29","199","0.5178571428571429","28","199","0.6923076923076923","26","199","0.5294117647058824","17","199","0.5740740740740741","27","199","0.5","22","199","0.6052631578947368","19","199","0.5454545454545454","22","199","0.5370370370370371","27","199","0.34375","16","199","0.5","6","199","0.40384615384615385","26","199","0.55","20","199","0.6176470588235294","17"
,"200","0.5","16","200","0.53125","16","200","0.47619047619047616","21","200","0.5","16","200","0.4583333333333333","12","200","0.5681818181818182","22","200","0.5","14","200","0.5","11","200","0.5","6","200","0.45","10","200","0.5227272727272727","22","200","0.6071428571428571","14","200","0.9","5","200","0.4642857142857143","14","200","0.8181818181818182","11","200","0.5833333333333334","12","200","0.5","13","200","0.625","8","200","0.5714285714285714","14","200","0.62","25","200","0.4722222222222222","18","200","0.65","10","200","0.47058823529411764","17","200","0.48148148148148145","27","200","0.5208333333333334","24","200","0.3333333333333333","6","200","0.5769230769230769","13","200","0.55","10","200","0.5","21","200","0.55","10","200","0.525","20","200","0.46","25","200","0.5","11","200","0.5666666666666667","15","200","0.46774193548387094","31","200","0.55","20","200","0.5882352941176471","17","200","0.5","19","200","0.5131578947368421","38","200","0.6029411764705882","34","200","0.7083333333333334","12","200","0.5833333333333334","12","200","0.546875","32","200","0.5681818181818182","22","200","0.59375","32","200","0.5576923076923077","26","200","0.48214285714285715","28","200","0.5192307692307693","26","200","0.6923076923076923","26","200","0.5625","16","200","0.5740740740740741","27","200","0.5","22","200","0.6052631578947368","19","200","0.5454545454545454","22","200","0.5370370370370371","27","200","0.34375","16","200","0.5","6","200","0.40384615384615385","26","200","0.55","20","200","0.6176470588235294","17"
,"201","0.5","16","201","0.53125","16","201","0.45","20","201","0.5","15","201","0.4583333333333333","12","201","0.5681818181818182","22","201","0.5","14","201","0.5","11","201","0.5","6","201","0.45","10","201","0.5227272727272727","22","201","0.6071428571428571","14","201","0.9","5","201","0.4642857142857143","14","201","0.8","10","201","0.5833333333333334","12","201","0.5","13","201","0.625","8","201","0.5384615384615384","13","201","0.62","25","201","0.4722222222222222","18","201","0.65","10","201","0.47058823529411764","17","201","0.4642857142857143","28","201","0.5217391304347826","23","201","0.3333333333333333","6","201","0.5833333333333334","12","201","0.55","10","201","0.475","20","201","0.55","10","201","0.525","20","201","0.4791666666666667","24","201","0.5","11","201","0.5666666666666667","15","201","0.48333333333333334","30","201","0.55","20","201","0.5625","16","201","0.5","19","201","0.5131578947368421","38","201","0.59375","32","201","0.7083333333333334","12","201","0.5909090909090909","11","201","0.5645161290322581","31","201","0.5714285714285714","21","201","0.59375","32","201","0.5576923076923077","26","201","0.48214285714285715","28","201","0.5192307692307693","26","201","0.6923076923076923","26","201","0.5625","16","201","0.58","25","201","0.5","22","201","0.6052631578947368","19","201","0.5454545454545454","22","201","0.5370370370370371","27","201","0.34375","16","201","0.5","6","201","0.40384615384615385","26","201","0.55","20","201","0.6176470588235294","17"
,"202","0.5","16","202","0.53125","16","202","0.45","20","202","0.5","15","202","0.4583333333333333","12","202","0.5681818181818182","22","202","0.5","14","202","0.5","11","202","0.5","6","202","0.45","10","202","0.5227272727272727","22","202","0.5769230769230769","13","202","0.9","5","202","0.4642857142857143","14","202","0.8","10","202","0.5833333333333334","12","202","0.5","13","202","0.625","8","202","0.5384615384615384","13","202","0.62","25","202","0.4722222222222222","18","202","0.65","10","202","0.47058823529411764","17","202","0.4642857142857143","28","202","0.5217391304347826","23","202","0.3333333333333333","6","202","0.5833333333333334","12","202","0.55","10","202","0.47368421052631576","19","202","0.55","10","202","0.5526315789473685","19","202","0.4791666666666667","24","202","0.5","11","202","0.5666666666666667","15","202","0.48333333333333334","30","202","0.55","20","202","0.5625","16","202","0.5","19","202","0.5131578947368421","38","202","0.59375","32","202","0.7083333333333334","12","202","0.65","10","202","0.5645161290322581","31","202","0.5714285714285714","21","202","0.5967741935483871","31","202","0.54","25","202","0.48214285714285715","28","202","0.5","25","202","0.6923076923076923","26","202","0.5625","16","202","0.58","25","202","0.5","22","202","0.6052631578947368","19","202","0.5454545454545454","22","202","0.5384615384615384","26","202","0.34375","16","202","0.5","6","202","0.38","25","202","0.55","20","202","0.6176470588235294","17"
,"203","0.5","16","203","0.5","15","203","0.45","20","203","0.4642857142857143","14","203","0.4583333333333333","12","203","0.5681818181818182","22","203","0.5","14","203","0.5","11","203","0.5","6","203","0.45","10","203","0.5238095238095238","21","203","0.5833333333333334","12","203","0.9","5","203","0.4642857142857143","14","203","0.8","10","203","0.5833333333333334","12","203","0.5","13","203","0.625","8","203","0.5416666666666666","12","203","0.62","25","203","0.4722222222222222","18","203","0.65","10","203","0.47058823529411764","17","203","0.46296296296296297","27","203","0.5454545454545454","22","203","0.3333333333333333","6","203","0.5833333333333334","12","203","0.55","10","203","0.47368421052631576","19","203","0.625","8","203","0.5526315789473685","19","203","0.45652173913043476","23","203","0.5","11","203","0.5714285714285714","14","203","0.48333333333333334","30","203","0.55","20","203","0.5625","16","203","0.5","19","203","0.5131578947368421","38","203","0.5806451612903226","31","203","0.7083333333333334","12","203","0.65","10","203","0.5344827586206896","29","203","0.5714285714285714","21","203","0.5967741935483871","31","203","0.5416666666666666","24","203","0.48214285714285715","28","203","0.5","25","203","0.6923076923076923","26","203","0.5666666666666667","15","203","0.58","25","203","0.5","22","203","0.6052631578947368","19","203","0.5476190476190477","21","203","0.5384615384615384","26","203","0.39285714285714285","14","203","0.5","6","203","0.38","25","203","0.55","20","203","0.6176470588235294","17"
,"204","0.5","16","204","0.5","15","204","0.47368421052631576","19","204","0.5","14","204","0.4583333333333333","12","204","0.5681818181818182","22","204","0.5","14","204","0.5","11","204","0.5","6","204","0.4444444444444444","9","204","0.525","20","204","0.5833333333333334","12","204","0.9","5","204","0.4642857142857143","14","204","0.8","10","204","0.5833333333333334","12","204","0.5","12","204","0.625","8","204","0.5454545454545454","11","204","0.6041666666666666","24","204","0.4722222222222222","18","204","0.65","10","204","0.47058823529411764","17","204","0.46296296296296297","27","204","0.5454545454545454","22","204","0.3333333333333333","6","204","0.5833333333333334","12","204","0.5","9","204","0.47368421052631576","19","204","0.625","8","204","0.5526315789473685","19","204","0.45454545454545453","22","204","0.55","10","204","0.5714285714285714","14","204","0.48333333333333334","30","204","0.55","20","204","0.5625","16","204","0.5","19","204","0.5131578947368421","38","204","0.5806451612903226","31","204","0.7083333333333334","12","204","0.65","10","204","0.5344827586206896","29","204","0.5714285714285714","21","204","0.5967741935483871","31","204","0.5416666666666666","24","204","0.48148148148148145","27","204","0.5","25","204","0.6923076923076923","26","204","0.5666666666666667","15","204","0.58","25","204","0.5","22","204","0.6052631578947368","19","204","0.5476190476190477","21","204","0.52","25","204","0.39285714285714285","14","204","0.5","6","204","0.38","25","204","0.55","20","204","0.6","15"
,"205","0.5","15","205","0.5","15","205","0.4722222222222222","18","205","0.5","14","205","0.4583333333333333","12","205","0.5476190476190477","21","205","0.5384615384615384","13","205","0.5","11","205","0.5","6","205","0.4444444444444444","9","205","0.525","20","205","0.5833333333333334","12","205","0.9","5","205","0.4642857142857143","14","205","0.8","10","205","0.5833333333333334","12","205","0.5","12","205","0.625","8","205","0.5454545454545454","11","205","0.6041666666666666","24","205","0.4722222222222222","18","205","0.65","10","205","0.47058823529411764","17","205","0.46296296296296297","27","205","0.5476190476190477","21","205","0.3333333333333333","6","205","0.5909090909090909","11","205","0.4375","8","205","0.5","18","205","0.625","8","205","0.5526315789473685","19","205","0.42857142857142855","21","205","0.5555555555555556","9","205","0.5714285714285714","14","205","0.5","29","205","0.55","20","205","0.5625","16","205","0.4722222222222222","18","205","0.5131578947368421","38","205","0.5806451612903226","31","205","0.7083333333333334","12","205","0.65","10","205","0.5344827586206896","29","205","0.5714285714285714","21","205","0.5967741935483871","31","205","0.5416666666666666","24","205","0.48148148148148145","27","205","0.5","26","205","0.7","25","205","0.5666666666666667","15","205","0.58","25","205","0.5","22","205","0.6052631578947368","19","205","0.5476190476190477","21","205","0.5208333333333334","24","205","0.39285714285714285","14","205","0.5","6","205","0.38","25","205","0.55","20","205","0.6071428571428571","14"
,"206","0.5","15","206","0.5","15","206","0.46875","16","206","0.5384615384615384","13","206","0.4583333333333333","12","206","0.5476190476190477","21","206","0.5384615384615384","13","206","0.5","11","206","0.5","6","206","0.4444444444444444","9","206","0.525","20","206","0.5833333333333334","12","206","0.875","4","206","0.4642857142857143","14","206","0.8","10","206","0.5833333333333334","12","206","0.5","12","206","0.625","8","206","0.5454545454545454","11","206","0.6","25","206","0.45","20","206","0.65","10","206","0.47058823529411764","17","206","0.4807692307692308","26","206","0.5476190476190477","21","206","0.3333333333333333","6","206","0.5909090909090909","11","206","0.4375","8","206","0.5","18","206","0.625","8","206","0.5526315789473685","19","206","0.42857142857142855","21","206","0.5555555555555556","9","206","0.5714285714285714","14","206","0.5","29","206","0.55","20","206","0.5625","16","206","0.4722222222222222","18","206","0.5131578947368421","38","206","0.5833333333333334","30","206","0.7083333333333334","12","206","0.6666666666666666","9","206","0.5344827586206896","29","206","0.5714285714285714","21","206","0.6","30","206","0.5416666666666666","24","206","0.48148148148148145","27","206","0.5","25","206","0.7","25","206","0.5666666666666667","15","206","0.58","25","206","0.5","22","206","0.6052631578947368","19","206","0.5476190476190477","21","206","0.5217391304347826","23","206","0.38461538461538464","13","206","0.5","5","206","0.38","25","206","0.55","20","206","0.6071428571428571","14"
,"207","0.5","15","207","0.5","15","207","0.46875","16","207","0.5384615384615384","13","207","0.4583333333333333","12","207","0.55","20","207","0.5384615384615384","13","207","0.5","11","207","0.5","6","207","0.4444444444444444","9","207","0.5","18","207","0.5833333333333334","12","207","0.8333333333333334","3","207","0.4642857142857143","14","207","0.8","10","207","0.5833333333333334","12","207","0.5","12","207","0.625","8","207","0.5454545454545454","11","207","0.6","25","207","0.45","20","207","0.65","10","207","0.47058823529411764","17","207","0.4807692307692308","26","207","0.5476190476190477","21","207","0.3333333333333333","6","207","0.5909090909090909","11","207","0.4375","8","207","0.5","18","207","0.625","8","207","0.5526315789473685","19","207","0.42857142857142855","21","207","0.5555555555555556","9","207","0.5714285714285714","14","207","0.5","29","207","0.55","20","207","0.5625","16","207","0.4722222222222222","18","207","0.5135135135135135","37","207","0.5689655172413793","29","207","0.7083333333333334","12","207","0.6666666666666666","9","207","0.5370370370370371","27","207","0.5714285714285714","21","207","0.6","30","207","0.5416666666666666","24","207","0.48148148148148145","27","207","0.5","25","207","0.7","25","207","0.5666666666666667","15","207","0.58","25","207","0.5","22","207","0.6052631578947368","19","207","0.5476190476190477","21","207","0.5217391304347826","23","207","0.38461538461538464","13","207","0.5","5","207","0.38","25","207","0.55","20","207","0.6071428571428571","14"
,"208","0.5","15","208","0.5","15","208","0.46875","16","208","0.5384615384615384","13","208","0.4583333333333333","12","208","0.5263157894736842","19","208","0.5384615384615384","13","208","0.5","11","208","0.5","6","208","0.4444444444444444","9","208","0.5294117647058824","17","208","0.5833333333333334","12","208","0.8333333333333334","3","208","0.4642857142857143","14","208","0.8","10","208","0.5909090909090909","11","208","0.5","12","208","0.625","8","208","0.5454545454545454","11","208","0.6","25","208","0.45","20","208","0.65","10","208","0.47058823529411764","17","208","0.4807692307692308","26","208","0.5476190476190477","21","208","0.3333333333333333","6","208","0.5909090909090909","11","208","0.4375","8","208","0.5","18","208","0.625","8","208","0.5526315789473685","19","208","0.42857142857142855","21","208","0.5555555555555556","9","208","0.5714285714285714","14","208","0.48148148148148145","27","208","0.5526315789473685","19","208","0.5625","16","208","0.4722222222222222","18","208","0.5135135135135135","37","208","0.5892857142857143","28","208","0.7083333333333334","12","208","0.6875","8","208","0.5576923076923077","26","208","0.5714285714285714","21","208","0.6","30","208","0.5416666666666666","24","208","0.48148148148148145","27","208","0.5","25","208","0.7","25","208","0.5666666666666667","15","208","0.58","25","208","0.5","22","208","0.6","20","208","0.575","20","208","0.5217391304347826","23","208","0.38461538461538464","13","208","0.5","5","208","0.375","24","208","0.5526315789473685","19","208","0.6071428571428571","14"
,"209","0.5","14","209","0.5","15","209","0.46875","16","209","0.5384615384615384","13","209","0.4583333333333333","12","209","0.5263157894736842","19","209","0.5384615384615384","13","209","0.5","11","209","0.5","6","209","0.4444444444444444","9","209","0.5294117647058824","17","209","0.5833333333333334","12","209","0.8333333333333334","3","209","0.5","13","209","0.8","10","209","0.5909090909090909","11","209","0.5","12","209","0.6428571428571429","7","209","0.5454545454545454","11","209","0.6","25","209","0.45","20","209","0.65","10","209","0.47058823529411764","17","209","0.5","27","209","0.5476190476190477","21","209","0.3333333333333333","6","209","0.5909090909090909","11","209","0.4375","8","209","0.5","18","209","0.625","8","209","0.5526315789473685","19","209","0.45","20","209","0.625","8","209","0.5714285714285714","14","209","0.46153846153846156","26","209","0.5277777777777778","18","209","0.5625","16","209","0.4722222222222222","18","209","0.5135135135135135","37","209","0.5892857142857143","28","209","0.6818181818181818","11","209","0.6875","8","209","0.5625","24","209","0.5714285714285714","21","209","0.603448275862069","29","209","0.5416666666666666","24","209","0.48148148148148145","27","209","0.5","25","209","0.7","25","209","0.5357142857142857","14","209","0.58","25","209","0.47619047619047616","21","209","0.6052631578947368","19","209","0.5277777777777778","18","209","0.5217391304347826","23","209","0.38461538461538464","13","209","0.5","5","209","0.375","24","209","0.5526315789473685","19","209","0.6071428571428571","14"
,"210","0.5384615384615384","13","210","0.5","14","210","0.4666666666666667","15","210","0.5384615384615384","13","210","0.4583333333333333","12","210","0.5263157894736842","19","210","0.5384615384615384","13","210","0.5","10","210","0.5","6","210","0.5","8","210","0.5294117647058824","17","210","0.5833333333333334","12","210","0.8333333333333334","3","210","0.5","13","210","0.8","10","210","0.5909090909090909","11","210","0.5","12","210","0.6428571428571429","7","210","0.5454545454545454","11","210","0.6041666666666666","24","210","0.45","20","210","0.65","10","210","0.47058823529411764","17","210","0.5","26","210","0.5476190476190477","21","210","0.3333333333333333","6","210","0.5909090909090909","11","210","0.4375","8","210","0.5","18","210","0.625","8","210","0.5526315789473685","19","210","0.4473684210526316","19","210","0.625","8","210","0.5714285714285714","14","210","0.46153846153846156","26","210","0.5588235294117647","17","210","0.5625","16","210","0.47058823529411764","17","210","0.5135135135135135","37","210","0.5892857142857143","28","210","0.6818181818181818","11","210","0.6875","8","210","0.5625","24","210","0.6","20","210","0.6","30","210","0.5416666666666666","24","210","0.48148148148148145","27","210","0.5","25","210","0.7","25","210","0.5357142857142857","14","210","0.56","25","210","0.475","20","210","0.6052631578947368","19","210","0.5294117647058824","17","210","0.5217391304347826","23","210","0.38461538461538464","13","210","0.5","5","210","0.375","24","210","0.5526315789473685","19","210","0.6071428571428571","14"
,"211","0.5416666666666666","12","211","0.5","13","211","0.4666666666666667","15","211","0.5384615384615384","13","211","0.4583333333333333","12","211","0.5277777777777778","18","211","0.5384615384615384","13","211","0.5","10","211","0.5","6","211","0.5","8","211","0.5625","16","211","0.5833333333333334","12","211","0.8333333333333334","3","211","0.5","13","211","0.8","10","211","0.5909090909090909","11","211","0.5","12","211","0.6428571428571429","7","211","0.5454545454545454","11","211","0.6041666666666666","24","211","0.45","20","211","0.65","10","211","0.47058823529411764","17","211","0.5","26","211","0.55","20","211","0.3333333333333333","6","211","0.6111111111111112","9","211","0.42857142857142855","7","211","0.5","18","211","0.5714285714285714","7","211","0.5526315789473685","19","211","0.4444444444444444","18","211","0.625","8","211","0.5714285714285714","14","211","0.46153846153846156","26","211","0.5588235294117647","17","211","0.5625","16","211","0.47058823529411764","17","211","0.5","36","211","0.603448275862069","29","211","0.6818181818181818","11","211","0.6875","8","211","0.5652173913043478","23","211","0.6","20","211","0.5892857142857143","28","211","0.5434782608695652","23","211","0.48148148148148145","27","211","0.4791666666666667","24","211","0.7","25","211","0.5357142857142857","14","211","0.5416666666666666","24","211","0.4473684210526316","19","211","0.6052631578947368","19","211","0.5294117647058824","17","211","0.5217391304347826","23","211","0.38461538461538464","13","211","0.5","5","211","0.3695652173913043","23","211","0.5526315789473685","19","211","0.6071428571428571","14"
,"212","0.5416666666666666","12","212","0.5","13","212","0.42857142857142855","14","212","0.5384615384615384","13","212","0.45454545454545453","11","212","0.5277777777777778","18","212","0.5384615384615384","13","212","0.5","10","212","0.5","5","212","0.5","8","212","0.5625","16","212","0.5909090909090909","11","212","0.8333333333333334","3","212","0.5","13","212","0.8","10","212","0.5909090909090909","11","212","0.5","12","212","0.6428571428571429","7","212","0.5454545454545454","11","212","0.5869565217391305","23","212","0.45","20","212","0.65","10","212","0.4375","16","212","0.5","26","212","0.55","20","212","0.3333333333333333","6","212","0.6111111111111112","9","212","0.42857142857142855","7","212","0.5","18","212","0.5714285714285714","7","212","0.5526315789473685","19","212","0.4444444444444444","18","212","0.625","8","212","0.5714285714285714","14","212","0.48","25","212","0.5588235294117647","17","212","0.5625","16","212","0.46875","16","212","0.5","36","212","0.603448275862069","29","212","0.6818181818181818","11","212","0.6875","8","212","0.5652173913043478","23","212","0.6","20","212","0.5892857142857143","28","212","0.5434782608695652","23","212","0.48148148148148145","27","212","0.4791666666666667","24","212","0.7","25","212","0.5357142857142857","14","212","0.5434782608695652","23","212","0.4473684210526316","19","212","0.6052631578947368","19","212","0.5294117647058824","17","212","0.5217391304347826","23","212","0.38461538461538464","13","212","0.5","5","212","0.3695652173913043","23","212","0.5526315789473685","19","212","0.6071428571428571","14"
,"213","0.5416666666666666","12","213","0.5","13","213","0.42857142857142855","14","213","0.5384615384615384","13","213","0.45","10","213","0.5277777777777778","18","213","0.5384615384615384","13","213","0.5","10","213","0.5","5","213","0.5","8","213","0.5666666666666667","15","213","0.5909090909090909","11","213","0.8333333333333334","3","213","0.5","13","213","0.8","10","213","0.5909090909090909","11","213","0.5","11","213","0.6666666666666666","6","213","0.5454545454545454","11","213","0.5833333333333334","24","213","0.45","20","213","0.65","10","213","0.4375","16","213","0.5","24","213","0.55","20","213","0.3333333333333333","6","213","0.6111111111111112","9","213","0.42857142857142855","7","213","0.5","18","213","0.5714285714285714","7","213","0.5526315789473685","19","213","0.4411764705882353","17","213","0.625","8","213","0.5714285714285714","14","213","0.48","25","213","0.5588235294117647","17","213","0.5666666666666667","15","213","0.46875","16","213","0.5","36","213","0.6071428571428571","28","213","0.6818181818181818","11","213","0.6875","8","213","0.5714285714285714","21","213","0.6","20","213","0.5740740740740741","27","213","0.5434782608695652","23","213","0.48148148148148145","27","213","0.4791666666666667","24","213","0.7083333333333334","24","213","0.5357142857142857","14","213","0.5454545454545454","22","213","0.4473684210526316","19","213","0.6052631578947368","19","213","0.5294117647058824","17","213","0.5217391304347826","23","213","0.38461538461538464","13","213","0.375","4","213","0.3695652173913043","23","213","0.5882352941176471","17","213","0.6071428571428571","14"
,"214","0.5416666666666666","12","214","0.5","13","214","0.42857142857142855","14","214","0.5384615384615384","13","214","0.45","10","214","0.5294117647058824","17","214","0.5384615384615384","13","214","0.5","10","214","0.5","5","214","0.5","8","214","0.5666666666666667","15","214","0.5909090909090909","11","214","0.8333333333333334","3","214","0.5","13","214","0.8","10","214","0.5909090909090909","11","214","0.5","11","214","0.6666666666666666","6","214","0.5454545454545454","11","214","0.56","25","214","0.45","20","214","0.65","10","214","0.4411764705882353","17","214","0.5","23","214","0.5526315789473685","19","214","0.3333333333333333","6","214","0.6111111111111112","9","214","0.42857142857142855","7","214","0.5294117647058824","17","214","0.5714285714285714","7","214","0.5526315789473685","19","214","0.4411764705882353","17","214","0.625","8","214","0.5384615384615384","13","214","0.48","25","214","0.5588235294117647","17","214","0.5714285714285714","14","214","0.5","15","214","0.4852941176470588","34","214","0.6071428571428571","28","214","0.65","10","214","0.6875","8","214","0.5714285714285714","21","214","0.6","20","214","0.5714285714285714","28","214","0.5434782608695652","23","214","0.4807692307692308","26","214","0.5","26","214","0.7083333333333334","24","214","0.5","13","214","0.5454545454545454","22","214","0.4473684210526316","19","214","0.6052631578947368","19","214","0.5294117647058824","17","214","0.5227272727272727","22","214","0.4166666666666667","12","214","0.375","4","214","0.3695652173913043","23","214","0.5882352941176471","17","214","0.6071428571428571","14"
,"215","0.5416666666666666","12","215","0.5","13","215","0.42857142857142855","14","215","0.5384615384615384","13","215","0.45","10","215","0.5294117647058824","17","215","0.5384615384615384","13","215","0.5","10","215","0.5","5","215","0.5","8","215","0.5666666666666667","15","215","0.5909090909090909","11","215","0.8333333333333334","3","215","0.5","13","215","0.8","10","215","0.5909090909090909","11","215","0.5","11","215","0.6666666666666666","6","215","0.5454545454545454","11","215","0.5833333333333334","24","215","0.45","20","215","0.7222222222222222","9","215","0.4411764705882353","17","215","0.5","23","215","0.5526315789473685","19","215","0.3333333333333333","6","215","0.6111111111111112","9","215","0.42857142857142855","7","215","0.5294117647058824","17","215","0.5714285714285714","7","215","0.5526315789473685","19","215","0.4411764705882353","17","215","0.625","8","215","0.5384615384615384","13","215","0.48","25","215","0.5588235294117647","17","215","0.5714285714285714","14","215","0.5","15","215","0.4852941176470588","34","215","0.6071428571428571","28","215","0.65","10","215","0.6875","8","215","0.5714285714285714","21","215","0.631578947368421","19","215","0.5740740740740741","27","215","0.5434782608695652","23","215","0.4807692307692308","26","215","0.48","25","215","0.717391304347826","23","215","0.5","13","215","0.5217391304347826","23","215","0.4722222222222222","18","215","0.6052631578947368","19","215","0.5294117647058824","17","215","0.5227272727272727","22","215","0.36363636363636365","11","215","0.375","4","215","0.3695652173913043","23","215","0.5882352941176471","17","215","0.6071428571428571","14"
,"216","0.5416666666666666","12","216","0.5","13","216","0.4230769230769231","13","216","0.5384615384615384","13","216","0.45","10","216","0.5294117647058824","17","216","0.5","11","216","0.5","10","216","0.5","5","216","0.5","8","216","0.5666666666666667","15","216","0.5909090909090909","11","216","0.8333333333333334","3","216","0.4583333333333333","12","216","0.8","10","216","0.5909090909090909","11","216","0.5","11","216","0.6666666666666666","6","216","0.5454545454545454","11","216","0.5833333333333334","24","216","0.4473684210526316","19","216","0.7222222222222222","9","216","0.4411764705882353","17","216","0.5","24","216","0.5526315789473685","19","216","0.4","5","216","0.6111111111111112","9","216","0.42857142857142855","7","216","0.5294117647058824","17","216","0.5714285714285714","7","216","0.5526315789473685","19","216","0.4411764705882353","17","216","0.625","8","216","0.5384615384615384","13","216","0.48","25","216","0.5588235294117647","17","216","0.5714285714285714","14","216","0.5","15","216","0.5","33","216","0.5961538461538461","26","216","0.65","10","216","0.6875","8","216","0.5714285714285714","21","216","0.631578947368421","19","216","0.5576923076923077","26","216","0.5681818181818182","22","216","0.4807692307692308","26","216","0.48","25","216","0.717391304347826","23","216","0.5","13","216","0.5217391304347826","23","216","0.4722222222222222","18","216","0.6052631578947368","19","216","0.53125","16","216","0.5476190476190477","21","216","0.36363636363636365","11","216","0.375","4","216","0.3695652173913043","23","216","0.59375","16","216","0.5769230769230769","13"
,"217","0.5416666666666666","12","217","0.45454545454545453","11","217","0.4230769230769231","13","217","0.5384615384615384","13","217","0.45","10","217","0.53125","16","217","0.5","11","217","0.5","10","217","0.5","5","217","0.5","8","217","0.5666666666666667","15","217","0.5833333333333334","12","217","0.8333333333333334","3","217","0.4583333333333333","12","217","0.8","10","217","0.6","10","217","0.5","11","217","0.6666666666666666","6","217","0.5454545454545454","11","217","0.5833333333333334","24","217","0.4473684210526316","19","217","0.7222222222222222","9","217","0.4375","16","217","0.5","24","217","0.5526315789473685","19","217","0.4","5","217","0.6111111111111112","9","217","0.4166666666666667","6","217","0.5294117647058824","17","217","0.5714285714285714","7","217","0.5526315789473685","19","217","0.4411764705882353","17","217","0.625","8","217","0.5384615384615384","13","217","0.4791666666666667","24","217","0.5588235294117647","17","217","0.5769230769230769","13","217","0.5","15","217","0.484375","32","217","0.6","25","217","0.65","10","217","0.6875","8","217","0.5714285714285714","21","217","0.631578947368421","19","217","0.54","25","217","0.5476190476190477","21","217","0.46","25","217","0.4807692307692308","26","217","0.75","22","217","0.5","13","217","0.5227272727272727","22","217","0.4722222222222222","18","217","0.6052631578947368","19","217","0.5333333333333333","15","217","0.5476190476190477","21","217","0.36363636363636365","11","217","0.375","4","217","0.3695652173913043","23","217","0.59375","16","217","0.5769230769230769","13"
,"218","0.5416666666666666","12","218","0.45454545454545453","11","218","0.4583333333333333","12","218","0.5384615384615384","13","218","0.5","9","218","0.5294117647058824","17","218","0.5","11","218","0.5","10","218","0.5","5","218","0.5","7","218","0.5666666666666667","15","218","0.5833333333333334","12","218","0.8333333333333334","3","218","0.45454545454545453","11","218","0.8","10","218","0.5555555555555556","9","218","0.5","11","218","0.6666666666666666","6","218","0.5454545454545454","11","218","0.5652173913043478","23","218","0.4444444444444444","18","218","0.7222222222222222","9","218","0.4375","16","218","0.5217391304347826","23","218","0.5526315789473685","19","218","0.4","5","218","0.6111111111111112","9","218","0.4166666666666667","6","218","0.5294117647058824","17","218","0.5714285714285714","7","218","0.5526315789473685","19","218","0.4166666666666667","18","218","0.6428571428571429","7","218","0.5384615384615384","13","218","0.4791666666666667","24","218","0.5588235294117647","17","218","0.5769230769230769","13","218","0.5","15","218","0.484375","32","218","0.6041666666666666","24","218","0.6111111111111112","9","218","0.7142857142857143","7","218","0.5714285714285714","21","218","0.631578947368421","19","218","0.54","25","218","0.5476190476190477","21","218","0.46","25","218","0.4807692307692308","26","218","0.7857142857142857","21","218","0.5","13","218","0.5227272727272727","22","218","0.4375","16","218","0.6052631578947368","19","218","0.5357142857142857","14","218","0.5476190476190477","21","218","0.36363636363636365","11","218","0.375","4","218","0.38636363636363635","22","218","0.6333333333333333","15","218","0.5769230769230769","13"
,"219","0.5416666666666666","12","219","0.45454545454545453","11","219","0.4583333333333333","12","219","0.5384615384615384","13","219","0.5","9","219","0.53125","16","219","0.5","11","219","0.5","10","219","0.5","5","219","0.5","7","219","0.5666666666666667","15","219","0.5833333333333334","12","219","0.8333333333333334","3","219","0.45","10","219","0.8","10","219","0.5555555555555556","9","219","0.5","11","219","0.6666666666666666","6","219","0.5454545454545454","11","219","0.5652173913043478","23","219","0.4444444444444444","18","219","0.7222222222222222","9","219","0.4375","16","219","0.5217391304347826","23","219","0.5526315789473685","19","219","0.4","5","219","0.6111111111111112","9","219","0.4166666666666667","6","219","0.5294117647058824","17","219","0.5","6","219","0.5277777777777778","18","219","0.4166666666666667","18","219","0.6428571428571429","7","219","0.5416666666666666","12","219","0.4791666666666667","24","219","0.5588235294117647","17","219","0.5769230769230769","13","219","0.5","15","219","0.484375","32","219","0.6041666666666666","24","219","0.6111111111111112","9","219","0.7142857142857143","7","219","0.575","20","219","0.631578947368421","19","219","0.54","25","219","0.5476190476190477","21","219","0.4583333333333333","24","219","0.4807692307692308","26","219","0.7727272727272727","22","219","0.5","13","219","0.5227272727272727","22","219","0.4375","16","219","0.6052631578947368","19","219","0.5357142857142857","14","219","0.5476190476190477","21","219","0.36363636363636365","11","219","0.375","4","219","0.38636363636363635","22","219","0.6333333333333333","15","219","0.5769230769230769","13"
,"220","0.5454545454545454","11","220","0.45454545454545453","11","220","0.4583333333333333","12","220","0.5","12","220","0.5","9","220","0.53125","16","220","0.5","11","220","0.5","10","220","0.5","5","220","0.5","7","220","0.5666666666666667","15","220","0.5833333333333334","12","220","0.8333333333333334","3","220","0.45","10","220","0.8","10","220","0.5555555555555556","9","220","0.5","11","220","0.6666666666666666","6","220","0.5454545454545454","11","220","0.5652173913043478","23","220","0.4444444444444444","18","220","0.7222222222222222","9","220","0.4375","16","220","0.5217391304347826","23","220","0.5526315789473685","19","220","0.4","5","220","0.6111111111111112","9","220","0.4166666666666667","6","220","0.5294117647058824","17","220","0.5","6","220","0.5625","16","220","0.4166666666666667","18","220","0.6428571428571429","7","220","0.5416666666666666","12","220","0.5","22","220","0.5588235294117647","17","220","0.5769230769230769","13","220","0.5","15","220","0.484375","32","220","0.6","25","220","0.6111111111111112","9","220","0.7142857142857143","7","220","0.575","20","220","0.6176470588235294","17","220","0.5625","24","220","0.55","20","220","0.45652173913043476","23","220","0.4807692307692308","26","220","0.7727272727272727","22","220","0.5","13","220","0.5227272727272727","22","220","0.4375","16","220","0.5833333333333334","18","220","0.5384615384615384","13","220","0.5476190476190477","21","220","0.36363636363636365","11","220","0.375","4","220","0.38636363636363635","22","220","0.6071428571428571","14","220","0.5769230769230769","13"
,"221","0.5454545454545454","11","221","0.45454545454545453","11","221","0.4583333333333333","12","221","0.5","12","221","0.5","9","221","0.53125","16","221","0.5","11","221","0.5","10","221","0.375","4","221","0.5","7","221","0.5357142857142857","14","221","0.5833333333333334","12","221","0.8333333333333334","3","221","0.45","10","221","0.7777777777777778","9","221","0.5555555555555556","9","221","0.5","11","221","0.6666666666666666","6","221","0.5454545454545454","11","221","0.5681818181818182","22","221","0.4444444444444444","18","221","0.7222222222222222","9","221","0.43333333333333335","15","221","0.5217391304347826","23","221","0.5526315789473685","19","221","0.4","5","221","0.6111111111111112","9","221","0.4166666666666667","6","221","0.5555555555555556","18","221","0.5","6","221","0.5625","16","221","0.4166666666666667","18","221","0.6428571428571429","7","221","0.5416666666666666","12","221","0.5","22","221","0.5588235294117647","17","221","0.5416666666666666","12","221","0.5","14","221","0.4666666666666667","30","221","0.6","25","221","0.6111111111111112","9","221","0.7142857142857143","7","221","0.575","20","221","0.6176470588235294","17","221","0.5625","24","221","0.55","20","221","0.45652173913043476","23","221","0.48","25","221","0.7619047619047619","21","221","0.5","13","221","0.5238095238095238","21","221","0.4666666666666667","15","221","0.5789473684210527","19","221","0.5384615384615384","13","221","0.5476190476190477","21","221","0.36363636363636365","11","221","0.5","3","221","0.38636363636363635","22","221","0.6071428571428571","14","221","0.5769230769230769","13"
,"222","0.5454545454545454","11","222","0.45454545454545453","11","222","0.4583333333333333","12","222","0.5","11","222","0.5","9","222","0.53125","16","222","0.5","11","222","0.5","10","222","0.375","4","222","0.5","6","222","0.5357142857142857","14","222","0.5454545454545454","11","222","0.8333333333333334","3","222","0.45","10","222","0.7777777777777778","9","222","0.5555555555555556","9","222","0.5","11","222","0.6666666666666666","6","222","0.5454545454545454","11","222","0.5681818181818182","22","222","0.4444444444444444","18","222","0.7222222222222222","9","222","0.43333333333333335","15","222","0.5217391304347826","23","222","0.5833333333333334","18","222","0.5","4","222","0.6111111111111112","9","222","0.4166666666666667","6","222","0.5555555555555556","18","222","0.4","5","222","0.5625","16","222","0.4166666666666667","18","222","0.6428571428571429","7","222","0.5416666666666666","12","222","0.5","22","222","0.5588235294117647","17","222","0.5416666666666666","12","222","0.5","14","222","0.4666666666666667","30","222","0.5769230769230769","26","222","0.625","8","222","0.7142857142857143","7","222","0.575","20","222","0.6","15","222","0.5652173913043478","23","222","0.5526315789473685","19","222","0.45652173913043476","23","222","0.48","25","222","0.75","20","222","0.5","13","222","0.5238095238095238","21","222","0.4666666666666667","15","222","0.5555555555555556","18","222","0.5384615384615384","13","222","0.5476190476190477","21","222","0.36363636363636365","11","222","0.5","3","222","0.38636363636363635","22","222","0.6071428571428571","14","222","0.5769230769230769","13"
,"223","0.5454545454545454","11","223","0.45","10","223","0.4583333333333333","12","223","0.5","11","223","0.5","9","223","0.5","15","223","0.45","10","223","0.5","10","223","0.5","3","223","0.5","6","223","0.5384615384615384","13","223","0.55","10","223","0.8333333333333334","3","223","0.45","10","223","0.7777777777777778","9","223","0.5555555555555556","9","223","0.55","10","223","0.6666666666666666","6","223","0.5454545454545454","11","223","0.5714285714285714","21","223","0.4444444444444444","18","223","0.7222222222222222","9","223","0.43333333333333335","15","223","0.5238095238095238","21","223","0.5833333333333334","18","223","0.5","4","223","0.6111111111111112","9","223","0.4166666666666667","6","223","0.5555555555555556","18","223","0.4","5","223","0.5625","16","223","0.4166666666666667","18","223","0.6428571428571429","7","223","0.5416666666666666","12","223","0.5","22","223","0.5588235294117647","17","223","0.5416666666666666","12","223","0.5","14","223","0.46551724137931033","29","223","0.5769230769230769","26","223","0.625","8","223","0.7142857142857143","7","223","0.575","20","223","0.6","15","223","0.5681818181818182","22","223","0.5526315789473685","19","223","0.45652173913043476","23","223","0.48","25","223","0.75","20","223","0.5","13","223","0.5454545454545454","22","223","0.4666666666666667","15","223","0.5555555555555556","18","223","0.5416666666666666","12","223","0.5476190476190477","21","223","0.36363636363636365","11","223","0.5","3","223","0.38636363636363635","22","223","0.6071428571428571","14","223","0.5769230769230769","13"
,"224","0.5454545454545454","11","224","0.45","10","224","0.4583333333333333","12","224","0.5","11","224","0.5","9","224","0.5","14","224","0.45","10","224","0.5","10","224","0.5","3","224","0.5","6","224","0.5384615384615384","13","224","0.55","10","224","0.8333333333333334","3","224","0.4444444444444444","9","224","0.7777777777777778","9","224","0.5555555555555556","9","224","0.55","10","224","0.8","5","224","0.5454545454545454","11","224","0.5714285714285714","21","224","0.47058823529411764","17","224","0.7222222222222222","9","224","0.39285714285714285","14","224","0.5238095238095238","21","224","0.59375","16","224","0.6666666666666666","3","224","0.6111111111111112","9","224","0.4166666666666667","6","224","0.5555555555555556","18","224","0.4","5","224","0.5625","16","224","0.4166666666666667","18","224","0.6428571428571429","7","224","0.5416666666666666","12","224","0.5","21","224","0.5625","16","224","0.5416666666666666","12","224","0.5","14","224","0.46551724137931033","29","224","0.5769230769230769","26","224","0.5714285714285714","7","224","0.7142857142857143","7","224","0.575","20","224","0.6","15","224","0.5952380952380952","21","224","0.5277777777777778","18","224","0.45652173913043476","23","224","0.48","25","224","0.75","20","224","0.5","13","224","0.5454545454545454","22","224","0.5","16","224","0.5555555555555556","18","224","0.5416666666666666","12","224","0.5476190476190477","21","224","0.36363636363636365","11","224","0.5","3","224","0.38636363636363635","22","224","0.6071428571428571","14","224","0.5769230769230769","13"
,"225","0.5454545454545454","11","225","0.45","10","225","0.4583333333333333","12","225","0.5","11","225","0.5","9","225","0.5","14","225","0.45","10","225","0.5","10","225","0.5","3","225","0.5","6","225","0.5384615384615384","13","225","0.55","10","225","0.8333333333333334","3","225","0.4444444444444444","9","225","0.7777777777777778","9","225","0.5625","8","225","0.55","10","225","0.8","5","225","0.5454545454545454","11","225","0.5714285714285714","21","225","0.47058823529411764","17","225","0.7222222222222222","9","225","0.39285714285714285","14","225","0.525","20","225","0.59375","16","225","0.6666666666666666","3","225","0.6111111111111112","9","225","0.4166666666666667","6","225","0.5555555555555556","18","225","0.4","5","225","0.5625","16","225","0.4166666666666667","18","225","0.6428571428571429","7","225","0.5416666666666666","12","225","0.5","22","225","0.5625","16","225","0.5416666666666666","12","225","0.5384615384615384","13","225","0.46551724137931033","29","225","0.5769230769230769","26","225","0.5714285714285714","7","225","0.7142857142857143","7","225","0.5526315789473685","19","225","0.6","15","225","0.575","20","225","0.5333333333333333","15","225","0.45652173913043476","23","225","0.48","25","225","0.75","20","225","0.4642857142857143","14","225","0.5454545454545454","22","225","0.5","16","225","0.5555555555555556","18","225","0.5416666666666666","12","225","0.5476190476190477","21","225","0.36363636363636365","11","225","0.5","3","225","0.38636363636363635","22","225","0.6153846153846154","13","225","0.5416666666666666","12"
,"226","0.5454545454545454","11","226","0.4444444444444444","9","226","0.45454545454545453","11","226","0.5","11","226","0.5","9","226","0.5384615384615384","13","226","0.45","10","226","0.5","10","226","0.5","3","226","0.5","6","226","0.5384615384615384","13","226","0.55","10","226","0.8333333333333334","3","226","0.4444444444444444","9","226","0.7777777777777778","9","226","0.5625","8","226","0.55","10","226","0.8","5","226","0.5454545454545454","11","226","0.5714285714285714","21","226","0.47058823529411764","17","226","0.7222222222222222","9","226","0.39285714285714285","14","226","0.525","20","226","0.59375","16","226","0.6666666666666666","3","226","0.6111111111111112","9","226","0.4166666666666667","6","226","0.5263157894736842","19","226","0.375","4","226","0.5625","16","226","0.40625","16","226","0.6428571428571429","7","226","0.5416666666666666","12","226","0.5","21","226","0.5625","16","226","0.5","10","226","0.5","12","226","0.46551724137931033","29","226","0.5769230769230769","26","226","0.6666666666666666","6","226","0.7142857142857143","7","226","0.5526315789473685","19","226","0.6","15","226","0.575","20","226","0.5","14","226","0.45652173913043476","23","226","0.48","25","226","0.75","20","226","0.4642857142857143","14","226","0.5714285714285714","21","226","0.5333333333333333","15","226","0.5555555555555556","18","226","0.5416666666666666","12","226","0.5476190476190477","21","226","0.36363636363636365","11","226","0.5","3","226","0.38636363636363635","22","226","0.6153846153846154","13","226","0.5416666666666666","12"
,"227","0.5454545454545454","11","227","0.4444444444444444","9","227","0.5","10","227","0.5","11","227","0.5","9","227","0.5384615384615384","13","227","0.45","10","227","0.5","10","227","0.5","3","227","0.5","6","227","0.5384615384615384","13","227","0.5555555555555556","9","227","0.8333333333333334","3","227","0.5","8","227","0.7777777777777778","9","227","0.5625","8","227","0.55","10","227","0.8","5","227","0.5454545454545454","11","227","0.5714285714285714","21","227","0.47058823529411764","17","227","0.7222222222222222","9","227","0.4","15","227","0.525","20","227","0.59375","16","227","0.6666666666666666","3","227","0.6111111111111112","9","227","0.4166666666666667","6","227","0.5555555555555556","18","227","0.375","4","227","0.5625","16","227","0.36666666666666664","15","227","0.6428571428571429","7","227","0.5416666666666666","12","227","0.5","20","227","0.5625","16","227","0.5","10","227","0.5","12","227","0.46551724137931033","29","227","0.58","25","227","0.6666666666666666","6","227","0.75","6","227","0.5526315789473685","19","227","0.5714285714285714","14","227","0.575","20","227","0.5","14","227","0.45652173913043476","23","227","0.48","25","227","0.75","20","227","0.4642857142857143","14","227","0.5714285714285714","21","227","0.5357142857142857","14","227","0.5555555555555556","18","227","0.5416666666666666","12","227","0.55","20","227","0.36363636363636365","11","227","0.5","3","227","0.38636363636363635","22","227","0.6153846153846154","13","227","0.5416666666666666","12"
,"228","0.5454545454545454","11","228","0.375","8","228","0.5","10","228","0.5","11","228","0.5","9","228","0.5384615384615384","13","228","0.45","10","228","0.5","10","228","0.5","3","228","0.5","6","228","0.5384615384615384","13","228","0.5555555555555556","9","228","0.8333333333333334","3","228","0.5","8","228","0.7777777777777778","9","228","0.5","7","228","0.55","10","228","0.8","5","228","0.5555555555555556","9","228","0.5714285714285714","21","228","0.4375","16","228","0.7222222222222222","9","228","0.39285714285714285","14","228","0.5263157894736842","19","228","0.59375","16","228","0.6666666666666666","3","228","0.6111111111111112","9","228","0.4166666666666667","6","228","0.5555555555555556","18","228","0.5","3","228","0.5625","16","228","0.36666666666666664","15","228","0.6428571428571429","7","228","0.5416666666666666","12","228","0.5","20","228","0.5625","16","228","0.5","10","228","0.5","12","228","0.46551724137931033","29","228","0.5833333333333334","24","228","0.6666666666666666","6","228","0.75","6","228","0.5526315789473685","19","228","0.5714285714285714","14","228","0.575","20","228","0.5","14","228","0.45652173913043476","23","228","0.5","24","228","0.75","20","228","0.4642857142857143","14","228","0.5454545454545454","22","228","0.5357142857142857","14","228","0.5555555555555556","18","228","0.5416666666666666","12","228","0.55","20","228","0.36363636363636365","11","228","0.5","3","228","0.38095238095238093","21","228","0.6153846153846154","13","228","0.5","11"
,"229","0.5454545454545454","11","229","0.375","8","229","0.5","10","229","0.55","10","229","0.5","8","229","0.5384615384615384","13","229","0.45","10","229","0.5","10","229","0.5","3","229","0.5","6","229","0.5384615384615384","13","229","0.5555555555555556","9","229","0.8333333333333334","3","229","0.5","8","229","0.8125","8","229","0.5","7","229","0.5625","8","229","0.8","5","229","0.5555555555555556","9","229","0.5714285714285714","21","229","0.4375","16","229","0.6875","8","229","0.39285714285714285","14","229","0.5588235294117647","17","229","0.6","15","229","0.6666666666666666","3","229","0.6111111111111112","9","229","0.4166666666666667","6","229","0.5555555555555556","18","229","0.5","3","229","0.5625","16","229","0.36666666666666664","15","229","0.6428571428571429","7","229","0.5416666666666666","12","229","0.5","19","229","0.5625","16","229","0.5","9","229","0.5","12","229","0.46551724137931033","29","229","0.58","25","229","0.6666666666666666","6","229","0.75","6","229","0.5526315789473685","19","229","0.5714285714285714","14","229","0.575","20","229","0.5","14","229","0.45652173913043476","23","229","0.5","24","229","0.75","20","229","0.4666666666666667","15","229","0.5454545454545454","22","229","0.5357142857142857","14","229","0.5555555555555556","18","229","0.5416666666666666","12","229","0.55","20","229","0.36363636363636365","11","229","0.5","3","229","0.38095238095238093","21","229","0.6153846153846154","13","229","0.5","11"
,"230","0.55","10","230","0.375","8","230","0.5","10","230","0.55","10","230","0.5","8","230","0.5384615384615384","13","230","0.45","10","230","0.5555555555555556","9","230","0.5","3","230","0.5","6","230","0.5384615384615384","13","230","0.5555555555555556","9","230","0.8333333333333334","3","230","0.5","8","230","0.8125","8","230","0.5","7","230","0.5625","8","230","0.8","5","230","0.5555555555555556","9","230","0.5714285714285714","21","230","0.4375","16","230","0.6875","8","230","0.39285714285714285","14","230","0.5588235294117647","17","230","0.6071428571428571","14","230","0.6666666666666666","3","230","0.6111111111111112","9","230","0.4","5","230","0.5588235294117647","17","230","0.5","3","230","0.5625","16","230","0.39285714285714285","14","230","0.6428571428571429","7","230","0.5416666666666666","12","230","0.5","18","230","0.5625","16","230","0.5","9","230","0.5","12","230","0.46551724137931033","29","230","0.58","25","230","0.6666666666666666","6","230","0.75","6","230","0.5526315789473685","19","230","0.5714285714285714","14","230","0.575","20","230","0.5","14","230","0.4772727272727273","22","230","0.5","24","230","0.75","20","230","0.4666666666666667","15","230","0.5454545454545454","22","230","0.5","12","230","0.5588235294117647","17","230","0.5416666666666666","12","230","0.55","20","230","0.36363636363636365","11","230","0.5","3","230","0.38095238095238093","21","230","0.6153846153846154","13","230","0.5","10"
,"231","0.55","10","231","0.375","8","231","0.5","10","231","0.55","10","231","0.5","8","231","0.5","12","231","0.45","10","231","0.5555555555555556","9","231","0.5","3","231","0.5","6","231","0.5384615384615384","13","231","0.5555555555555556","9","231","0.8333333333333334","3","231","0.5","8","231","0.8125","8","231","0.5","7","231","0.5625","8","231","0.8","5","231","0.5555555555555556","9","231","0.5714285714285714","21","231","0.4375","16","231","0.6875","8","231","0.39285714285714285","14","231","0.5588235294117647","17","231","0.6071428571428571","14","231","0.6666666666666666","3","231","0.6111111111111112","9","231","0.4","5","231","0.5588235294117647","17","231","0.5","3","231","0.5625","16","231","0.39285714285714285","14","231","0.6666666666666666","6","231","0.5416666666666666","12","231","0.5","18","231","0.5625","16","231","0.5","9","231","0.5","12","231","0.4642857142857143","28","231","0.58","25","231","0.7","5","231","0.75","6","231","0.5526315789473685","19","231","0.5714285714285714","14","231","0.575","20","231","0.5","14","231","0.4772727272727273","22","231","0.5","24","231","0.75","20","231","0.4666666666666667","15","231","0.5454545454545454","22","231","0.5","12","231","0.5588235294117647","17","231","0.5384615384615384","13","231","0.5789473684210527","19","231","0.36363636363636365","11","231","0.5","3","231","0.38095238095238093","21","231","0.6153846153846154","13","231","0.5","10"
,"232","0.55","10","232","0.2857142857142857","7","232","0.5","10","232","0.5","9","232","0.5","8","232","0.5454545454545454","11","232","0.45","10","232","0.5555555555555556","9","232","0.5","3","232","0.5","6","232","0.5384615384615384","13","232","0.5555555555555556","9","232","0.8333333333333334","3","232","0.5","8","232","0.8125","8","232","0.5","7","232","0.5625","8","232","0.8","5","232","0.5555555555555556","9","232","0.5714285714285714","21","232","0.4375","16","232","0.6428571428571429","7","232","0.39285714285714285","14","232","0.5588235294117647","17","232","0.6071428571428571","14","232","0.6666666666666666","3","232","0.6111111111111112","9","232","0.4","5","232","0.53125","16","232","0.5","3","232","0.5625","16","232","0.39285714285714285","14","232","0.6666666666666666","6","232","0.5416666666666666","12","232","0.5","18","232","0.5625","16","232","0.5","9","232","0.5","12","232","0.48148148148148145","27","232","0.6041666666666666","24","232","0.7","5","232","0.75","6","232","0.5526315789473685","19","232","0.5714285714285714","14","232","0.5526315789473685","19","232","0.5","14","232","0.47619047619047616","21","232","0.5","24","232","0.75","20","232","0.4666666666666667","15","232","0.5454545454545454","22","232","0.5","12","232","0.5588235294117647","17","232","0.5384615384615384","13","232","0.5789473684210527","19","232","0.36363636363636365","11","232","0.5","3","232","0.38095238095238093","21","232","0.6428571428571429","14","232","0.5","10"
,"233","0.55","10","233","0.2857142857142857","7","233","0.5","10","233","0.5","9","233","0.5","8","233","0.5454545454545454","11","233","0.45","10","233","0.5555555555555556","9","233","0.5","3","233","0.5","6","233","0.5384615384615384","13","233","0.5555555555555556","9","233","0.8333333333333334","3","233","0.5","8","233","0.8125","8","233","0.5","7","233","0.5625","8","233","0.8","5","233","0.5555555555555556","9","233","0.5714285714285714","21","233","0.4375","16","233","0.6428571428571429","7","233","0.38461538461538464","13","233","0.5588235294117647","17","233","0.6071428571428571","14","233","0.6666666666666666","3","233","0.6111111111111112","9","233","0.4","5","233","0.5333333333333333","15","233","0.5","3","233","0.5625","16","233","0.39285714285714285","14","233","0.6666666666666666","6","233","0.5","11","233","0.5","18","233","0.5625","16","233","0.5","9","233","0.5454545454545454","11","233","0.48148148148148145","27","233","0.6041666666666666","24","233","0.7","5","233","0.75","6","233","0.5277777777777778","18","233","0.5714285714285714","14","233","0.5526315789473685","19","233","0.5","14","233","0.47619047619047616","21","233","0.5227272727272727","22","233","0.7631578947368421","19","233","0.4666666666666667","15","233","0.5476190476190477","21","233","0.5","12","233","0.5588235294117647","17","233","0.5384615384615384","13","233","0.5789473684210527","19","233","0.35","10","233","0.5","3","233","0.38095238095238093","21","233","0.6153846153846154","13","233","0.4444444444444444","9"
,"234","0.55","10","234","0.2857142857142857","7","234","0.5","10","234","0.5","9","234","0.5","8","234","0.5454545454545454","11","234","0.45","10","234","0.5555555555555556","9","234","0.5","3","234","0.5","6","234","0.5384615384615384","13","234","0.5555555555555556","9","234","0.8333333333333334","3","234","0.5","8","234","0.7857142857142857","7","234","0.5","6","234","0.5625","8","234","0.8","5","234","0.5555555555555556","9","234","0.5714285714285714","21","234","0.4375","16","234","0.6428571428571429","7","234","0.38461538461538464","13","234","0.5588235294117647","17","234","0.5416666666666666","12","234","0.6666666666666666","3","234","0.6111111111111112","9","234","0.4","5","234","0.5333333333333333","15","234","0.5","3","234","0.5625","16","234","0.39285714285714285","14","234","0.75","4","234","0.5","11","234","0.5","18","234","0.5625","16","234","0.5","8","234","0.5454545454545454","11","234","0.48148148148148145","27","234","0.6086956521739131","23","234","0.7","5","234","0.7","5","234","0.5277777777777778","18","234","0.5714285714285714","14","234","0.5555555555555556","18","234","0.5","14","234","0.47368421052631576","19","234","0.5227272727272727","22","234","0.7631578947368421","19","234","0.4666666666666667","15","234","0.575","20","234","0.5","12","234","0.59375","16","234","0.5384615384615384","13","234","0.5789473684210527","19","234","0.35","10","234","0.5","3","234","0.38095238095238093","21","234","0.6153846153846154","13","234","0.4444444444444444","9"
,"235","0.5555555555555556","9","235","0.2857142857142857","7","235","0.5","10","235","0.5","9","235","0.5","8","235","0.5454545454545454","11","235","0.45","10","235","0.5555555555555556","9","235","0.5","3","235","0.5","6","235","0.5384615384615384","13","235","0.5555555555555556","9","235","0.8333333333333334","3","235","0.5","8","235","0.7857142857142857","7","235","0.5","6","235","0.5625","8","235","0.8","5","235","0.625","8","235","0.5909090909090909","22","235","0.4375","16","235","0.6428571428571429","7","235","0.3333333333333333","12","235","0.5625","16","235","0.5416666666666666","12","235","0.5","2","235","0.6111111111111112","9","235","0.25","4","235","0.5333333333333333","15","235","0.5","3","235","0.5625","16","235","0.39285714285714285","14","235","0.75","4","235","0.5","11","235","0.5","18","235","0.5625","16","235","0.5","8","235","0.5454545454545454","11","235","0.48148148148148145","27","235","0.6363636363636364","22","235","0.7","5","235","0.7","5","235","0.5277777777777778","18","235","0.5714285714285714","14","235","0.5555555555555556","18","235","0.5","14","235","0.4722222222222222","18","235","0.5227272727272727","22","235","0.7631578947368421","19","235","0.4666666666666667","15","235","0.575","20","235","0.5","12","235","0.59375","16","235","0.5384615384615384","13","235","0.5882352941176471","17","235","0.35","10","235","0.5","3","235","0.375","20","235","0.6153846153846154","13","235","0.4444444444444444","9"
,"236","0.5555555555555556","9","236","0.2857142857142857","7","236","0.5","10","236","0.5","9","236","0.5","8","236","0.5454545454545454","11","236","0.3888888888888889","9","236","0.5555555555555556","9","236","0.5","3","236","0.5","6","236","0.5384615384615384","13","236","0.5","8","236","0.8333333333333334","3","236","0.5","8","236","0.7857142857142857","7","236","0.5","6","236","0.5625","8","236","0.8","5","236","0.6428571428571429","7","236","0.5952380952380952","21","236","0.4375","16","236","0.6428571428571429","7","236","0.3333333333333333","12","236","0.5625","16","236","0.5416666666666666","12","236","0.5","2","236","0.6111111111111112","9","236","0.25","4","236","0.5333333333333333","15","236","0.5","3","236","0.5625","16","236","0.39285714285714285","14","236","0.75","4","236","0.5","11","236","0.5","18","236","0.5625","16","236","0.5","8","236","0.5454545454545454","11","236","0.4807692307692308","26","236","0.6666666666666666","21","236","0.7","5","236","0.7","5","236","0.5277777777777778","18","236","0.5714285714285714","14","236","0.5555555555555556","18","236","0.5","14","236","0.4722222222222222","18","236","0.5227272727272727","22","236","0.7777777777777778","18","236","0.4666666666666667","15","236","0.575","20","236","0.5","12","236","0.59375","16","236","0.5384615384615384","13","236","0.5882352941176471","17","236","0.35","10","236","0.5","3","236","0.375","20","236","0.5833333333333334","12","236","0.4444444444444444","9"
,"237","0.5555555555555556","9","237","0.2857142857142857","7","237","0.5","10","237","0.5","9","237","0.5","8","237","0.5454545454545454","11","237","0.3888888888888889","9","237","0.5625","8","237","0.5","3","237","0.5","6","237","0.5384615384615384","13","237","0.5","8","237","0.8333333333333334","3","237","0.5","8","237","0.7857142857142857","7","237","0.5","6","237","0.5625","8","237","0.8","5","237","0.6428571428571429","7","237","0.5952380952380952","21","237","0.4375","16","237","0.6428571428571429","7","237","0.3333333333333333","12","237","0.5625","16","237","0.5416666666666666","12","237","0.5","2","237","0.6111111111111112","9","237","0.25","4","237","0.5333333333333333","15","237","0.5","3","237","0.5625","16","237","0.39285714285714285","14","237","0.75","4","237","0.5","11","237","0.5","18","237","0.5625","16","237","0.5","8","237","0.5454545454545454","11","237","0.5","25","237","0.6666666666666666","21","237","0.7","5","237","0.7","5","237","0.5","17","237","0.5714285714285714","14","237","0.5555555555555556","18","237","0.5","14","237","0.4722222222222222","18","237","0.5227272727272727","22","237","0.7777777777777778","18","237","0.4666666666666667","15","237","0.575","20","237","0.5","12","237","0.5666666666666667","15","237","0.5384615384615384","13","237","0.5882352941176471","17","237","0.35","10","237","0.5","3","237","0.375","20","237","0.5833333333333334","12","237","0.4444444444444444","9"
,"238","0.5555555555555556","9","238","0.2857142857142857","7","238","0.5","10","238","0.5","9","238","0.5","8","238","0.5454545454545454","11","238","0.3888888888888889","9","238","0.5625","8","238","0.5","3","238","0.5","6","238","0.5384615384615384","13","238","0.42857142857142855","7","238","0.8333333333333334","3","238","0.5","8","238","0.8333333333333334","6","238","0.5","6","238","0.5625","8","238","0.8","5","238","0.6428571428571429","7","238","0.575","20","238","0.4375","16","238","0.6428571428571429","7","238","0.3333333333333333","12","238","0.5625","16","238","0.5416666666666666","12","238","0.5","2","238","0.6111111111111112","9","238","0.25","4","238","0.5333333333333333","15","238","0.5","3","238","0.5333333333333333","15","238","0.39285714285714285","14","238","0.75","4","238","0.55","10","238","0.5","15","238","0.5666666666666667","15","238","0.5","8","238","0.5454545454545454","11","238","0.4791666666666667","24","238","0.675","20","238","0.7","5","238","0.7","5","238","0.5","17","238","0.5714285714285714","14","238","0.5555555555555556","18","238","0.5","14","238","0.47058823529411764","17","238","0.5227272727272727","22","238","0.7777777777777778","18","238","0.4642857142857143","14","238","0.5526315789473685","19","238","0.5","12","238","0.5666666666666667","15","238","0.5384615384615384","13","238","0.625","16","238","0.35","10","238","0.5","3","238","0.375","20","238","0.6363636363636364","11","238","0.4444444444444444","9"
,"239","0.5555555555555556","9","239","0.2857142857142857","7","239","0.5","10","239","0.5","9","239","0.5","8","239","0.5454545454545454","11","239","0.3888888888888889","9","239","0.5625","8","239","0.5","3","239","0.5","6","239","0.5384615384615384","13","239","0.42857142857142855","7","239","0.8333333333333334","3","239","0.5","8","239","0.8333333333333334","6","239","0.5","5","239","0.5625","8","239","0.8","5","239","0.6428571428571429","7","239","0.575","20","239","0.4375","16","239","0.6666666666666666","6","239","0.3333333333333333","12","239","0.5333333333333333","15","239","0.5416666666666666","12","239","0.5","2","239","0.6111111111111112","9","239","0.25","4","239","0.5357142857142857","14","239","0.5","2","239","0.5333333333333333","15","239","0.39285714285714285","14","239","0.6666666666666666","3","239","0.55","10","239","0.5","15","239","0.5357142857142857","14","239","0.5","8","239","0.5454545454545454","11","239","0.4791666666666667","24","239","0.675","20","239","0.7","5","239","0.7","5","239","0.5","17","239","0.5714285714285714","14","239","0.5555555555555556","18","239","0.5","14","239","0.47058823529411764","17","239","0.5227272727272727","22","239","0.7777777777777778","18","239","0.4642857142857143","14","239","0.5526315789473685","19","239","0.46153846153846156","13","239","0.5666666666666667","15","239","0.5384615384615384","13","239","0.625","16","239","0.35","10","239","0.5","3","239","0.375","20","239","0.6363636363636364","11","239","0.4444444444444444","9"
,"240","0.5555555555555556","9","240","0.2857142857142857","7","240","0.5","10","240","0.5","9","240","0.5","8","240","0.5454545454545454","11","240","0.3888888888888889","9","240","0.5714285714285714","7","240","0.5","3","240","0.5","6","240","0.5384615384615384","13","240","0.42857142857142855","7","240","0.8333333333333334","3","240","0.5","6","240","0.8333333333333334","6","240","0.5","5","240","0.5625","8","240","0.8","5","240","0.6428571428571429","7","240","0.575","20","240","0.4375","16","240","0.6666666666666666","6","240","0.3333333333333333","12","240","0.5625","16","240","0.5454545454545454","11","240","0.5","2","240","0.6111111111111112","9","240","0.25","4","240","0.5357142857142857","14","240","0.5","2","240","0.5333333333333333","15","240","0.38461538461538464","13","240","0.6666666666666666","3","240","0.55","10","240","0.5","15","240","0.5357142857142857","14","240","0.5","8","240","0.5","10","240","0.4782608695652174","23","240","0.6842105263157895","19","240","0.7","5","240","0.7","5","240","0.5","17","240","0.5416666666666666","12","240","0.5555555555555556","18","240","0.5","13","240","0.4666666666666667","15","240","0.5238095238095238","21","240","0.7647058823529411","17","240","0.4642857142857143","14","240","0.5277777777777778","18","240","0.46153846153846156","13","240","0.5666666666666667","15","240","0.5","12","240","0.625","16","240","0.35","10","240","0.5","3","240","0.375","20","240","0.6363636363636364","11","240","0.4444444444444444","9"
,"241","0.5555555555555556","9","241","0.2857142857142857","7","241","0.5","10","241","0.5","9","241","0.5","8","241","0.5454545454545454","11","241","0.3888888888888889","9","241","0.5714285714285714","7","241","0.5","3","241","0.5","6","241","0.5384615384615384","13","241","0.42857142857142855","7","241","0.8333333333333334","3","241","0.5","6","241","0.8333333333333334","6","241","0.5","5","241","0.5625","8","241","0.8","5","241","0.6428571428571429","7","241","0.575","20","241","0.43333333333333335","15","241","0.6666666666666666","6","241","0.3333333333333333","12","241","0.5333333333333333","15","241","0.5454545454545454","11","241","0.5","2","241","0.6111111111111112","9","241","0.25","4","241","0.5357142857142857","14","241","0.5","2","241","0.5333333333333333","15","241","0.38461538461538464","13","241","0.6666666666666666","3","241","0.55","10","241","0.5","15","241","0.5384615384615384","13","241","0.5","8","241","0.5","9","241","0.4782608695652174","23","241","0.6842105263157895","19","241","0.7","5","241","0.7","5","241","0.5","17","241","0.5416666666666666","12","241","0.5555555555555556","18","241","0.5","13","241","0.42857142857142855","14","241","0.5238095238095238","21","241","0.7647058823529411","17","241","0.4642857142857143","14","241","0.5277777777777778","18","241","0.46153846153846156","13","241","0.5666666666666667","15","241","0.5","12","241","0.625","16","241","0.35","10","241","0.5","3","241","0.375","20","241","0.6363636363636364","11","241","0.4444444444444444","9"
,"242","0.5555555555555556","9","242","0.2857142857142857","7","242","0.5","10","242","0.4375","8","242","0.5","8","242","0.5454545454545454","11","242","0.3888888888888889","9","242","0.5714285714285714","7","242","0.5","3","242","0.5","6","242","0.5384615384615384","13","242","0.42857142857142855","7","242","0.8333333333333334","3","242","0.5","6","242","0.8333333333333334","6","242","0.5","5","242","0.5625","8","242","0.8","5","242","0.5833333333333334","6","242","0.575","20","242","0.43333333333333335","15","242","0.6666666666666666","6","242","0.3333333333333333","12","242","0.5384615384615384","13","242","0.5454545454545454","11","242","0.5","2","242","0.6111111111111112","9","242","0.25","4","242","0.5357142857142857","14","242","0.5","2","242","0.5333333333333333","15","242","0.38461538461538464","13","242","0.6666666666666666","3","242","0.55","10","242","0.5","15","242","0.5384615384615384","13","242","0.5","8","242","0.5","9","242","0.45454545454545453","22","242","0.6666666666666666","18","242","0.7","5","242","0.7","5","242","0.5","17","242","0.5416666666666666","12","242","0.5555555555555556","18","242","0.5","13","242","0.42857142857142855","14","242","0.5238095238095238","21","242","0.75","16","242","0.4642857142857143","14","242","0.5277777777777778","18","242","0.46153846153846156","13","242","0.5666666666666667","15","242","0.5","12","242","0.625","16","242","0.35","10","242","0.5","2","242","0.375","20","242","0.6363636363636364","11","242","0.4444444444444444","9"
,"243","0.5555555555555556","9","243","0.2857142857142857","7","243","0.5","8","243","0.4375","8","243","0.5","8","243","0.5454545454545454","11","243","0.4375","8","243","0.5833333333333334","6","243","0.5","3","243","0.5","6","243","0.5384615384615384","13","243","0.42857142857142855","7","243","1","2","243","0.5","6","243","0.8","5","243","0.5","5","243","0.5625","8","243","0.8","5","243","0.5833333333333334","6","243","0.575","20","243","0.43333333333333335","15","243","0.6","5","243","0.3333333333333333","12","243","0.5384615384615384","13","243","0.5454545454545454","11","243","0.5","2","243","0.6111111111111112","9","243","0.25","4","243","0.5357142857142857","14","243","0.5","2","243","0.5333333333333333","15","243","0.38461538461538464","13","243","0.6666666666666666","3","243","0.55","10","243","0.5","15","243","0.5384615384615384","13","243","0.5","8","243","0.5","8","243","0.45454545454545453","22","243","0.6666666666666666","18","243","0.7","5","243","0.625","4","243","0.5","17","243","0.5416666666666666","12","243","0.5555555555555556","18","243","0.4583333333333333","12","243","0.42857142857142855","14","243","0.5238095238095238","21","243","0.7333333333333333","15","243","0.46153846153846156","13","243","0.5277777777777778","18","243","0.46153846153846156","13","243","0.5666666666666667","15","243","0.5","12","243","0.625","16","243","0.35","10","243","0.5","2","243","0.3684210526315789","19","243","0.6363636363636364","11","243","0.5","8"
,"244","0.5555555555555556","9","244","0.2857142857142857","7","244","0.5","8","244","0.4375","8","244","0.5","8","244","0.5454545454545454","11","244","0.4375","8","244","0.5833333333333334","6","244","0.5","3","244","0.5","6","244","0.5384615384615384","13","244","0.42857142857142855","7","244","1","2","244","0.5","6","244","0.8","5","244","0.5","5","244","0.5625","8","244","0.8","5","244","0.5833333333333334","6","244","0.575","20","244","0.4642857142857143","14","244","0.6","5","244","0.3333333333333333","12","244","0.5384615384615384","13","244","0.5454545454545454","11","244","0.5","1","244","0.625","8","244","0.25","4","244","0.5357142857142857","14","244","0.5","2","244","0.5714285714285714","14","244","0.38461538461538464","13","244","0.6666666666666666","3","244","0.55","10","244","0.5","15","244","0.5384615384615384","13","244","0.5","8","244","0.5","8","244","0.45454545454545453","22","244","0.6666666666666666","18","244","0.7","5","244","0.625","4","244","0.5","17","244","0.5454545454545454","11","244","0.5555555555555556","18","244","0.4583333333333333","12","244","0.42857142857142855","14","244","0.5238095238095238","21","244","0.7333333333333333","15","244","0.46153846153846156","13","244","0.5277777777777778","18","244","0.46153846153846156","13","244","0.5666666666666667","15","244","0.5","12","244","0.6333333333333333","15","244","0.35","10","244","0.5","2","244","0.3235294117647059","17","244","0.6363636363636364","11","244","0.5","8"
,"245","0.5555555555555556","9","245","0.2857142857142857","7","245","0.5","8","245","0.42857142857142855","7","245","0.5","7","245","0.5454545454545454","11","245","0.4375","8","245","0.5833333333333334","6","245","0.5","3","245","0.4","5","245","0.5384615384615384","13","245","0.42857142857142855","7","245","1","2","245","0.5","6","245","0.8","5","245","0.5","5","245","0.5625","8","245","0.8","5","245","0.5833333333333334","6","245","0.575","20","245","0.4642857142857143","14","245","0.6","5","245","0.2727272727272727","11","245","0.5","12","245","0.5454545454545454","11","245","0.5","1","245","0.625","8","245","0.25","4","245","0.5357142857142857","14","245","0.5","2","245","0.5714285714285714","14","245","0.38461538461538464","13","245","0.6666666666666666","3","245","0.55","10","245","0.5","15","245","0.5384615384615384","13","245","0.5","7","245","0.5","8","245","0.45454545454545453","22","245","0.6764705882352942","17","245","0.7","5","245","0.625","4","245","0.5","17","245","0.5454545454545454","11","245","0.5555555555555556","18","245","0.4583333333333333","12","245","0.42857142857142855","14","245","0.5238095238095238","21","245","0.7333333333333333","15","245","0.46153846153846156","13","245","0.5277777777777778","18","245","0.5","12","245","0.5666666666666667","15","245","0.5","12","245","0.59375","16","245","0.35","10","245","0.5","2","245","0.3235294117647059","17","245","0.65","10","245","0.5","8"
,"246","0.5555555555555556","9","246","0.2857142857142857","7","246","0.5","8","246","0.42857142857142855","7","246","0.5","7","246","0.5454545454545454","11","246","0.4375","8","246","0.5833333333333334","6","246","0.5","3","246","0.4","5","246","0.5384615384615384","13","246","0.42857142857142855","7","246","1","2","246","0.5","6","246","0.8","5","246","0.5","5","246","0.5625","8","246","0.8","5","246","0.5833333333333334","6","246","0.575","20","246","0.4642857142857143","14","246","0.6","5","246","0.2727272727272727","11","246","0.5","12","246","0.5454545454545454","11","246","0.5","1","246","0.625","8","246","0.25","4","246","0.5357142857142857","14","246","0.5","2","246","0.5714285714285714","14","246","0.38461538461538464","13","246","0.75","2","246","0.55","10","246","0.5","15","246","0.5909090909090909","11","246","0.5","7","246","0.5","8","246","0.45454545454545453","22","246","0.6764705882352942","17","246","0.7","5","246","0.625","4","246","0.5","17","246","0.5454545454545454","11","246","0.5555555555555556","18","246","0.4583333333333333","12","246","0.42857142857142855","14","246","0.5238095238095238","21","246","0.7333333333333333","15","246","0.46153846153846156","13","246","0.5277777777777778","18","246","0.5","12","246","0.5666666666666667","15","246","0.5","12","246","0.5714285714285714","14","246","0.3888888888888889","9","246","0.5","2","246","0.3235294117647059","17","246","0.6666666666666666","9","246","0.5","8"
,"247","0.5555555555555556","9","247","0.2857142857142857","7","247","0.5","8","247","0.42857142857142855","7","247","0.5","7","247","0.6","10","247","0.4375","8","247","0.5833333333333334","6","247","0.5","3","247","0.375","4","247","0.5416666666666666","12","247","0.42857142857142855","7","247","1","2","247","0.5","6","247","0.8","5","247","0.5","5","247","0.5625","8","247","0.8","5","247","0.5833333333333334","6","247","0.575","20","247","0.46153846153846156","13","247","0.6","5","247","0.2727272727272727","11","247","0.5","12","247","0.5454545454545454","11","247","0.5","1","247","0.625","8","247","0.25","4","247","0.5","13","247","0.5","2","247","0.5384615384615384","13","247","0.38461538461538464","13","247","0.75","2","247","0.55","10","247","0.5","14","247","0.5909090909090909","11","247","0.5","5","247","0.5","8","247","0.45454545454545453","22","247","0.6764705882352942","17","247","0.7","5","247","0.625","4","247","0.5333333333333333","15","247","0.55","10","247","0.5555555555555556","18","247","0.4583333333333333","12","247","0.42857142857142855","14","247","0.5238095238095238","21","247","0.7142857142857143","14","247","0.4642857142857143","14","247","0.5277777777777778","18","247","0.5","12","247","0.5666666666666667","15","247","0.5","12","247","0.5714285714285714","14","247","0.3888888888888889","9","247","0.5","2","247","0.3235294117647059","17","247","0.6666666666666666","9","247","0.5","8"
,"248","0.5","8","248","0.3333333333333333","6","248","0.5","8","248","0.42857142857142855","7","248","0.5833333333333334","6","248","0.5555555555555556","9","248","0.4375","8","248","0.5833333333333334","6","248","0.5","3","248","0.375","4","248","0.5416666666666666","12","248","0.42857142857142855","7","248","1","2","248","0.5","6","248","0.8","5","248","0.5","5","248","0.5625","8","248","0.8","5","248","0.5833333333333334","6","248","0.5789473684210527","19","248","0.46153846153846156","13","248","0.5","4","248","0.2727272727272727","11","248","0.5","12","248","0.5454545454545454","11","248","0","0","248","0.625","8","248","0.25","4","248","0.5","13","248","0.5","2","248","0.5384615384615384","13","248","0.38461538461538464","13","248","0.75","2","248","0.55","10","248","0.5","13","248","0.5909090909090909","11","248","0.5","5","248","0.5833333333333334","6","248","0.4523809523809524","21","248","0.6764705882352942","17","248","0.7","5","248","0.625","4","248","0.5333333333333333","15","248","0.55","10","248","0.5555555555555556","18","248","0.4583333333333333","12","248","0.42857142857142855","14","248","0.525","20","248","0.7142857142857143","14","248","0.4642857142857143","14","248","0.5277777777777778","18","248","0.55","10","248","0.5666666666666667","15","248","0.5","12","248","0.5714285714285714","14","248","0.3888888888888889","9","248","0.5","2","248","0.34375","16","248","0.6666666666666666","9","248","0.5","8"
,"249","0.5","8","249","0.3333333333333333","6","249","0.5","8","249","0.42857142857142855","7","249","0.5833333333333334","6","249","0.5","8","249","0.42857142857142855","7","249","0.5833333333333334","6","249","0.5","3","249","0.375","4","249","0.5416666666666666","12","249","0.42857142857142855","7","249","1","2","249","0.5","6","249","0.8","5","249","0.625","4","249","0.5625","8","249","0.8","5","249","0.5833333333333334","6","249","0.5789473684210527","19","249","0.46153846153846156","13","249","0.5","4","249","0.2727272727272727","11","249","0.5","12","249","0.5454545454545454","11","249","0","0","249","0.625","8","249","0.25","4","249","0.5","13","249","0.5","2","249","0.5","12","249","0.38461538461538464","13","249","0.75","2","249","0.55","10","249","0.5","13","249","0.65","10","249","0.5","5","249","0.5833333333333334","6","249","0.4523809523809524","21","249","0.6764705882352942","17","249","0.7","5","249","0.625","4","249","0.5333333333333333","15","249","0.55","10","249","0.5555555555555556","18","249","0.4583333333333333","12","249","0.42857142857142855","14","249","0.5263157894736842","19","249","0.6923076923076923","13","249","0.4230769230769231","13","249","0.5277777777777778","18","249","0.55","10","249","0.5666666666666667","15","249","0.45454545454545453","11","249","0.5714285714285714","14","249","0.3888888888888889","9","249","0.5","2","249","0.34375","16","249","0.6428571428571429","7","249","0.5","8"
,"250","0.5","8","250","0.3333333333333333","6","250","0.5","8","250","0.42857142857142855","7","250","0.7","5","250","0.5","8","250","0.42857142857142855","7","250","0.5833333333333334","6","250","0.5","3","250","0.375","4","250","0.5416666666666666","12","250","0.42857142857142855","7","250","1","2","250","0.5","6","250","0.8","5","250","0.625","4","250","0.5625","8","250","0.875","4","250","0.5833333333333334","6","250","0.5789473684210527","19","250","0.5","12","250","0.5","4","250","0.1875","8","250","0.45454545454545453","11","250","0.5454545454545454","11","250","0","0","250","0.625","8","250","0.25","4","250","0.5","12","250","0.5","2","250","0.5","12","250","0.38461538461538464","13","250","0.75","2","250","0.55","10","250","0.5","13","250","0.65","10","250","0.5","5","250","0.5833333333333334","6","250","0.4523809523809524","21","250","0.6764705882352942","17","250","0.7","5","250","0.625","4","250","0.5333333333333333","15","250","0.55","10","250","0.5555555555555556","18","250","0.4583333333333333","12","250","0.42857142857142855","14","250","0.5263157894736842","19","250","0.7083333333333334","12","250","0.4230769230769231","13","250","0.5294117647058824","17","250","0.5555555555555556","9","250","0.5357142857142857","14","250","0.45454545454545453","11","250","0.6153846153846154","13","250","0.3888888888888889","9","250","0.5","2","250","0.34375","16","250","0.6428571428571429","7","250","0.5","8"
,"251","0.5","8","251","0.3333333333333333","6","251","0.5","8","251","0.42857142857142855","7","251","0.7","5","251","0.5","8","251","0.42857142857142855","7","251","0.5833333333333334","6","251","0.5","3","251","0.375","4","251","0.5416666666666666","12","251","0.42857142857142855","7","251","1","2","251","0.5","6","251","0.8","5","251","0.625","4","251","0.5625","8","251","0.875","4","251","0.5833333333333334","6","251","0.5789473684210527","19","251","0.5","12","251","0.5","4","251","0.1875","8","251","0.45454545454545453","11","251","0.5454545454545454","11","251","0","0","251","0.625","8","251","0.25","4","251","0.5","12","251","0.5","2","251","0.5","12","251","0.38461538461538464","13","251","0.75","2","251","0.55","10","251","0.5","13","251","0.65","10","251","0.5","5","251","0.5833333333333334","6","251","0.4523809523809524","21","251","0.6764705882352942","17","251","0.7","5","251","0.625","4","251","0.5333333333333333","15","251","0.55","10","251","0.5555555555555556","18","251","0.4583333333333333","12","251","0.42857142857142855","14","251","0.5263157894736842","19","251","0.7083333333333334","12","251","0.4230769230769231","13","251","0.5294117647058824","17","251","0.5555555555555556","9","251","0.5357142857142857","14","251","0.45454545454545453","11","251","0.6153846153846154","13","251","0.3888888888888889","9","251","0.5","2","251","0.34375","16","251","0.6428571428571429","7","251","0.5","8"
,"252","0.5","8","252","0.3333333333333333","6","252","0.5","8","252","0.42857142857142855","7","252","0.7","5","252","0.5","8","252","0.42857142857142855","7","252","0.5833333333333334","6","252","0.5","3","252","0.375","4","252","0.5416666666666666","12","252","0.4166666666666667","6","252","1","2","252","0.5","6","252","0.8","5","252","0.625","4","252","0.5625","8","252","0.875","4","252","0.5833333333333334","6","252","0.5789473684210527","19","252","0.5","11","252","0.5","4","252","0.1875","8","252","0.45454545454545453","11","252","0.5454545454545454","11","252","0","0","252","0.625","8","252","0.25","4","252","0.5","12","252","0.5","2","252","0.5","12","252","0.4166666666666667","12","252","0.75","2","252","0.55","10","252","0.5","13","252","0.65","10","252","0.5","5","252","0.5833333333333334","6","252","0.4523809523809524","21","252","0.6764705882352942","17","252","0.7","5","252","0.625","4","252","0.5333333333333333","15","252","0.55","10","252","0.5555555555555556","18","252","0.4583333333333333","12","252","0.42857142857142855","14","252","0.5263157894736842","19","252","0.7083333333333334","12","252","0.4230769230769231","13","252","0.53125","16","252","0.5555555555555556","9","252","0.5357142857142857","14","252","0.45454545454545453","11","252","0.6153846153846154","13","252","0.3888888888888889","9","252","1","1","252","0.36666666666666664","15","252","0.6666666666666666","6","252","0.5","8"
,"253","0.5","8","253","0.3333333333333333","6","253","0.5","8","253","0.42857142857142855","7","253","0.7","5","253","0.5","8","253","0.42857142857142855","7","253","0.5833333333333334","6","253","0.5","2","253","0.375","4","253","0.5416666666666666","12","253","0.4166666666666667","6","253","1","2","253","0.5","6","253","0.8","5","253","0.625","4","253","0.5","7","253","0.875","4","253","0.5833333333333334","6","253","0.5833333333333334","18","253","0.5","11","253","0.5","4","253","0.1875","8","253","0.45454545454545453","11","253","0.5454545454545454","11","253","0","0","253","0.625","8","253","0.25","4","253","0.5","12","253","0.5","2","253","0.5","12","253","0.4166666666666667","12","253","0.75","2","253","0.55","10","253","0.5","13","253","0.65","10","253","0.5","5","253","0.5833333333333334","6","253","0.4523809523809524","21","253","0.65625","16","253","0.7","5","253","0.625","4","253","0.5333333333333333","15","253","0.55","10","253","0.5555555555555556","18","253","0.4583333333333333","12","253","0.42857142857142855","14","253","0.5555555555555556","18","253","0.7083333333333334","12","253","0.4583333333333333","12","253","0.5333333333333333","15","253","0.5625","8","253","0.5357142857142857","14","253","0.45454545454545453","11","253","0.6153846153846154","13","253","0.3888888888888889","9","253","1","1","253","0.36666666666666664","15","253","0.6666666666666666","6","253","0.5","8"
,"254","0.5","8","254","0.3333333333333333","6","254","0.5","8","254","0.42857142857142855","7","254","0.7","5","254","0.5","8","254","0.42857142857142855","7","254","0.5833333333333334","6","254","0.5","1","254","0.375","4","254","0.5416666666666666","12","254","0.4166666666666667","6","254","1","2","254","0.5","6","254","0.8","5","254","0.625","4","254","0.5","7","254","0.875","4","254","0.5833333333333334","6","254","0.5833333333333334","18","254","0.5","11","254","0.5","4","254","0.21428571428571427","7","254","0.45454545454545453","11","254","0.5454545454545454","11","254","0","0","254","0.6428571428571429","7","254","0.25","4","254","0.5","12","254","0.5","2","254","0.5","12","254","0.4166666666666667","12","254","0.75","2","254","0.5555555555555556","9","254","0.5","13","254","0.65","10","254","0.5","5","254","0.5833333333333334","6","254","0.475","20","254","0.65625","16","254","0.7","5","254","0.625","4","254","0.5333333333333333","15","254","0.55","10","254","0.5294117647058824","17","254","0.4583333333333333","12","254","0.42857142857142855","14","254","0.5555555555555556","18","254","0.7083333333333334","12","254","0.4583333333333333","12","254","0.5333333333333333","15","254","0.5714285714285714","7","254","0.5357142857142857","14","254","0.45454545454545453","11","254","0.6153846153846154","13","254","0.3888888888888889","9","254","1","1","254","0.36666666666666664","15","254","0.6666666666666666","6","254","0.5","7"
,"255","0.5","8","255","0.3333333333333333","6","255","0.5","8","255","0.42857142857142855","7","255","0.7","5","255","0.5","8","255","0.42857142857142855","7","255","0.5833333333333334","6","255","0.5","1","255","0.375","4","255","0.5454545454545454","11","255","0.3","5","255","1","2","255","0.5","6","255","0.8","5","255","0.625","4","255","0.5","7","255","0.8333333333333334","3","255","0.5833333333333334","6","255","0.5833333333333334","18","255","0.5","10","255","0.5","4","255","0.21428571428571427","7","255","0.45454545454545453","11","255","0.5454545454545454","11","255","0","0","255","0.6666666666666666","6","255","0.25","4","255","0.5","12","255","0.5","2","255","0.5","12","255","0.4166666666666667","12","255","0.75","2","255","0.5555555555555556","9","255","0.5","13","255","0.65","10","255","0.5","5","255","0.5833333333333334","6","255","0.475","20","255","0.6666666666666666","15","255","0.7","5","255","0.625","4","255","0.5357142857142857","14","255","0.5","9","255","0.5294117647058824","17","255","0.4583333333333333","12","255","0.4230769230769231","13","255","0.5555555555555556","18","255","0.7083333333333334","12","255","0.4583333333333333","12","255","0.5333333333333333","15","255","0.5714285714285714","7","255","0.5357142857142857","14","255","0.45454545454545453","11","255","0.625","12","255","0.3888888888888889","9","255","1","1","255","0.36666666666666664","15","255","0.6666666666666666","6","255","0.5","7"
,"256","0.5","8","256","0.3333333333333333","6","256","0.5","8","256","0.42857142857142855","7","256","0.7","5","256","0.5","8","256","0.42857142857142855","7","256","0.5833333333333334","6","256","0.5","1","256","0.5","3","256","0.5454545454545454","11","256","0.3","5","256","1","2","256","0.5","6","256","0.8","5","256","0.625","4","256","0.5","7","256","0.8333333333333334","3","256","0.5833333333333334","6","256","0.5833333333333334","18","256","0.5","10","256","0.5","4","256","0.21428571428571427","7","256","0.45454545454545453","11","256","0.5","9","256","0","0","256","0.6666666666666666","6","256","0.25","4","256","0.5","11","256","0.5","2","256","0.5","12","256","0.4166666666666667","12","256","0.75","2","256","0.5555555555555556","9","256","0.5","13","256","0.65","10","256","0.5","5","256","0.5833333333333334","6","256","0.475","20","256","0.6666666666666666","15","256","0.7","5","256","0.625","4","256","0.5357142857142857","14","256","0.5","9","256","0.53125","16","256","0.4583333333333333","12","256","0.4230769230769231","13","256","0.5555555555555556","18","256","0.7083333333333334","12","256","0.4583333333333333","12","256","0.5333333333333333","15","256","0.5714285714285714","7","256","0.5357142857142857","14","256","0.45454545454545453","11","256","0.625","12","256","0.4375","8","256","1","1","256","0.36666666666666664","15","256","0.6666666666666666","6","256","0.5","7"
,"257","0.5","8","257","0.3333333333333333","6","257","0.5","8","257","0.3333333333333333","6","257","0.7","5","257","0.5","7","257","0.42857142857142855","7","257","0.5833333333333334","6","257","0.5","1","257","0.5","3","257","0.5454545454545454","11","257","0.3","5","257","1","2","257","0.5","6","257","0.8","5","257","0.625","4","257","0.5","7","257","0.8333333333333334","3","257","0.5833333333333334","6","257","0.6176470588235294","17","257","0.5","10","257","0.5","4","257","0.21428571428571427","7","257","0.45454545454545453","11","257","0.5","9","257","0","0","257","0.7","5","257","0.25","4","257","0.5","11","257","0.5","2","257","0.5","12","257","0.4166666666666667","12","257","0.75","2","257","0.5555555555555556","9","257","0.5","13","257","0.65","10","257","0.5","5","257","0.5833333333333334","6","257","0.475","20","257","0.6666666666666666","15","257","0.7","5","257","0.625","4","257","0.5384615384615384","13","257","0.5","10","257","0.53125","16","257","0.4090909090909091","11","257","0.4583333333333333","12","257","0.5555555555555556","18","257","0.6818181818181818","11","257","0.4583333333333333","12","257","0.5333333333333333","15","257","0.5714285714285714","7","257","0.5357142857142857","14","257","0.45454545454545453","11","257","0.625","12","257","0.4375","8","257","1","1","257","0.36666666666666664","15","257","0.6666666666666666","6","257","0.4166666666666667","6"
,"258","0.5","8","258","0.3333333333333333","6","258","0.5","8","258","0.3333333333333333","6","258","0.7","5","258","0.5","7","258","0.42857142857142855","7","258","0.5833333333333334","6","258","0.5","1","258","0.5","3","258","0.5454545454545454","11","258","0.3","5","258","1","2","258","0.5","6","258","0.875","4","258","0.625","4","258","0.5","7","258","0.8333333333333334","3","258","0.5833333333333334","6","258","0.6176470588235294","17","258","0.5","10","258","0.5","4","258","0.21428571428571427","7","258","0.45454545454545453","11","258","0.5","9","258","0","0","258","0.7","5","258","0.25","4","258","0.5","11","258","0.5","2","258","0.5","12","258","0.4166666666666667","12","258","0.75","2","258","0.5555555555555556","9","258","0.5416666666666666","12","258","0.65","10","258","0.5","5","258","0.5833333333333334","6","258","0.475","20","258","0.6666666666666666","15","258","0.7","5","258","0.625","4","258","0.5384615384615384","13","258","0.5","9","258","0.53125","16","258","0.4","10","258","0.4583333333333333","12","258","0.5588235294117647","17","258","0.65","10","258","0.4583333333333333","12","258","0.5333333333333333","15","258","0.5714285714285714","7","258","0.5357142857142857","14","258","0.45","10","258","0.625","12","258","0.4375","8","258","1","1","258","0.39285714285714285","14","258","0.7","5","258","0.4166666666666667","6"
,"259","0.5","8","259","0.3333333333333333","6","259","0.5","8","259","0.3333333333333333","6","259","0.625","4","259","0.5","7","259","0.42857142857142855","7","259","0.6","5","259","0.5","1","259","0.5","3","259","0.5454545454545454","11","259","0.3","5","259","1","2","259","0.5","6","259","0.875","4","259","0.625","4","259","0.5","6","259","0.8333333333333334","3","259","0.5","5","259","0.6176470588235294","17","259","0.5","10","259","0.5","3","259","0.21428571428571427","7","259","0.45454545454545453","11","259","0.5","9","259","0","0","259","0.7","5","259","0.3333333333333333","3","259","0.5","10","259","0.5","2","259","0.5","12","259","0.4166666666666667","12","259","0.75","2","259","0.5555555555555556","9","259","0.5416666666666666","12","259","0.6111111111111112","9","259","0.625","4","259","0.5833333333333334","6","259","0.475","20","259","0.6428571428571429","14","259","0.7","5","259","0.625","4","259","0.5416666666666666","12","259","0.5","9","259","0.53125","16","259","0.4","10","259","0.45454545454545453","11","259","0.5277777777777778","18","259","0.7222222222222222","9","259","0.4583333333333333","12","259","0.5333333333333333","15","259","0.5714285714285714","7","259","0.5357142857142857","14","259","0.45","10","259","0.625","12","259","0.4375","8","259","1","1","259","0.39285714285714285","14","259","0.7","5","259","0.4166666666666667","6"
,"260","0.5","7","260","0.3333333333333333","6","260","0.5","8","260","0.3333333333333333","6","260","0.625","4","260","0.5833333333333334","6","260","0.42857142857142855","7","260","0.6","5","260","0.5","1","260","0.5","3","260","0.5454545454545454","11","260","0.3","5","260","1","2","260","0.5","6","260","0.875","4","260","0.625","4","260","0.5","6","260","0.8333333333333334","3","260","0.5","5","260","0.6176470588235294","17","260","0.5","10","260","0.5","3","260","0.21428571428571427","7","260","0.45454545454545453","11","260","0.5","9","260","0","0","260","0.7","5","260","0.5","2","260","0.5","10","260","0.5","2","260","0.5","11","260","0.4166666666666667","12","260","0.75","2","260","0.5555555555555556","9","260","0.5454545454545454","11","260","0.6111111111111112","9","260","0.625","4","260","0.5","5","260","0.47368421052631576","19","260","0.6428571428571429","14","260","0.625","4","260","0.625","4","260","0.5416666666666666","12","260","0.5","9","260","0.53125","16","260","0.4","10","260","0.45","10","260","0.5588235294117647","17","260","0.7222222222222222","9","260","0.45454545454545453","11","260","0.5357142857142857","14","260","0.5714285714285714","7","260","0.5","15","260","0.4444444444444444","9","260","0.625","12","260","0.4375","8","260","1","1","260","0.38461538461538464","13","260","0.7","5","260","0.4166666666666667","6"
,"261","0.5","7","261","0.3333333333333333","6","261","0.5","7","261","0.3333333333333333","6","261","0.625","4","261","0.5833333333333334","6","261","0.42857142857142855","7","261","0.6","5","261","0","0","261","0.5","3","261","0.5454545454545454","11","261","0.3","5","261","1","2","261","0.5","6","261","0.875","4","261","0.625","4","261","0.5","6","261","0.8333333333333334","3","261","0.5","4","261","0.6176470588235294","17","261","0.5","10","261","0.5","3","261","0.21428571428571427","7","261","0.45454545454545453","11","261","0.5","9","261","0","0","261","0.7","5","261","0.5","2","261","0.5","10","261","0.5","2","261","0.5","11","261","0.4166666666666667","12","261","0.75","2","261","0.5555555555555556","9","261","0.5454545454545454","11","261","0.6111111111111112","9","261","0.625","4","261","0.5","5","261","0.47368421052631576","19","261","0.6428571428571429","14","261","0.8333333333333334","3","261","0.625","4","261","0.5416666666666666","12","261","0.5","9","261","0.53125","16","261","0.4","10","261","0.4444444444444444","9","261","0.5588235294117647","17","261","0.7222222222222222","9","261","0.45454545454545453","11","261","0.5357142857142857","14","261","0.5714285714285714","7","261","0.5357142857142857","14","261","0.5","8","261","0.625","12","261","0.4375","8","261","1","1","261","0.38461538461538464","13","261","0.7","5","261","0.5","5"
,"262","0.5","7","262","0.3333333333333333","6","262","0.5","7","262","0.3333333333333333","6","262","0.625","4","262","0.5833333333333334","6","262","0.3333333333333333","6","262","0.6","5","262","0","0","262","0.5","3","262","0.5","10","262","0.3","5","262","1","2","262","0.5","6","262","0.875","4","262","0.625","4","262","0.5","6","262","0.8333333333333334","3","262","0.5","4","262","0.6176470588235294","17","262","0.4444444444444444","9","262","0.5","3","262","0.21428571428571427","7","262","0.45454545454545453","11","262","0.5","9","262","0","0","262","0.7","5","262","0.5","2","262","0.5","10","262","0.5","2","262","0.5","10","262","0.4166666666666667","12","262","0.75","2","262","0.5555555555555556","9","262","0.5454545454545454","11","262","0.6111111111111112","9","262","0.625","4","262","0.5","5","262","0.4722222222222222","18","262","0.6428571428571429","14","262","0.8333333333333334","3","262","0.625","4","262","0.5416666666666666","12","262","0.5","9","262","0.53125","16","262","0.4","10","262","0.4375","8","262","0.5588235294117647","17","262","0.7222222222222222","9","262","0.45454545454545453","11","262","0.5357142857142857","14","262","0.5714285714285714","7","262","0.5384615384615384","13","262","0.5","8","262","0.625","12","262","0.4375","8","262","1","1","262","0.38461538461538464","13","262","0.7","5","262","0.5","5"
,"263","0.5","7","263","0.3333333333333333","6","263","0.5","7","263","0.3333333333333333","6","263","0.625","4","263","0.5833333333333334","6","263","0.3333333333333333","6","263","0.6","5","263","0","0","263","0.5","3","263","0.5","10","263","0.3","5","263","1","2","263","0.5","6","263","0.875","4","263","0.8333333333333334","3","263","0.5","6","263","0.8333333333333334","3","263","0.5","4","263","0.6176470588235294","17","263","0.4444444444444444","9","263","0.5","3","263","0.21428571428571427","7","263","0.45454545454545453","11","263","0.5","9","263","0","0","263","0.7","5","263","0.5","2","263","0.5","10","263","0.5","2","263","0.5","10","263","0.4166666666666667","12","263","0.75","2","263","0.5555555555555556","9","263","0.5454545454545454","11","263","0.6111111111111112","9","263","0.625","4","263","0.5","5","263","0.4722222222222222","18","263","0.6428571428571429","14","263","0.8333333333333334","3","263","0.625","4","263","0.5416666666666666","12","263","0.5625","8","263","0.53125","16","263","0.4","10","263","0.4375","8","263","0.53125","16","263","0.7222222222222222","9","263","0.45","10","263","0.5769230769230769","13","263","0.5714285714285714","7","263","0.5384615384615384","13","263","0.5","8","263","0.6363636363636364","11","263","0.4375","8","263","1","1","263","0.3333333333333333","12","263","0.7","5","263","0.5","5"
,"264","0.5","7","264","0.3333333333333333","6","264","0.5","7","264","0.3333333333333333","6","264","0.625","4","264","0.5833333333333334","6","264","0.3333333333333333","6","264","0.6","5","264","0","0","264","0.5","3","264","0.5","10","264","0.375","4","264","1","2","264","0.5","6","264","0.875","4","264","0.8333333333333334","3","264","0.5","6","264","0.8333333333333334","3","264","0.5","4","264","0.6176470588235294","17","264","0.4444444444444444","9","264","0.5","3","264","0.25","6","264","0.45454545454545453","11","264","0.5","9","264","0","0","264","0.7","5","264","0.5","2","264","0.5","10","264","0.5","2","264","0.5","10","264","0.4166666666666667","12","264","0.75","2","264","0.5555555555555556","9","264","0.5454545454545454","11","264","0.6111111111111112","9","264","0.625","4","264","0.5","5","264","0.4722222222222222","18","264","0.6428571428571429","14","264","0.8333333333333334","3","264","0.625","4","264","0.5454545454545454","11","264","0.5625","8","264","0.5333333333333333","15","264","0.4","10","264","0.4375","8","264","0.53125","16","264","0.7222222222222222","9","264","0.45","10","264","0.5769230769230769","13","264","0.5714285714285714","7","264","0.5","14","264","0.5","8","264","0.6363636363636364","11","264","0.4375","8","264","1","1","264","0.3076923076923077","13","264","0.625","4","264","0.5","5"
,"265","0.5","6","265","0.3333333333333333","6","265","0.5","7","265","0.3333333333333333","6","265","0.625","4","265","0.5833333333333334","6","265","0.3333333333333333","6","265","0.6","5","265","0","0","265","0.5","3","265","0.5","10","265","0.375","4","265","1","2","265","0.5","5","265","0.875","4","265","0.8333333333333334","3","265","0.5","6","265","0.8333333333333334","3","265","0.5","4","265","0.625","16","265","0.4444444444444444","9","265","0.5","3","265","0.25","6","265","0.45454545454545453","11","265","0.5","9","265","0","0","265","0.7","5","265","0.5","2","265","0.5","10","265","0.5","2","265","0.5","10","265","0.4166666666666667","12","265","0.75","2","265","0.5555555555555556","9","265","0.5454545454545454","11","265","0.6111111111111112","9","265","0.625","4","265","0.625","4","265","0.47058823529411764","17","265","0.6153846153846154","13","265","0.8333333333333334","3","265","0.625","4","265","0.5454545454545454","11","265","0.5625","8","265","0.5333333333333333","15","265","0.3888888888888889","9","265","0.4375","8","265","0.53125","16","265","0.7222222222222222","9","265","0.45","10","265","0.5769230769230769","13","265","0.5714285714285714","7","265","0.5","14","265","0.5","8","265","0.6363636363636364","11","265","0.4444444444444444","9","265","1","1","265","0.3076923076923077","13","265","0.625","4","265","0.5","5"
,"266","0.5","6","266","0.3333333333333333","6","266","0.5","7","266","0.3","5","266","0.625","4","266","0.5833333333333334","6","266","0.3333333333333333","6","266","0.6","5","266","0","0","266","0.5","3","266","0.5","10","266","0.375","4","266","1","2","266","0.625","4","266","0.875","4","266","0.8333333333333334","3","266","0.5","6","266","0.8333333333333334","3","266","0.5","4","266","0.625","16","266","0.4444444444444444","9","266","0.5","3","266","0.25","6","266","0.45454545454545453","11","266","0.5","8","266","0","0","266","0.7","5","266","0.5","2","266","0.5","10","266","0.5","2","266","0.5","10","266","0.4166666666666667","12","266","0.75","2","266","0.5555555555555556","9","266","0.5416666666666666","12","266","0.6111111111111112","9","266","0.625","4","266","0.625","4","266","0.46875","16","266","0.6153846153846154","13","266","0.8333333333333334","3","266","0.625","4","266","0.5454545454545454","11","266","0.5625","8","266","0.5333333333333333","15","266","0.3888888888888889","9","266","0.4375","8","266","0.53125","16","266","0.75","8","266","0.4444444444444444","9","266","0.5769230769230769","13","266","0.5714285714285714","7","266","0.5384615384615384","13","266","0.5","9","266","0.6363636363636364","11","266","0.4444444444444444","9","266","1","1","266","0.2916666666666667","12","266","0.6666666666666666","3","266","0.5","5"
,"267","0.5","6","267","0.3333333333333333","6","267","0.5","6","267","0.3","5","267","0.625","4","267","0.5833333333333334","6","267","0.3333333333333333","6","267","0.6","5","267","0","0","267","0.5","3","267","0.5","10","267","0.375","4","267","1","2","267","0.625","4","267","0.875","4","267","0.8333333333333334","3","267","0.5","6","267","0.8333333333333334","3","267","0.5","3","267","0.6","15","267","0.4444444444444444","9","267","0.5","3","267","0.25","6","267","0.45454545454545453","11","267","0.5","8","267","0","0","267","0.7","5","267","0.5","2","267","0.5","10","267","0.5","2","267","0.5","10","267","0.4166666666666667","12","267","0.75","2","267","0.5555555555555556","9","267","0.5416666666666666","12","267","0.6111111111111112","9","267","0.625","4","267","0.625","4","267","0.46875","16","267","0.6153846153846154","13","267","0.8333333333333334","3","267","0.625","4","267","0.55","10","267","0.5625","8","267","0.5333333333333333","15","267","0.3888888888888889","9","267","0.4375","8","267","0.53125","16","267","0.75","8","267","0.5","8","267","0.5769230769230769","13","267","0.5714285714285714","7","267","0.5384615384615384","13","267","0.5","9","267","0.6363636363636364","11","267","0.4375","8","267","1","1","267","0.2916666666666667","12","267","0.6666666666666666","3","267","0.5","5"
,"268","0.5","5","268","0.3333333333333333","6","268","0.5","6","268","0.3","5","268","0.625","4","268","0.5833333333333334","6","268","0.3333333333333333","6","268","0.6","5","268","0","0","268","0.5","3","268","0.5","10","268","0.375","4","268","1","2","268","0.625","4","268","0.875","4","268","1","2","268","0.5","6","268","0.8333333333333334","3","268","0.5","3","268","0.6","15","268","0.4444444444444444","9","268","0.5","3","268","0.25","6","268","0.45454545454545453","11","268","0.5714285714285714","7","268","0","0","268","0.7","5","268","0.5","2","268","0.5","10","268","0.5","1","268","0.5","8","268","0.4166666666666667","12","268","0.75","2","268","0.5555555555555556","9","268","0.5909090909090909","11","268","0.6111111111111112","9","268","0.6666666666666666","3","268","0.625","4","268","0.46875","16","268","0.6153846153846154","13","268","0.8333333333333334","3","268","0.6666666666666666","3","268","0.55","10","268","0.5625","8","268","0.5333333333333333","15","268","0.3888888888888889","9","268","0.4375","8","268","0.53125","16","268","0.75","8","268","0.5","8","268","0.5769230769230769","13","268","0.5714285714285714","7","268","0.5416666666666666","12","268","0.5","9","268","0.65","10","268","0.4375","8","268","1","1","268","0.2916666666666667","12","268","0.6666666666666666","3","268","0.5","5"
,"269","0.5","5","269","0.3","5","269","0.6","5","269","0.3","5","269","0.625","4","269","0.5833333333333334","6","269","0.3333333333333333","6","269","0.6","5","269","0","0","269","0.5","3","269","0.5","10","269","0.375","4","269","1","2","269","0.625","4","269","0.875","4","269","1","2","269","0.6","5","269","0.8333333333333334","3","269","0.5","3","269","0.6","15","269","0.4444444444444444","9","269","0.5","3","269","0.25","6","269","0.45454545454545453","11","269","0.5714285714285714","7","269","0","0","269","0.7","5","269","0.5","2","269","0.5","9","269","0.5","1","269","0.5","8","269","0.4166666666666667","12","269","0.75","2","269","0.5555555555555556","9","269","0.5909090909090909","11","269","0.6111111111111112","9","269","0.6666666666666666","3","269","0.625","4","269","0.46875","16","269","0.6153846153846154","13","269","0.8333333333333334","3","269","0.75","2","269","0.55","10","269","0.5714285714285714","7","269","0.5333333333333333","15","269","0.3888888888888889","9","269","0.35714285714285715","7","269","0.53125","16","269","0.75","8","269","0.5","8","269","0.5769230769230769","13","269","0.5714285714285714","7","269","0.5416666666666666","12","269","0.5","9","269","0.65","10","269","0.4375","8","269","1","1","269","0.2916666666666667","12","269","0.6666666666666666","3","269","0.5","5"
,"270","0.5","5","270","0.3","5","270","0.625","4","270","0.3","5","270","0.625","4","270","0.5833333333333334","6","270","0.3333333333333333","6","270","0.6","5","270","0","0","270","0.5","3","270","0.5","10","270","0.375","4","270","1","2","270","0.625","4","270","0.875","4","270","1","2","270","0.6","5","270","0.8333333333333334","3","270","0.5","3","270","0.6","15","270","0.4444444444444444","9","270","0.5","3","270","0.25","6","270","0.45","10","270","0.5714285714285714","7","270","0","0","270","0.625","4","270","0.5","2","270","0.5","9","270","0.5","1","270","0.5","8","270","0.4166666666666667","12","270","0.75","2","270","0.5555555555555556","9","270","0.625","12","270","0.5625","8","270","0.6666666666666666","3","270","0.625","4","270","0.46875","16","270","0.625","12","270","0.8333333333333334","3","270","0.75","2","270","0.55","10","270","0.5714285714285714","7","270","0.5357142857142857","14","270","0.3888888888888889","9","270","0.4","5","270","0.53125","16","270","0.75","8","270","0.5","8","270","0.5416666666666666","12","270","0.5714285714285714","7","270","0.5416666666666666","12","270","0.5","9","270","0.65","10","270","0.4375","8","270","1","1","270","0.2916666666666667","12","270","0.6666666666666666","3","270","0.5","5"
,"271","0.5","5","271","0.3","5","271","0.625","4","271","0.3","5","271","0.625","4","271","0.5833333333333334","6","271","0.3333333333333333","6","271","0.6","5","271","0","0","271","0.5","3","271","0.5","10","271","0.375","4","271","1","2","271","0.625","4","271","0.875","4","271","1","2","271","0.6","5","271","0.8333333333333334","3","271","0.5","3","271","0.5625","16","271","0.4444444444444444","9","271","0.5","3","271","0.25","6","271","0.3125","8","271","0.5833333333333334","6","271","0","0","271","0.625","4","271","0.5","2","271","0.5","8","271","0.5","1","271","0.5","8","271","0.4166666666666667","12","271","0.75","2","271","0.5555555555555556","9","271","0.5909090909090909","11","271","0.5714285714285714","7","271","0.6666666666666666","3","271","0.625","4","271","0.46875","16","271","0.625","12","271","0.8333333333333334","3","271","0.75","2","271","0.55","10","271","0.5714285714285714","7","271","0.5357142857142857","14","271","0.3888888888888889","9","271","0.4","5","271","0.5","14","271","0.75","8","271","0.5","8","271","0.5416666666666666","12","271","0.5714285714285714","7","271","0.5416666666666666","12","271","0.5","9","271","0.65","10","271","0.4375","8","271","1","1","271","0.22727272727272727","11","271","0.6666666666666666","3","271","0.5","5"
,"272","0.5","5","272","0.3","5","272","0.625","4","272","0.3","5","272","0.625","4","272","0.5833333333333334","6","272","0.3333333333333333","6","272","0.6","5","272","0","0","272","0.5","3","272","0.5","10","272","0.375","4","272","1","2","272","0.625","4","272","0.875","4","272","1","2","272","0.6","5","272","0.8333333333333334","3","272","0.5","3","272","0.5625","16","272","0.4444444444444444","9","272","0.5","3","272","0.25","6","272","0.3125","8","272","0.5833333333333334","6","272","0","0","272","0.5","3","272","0.5","2","272","0.5","8","272","0.5","1","272","0.42857142857142855","7","272","0.4166666666666667","12","272","0.75","2","272","0.5","8","272","0.5909090909090909","11","272","0.5833333333333334","6","272","0.6666666666666666","3","272","0.625","4","272","0.46875","16","272","0.625","12","272","0.8333333333333334","3","272","0.75","2","272","0.55","10","272","0.5714285714285714","7","272","0.5357142857142857","14","272","0.35","10","272","0.4","5","272","0.5","14","272","0.75","8","272","0.5","8","272","0.5416666666666666","12","272","0.5714285714285714","7","272","0.5416666666666666","12","272","0.5","9","272","0.6111111111111112","9","272","0.4375","8","272","1","1","272","0.22727272727272727","11","272","0.6666666666666666","3","272","0.5","5"
,"273","0.5","5","273","0.25","4","273","0.625","4","273","0.3","5","273","0.625","4","273","0.5833333333333334","6","273","0.3333333333333333","6","273","0.6","5","273","0","0","273","0.5","2","273","0.5","10","273","0.375","4","273","1","2","273","0.625","4","273","0.875","4","273","1","2","273","0.6","5","273","0.8333333333333334","3","273","0.5","3","273","0.5625","16","273","0.4444444444444444","9","273","0.5","2","273","0.25","6","273","0.3125","8","273","0.5833333333333334","6","273","0","0","273","0.5","3","273","0.5","1","273","0.5","8","273","0.5","1","273","0.42857142857142855","7","273","0.4166666666666667","12","273","0.75","2","273","0.5","8","273","0.5909090909090909","11","273","0.5833333333333334","6","273","0.6666666666666666","3","273","0.625","4","273","0.5","15","273","0.625","12","273","0.8333333333333334","3","273","0.75","2","273","0.55","10","273","0.5","6","273","0.5357142857142857","14","273","0.35","10","273","0.4","5","273","0.5","14","273","0.75","8","273","0.5","8","273","0.5454545454545454","11","273","0.5714285714285714","7","273","0.5416666666666666","12","273","0.5","8","273","0.6111111111111112","9","273","0.4375","8","273","1","1","273","0.22727272727272727","11","273","0.6666666666666666","3","273","0.5","5"
,"274","0.5","3","274","0.3333333333333333","3","274","0.625","4","274","0.3","5","274","0.625","4","274","0.5833333333333334","6","274","0.3333333333333333","6","274","0.6","5","274","0","0","274","0.5","2","274","0.4444444444444444","9","274","0.375","4","274","1","2","274","0.625","4","274","0.875","4","274","1","2","274","0.6","5","274","0.8333333333333334","3","274","0.5","3","274","0.5588235294117647","17","274","0.4375","8","274","0.5","2","274","0.25","6","274","0.3125","8","274","0.5833333333333334","6","274","0","0","274","0.5","3","274","0.5","1","274","0.5","8","274","0.5","1","274","0.42857142857142855","7","274","0.4166666666666667","12","274","0.75","2","274","0.5","8","274","0.5909090909090909","11","274","0.5833333333333334","6","274","0.6666666666666666","3","274","0.625","4","274","0.5","15","274","0.625","12","274","0.8333333333333334","3","274","0.75","2","274","0.55","10","274","0.6","5","274","0.5357142857142857","14","274","0.35","10","274","0.4","5","274","0.5","14","274","0.75","8","274","0.5","8","274","0.5454545454545454","11","274","0.5714285714285714","7","274","0.5454545454545454","11","274","0.5","8","274","0.6111111111111112","9","274","0.4375","8","274","1","1","274","0.22727272727272727","11","274","0.6666666666666666","3","274","0.5","5"
,"275","0.5","3","275","0.3333333333333333","3","275","0.625","4","275","0.3","5","275","0.625","4","275","0.5833333333333334","6","275","0.3333333333333333","6","275","0.6","5","275","0","0","275","0.5","2","275","0.4444444444444444","9","275","0.375","4","275","1","2","275","0.625","4","275","0.875","4","275","1","2","275","0.6","5","275","0.8333333333333334","3","275","0.5","3","275","0.5588235294117647","17","275","0.4375","8","275","0.5","2","275","0.25","6","275","0.3125","8","275","0.5","5","275","0","0","275","0.5","3","275","0.5","1","275","0.5","8","275","0.5","1","275","0.42857142857142855","7","275","0.4166666666666667","12","275","0.75","2","275","0.5","8","275","0.5909090909090909","11","275","0.5833333333333334","6","275","0.6666666666666666","3","275","0.625","4","275","0.5357142857142857","14","275","0.625","12","275","0.8333333333333334","3","275","0.75","2","275","0.6111111111111112","9","275","0.6","5","275","0.5357142857142857","14","275","0.35","10","275","0.4","5","275","0.5","13","275","0.75","8","275","0.42857142857142855","7","275","0.5454545454545454","11","275","0.5714285714285714","7","275","0.5454545454545454","11","275","0.5","8","275","0.5625","8","275","0.4375","8","275","0","0","275","0.25","10","275","0.6666666666666666","3","275","0.5","4"
,"276","0.5","3","276","0.3333333333333333","3","276","0.625","4","276","0.375","4","276","0.625","4","276","0.5833333333333334","6","276","0.3333333333333333","6","276","0.6","5","276","0","0","276","0.5","2","276","0.4444444444444444","9","276","0.375","4","276","1","2","276","0.625","4","276","0.875","4","276","1","2","276","0.6","5","276","0.8333333333333334","3","276","0.25","2","276","0.5588235294117647","17","276","0.4375","8","276","0.5","2","276","0.25","6","276","0.35714285714285715","7","276","0.5","5","276","0","0","276","0.5","3","276","0.5","1","276","0.5","8","276","0.5","1","276","0.3333333333333333","6","276","0.4166666666666667","12","276","0.75","2","276","0.5","7","276","0.65","10","276","0.5833333333333334","6","276","0.6666666666666666","3","276","0.625","4","276","0.5357142857142857","14","276","0.625","12","276","0.8333333333333334","3","276","0.75","2","276","0.6111111111111112","9","276","0.6","5","276","0.5357142857142857","14","276","0.35","10","276","0.4","5","276","0.4583333333333333","12","276","0.75","8","276","0.42857142857142855","7","276","0.5454545454545454","11","276","0.5714285714285714","7","276","0.5454545454545454","11","276","0.5","8","276","0.5625","8","276","0.42857142857142855","7","276","0","0","276","0.2777777777777778","9","276","0.6666666666666666","3","276","0.5","4"
,"277","0.5","3","277","0.3333333333333333","3","277","0.625","4","277","0.16666666666666666","3","277","0.625","4","277","0.5833333333333334","6","277","0.3333333333333333","6","277","0.6","5","277","0","0","277","0.5","2","277","0.4444444444444444","9","277","0.375","4","277","1","2","277","0.625","4","277","1","3","277","1","2","277","0.625","4","277","0.8333333333333334","3","277","0.25","2","277","0.5625","16","277","0.4375","8","277","0.5","2","277","0.25","6","277","0.35714285714285715","7","277","0.5","5","277","0","0","277","0.5","3","277","0.5","1","277","0.5","8","277","0.5","1","277","0.3333333333333333","6","277","0.4166666666666667","12","277","0.75","2","277","0.5","7","277","0.65","10","277","0.5833333333333334","6","277","0.6666666666666666","3","277","0.25","2","277","0.5357142857142857","14","277","0.625","12","277","0.8333333333333334","3","277","0.75","2","277","0.6111111111111112","9","277","0.6","5","277","0.5357142857142857","14","277","0.35","10","277","0.4","5","277","0.4583333333333333","12","277","0.75","8","277","0.42857142857142855","7","277","0.5","10","277","0.5714285714285714","7","277","0.5454545454545454","11","277","0.42857142857142855","7","277","0.5625","8","277","0.42857142857142855","7","277","0","0","277","0.2777777777777778","9","277","0.6666666666666666","3","277","0.5","4"
,"278","0.5","3","278","0.3333333333333333","3","278","0.625","4","278","0.16666666666666666","3","278","0.625","4","278","0.5833333333333334","6","278","0.3333333333333333","6","278","0.6","5","278","0","0","278","0.5","2","278","0.4444444444444444","9","278","0.375","4","278","1","1","278","0.625","4","278","1","3","278","1","2","278","0.625","4","278","0.8333333333333334","3","278","0.25","2","278","0.5625","16","278","0.42857142857142855","7","278","0.5","2","278","0.25","6","278","0.35714285714285715","7","278","0.5","5","278","0","0","278","0.5","3","278","0.5","1","278","0.5","8","278","0.5","1","278","0.3333333333333333","6","278","0.4166666666666667","12","278","0.75","2","278","0.5","7","278","0.65","10","278","0.5833333333333334","6","278","0.6666666666666666","3","278","0.25","2","278","0.5357142857142857","14","278","0.625","12","278","0.8333333333333334","3","278","0.75","2","278","0.6111111111111112","9","278","0.6","5","278","0.5357142857142857","14","278","0.35","10","278","0.4","5","278","0.4583333333333333","12","278","0.75","8","278","0.42857142857142855","7","278","0.5","10","278","0.5714285714285714","7","278","0.5454545454545454","11","278","0.3333333333333333","6","278","0.5625","8","278","0.3333333333333333","6","278","0","0","278","0.2777777777777778","9","278","0.6666666666666666","3","278","0.5","4"
,"279","0.5","3","279","0.3333333333333333","3","279","0.6666666666666666","3","279","0.16666666666666666","3","279","0.625","4","279","0.5833333333333334","6","279","0.3333333333333333","6","279","0.75","4","279","0","0","279","0.5","2","279","0.4444444444444444","9","279","0.375","4","279","1","1","279","0.625","4","279","1","3","279","1","2","279","0.625","4","279","0.8333333333333334","3","279","0.25","2","279","0.5625","16","279","0.42857142857142855","7","279","0.5","2","279","0.25","6","279","0.35714285714285715","7","279","0.5","5","279","0","0","279","0.5","2","279","0.5","1","279","0.5714285714285714","7","279","0.5","1","279","0.3333333333333333","6","279","0.4166666666666667","12","279","0.75","2","279","0.5","7","279","0.65","10","279","0.5833333333333334","6","279","0.6666666666666666","3","279","0.25","2","279","0.5357142857142857","14","279","0.625","12","279","0.8333333333333334","3","279","0.75","2","279","0.6111111111111112","9","279","0.6","5","279","0.5357142857142857","14","279","0.2777777777777778","9","279","0.4","5","279","0.4583333333333333","12","279","0.75","8","279","0.42857142857142855","7","279","0.5","10","279","0.5714285714285714","7","279","0.5454545454545454","11","279","0.3333333333333333","6","279","0.5714285714285714","7","279","0.3333333333333333","6","279","0","0","279","0.2777777777777778","9","279","0.6666666666666666","3","279","0.5","4"
,"280","0.5","3","280","0.3333333333333333","3","280","0.6666666666666666","3","280","0","2","280","0.625","4","280","0.5833333333333334","6","280","0.3333333333333333","6","280","0.75","4","280","0","0","280","0.5","2","280","0.4444444444444444","9","280","0.375","4","280","1","1","280","0.625","4","280","1","3","280","1","2","280","0.625","4","280","0.8333333333333334","3","280","0.25","2","280","0.5625","16","280","0.4166666666666667","6","280","0.5","2","280","0.25","6","280","0.35714285714285715","7","280","0.5","5","280","0","0","280","0.5","2","280","0.5","1","280","0.5714285714285714","7","280","0.5","1","280","0.3333333333333333","6","280","0.4166666666666667","12","280","0.75","2","280","0.5","7","280","0.65","10","280","0.5833333333333334","6","280","0.5","2","280","0.25","2","280","0.5416666666666666","12","280","0.625","12","280","0.8333333333333334","3","280","0.75","2","280","0.6111111111111112","9","280","0.6","5","280","0.5357142857142857","14","280","0.2777777777777778","9","280","0.4","5","280","0.45454545454545453","11","280","0.75","8","280","0.42857142857142855","7","280","0.5","10","280","0.5714285714285714","7","280","0.5454545454545454","11","280","0.3333333333333333","6","280","0.5714285714285714","7","280","0.3333333333333333","6","280","0","0","280","0.2777777777777778","9","280","0.6666666666666666","3","280","0.5","4"
,"281","0.5","3","281","0.3333333333333333","3","281","0.6666666666666666","3","281","0","2","281","0.625","4","281","0.5","5","281","0.3333333333333333","6","281","0.6666666666666666","3","281","0","0","281","0.5","2","281","0.375","8","281","0.375","4","281","1","1","281","0.625","4","281","1","2","281","1","2","281","0.625","4","281","0.8333333333333334","3","281","0.25","2","281","0.5625","16","281","0.4166666666666667","6","281","0.5","2","281","0.25","6","281","0.35714285714285715","7","281","0.5","5","281","0","0","281","0.5","2","281","0.5","1","281","0.5714285714285714","7","281","0.5","1","281","0.3333333333333333","6","281","0.4166666666666667","12","281","1","1","281","0.5","7","281","0.65","10","281","0.5833333333333334","6","281","0.5","2","281","0.25","2","281","0.5416666666666666","12","281","0.625","12","281","0.8333333333333334","3","281","0.75","2","281","0.6111111111111112","9","281","0.6","5","281","0.5357142857142857","14","281","0.2777777777777778","9","281","0.4","5","281","0.45454545454545453","11","281","0.75","8","281","0.42857142857142855","7","281","0.5","10","281","0.5833333333333334","6","281","0.55","10","281","0.3333333333333333","6","281","0.5714285714285714","7","281","0.3333333333333333","6","281","0","0","281","0.2777777777777778","9","281","0.6666666666666666","3","281","0.5","4"
,"282","0.5","3","282","0.3333333333333333","3","282","0.6666666666666666","3","282","0","2","282","0.625","4","282","0.5","5","282","0.3333333333333333","6","282","0.6666666666666666","3","282","0","0","282","0.5","2","282","0.5","6","282","0.375","4","282","1","1","282","0.625","4","282","1","2","282","1","2","282","0.625","4","282","0.8333333333333334","3","282","0.25","2","282","0.5625","16","282","0.4166666666666667","6","282","0.5","2","282","0.25","6","282","0.35714285714285715","7","282","0.5","5","282","0","0","282","0.5","2","282","0.5","1","282","0.5833333333333334","6","282","0.5","1","282","0.3333333333333333","6","282","0.4166666666666667","12","282","1","1","282","0.5","7","282","0.6111111111111112","9","282","0.5833333333333334","6","282","0.5","2","282","0.25","2","282","0.5416666666666666","12","282","0.625","12","282","0.8333333333333334","3","282","1","1","282","0.6111111111111112","9","282","0.6","5","282","0.5357142857142857","14","282","0.2777777777777778","9","282","0.4","5","282","0.45454545454545453","11","282","0.7142857142857143","7","282","0.42857142857142855","7","282","0.5","10","282","0.5833333333333334","6","282","0.55","10","282","0.3333333333333333","6","282","0.5714285714285714","7","282","0.3333333333333333","6","282","0","0","282","0.2777777777777778","9","282","0.6666666666666666","3","282","0.5","4"
,"283","0.5","3","283","0.3333333333333333","3","283","0.6666666666666666","3","283","0","2","283","0.625","4","283","0.5","5","283","0.3333333333333333","6","283","0.6666666666666666","3","283","0","0","283","0.5","2","283","0.5","6","283","0.375","4","283","1","1","283","0.625","4","283","1","2","283","1","2","283","0.625","4","283","0.8333333333333334","3","283","0.25","2","283","0.5333333333333333","15","283","0.4166666666666667","6","283","0.5","2","283","0.25","6","283","0.35714285714285715","7","283","0.375","4","283","0","0","283","0.5","2","283","0.5","1","283","0.6","5","283","0.5","1","283","0.3333333333333333","6","283","0.4166666666666667","12","283","1","1","283","0.4166666666666667","6","283","0.6111111111111112","9","283","0.5833333333333334","6","283","0.5","2","283","0.25","2","283","0.5416666666666666","12","283","0.625","12","283","0.8333333333333334","3","283","1","1","283","0.6111111111111112","9","283","0.6","5","283","0.5357142857142857","14","283","0.2777777777777778","9","283","0.4","5","283","0.45454545454545453","11","283","0.7142857142857143","7","283","0.42857142857142855","7","283","0.5","10","283","0.5833333333333334","6","283","0.55","10","283","0.3333333333333333","6","283","0.5714285714285714","7","283","0.3333333333333333","6","283","0","0","283","0.2777777777777778","9","283","0.6666666666666666","3","283","0.5","4"
,"284","0.5","3","284","0.3333333333333333","3","284","0.6666666666666666","3","284","0","2","284","0.625","4","284","0.5","5","284","0.3333333333333333","6","284","0.5","2","284","0","0","284","0.5","2","284","0.5","6","284","0.375","4","284","1","1","284","0.625","4","284","1","2","284","1","2","284","0.625","4","284","0.8333333333333334","3","284","0.25","2","284","0.5333333333333333","15","284","0.4166666666666667","6","284","0.5","2","284","0.25","6","284","0.35714285714285715","7","284","0.375","4","284","0","0","284","0.5","2","284","0.5","1","284","0.6","5","284","0.5","1","284","0.3333333333333333","6","284","0.4166666666666667","12","284","1","1","284","0.4166666666666667","6","284","0.6111111111111112","9","284","0.5833333333333334","6","284","0.5","2","284","0.25","2","284","0.5416666666666666","12","284","0.625","12","284","0.8333333333333334","3","284","1","1","284","0.625","8","284","0.6","5","284","0.5357142857142857","14","284","0.2777777777777778","9","284","0.4","5","284","0.45454545454545453","11","284","0.7142857142857143","7","284","0.42857142857142855","7","284","0.5","10","284","0.5833333333333334","6","284","0.55","10","284","0.3333333333333333","6","284","0.5714285714285714","7","284","0.2","5","284","0","0","284","0.2777777777777778","9","284","0.6666666666666666","3","284","0.5","4"
,"285","0.5","3","285","0.3333333333333333","3","285","0.6666666666666666","3","285","0","2","285","0.625","4","285","0.5","5","285","0.3333333333333333","6","285","0.5","2","285","0","0","285","0.5","2","285","0.5","6","285","0.375","4","285","1","1","285","0.625","4","285","1","2","285","1","2","285","0.625","4","285","0.8333333333333334","3","285","0.25","2","285","0.5333333333333333","15","285","0.4166666666666667","6","285","0.5","2","285","0.25","6","285","0.35714285714285715","7","285","0.375","4","285","0","0","285","0.5","2","285","0.5","1","285","0.6","5","285","0.5","1","285","0.3333333333333333","6","285","0.4090909090909091","11","285","1","1","285","0.4166666666666667","6","285","0.6111111111111112","9","285","0.5833333333333334","6","285","0.5","2","285","0.25","2","285","0.5416666666666666","12","285","0.625","12","285","0.8333333333333334","3","285","1","1","285","0.625","8","285","0.6","5","285","0.5357142857142857","14","285","0.2777777777777778","9","285","0.4","5","285","0.45454545454545453","11","285","0.7142857142857143","7","285","0.4166666666666667","6","285","0.5","10","285","0.5833333333333334","6","285","0.55","10","285","0.3333333333333333","6","285","0.5714285714285714","7","285","0.2","5","285","0","0","285","0.25","8","285","0.6666666666666666","3","285","0.5","4"
,"286","0.5","3","286","0.3333333333333333","3","286","0.6666666666666666","3","286","0","2","286","0.625","4","286","0.5","5","286","0.4","5","286","0.5","2","286","0","0","286","0.5","2","286","0.5","6","286","0.375","4","286","1","1","286","0.625","4","286","1","2","286","1","2","286","0.625","4","286","0.8333333333333334","3","286","0.25","2","286","0.5333333333333333","15","286","0.4166666666666667","6","286","0.5","2","286","0.25","6","286","0.3333333333333333","6","286","0.375","4","286","0","0","286","0.5","2","286","0.5","1","286","0.6","5","286","0.5","1","286","0.3333333333333333","6","286","0.4090909090909091","11","286","1","1","286","0.4166666666666667","6","286","0.5625","8","286","0.5833333333333334","6","286","0.5","2","286","0.25","2","286","0.5416666666666666","12","286","0.6363636363636364","11","286","0.8333333333333334","3","286","1","1","286","0.625","8","286","0.6","5","286","0.5357142857142857","14","286","0.2777777777777778","9","286","0.4","5","286","0.45454545454545453","11","286","0.7142857142857143","7","286","0.4166666666666667","6","286","0.5555555555555556","9","286","0.5833333333333334","6","286","0.55","10","286","0.3333333333333333","6","286","0.5714285714285714","7","286","0.2","5","286","0","0","286","0.25","8","286","0.6666666666666666","3","286","0.5","4"
,"287","0.5","3","287","0.3333333333333333","3","287","0.6666666666666666","3","287","0","2","287","0.625","4","287","0.5","4","287","0.4","5","287","0.5","2","287","0","0","287","0.5","2","287","0.5","6","287","0.375","4","287","1","1","287","0.6666666666666666","3","287","1","2","287","1","2","287","0.6666666666666666","3","287","0.8333333333333334","3","287","0.25","2","287","0.5333333333333333","15","287","0.4166666666666667","6","287","0.5","2","287","0.25","6","287","0.3333333333333333","6","287","0.375","4","287","0","0","287","0.5","2","287","0.5","1","287","0.6","5","287","0.5","1","287","0.3333333333333333","6","287","0.4090909090909091","11","287","1","1","287","0.4166666666666667","6","287","0.5625","8","287","0.5833333333333334","6","287","0.5","2","287","0.5","1","287","0.5416666666666666","12","287","0.6363636363636364","11","287","1","2","287","1","1","287","0.625","8","287","0.6","5","287","0.5357142857142857","14","287","0.2777777777777778","9","287","0.4","5","287","0.45454545454545453","11","287","0.7142857142857143","7","287","0.4166666666666667","6","287","0.5555555555555556","9","287","0.5833333333333334","6","287","0.55","10","287","0.3333333333333333","6","287","0.5714285714285714","7","287","0.2","5","287","0","0","287","0.25","8","287","0.6666666666666666","3","287","0.5","4"
,"288","0.25","2","288","0.3333333333333333","3","288","0.6666666666666666","3","288","0","2","288","0.625","4","288","0.5","4","288","0.25","4","288","0.5","2","288","0","0","288","0.5","2","288","0.5","6","288","0.375","4","288","1","1","288","0.6666666666666666","3","288","1","1","288","1","1","288","0.6666666666666666","3","288","0.8333333333333334","3","288","0.25","2","288","0.5333333333333333","15","288","0.4166666666666667","6","288","0.5","2","288","0.25","6","288","0.3333333333333333","6","288","0.375","4","288","0","0","288","0.5","2","288","0.5","1","288","0.6","5","288","0.5","1","288","0.3333333333333333","6","288","0.4090909090909091","11","288","1","1","288","0.4166666666666667","6","288","0.5625","8","288","0.5833333333333334","6","288","0.5","2","288","0.5","1","288","0.5416666666666666","12","288","0.6363636363636364","11","288","1","2","288","1","1","288","0.5833333333333334","6","288","0.6","5","288","0.5357142857142857","14","288","0.35714285714285715","7","288","0.4","5","288","0.45454545454545453","11","288","0.7142857142857143","7","288","0.4166666666666667","6","288","0.5555555555555556","9","288","0.5833333333333334","6","288","0.55","10","288","0.3333333333333333","6","288","0.5714285714285714","7","288","0.2","5","288","0","0","288","0.21428571428571427","7","288","0.6666666666666666","3","288","0.5","4"
,"289","0.5","1","289","0.3333333333333333","3","289","0.6666666666666666","3","289","0","2","289","0.625","4","289","0.5","4","289","0.25","4","289","0.5","2","289","0","0","289","0.5","2","289","0.5","6","289","0.375","4","289","1","1","289","0.6666666666666666","3","289","1","1","289","1","1","289","0.6666666666666666","3","289","0.8333333333333334","3","289","0.25","2","289","0.5333333333333333","15","289","0.4166666666666667","6","289","0.5","2","289","0.25","6","289","0.3333333333333333","6","289","0.375","4","289","0","0","289","0.5","2","289","0.5","1","289","0.6","5","289","0.5","1","289","0.3333333333333333","6","289","0.4090909090909091","11","289","1","1","289","0.4166666666666667","6","289","0.5625","8","289","0.75","4","289","1","1","289","0.5","1","289","0.5416666666666666","12","289","0.6363636363636364","11","289","1","2","289","1","1","289","0.5833333333333334","6","289","0.6","5","289","0.5357142857142857","14","289","0.35714285714285715","7","289","0.4","5","289","0.45454545454545453","11","289","0.7142857142857143","7","289","0.4166666666666667","6","289","0.5555555555555556","9","289","0.5833333333333334","6","289","0.5555555555555556","9","289","0.3333333333333333","6","289","0.5714285714285714","7","289","0.2","5","289","0","0","289","0.25","6","289","0.6666666666666666","3","289","0.5","4"
,"290","0.5","1","290","0.3333333333333333","3","290","0.6666666666666666","3","290","0","2","290","0.625","4","290","0.5","4","290","0.25","4","290","1","1","290","0","0","290","0.5","2","290","0.5","6","290","0.375","4","290","1","1","290","0.6666666666666666","3","290","1","1","290","1","1","290","0.6666666666666666","3","290","0.8333333333333334","3","290","0.5","1","290","0.5333333333333333","15","290","0.4166666666666667","6","290","0.5","2","290","0.25","6","290","0.3333333333333333","6","290","0.5","3","290","0","0","290","0.5","2","290","0.5","1","290","0.6","5","290","0.5","1","290","0.3333333333333333","6","290","0.35","10","290","1","1","290","0.5","5","290","0.5625","8","290","0.75","4","290","1","1","290","0.5","1","290","0.5416666666666666","12","290","0.65","10","290","1","2","290","1","1","290","0.5833333333333334","6","290","0.6","5","290","0.5357142857142857","14","290","0.35714285714285715","7","290","0.4","5","290","0.45454545454545453","11","290","0.7142857142857143","7","290","0.4166666666666667","6","290","0.5555555555555556","9","290","0.5833333333333334","6","290","0.5","8","290","0.3333333333333333","6","290","0.5714285714285714","7","290","0.2","5","290","0","0","290","0.25","6","290","0.6666666666666666","3","290","0.5","4"
,"291","0.5","1","291","0.3333333333333333","3","291","0.6666666666666666","3","291","0","2","291","0.5","3","291","0.5","4","291","0.25","4","291","1","1","291","0","0","291","0.5","2","291","0.5","6","291","0.375","4","291","1","1","291","0.6666666666666666","3","291","1","1","291","1","1","291","0.6666666666666666","3","291","0.8333333333333334","3","291","0.5","1","291","0.5333333333333333","15","291","0.4166666666666667","6","291","0.5","2","291","0.25","6","291","0.3333333333333333","6","291","0.5","3","291","0","0","291","0.5","1","291","0.5","1","291","0.6","5","291","0.5","1","291","0.3333333333333333","6","291","0.35","10","291","1","1","291","0.5","5","291","0.5625","8","291","0.75","4","291","1","1","291","0.5","1","291","0.5416666666666666","12","291","0.625","8","291","1","2","291","1","1","291","0.5833333333333334","6","291","0.6","5","291","0.5357142857142857","14","291","0.35714285714285715","7","291","0.4","5","291","0.45454545454545453","11","291","0.7142857142857143","7","291","0.4166666666666667","6","291","0.5555555555555556","9","291","0.5833333333333334","6","291","0.42857142857142855","7","291","0.3333333333333333","6","291","0.5","6","291","0.2","5","291","0","0","291","0.25","6","291","0.6666666666666666","3","291","0.6666666666666666","3"
,"292","0.5","1","292","0.3333333333333333","3","292","0.6666666666666666","3","292","0","2","292","0.5","3","292","0.5","4","292","0.25","4","292","1","1","292","0","0","292","0.5","2","292","0.5","6","292","0.375","4","292","1","1","292","0.5","2","292","1","1","292","1","1","292","0.5","2","292","0.8333333333333334","3","292","0.5","1","292","0.5714285714285714","14","292","0.4166666666666667","6","292","0.5","2","292","0.3","5","292","0.3333333333333333","6","292","0.5","3","292","0","0","292","0.5","1","292","0.5","1","292","0.6","5","292","0.5","1","292","0.3333333333333333","6","292","0.35","10","292","1","1","292","0.5","5","292","0.5625","8","292","0.75","4","292","1","1","292","0.5","1","292","0.5416666666666666","12","292","0.625","8","292","1","2","292","1","1","292","0.5","5","292","0.6","5","292","0.5357142857142857","14","292","0.35714285714285715","7","292","0.3333333333333333","3","292","0.45454545454545453","11","292","0.7142857142857143","7","292","0.4166666666666667","6","292","0.5555555555555556","9","292","0.5833333333333334","6","292","0.42857142857142855","7","292","0.3333333333333333","6","292","0.5","6","292","0.2","5","292","0","0","292","0.25","6","292","0.6666666666666666","3","292","0.6666666666666666","3"
,"293","0.5","1","293","0.3333333333333333","3","293","0.6666666666666666","3","293","0","1","293","0.5","3","293","0.5","4","293","0.25","4","293","1","1","293","0","0","293","0.5","2","293","0.5","6","293","0.375","4","293","1","1","293","0.5","2","293","1","1","293","1","1","293","0.5","2","293","0.8333333333333334","3","293","0.5","1","293","0.5714285714285714","14","293","0.4166666666666667","6","293","0.5","2","293","0.3","5","293","0.3333333333333333","6","293","0.5","3","293","0","0","293","0.5","1","293","0.5","1","293","0.6","5","293","0.5","1","293","0.3333333333333333","6","293","0.35","10","293","1","1","293","0.5","5","293","0.5625","8","293","0.75","4","293","1","1","293","0.5","1","293","0.5","11","293","0.625","8","293","1","2","293","1","1","293","0.5","5","293","0.6","5","293","0.5357142857142857","14","293","0.35714285714285715","7","293","0.3333333333333333","3","293","0.45454545454545453","11","293","0.7142857142857143","7","293","0.4166666666666667","6","293","0.5555555555555556","9","293","0.5833333333333334","6","293","0.42857142857142855","7","293","0.3333333333333333","6","293","0.5","6","293","0.25","4","293","0","0","293","0.25","6","293","0.6666666666666666","3","293","0.6666666666666666","3"
,"294","0.5","1","294","0.25","4","294","0.6666666666666666","3","294","0","1","294","0.5","3","294","0.5","4","294","0.25","4","294","1","1","294","0","0","294","0.5","2","294","0.5","6","294","0.375","4","294","1","1","294","0.5","2","294","1","1","294","1","1","294","0.5","2","294","0.8333333333333334","3","294","0.5","1","294","0.5769230769230769","13","294","0.4166666666666667","6","294","0.5","2","294","0.3","5","294","0.3","5","294","0.5","3","294","0","0","294","0.5","1","294","0.5","1","294","0.6","5","294","0.5","1","294","0.3333333333333333","6","294","0.3888888888888889","9","294","1","1","294","0.5","4","294","0.5625","8","294","0.75","4","294","1","1","294","0.5","1","294","0.5","11","294","0.625","8","294","1","1","294","1","1","294","0.5","5","294","0.6","5","294","0.5357142857142857","14","294","0.35714285714285715","7","294","0.3333333333333333","3","294","0.45454545454545453","11","294","0.7142857142857143","7","294","0.4166666666666667","6","294","0.5555555555555556","9","294","0.5833333333333334","6","294","0.42857142857142855","7","294","0.3333333333333333","6","294","0.5","6","294","0.25","4","294","0","0","294","0.25","6","294","0.6666666666666666","3","294","0.6666666666666666","3"
,"295","0.5","1","295","0.25","4","295","0.6666666666666666","3","295","0","1","295","0.5","3","295","0.5","4","295","0.25","4","295","1","1","295","0","0","295","0.5","2","295","0.5","6","295","0.375","4","295","1","1","295","0.5","2","295","1","1","295","1","1","295","0.5","2","295","0.8333333333333334","3","295","0.5","1","295","0.5769230769230769","13","295","0.4166666666666667","6","295","0.5","2","295","0.3","5","295","0.3","5","295","0.5","3","295","0","0","295","0.5","1","295","0.5","1","295","0.75","4","295","0.5","1","295","0.3333333333333333","6","295","0.4375","8","295","1","1","295","0.5","4","295","0.5625","8","295","0.75","4","295","1","1","295","0.5","1","295","0.5","11","295","0.625","8","295","1","1","295","1","1","295","0.5","5","295","0.6","5","295","0.5357142857142857","14","295","0.3333333333333333","6","295","0.3333333333333333","3","295","0.45454545454545453","11","295","0.7142857142857143","7","295","0.4166666666666667","6","295","0.5555555555555556","9","295","0.6","5","295","0.42857142857142855","7","295","0.3333333333333333","6","295","0.5","6","295","0.25","4","295","0","0","295","0.25","6","295","0.6666666666666666","3","295","0.6666666666666666","3"
,"296","0.5","1","296","0.25","4","296","0.6666666666666666","3","296","0","1","296","0.5","3","296","0.5","4","296","0.25","4","296","1","1","296","0","0","296","0.5","2","296","0.5","6","296","0.375","4","296","1","1","296","0.5","2","296","1","1","296","1","1","296","0.5","2","296","0.8333333333333334","3","296","0.5","1","296","0.5769230769230769","13","296","0.4166666666666667","6","296","0.5","2","296","0.3","5","296","0.3","5","296","0.5","3","296","0","0","296","0.5","1","296","0.5","1","296","0.75","4","296","0.5","1","296","0.3333333333333333","6","296","0.4375","8","296","1","1","296","0.5","4","296","0.5625","8","296","0.75","4","296","1","1","296","0.5","1","296","0.4583333333333333","12","296","0.625","8","296","1","1","296","1","1","296","0.5","5","296","0.6","5","296","0.5384615384615384","13","296","0.3333333333333333","6","296","0.3333333333333333","3","296","0.45454545454545453","11","296","0.7142857142857143","7","296","0.4166666666666667","6","296","0.5555555555555556","9","296","0.6","5","296","0.42857142857142855","7","296","0.3333333333333333","6","296","0.5","6","296","0.25","4","296","0","0","296","0.25","6","296","0.6666666666666666","3","296","0.6666666666666666","3"
,"297","0.5","1","297","0.25","4","297","0.6666666666666666","3","297","0","1","297","0.5","3","297","0.5","4","297","0.25","4","297","1","1","297","0","0","297","0.5","2","297","0.5","6","297","0.375","4","297","1","1","297","0.5","2","297","1","1","297","1","1","297","0.5","2","297","0.8333333333333334","3","297","0.5","1","297","0.5416666666666666","12","297","0.4166666666666667","6","297","0.5","2","297","0.3","5","297","0.3","5","297","0.5","2","297","0","0","297","0.5","1","297","0.5","1","297","0.75","4","297","0.5","1","297","0.3333333333333333","6","297","0.4375","8","297","1","1","297","0.5","3","297","0.5625","8","297","0.75","4","297","1","1","297","0","0","297","0.4583333333333333","12","297","0.625","8","297","1","1","297","1","1","297","0.5","5","297","0.6","5","297","0.5833333333333334","12","297","0.3333333333333333","6","297","0.3333333333333333","3","297","0.45454545454545453","11","297","0.7142857142857143","7","297","0.4166666666666667","6","297","0.5555555555555556","9","297","0.6","5","297","0.42857142857142855","7","297","0.3333333333333333","6","297","0.5","6","297","0.25","4","297","0","0","297","0.25","6","297","0.6666666666666666","3","297","0.6666666666666666","3"
,"298","0.5","1","298","0.25","4","298","0.6666666666666666","3","298","0","1","298","0.5","3","298","0.5","4","298","0.25","4","298","1","1","298","0","0","298","0.5","2","298","0.5","6","298","0.375","4","298","1","1","298","0.5","2","298","1","1","298","1","1","298","0.5","2","298","0.8333333333333334","3","298","0.5","1","298","0.5416666666666666","12","298","0.4166666666666667","6","298","0.5","2","298","0.3","5","298","0.3","5","298","0.5","2","298","0","0","298","0.5","1","298","0.5","1","298","0.75","4","298","0.5","1","298","0.3333333333333333","6","298","0.4375","8","298","1","1","298","0.5","3","298","0.5625","8","298","0.75","4","298","1","1","298","0","0","298","0.4583333333333333","12","298","0.625","8","298","1","1","298","1","1","298","0.5","5","298","0.6","5","298","0.5833333333333334","12","298","0.3333333333333333","6","298","0.3333333333333333","3","298","0.5","10","298","0.6666666666666666","6","298","0.4166666666666667","6","298","0.5555555555555556","9","298","0.6","5","298","0.42857142857142855","7","298","0.3333333333333333","6","298","0.4","5","298","0.25","4","298","0","0","298","0.25","6","298","0.6666666666666666","3","298","0.6666666666666666","3"
,"299","0","0","299","0.25","4","299","0.6666666666666666","3","299","0","1","299","0.5","3","299","0.5","4","299","0.25","4","299","1","1","299","0","0","299","0.5","2","299","0.5","6","299","0.375","4","299","1","1","299","0.5","2","299","1","1","299","1","1","299","0.5","2","299","0.8333333333333334","3","299","0.5","1","299","0.5416666666666666","12","299","0.4166666666666667","6","299","0.5","2","299","0.3","5","299","0.3","5","299","0.5","2","299","0","0","299","0.5","1","299","0.5","1","299","0.75","4","299","0.5","1","299","0.3333333333333333","6","299","0.42857142857142855","7","299","1","1","299","0.5","3","299","0.5625","8","299","0.75","4","299","1","1","299","0","0","299","0.4583333333333333","12","299","0.625","8","299","1","1","299","1","1","299","0.5","5","299","0.6","5","299","0.5833333333333334","12","299","0.3333333333333333","6","299","0.3333333333333333","3","299","0.4444444444444444","9","299","0.6666666666666666","6","299","0.5","5","299","0.5555555555555556","9","299","0.6","5","299","0.42857142857142855","7","299","0.3333333333333333","6","299","0.4","5","299","0.25","4","299","0","0","299","0.25","6","299","0.5","2","299","0.6666666666666666","3"
,"300","0","0","300","0.25","4","300","0.6666666666666666","3","300","0","1","300","0.5","3","300","0.5","4","300","0.25","4","300","1","1","300","0","0","300","0.5","2","300","0.5","5","300","0.375","4","300","1","1","300","0.5","2","300","1","1","300","1","1","300","0.5","2","300","0.8333333333333334","3","300","0.5","1","300","0.5416666666666666","12","300","0.4166666666666667","6","300","0.5","2","300","0.3","5","300","0.3","5","300","0.5","2","300","0","0","300","0.5","1","300","0.5","1","300","0.75","4","300","0.5","1","300","0.3333333333333333","6","300","0.42857142857142855","7","300","1","1","300","0.5","3","300","0.5625","8","300","0.75","4","300","1","1","300","0","0","300","0.4583333333333333","12","300","0.625","8","300","1","1","300","1","1","300","0.5","5","300","0.6","5","300","0.5833333333333334","12","300","0.3333333333333333","6","300","0.3333333333333333","3","300","0.4444444444444444","9","300","0.6666666666666666","6","300","0.5","5","300","0.5555555555555556","9","300","0.6","5","300","0.42857142857142855","7","300","0.3333333333333333","6","300","0.4","5","300","0.25","4","300","0","0","300","0.25","6","300","0.5","2","300","0.6666666666666666","3"
,"301","0","0","301","0.25","4","301","0.6666666666666666","3","301","0","1","301","0.5","3","301","0.5","4","301","0.25","4","301","1","1","301","0","0","301","0.5","2","301","0.5","5","301","0.375","4","301","1","1","301","0.5","2","301","1","1","301","1","1","301","0.5","2","301","0.8333333333333334","3","301","0.5","1","301","0.5454545454545454","11","301","0.4166666666666667","6","301","0.5","2","301","0.3","5","301","0.3","5","301","0.5","2","301","0","0","301","0.5","1","301","0.5","1","301","0.75","4","301","0.5","1","301","0.3333333333333333","6","301","0.42857142857142855","7","301","1","1","301","0.5","3","301","0.5625","8","301","0.75","4","301","1","1","301","0","0","301","0.4583333333333333","12","301","0.625","8","301","1","1","301","1","1","301","0.5","5","301","0.6","5","301","0.5833333333333334","12","301","0.3333333333333333","6","301","0.3333333333333333","3","301","0.5","8","301","0.6666666666666666","6","301","0.5","5","301","0.5555555555555556","9","301","0.6","5","301","0.42857142857142855","7","301","0.3","5","301","0.4","5","301","0.25","4","301","0","0","301","0.25","6","301","0.5","2","301","0.6666666666666666","3"
,"302","0","0","302","0.25","4","302","0.6666666666666666","3","302","0","1","302","0.5","3","302","0.5","4","302","0.25","4","302","1","1","302","0","0","302","0.5","2","302","0.5","5","302","0.375","4","302","1","1","302","0.5","2","302","1","1","302","1","1","302","0.5","2","302","0.75","2","302","0.5","1","302","0.5454545454545454","11","302","0.4166666666666667","6","302","0.5","2","302","0.3","5","302","0.3","5","302","0.5","2","302","0","0","302","0.5","1","302","0.5","1","302","0.75","4","302","0.5","1","302","0.3333333333333333","6","302","0.4166666666666667","6","302","1","1","302","0.5","3","302","0.5625","8","302","0.8333333333333334","3","302","1","1","302","0","0","302","0.4583333333333333","12","302","0.625","8","302","1","1","302","1","1","302","0.5","5","302","0.5","4","302","0.5909090909090909","11","302","0.3333333333333333","6","302","0.3333333333333333","3","302","0.5","8","302","0.6666666666666666","6","302","0.5","5","302","0.5625","8","302","0.6","5","302","0.4166666666666667","6","302","0.3","5","302","0.4","5","302","0.25","4","302","0","0","302","0.25","6","302","0.5","2","302","0.6666666666666666","3"
,"303","0","0","303","0.25","4","303","0.6666666666666666","3","303","0","1","303","0.5","3","303","0.5","4","303","0.25","4","303","1","1","303","0","0","303","0.5","2","303","0.5","5","303","0.375","4","303","1","1","303","0.5","2","303","1","1","303","1","1","303","0.5","2","303","0.75","2","303","0.5","1","303","0.5454545454545454","11","303","0.4166666666666667","6","303","0.5","2","303","0.3","5","303","0.3","5","303","0.5","2","303","0","0","303","0.5","1","303","0.5","1","303","0.75","4","303","0.5","1","303","0.3333333333333333","6","303","0.4166666666666667","6","303","1","1","303","0.5","3","303","0.5625","8","303","0.8333333333333334","3","303","1","1","303","0","0","303","0.4583333333333333","12","303","0.625","8","303","1","1","303","1","1","303","0.6666666666666666","3","303","0.5","4","303","0.5909090909090909","11","303","0.3333333333333333","6","303","0.3333333333333333","3","303","0.5","8","303","0.6666666666666666","6","303","0.5","5","303","0.5625","8","303","0.6","5","303","0.4166666666666667","6","303","0.3","5","303","0.4","5","303","0.25","4","303","0","0","303","0.3","5","303","1","1","303","0.6666666666666666","3"
,"304","0","0","304","0.25","4","304","0.6666666666666666","3","304","0","1","304","0.5","3","304","0.5","4","304","0.25","4","304","1","1","304","0","0","304","0.5","2","304","0.5","5","304","0.375","4","304","1","1","304","0.5","2","304","1","1","304","1","1","304","0.5","2","304","0.5","1","304","0.5","1","304","0.5454545454545454","11","304","0.4166666666666667","6","304","0.5","2","304","0.3","5","304","0.3","5","304","0.5","2","304","0","0","304","0.5","1","304","0.5","1","304","0.75","4","304","0.5","1","304","0.3333333333333333","6","304","0.4","5","304","1","1","304","0.5","2","304","0.5625","8","304","0.8333333333333334","3","304","1","1","304","0","0","304","0.4583333333333333","12","304","0.625","8","304","1","1","304","1","1","304","0.6666666666666666","3","304","0.5","4","304","0.5909090909090909","11","304","0.3333333333333333","6","304","0.3333333333333333","3","304","0.5","7","304","0.6666666666666666","6","304","0.5","5","304","0.5625","8","304","0.6","5","304","0.4166666666666667","6","304","0.25","4","304","0.4","5","304","0.25","4","304","0","0","304","0.3","5","304","1","1","304","0.6666666666666666","3"
,"305","0","0","305","0.25","4","305","0.6666666666666666","3","305","0","1","305","0.5","3","305","0.5","4","305","0.25","4","305","1","1","305","0","0","305","0.5","2","305","0.5","5","305","0.375","4","305","1","1","305","0.5","2","305","1","1","305","1","1","305","0.5","2","305","0.5","1","305","0.5","1","305","0.5454545454545454","11","305","0.25","4","305","0.5","2","305","0.3","5","305","0.3","5","305","0.5","2","305","0","0","305","0.5","1","305","0.5","1","305","0.75","4","305","0.5","1","305","0.3333333333333333","6","305","0.4","5","305","1","1","305","0.5","2","305","0.5","7","305","1","2","305","1","1","305","0","0","305","0.4583333333333333","12","305","0.5714285714285714","7","305","1","1","305","1","1","305","0.6666666666666666","3","305","0.5","4","305","0.5909090909090909","11","305","0.3333333333333333","6","305","0.3333333333333333","3","305","0.5","7","305","0.6","5","305","0.5","5","305","0.5625","8","305","0.6","5","305","0.4166666666666667","6","305","0.25","4","305","0.5","4","305","0.25","4","305","0","0","305","0.3","5","305","1","1","305","0.6666666666666666","3"
,"306","0","0","306","0.25","4","306","0.6666666666666666","3","306","0","1","306","0.5","3","306","0.5","4","306","0.25","4","306","1","1","306","0","0","306","0.5","2","306","0.5","5","306","0.375","4","306","1","1","306","0.5","2","306","1","1","306","1","1","306","0.5","2","306","0.5","1","306","0.5","1","306","0.55","10","306","0.3333333333333333","3","306","0.5","2","306","0.25","4","306","0.3","5","306","0.5","2","306","0","0","306","0.5","1","306","0.5","1","306","0.75","4","306","0.5","1","306","0.3","5","306","0.4","5","306","1","1","306","0.5","2","306","0.5","6","306","1","2","306","1","1","306","0","0","306","0.45454545454545453","11","306","0.5714285714285714","7","306","1","1","306","1","1","306","0.6666666666666666","3","306","0.5","4","306","0.5909090909090909","11","306","0.3333333333333333","6","306","0.3333333333333333","3","306","0.5","7","306","0.6","5","306","0.5","5","306","0.5714285714285714","7","306","0.6","5","306","0.4166666666666667","6","306","0.25","4","306","0.5","4","306","0.25","4","306","0","0","306","0.3","5","306","1","1","306","0.6666666666666666","3"
,"307","0","0","307","0.25","4","307","0.6666666666666666","3","307","0","1","307","0.5","3","307","0.5","4","307","0.25","4","307","1","1","307","0","0","307","0.5","2","307","0.5","5","307","0.3333333333333333","3","307","1","1","307","0.5","2","307","1","1","307","1","1","307","0.5","2","307","0.5","1","307","0.5","1","307","0.55","10","307","0.3333333333333333","3","307","0.5","2","307","0.25","4","307","0.3","5","307","0.5","2","307","0","0","307","0.5","1","307","0.5","1","307","0.75","4","307","0.5","1","307","0.3","5","307","0.4","5","307","1","1","307","0.5","2","307","0.6","5","307","1","2","307","1","1","307","0","0","307","0.45454545454545453","11","307","0.5714285714285714","7","307","1","1","307","1","1","307","0.6666666666666666","3","307","0.5","4","307","0.5909090909090909","11","307","0.3333333333333333","6","307","0.3333333333333333","3","307","0.5","7","307","0.6","5","307","0.5","5","307","0.5714285714285714","7","307","0.6","5","307","0.4166666666666667","6","307","0.3333333333333333","3","307","0.5","4","307","0.25","4","307","0","0","307","0.3","5","307","1","1","307","0.6666666666666666","3"
,"308","0","0","308","0.25","4","308","0.6666666666666666","3","308","0","1","308","0.5","3","308","0.5","4","308","0.25","4","308","1","1","308","0","0","308","0.5","2","308","0.5","5","308","0.3333333333333333","3","308","1","1","308","0.5","2","308","0","0","308","1","1","308","0.5","2","308","0.5","1","308","0.5","1","308","0.5555555555555556","9","308","0.3333333333333333","3","308","0.5","2","308","0.25","4","308","0.3","5","308","0.5","2","308","0","0","308","0.5","1","308","0.5","1","308","0.75","4","308","0.5","1","308","0.3","5","308","0.375","4","308","0","0","308","0.5","2","308","0.6","5","308","1","2","308","1","1","308","0","0","308","0.45454545454545453","11","308","0.5714285714285714","7","308","1","1","308","1","1","308","0.6666666666666666","3","308","0.5","4","308","0.5909090909090909","11","308","0.3333333333333333","6","308","0.25","2","308","0.5","7","308","0.625","4","308","0.5","5","308","0.5714285714285714","7","308","0.6","5","308","0.4166666666666667","6","308","0.3333333333333333","3","308","0.5","4","308","0.25","4","308","0","0","308","0.3","5","308","1","1","308","0.6666666666666666","3"
,"309","0","0","309","0.25","4","309","0.75","2","309","0","1","309","0.5","3","309","0.5","4","309","0.25","4","309","1","1","309","0","0","309","0.5","2","309","0.5","4","309","0","2","309","1","1","309","0.5","2","309","0","0","309","1","1","309","0.5","2","309","0.5","1","309","0.5","1","309","0.5555555555555556","9","309","0.3333333333333333","3","309","0.5","2","309","0.16666666666666666","3","309","0.3","5","309","0.5","2","309","0","0","309","0.5","1","309","0.5","1","309","0.75","4","309","0.5","1","309","0.3","5","309","0.375","4","309","0","0","309","0.5","2","309","0.6","5","309","1","2","309","1","1","309","0","0","309","0.45454545454545453","11","309","0.5714285714285714","7","309","1","1","309","1","1","309","0.6666666666666666","3","309","0.5","4","309","0.55","10","309","0.3333333333333333","6","309","0.25","2","309","0.5833333333333334","6","309","0.625","4","309","0.5","5","309","0.5714285714285714","7","309","0.6","5","309","0.4166666666666667","6","309","0.3333333333333333","3","309","0.5","4","309","0.25","4","309","0","0","309","0.3","5","309","1","1","309","0.6666666666666666","3"
,"310","0","0","310","0.25","4","310","1","1","310","0","1","310","0.5","3","310","0.5","4","310","0.25","4","310","0","0","310","0","0","310","0.5","2","310","0.5","4","310","0","2","310","1","1","310","0.5","2","310","0","0","310","1","1","310","0.5","2","310","0.5","1","310","0.5","1","310","0.5555555555555556","9","310","0.25","2","310","0.5","2","310","0.16666666666666666","3","310","0.3","5","310","0.5","2","310","0","0","310","0.5","1","310","0.5","1","310","0.75","4","310","0.5","1","310","0.3","5","310","0.375","4","310","0","0","310","0.5","2","310","0.6","5","310","1","2","310","1","1","310","0","0","310","0.45454545454545453","11","310","0.5714285714285714","7","310","1","1","310","0","0","310","0.6666666666666666","3","310","0.5","4","310","0.55","10","310","0.3333333333333333","6","310","0.25","2","310","0.5833333333333334","6","310","0.625","4","310","0.5","5","310","0.5714285714285714","7","310","0.6","5","310","0.4166666666666667","6","310","0.3333333333333333","3","310","0.5","4","310","0.25","4","310","0","0","310","0.3","5","310","1","1","310","0.5","2"
,"311","0","0","311","0.25","4","311","1","1","311","0","1","311","0.5","3","311","0.3333333333333333","3","311","0.25","4","311","0","0","311","0","0","311","0.5","2","311","0.5","4","311","0","2","311","1","1","311","0.5","2","311","0","0","311","1","1","311","0.5","2","311","0.5","1","311","0.5","1","311","0.5555555555555556","9","311","0.25","2","311","0.5","2","311","0.16666666666666666","3","311","0.3","5","311","0.5","2","311","0","0","311","0.5","1","311","0.5","1","311","0.6666666666666666","3","311","0","0","311","0.3","5","311","0.375","4","311","0","0","311","0.5","2","311","0.6","5","311","1","2","311","1","1","311","0","0","311","0.45454545454545453","11","311","0.5","6","311","1","1","311","0","0","311","0.6666666666666666","3","311","0.5","4","311","0.55","10","311","0.3333333333333333","6","311","0.25","2","311","0.5714285714285714","7","311","0.625","4","311","0.5","5","311","0.5714285714285714","7","311","0.6","5","311","0.4166666666666667","6","311","0.3333333333333333","3","311","0.5","4","311","0.25","4","311","0","0","311","0.375","4","311","1","1","311","0.5","2"
,"312","0","0","312","0.25","4","312","1","1","312","0","1","312","0.5","3","312","0.3333333333333333","3","312","0.3333333333333333","3","312","0","0","312","0","0","312","0.5","2","312","0.5","4","312","0","2","312","1","1","312","0.5","2","312","0","0","312","1","1","312","0.5","2","312","0.5","1","312","0.5","1","312","0.5555555555555556","9","312","0.25","2","312","0.5","2","312","0.16666666666666666","3","312","0.375","4","312","0.5","2","312","0","0","312","0.5","1","312","0.5","1","312","0.75","2","312","0","0","312","0.3","5","312","0.5","3","312","0","0","312","0.5","2","312","0.6","5","312","1","2","312","1","1","312","0","0","312","0.45454545454545453","11","312","0.5","5","312","1","1","312","0","0","312","0.6666666666666666","3","312","0.5","4","312","0.55","10","312","0.3333333333333333","6","312","0.25","2","312","0.5714285714285714","7","312","0.6666666666666666","3","312","0.5","5","312","0.5714285714285714","7","312","0.6","5","312","0.4166666666666667","6","312","0.3333333333333333","3","312","0.5","4","312","0.25","4","312","0","0","312","0.375","4","312","1","1","312","0.5","2"
,"313","0","0","313","0.25","4","313","1","1","313","0","1","313","0.5","3","313","0.3333333333333333","3","313","0.3333333333333333","3","313","0","0","313","0","0","313","0.5","2","313","0.5","4","313","0","2","313","1","1","313","0.5","2","313","0","0","313","1","1","313","0.5","2","313","0.5","1","313","0.5","1","313","0.5555555555555556","9","313","0.25","2","313","0.5","2","313","0.16666666666666666","3","313","0.375","4","313","0.5","1","313","0","0","313","0.5","1","313","0","0","313","0.75","2","313","0","0","313","0.3","5","313","0.5","3","313","0","0","313","0.5","2","313","0.625","4","313","1","2","313","1","1","313","0","0","313","0.45","10","313","0.5","5","313","1","1","313","0","0","313","0.75","2","313","0.5","4","313","0.5555555555555556","9","313","0.3333333333333333","6","313","0.5","1","313","0.5714285714285714","7","313","0.6666666666666666","3","313","0.5","5","313","0.5714285714285714","7","313","0.625","4","313","0.4166666666666667","6","313","0.3333333333333333","3","313","0.5","4","313","0.25","4","313","0","0","313","0.375","4","313","1","1","313","0.5","2"
,"314","0","0","314","0.25","4","314","1","1","314","0","1","314","0.75","2","314","0.3333333333333333","3","314","0.3333333333333333","3","314","0","0","314","0","0","314","0.5","2","314","0.5","4","314","0","2","314","1","1","314","0.5","2","314","0","0","314","0","0","314","0.5","2","314","0.5","1","314","0.5","1","314","0.5555555555555556","9","314","0.25","2","314","0.5","2","314","0.16666666666666666","3","314","0.375","4","314","0.5","1","314","0","0","314","0.5","1","314","0","0","314","1","1","314","0","0","314","0.3","5","314","0.5","3","314","0","0","314","0.5","2","314","0.625","4","314","1","2","314","1","1","314","0","0","314","0.45","10","314","0.5","5","314","1","1","314","0","0","314","0.75","2","314","0.5","4","314","0.5555555555555556","9","314","0.3333333333333333","6","314","0.5","1","314","0.5714285714285714","7","314","0.75","2","314","0.5","5","314","0.5714285714285714","7","314","0.625","4","314","0.4166666666666667","6","314","0.3333333333333333","3","314","0.5","4","314","0.25","4","314","0","0","314","0.5","3","314","1","1","314","0.5","2"
,"315","0","0","315","0.3333333333333333","3","315","1","1","315","0","1","315","0.75","2","315","0.3333333333333333","3","315","0.3333333333333333","3","315","0","0","315","0","0","315","0.5","2","315","0.5","4","315","0","2","315","1","1","315","0.5","1","315","0","0","315","0","0","315","0.5","2","315","0.5","1","315","0.5","1","315","0.5555555555555556","9","315","0.25","2","315","0.5","2","315","0.16666666666666666","3","315","0.375","4","315","0.5","1","315","0","0","315","0.5","1","315","0","0","315","1","1","315","0","0","315","0.3","5","315","0.5","3","315","0","0","315","0.5","2","315","0.625","4","315","1","2","315","1","1","315","0","0","315","0.45","10","315","0.5","5","315","1","1","315","0","0","315","0.75","2","315","0.5","4","315","0.5625","8","315","0.3333333333333333","6","315","0.5","1","315","0.5714285714285714","7","315","0.75","2","315","0.5","5","315","0.5714285714285714","7","315","0.625","4","315","0.4166666666666667","6","315","0.3333333333333333","3","315","0.5","4","315","0.25","4","315","0","0","315","0.5","3","315","1","1","315","0.5","2"
,"316","0","0","316","0.3333333333333333","3","316","1","1","316","0","1","316","0.75","2","316","0.3333333333333333","3","316","0.3333333333333333","3","316","0","0","316","0","0","316","0.5","2","316","0.5","4","316","0","2","316","1","1","316","0.5","1","316","0","0","316","0","0","316","0.5","2","316","0.5","1","316","0.5","1","316","0.5555555555555556","9","316","0.25","2","316","0.5","2","316","0.16666666666666666","3","316","0.375","4","316","0.5","1","316","0","0","316","0.5","1","316","0","0","316","1","1","316","0","0","316","0.3","5","316","0.5","3","316","0","0","316","0.5","2","316","0.625","4","316","1","2","316","1","1","316","0","0","316","0.45","10","316","0.5","5","316","1","1","316","0","0","316","0.75","2","316","0.5","4","316","0.5625","8","316","0.3","5","316","0.5","1","316","0.5714285714285714","7","316","0.75","2","316","0.5","5","316","0.5714285714285714","7","316","0.625","4","316","0.4166666666666667","6","316","0.3333333333333333","3","316","0.5","4","316","0.25","4","316","0","0","316","0.5","3","316","1","1","316","0.5","2"
,"317","0","0","317","0.3333333333333333","3","317","1","1","317","0","1","317","0.75","2","317","0.3333333333333333","3","317","0.3333333333333333","3","317","0","0","317","0","0","317","0.5","2","317","0.5","4","317","0","2","317","1","1","317","0.5","1","317","0","0","317","0","0","317","0.5","2","317","0.5","1","317","0.5","1","317","0.5625","8","317","0.25","2","317","0.5","2","317","0.16666666666666666","3","317","0.375","4","317","0.5","1","317","0","0","317","0.5","1","317","0","0","317","1","1","317","0","0","317","0.25","4","317","0.5","3","317","0","0","317","0.5","2","317","0.625","4","317","1","2","317","1","1","317","0","0","317","0.4375","8","317","0.5","5","317","1","1","317","0","0","317","0.75","2","317","0.3333333333333333","3","317","0.5625","8","317","0.3","5","317","0.5","1","317","0.5714285714285714","7","317","0.75","2","317","0.5","5","317","0.5833333333333334","6","317","0.5","3","317","0.4166666666666667","6","317","0.3333333333333333","3","317","0.5","4","317","0.25","4","317","0","0","317","0.5","3","317","1","1","317","0.5","2"
,"318","0","0","318","0.3333333333333333","3","318","1","1","318","0","1","318","1","1","318","0.3333333333333333","3","318","0.25","2","318","0","0","318","0","0","318","0.5","2","318","0.75","2","318","0","2","318","1","1","318","0.5","1","318","0","0","318","0","0","318","0.5","2","318","0","0","318","0.5","1","318","0.5","7","318","0.25","2","318","0.5","2","318","0.16666666666666666","3","318","0.375","4","318","0.5","1","318","0","0","318","0.5","1","318","0","0","318","1","1","318","0","0","318","0.16666666666666666","3","318","0.5","3","318","0","0","318","0.5","2","318","0.625","4","318","1","2","318","1","1","318","0","0","318","0.4375","8","318","0.5","5","318","1","1","318","0","0","318","0.75","2","318","0.3333333333333333","3","318","0.5625","8","318","0.3","5","318","0.5","1","318","0.5714285714285714","7","318","0.75","2","318","0.4","5","318","0.5833333333333334","6","318","0.5","3","318","0.4166666666666667","6","318","0.3333333333333333","3","318","0.5","4","318","0.25","2","318","0","0","318","0.5","3","318","1","1","318","0.5","2"
,"319","0","0","319","0.3333333333333333","3","319","1","1","319","0","1","319","1","1","319","0.3333333333333333","3","319","0.25","2","319","0","0","319","0","0","319","0.5","2","319","1","1","319","0","2","319","1","1","319","0.5","1","319","0","0","319","0","0","319","0.5","2","319","0","0","319","0.5","1","319","0.5","7","319","0.25","2","319","0.5","2","319","0.16666666666666666","3","319","0.375","4","319","0.5","1","319","0","0","319","0","0","319","0","0","319","1","1","319","0","0","319","0.16666666666666666","3","319","0.5","2","319","0","0","319","0.5","2","319","0.625","4","319","1","2","319","1","1","319","0","0","319","0.4375","8","319","0.5","5","319","1","1","319","0","0","319","0.5","1","319","0.3333333333333333","3","319","0.5","7","319","0.3","5","319","0.5","1","319","0.5714285714285714","7","319","0.75","2","319","0.5","4","319","0.5","5","319","0.5","3","319","0.4166666666666667","6","319","0.3333333333333333","3","319","0.25","2","319","0.25","2","319","0","0","319","0.5","2","319","1","1","319","0.5","2"
,"320","0","0","320","0.3333333333333333","3","320","1","1","320","0","1","320","1","1","320","0.3333333333333333","3","320","0.25","2","320","0","0","320","0","0","320","0.5","2","320","1","1","320","0","1","320","1","1","320","0.5","1","320","0","0","320","0","0","320","0.5","2","320","0","0","320","0.5","1","320","0.5","7","320","0.25","2","320","0.5","2","320","0.16666666666666666","3","320","0.375","4","320","0.5","1","320","0","0","320","0","0","320","0","0","320","1","1","320","0","0","320","0.16666666666666666","3","320","0.5","2","320","0","0","320","0.5","2","320","0.625","4","320","1","2","320","1","1","320","0","0","320","0.4375","8","320","0.5","5","320","1","1","320","0","0","320","0.5","1","320","0.3333333333333333","3","320","0.5","7","320","0.3","5","320","0.5","1","320","0.5714285714285714","7","320","0.75","2","320","0.5","4","320","0.5","5","320","0.5","3","320","0.4166666666666667","6","320","0.3333333333333333","3","320","0.25","2","320","0.25","2","320","0","0","320","0","1","320","1","1","320","0.5","2"
,"321","0","0","321","0.5","2","321","1","1","321","0","1","321","0","0","321","0.3333333333333333","3","321","0.25","2","321","0","0","321","0","0","321","0.5","2","321","1","1","321","0","1","321","1","1","321","0.5","1","321","0","0","321","0","0","321","0.5","2","321","0","0","321","0.5","1","321","0.5","7","321","0.25","2","321","0.5","2","321","0.16666666666666666","3","321","0.375","4","321","0.5","1","321","0","0","321","0","0","321","0","0","321","1","1","321","0","0","321","0.16666666666666666","3","321","0.5","2","321","0","0","321","0.5","2","321","0.625","4","321","1","2","321","1","1","321","0","0","321","0.35714285714285715","7","321","0.5","5","321","1","1","321","0","0","321","0","0","321","0.3333333333333333","3","321","0.5","7","321","0.3","5","321","0.5","1","321","0.5714285714285714","7","321","0.75","2","321","0.5","4","321","0.5","4","321","0.5","3","321","0.4","5","321","0.3333333333333333","3","321","0.25","2","321","0.25","2","321","0","0","321","0","1","321","1","1","321","0.5","2"
,"322","0","0","322","0.5","2","322","1","1","322","0","1","322","0","0","322","0.3333333333333333","3","322","0.25","2","322","0","0","322","0","0","322","0.5","2","322","1","1","322","0","1","322","1","1","322","0.5","1","322","0","0","322","0","0","322","0.5","2","322","0","0","322","0.5","1","322","0.5","7","322","0.25","2","322","0.5","2","322","0.16666666666666666","3","322","0.375","4","322","0.5","1","322","0","0","322","0","0","322","0","0","322","1","1","322","0","0","322","0.16666666666666666","3","322","0.5","2","322","0","0","322","0.5","2","322","0.625","4","322","1","1","322","1","1","322","0","0","322","0.25","6","322","0.5","5","322","0","0","322","0","0","322","0","0","322","0.3333333333333333","3","322","0.5","6","322","0.3","5","322","0","0","322","0.5714285714285714","7","322","0.5","1","322","0.5","4","322","0.6666666666666666","3","322","0.5","3","322","0.4","5","322","0.3333333333333333","3","322","0.25","2","322","0.25","2","322","0","0","322","0","1","322","1","1","322","0.5","2"
,"323","0","0","323","0.5","2","323","1","1","323","0","1","323","0","0","323","0.3333333333333333","3","323","0.25","2","323","0","0","323","0","0","323","0.5","2","323","1","1","323","0","0","323","1","1","323","0.5","1","323","0","0","323","0","0","323","0.5","2","323","0","0","323","0.5","1","323","0.5","7","323","0.25","2","323","0.5","2","323","0.16666666666666666","3","323","0.375","4","323","0.5","1","323","0","0","323","0","0","323","0","0","323","1","1","323","0","0","323","0.16666666666666666","3","323","0.5","2","323","0","0","323","0.5","1","323","0.625","4","323","1","1","323","1","1","323","0","0","323","0.25","6","323","0.5","5","323","0","0","323","0","0","323","0","0","323","0.3333333333333333","3","323","0.5","6","323","0.3","5","323","0","0","323","0.5","6","323","0.5","1","323","0.5","4","323","0.5","1","323","0.5","2","323","0.4","5","323","0.3333333333333333","3","323","0","1","323","0.25","2","323","0","0","323","0","1","323","1","1","323","0.5","2"
,"324","0","0","324","0.5","2","324","1","1","324","0","1","324","0","0","324","0.3333333333333333","3","324","0.5","1","324","0","0","324","0","0","324","0.5","2","324","1","1","324","0","0","324","1","1","324","0.5","1","324","0","0","324","0","0","324","0.5","2","324","0","0","324","0.5","1","324","0.5","6","324","0.25","2","324","1","1","324","0.25","2","324","0.3333333333333333","3","324","0.5","1","324","0","0","324","0","0","324","0","0","324","1","1","324","0","0","324","0.16666666666666666","3","324","0.5","2","324","0","0","324","0.5","1","324","0.625","4","324","0","0","324","1","1","324","0","0","324","0.25","6","324","0.5","5","324","0","0","324","0","0","324","0","0","324","0.5","2","324","0.5","6","324","0.3","5","324","0","0","324","0.5","6","324","0.5","1","324","0.5","4","324","0.5","1","324","0.5","2","324","0.4","5","324","0.25","2","324","0","1","324","0.25","2","324","0","0","324","0","1","324","1","1","324","0.5","2"
,"325","0","0","325","0.5","2","325","0","0","325","0","1","325","0","0","325","0.3333333333333333","3","325","0","0","325","0","0","325","0","0","325","0.5","1","325","1","1","325","0","0","325","1","1","325","0.5","1","325","0","0","325","0","0","325","1","1","325","0","0","325","0","0","325","0.5","6","325","0.25","2","325","1","1","325","0.25","2","325","0.3333333333333333","3","325","0.5","1","325","0","0","325","0","0","325","0","0","325","1","1","325","0","0","325","0.25","4","325","0.5","2","325","0","0","325","0.5","1","325","0.625","4","325","0","0","325","1","1","325","0","0","325","0.2","5","325","0.5","5","325","0","0","325","0","0","325","0","0","325","0.5","2","325","0.5","6","325","0.25","4","325","0","0","325","0.5","6","325","0.5","1","325","0.5","4","325","0.5","1","325","0.5","2","325","0.4","5","325","0.25","2","325","0","1","325","0.25","2","325","0","0","325","0","1","325","1","1","325","0.5","2"
,"326","0","0","326","0.5","2","326","0","0","326","0","1","326","0","0","326","0.3333333333333333","3","326","0","0","326","0","0","326","0","0","326","0.5","1","326","1","1","326","0","0","326","1","1","326","0.5","1","326","0","0","326","0","0","326","1","1","326","0","0","326","0","0","326","0.5","6","326","0.25","2","326","1","1","326","0.25","2","326","0.3333333333333333","3","326","0.5","1","326","0","0","326","0","0","326","0","0","326","1","1","326","0","0","326","0.25","4","326","0.5","2","326","0","0","326","0.5","1","326","0.625","4","326","0","0","326","1","1","326","0","0","326","0.2","5","326","0.5","5","326","0","0","326","0","0","326","0","0","326","0.5","2","326","0.5","6","326","0.25","4","326","0","0","326","0.5","6","326","0.5","1","326","0.5","4","326","0.5","1","326","0.5","2","326","0.4","5","326","0.25","2","326","0","1","326","0.5","1","326","0","0","326","0","1","326","1","1","326","0.5","2"
,"327","0","0","327","1","1","327","0","0","327","0","1","327","0","0","327","0.3333333333333333","3","327","0","0","327","0","0","327","0","0","327","0.5","1","327","1","1","327","0","0","327","1","1","327","0.5","1","327","0","0","327","0","0","327","1","1","327","0","0","327","0","0","327","0.5","6","327","0.25","2","327","1","1","327","0.25","2","327","0.3333333333333333","3","327","0.5","1","327","0","0","327","0","0","327","0","0","327","1","1","327","0","0","327","0.25","4","327","0.5","2","327","0","0","327","0.5","1","327","0.625","4","327","0","0","327","1","1","327","0","0","327","0.2","5","327","0.5","5","327","0","0","327","0","0","327","0","0","327","0.5","2","327","0.5","6","327","0.25","4","327","0","0","327","0.5","6","327","0.5","1","327","0.5","4","327","0.5","1","327","0.5","2","327","0.4","5","327","0.25","2","327","0","1","327","0.5","1","327","0","0","327","0","1","327","1","1","327","0.5","2"
,"328","0","0","328","0","0","328","0","0","328","0","1","328","0","0","328","0.3333333333333333","3","328","0","0","328","0","0","328","0","0","328","0.5","1","328","1","1","328","0","0","328","1","1","328","0.5","1","328","0","0","328","0","0","328","1","1","328","0","0","328","0","0","328","0.5","6","328","0.25","2","328","1","1","328","0.25","2","328","0.3333333333333333","3","328","0.5","1","328","0","0","328","0","0","328","0","0","328","1","1","328","0","0","328","0.3333333333333333","3","328","0.5","2","328","0","0","328","0.5","1","328","0.625","4","328","0","0","328","1","1","328","0","0","328","0.2","5","328","0.5","5","328","0","0","328","0","0","328","0","0","328","0.5","2","328","0.5","6","328","0.3333333333333333","3","328","0","0","328","0.5","6","328","0.5","1","328","0.5","4","328","0.5","1","328","0.5","2","328","0.5","4","328","0.25","2","328","0","1","328","0.5","1","328","0","0","328","0","1","328","1","1","328","0.5","1"
,"329","0","0","329","0","0","329","0","0","329","0","0","329","0","0","329","0.3333333333333333","3","329","0","0","329","0","0","329","0","0","329","0.5","1","329","1","1","329","0","0","329","0","0","329","0.5","1","329","0","0","329","0","0","329","0","0","329","0","0","329","0","0","329","0.5","6","329","0","1","329","1","1","329","0.25","2","329","0.3333333333333333","3","329","0.5","1","329","0","0","329","0","0","329","0","0","329","1","1","329","0","0","329","0.3333333333333333","3","329","0.5","2","329","0","0","329","0.5","1","329","0.625","4","329","0","0","329","1","1","329","0","0","329","0.25","4","329","0.5","5","329","0","0","329","0","0","329","0","0","329","0.5","1","329","0.4","5","329","0.3333333333333333","3","329","0","0","329","0.5","6","329","0.5","1","329","0.5","4","329","0.5","1","329","0.5","2","329","0.5","4","329","0.25","2","329","0","0","329","0.5","1","329","0","0","329","0","1","329","1","1","329","0","0"
,"330","0","0","330","0","0","330","0","0","330","0","0","330","0","0","330","0.3333333333333333","3","330","0","0","330","0","0","330","0","0","330","0.5","1","330","1","1","330","0","0","330","0","0","330","0.5","1","330","0","0","330","0","0","330","0","0","330","0","0","330","0","0","330","0.5","6","330","0","1","330","1","1","330","0","1","330","0.3333333333333333","3","330","0.5","1","330","0","0","330","0","0","330","0","0","330","1","1","330","0","0","330","0.3333333333333333","3","330","0.5","2","330","0","0","330","0.5","1","330","0.5","3","330","0","0","330","1","1","330","0","0","330","0.25","4","330","0.5","5","330","0","0","330","0","0","330","0","0","330","0.5","1","330","0.4","5","330","0.3333333333333333","3","330","0","0","330","0.5","6","330","0.5","1","330","0.5","4","330","0.5","1","330","0.5","2","330","0.5","4","330","0.25","2","330","0","0","330","0.5","1","330","0","0","330","0","1","330","1","1","330","0","0"
,"331","0","0","331","0","0","331","0","0","331","0","0","331","0","0","331","0.3333333333333333","3","331","0","0","331","0","0","331","0","0","331","0.5","1","331","1","1","331","0","0","331","0","0","331","0.5","1","331","0","0","331","0","0","331","0","0","331","0","0","331","0","0","331","0.5","6","331","0","1","331","1","1","331","0","1","331","0.3333333333333333","3","331","0.5","1","331","0","0","331","0","0","331","0","0","331","1","1","331","0","0","331","0.3333333333333333","3","331","0.5","2","331","0","0","331","0.5","1","331","0.5","3","331","0","0","331","1","1","331","0","0","331","0.25","4","331","0.5","5","331","0","0","331","0","0","331","0","0","331","0.5","1","331","0.4","5","331","0.25","2","331","0","0","331","0.5","6","331","0.5","1","331","0.5","4","331","0.5","1","331","0.5","2","331","0.5","4","331","0.25","2","331","0","0","331","0.5","1","331","0","0","331","0","1","331","1","1","331","0","0"
,"332","0","0","332","0","0","332","0","0","332","0","0","332","0","0","332","0.5","2","332","0","0","332","0","0","332","0","0","332","0","0","332","1","1","332","0","0","332","0","0","332","0.5","1","332","0","0","332","0","0","332","0","0","332","0","0","332","0","0","332","0.5","6","332","0","1","332","1","1","332","0","1","332","0.3333333333333333","3","332","0.5","1","332","0","0","332","0","0","332","0","0","332","1","1","332","0","0","332","0.3333333333333333","3","332","0.5","2","332","0","0","332","0.5","1","332","0.5","3","332","0","0","332","1","1","332","0","0","332","0.25","4","332","0.5","5","332","0","0","332","0","0","332","0","0","332","0.5","1","332","0.5","4","332","0.25","2","332","0","0","332","0.4","5","332","0.5","1","332","0.5","4","332","0.5","1","332","0.5","2","332","0.3333333333333333","3","332","0.25","2","332","0","0","332","0.5","1","332","0","0","332","0","1","332","1","1","332","0","0"
,"333","0","0","333","0","0","333","0","0","333","0","0","333","0","0","333","0.5","2","333","0","0","333","0","0","333","0","0","333","0","0","333","1","1","333","0","0","333","0","0","333","0.5","1","333","0","0","333","0","0","333","0","0","333","0","0","333","0","0","333","0.5","6","333","0","1","333","1","1","333","0","1","333","0.5","2","333","0","0","333","0","0","333","0","0","333","0","0","333","1","1","333","0","0","333","0.3333333333333333","3","333","0","1","333","0","0","333","0.5","1","333","0.5","3","333","0","0","333","1","1","333","0","0","333","0.25","4","333","0.5","5","333","0","0","333","0","0","333","0","0","333","0.5","1","333","0.5","3","333","0.25","2","333","0","0","333","0.4","5","333","0.5","1","333","0.5","4","333","0.5","1","333","0.5","2","333","0.3333333333333333","3","333","0.25","2","333","0","0","333","0.5","1","333","0","0","333","0","1","333","1","1","333","0","0"
,"334","0","0","334","0","0","334","0","0","334","0","0","334","0","0","334","0.5","2","334","0","0","334","0","0","334","0","0","334","0","0","334","1","1","334","0","0","334","0","0","334","0.5","1","334","0","0","334","0","0","334","0","0","334","0","0","334","0","0","334","0.5","6","334","0","1","334","1","1","334","0","0","334","0.5","2","334","0","0","334","0","0","334","0","0","334","0","0","334","1","1","334","0","0","334","0.3333333333333333","3","334","0","1","334","0","0","334","0.5","1","334","0.5","3","334","0","0","334","1","1","334","0","0","334","0.25","4","334","0.5","4","334","0","0","334","0","0","334","0","0","334","0","0","334","0.5","3","334","0.25","2","334","0","0","334","0.4","5","334","0.5","1","334","0.5","4","334","0.5","1","334","0.5","2","334","0.3333333333333333","3","334","0.25","2","334","0","0","334","0.5","1","334","0","0","334","0","1","334","1","1","334","0","0"
,"335","0","0","335","0","0","335","0","0","335","0","0","335","0","0","335","0.5","2","335","0","0","335","0","0","335","0","0","335","0","0","335","1","1","335","0","0","335","0","0","335","0.5","1","335","0","0","335","0","0","335","0","0","335","0","0","335","0","0","335","0.5","6","335","0","1","335","1","1","335","0","0","335","0.5","2","335","0","0","335","0","0","335","0","0","335","0","0","335","1","1","335","0","0","335","0.3333333333333333","3","335","0","1","335","0","0","335","0.5","1","335","0.5","3","335","0","0","335","1","1","335","0","0","335","0.25","4","335","0.5","4","335","0","0","335","0","0","335","0","0","335","0","0","335","0.5","3","335","0.25","2","335","0","0","335","0.4","5","335","0.5","1","335","0.5","4","335","0.5","1","335","0.5","2","335","0.3333333333333333","3","335","0.25","2","335","0","0","335","0.5","1","335","0","0","335","0","1","335","1","1","335","0","0"
,"336","0","0","336","0","0","336","0","0","336","0","0","336","0","0","336","0.5","2","336","0","0","336","0","0","336","0","0","336","0","0","336","1","1","336","0","0","336","0","0","336","0","0","336","0","0","336","0","0","336","0","0","336","0","0","336","0","0","336","0.5","6","336","0","1","336","1","1","336","0","0","336","0.5","2","336","0","0","336","0","0","336","0","0","336","0","0","336","1","1","336","0","0","336","0.3333333333333333","3","336","0","1","336","0","0","336","0.5","1","336","0.5","3","336","0","0","336","1","1","336","0","0","336","0.16666666666666666","3","336","0.5","4","336","0","0","336","0","0","336","0","0","336","0","0","336","0.5","3","336","0.25","2","336","0","0","336","0.4","5","336","0.5","1","336","0.5","4","336","0.5","1","336","0.5","2","336","0.3333333333333333","3","336","0.25","2","336","0","0","336","0.5","1","336","0","0","336","0","1","336","1","1","336","0","0"
,"337","0","0","337","0","0","337","0","0","337","0","0","337","0","0","337","0.5","2","337","0","0","337","0","0","337","0","0","337","0","0","337","1","1","337","0","0","337","0","0","337","0","0","337","0","0","337","0","0","337","0","0","337","0","0","337","0","0","337","0.5","6","337","0","1","337","1","1","337","0","0","337","0.5","2","337","0","0","337","0","0","337","0","0","337","0","0","337","1","1","337","0","0","337","0.3333333333333333","3","337","0","1","337","0","0","337","0.5","1","337","0.5","3","337","0","0","337","1","1","337","0","0","337","0.16666666666666666","3","337","0.5","4","337","0","0","337","0","0","337","0","0","337","0","0","337","0.5","3","337","0.25","2","337","0","0","337","0.4","5","337","0.5","1","337","0.5","4","337","0.5","1","337","0.5","2","337","0.3333333333333333","3","337","0.25","2","337","0","0","337","0.5","1","337","0","0","337","0","1","337","1","1","337","0","0"
,"338","0","0","338","0","0","338","0","0","338","0","0","338","0","0","338","0.5","2","338","0","0","338","0","0","338","0","0","338","0","0","338","1","1","338","0","0","338","0","0","338","0","0","338","0","0","338","0","0","338","0","0","338","0","0","338","0","0","338","0.5","6","338","0","1","338","1","1","338","0","0","338","0.5","2","338","0","0","338","0","0","338","0","0","338","0","0","338","1","1","338","0","0","338","0.3333333333333333","3","338","0","1","338","0","0","338","0","0","338","0.5","3","338","0","0","338","0","0","338","0","0","338","0.16666666666666666","3","338","0.5","3","338","0","0","338","0","0","338","0","0","338","0","0","338","0.5","2","338","0.25","2","338","0","0","338","0.4","5","338","0.5","1","338","0.5","4","338","0","0","338","0.5","2","338","0.3333333333333333","3","338","0.25","2","338","0","0","338","0.5","1","338","0","0","338","0","1","338","1","1","338","0","0"
,"339","0","0","339","0","0","339","0","0","339","0","0","339","0","0","339","0.5","2","339","0","0","339","0","0","339","0","0","339","0","0","339","1","1","339","0","0","339","0","0","339","0","0","339","0","0","339","0","0","339","0","0","339","0","0","339","0","0","339","0.5","6","339","0","1","339","1","1","339","0","0","339","0.5","2","339","0","0","339","0","0","339","0","0","339","0","0","339","1","1","339","0","0","339","0.25","2","339","0","1","339","0","0","339","0","0","339","0.5","3","339","0","0","339","0","0","339","0","0","339","0.16666666666666666","3","339","0.5","3","339","0","0","339","0","0","339","0","0","339","0","0","339","0.5","2","339","0.25","2","339","0","0","339","0.4","5","339","0.5","1","339","0.5","4","339","0","0","339","0.5","2","339","0.3333333333333333","3","339","0.25","2","339","0","0","339","0.5","1","339","0","0","339","0","1","339","1","1","339","0","0"
,"340","0","0","340","0","0","340","0","0","340","0","0","340","0","0","340","0.5","2","340","0","0","340","0","0","340","0","0","340","0","0","340","1","1","340","0","0","340","0","0","340","0","0","340","0","0","340","0","0","340","0","0","340","0","0","340","0","0","340","0.5","6","340","0","1","340","1","1","340","0","0","340","0","1","340","0","0","340","0","0","340","0","0","340","0","0","340","1","1","340","0","0","340","0.5","1","340","0","1","340","0","0","340","0","0","340","0.5","2","340","0","0","340","0","0","340","0","0","340","0.16666666666666666","3","340","0.5","3","340","0","0","340","0","0","340","0","0","340","0","0","340","0.5","2","340","0.25","2","340","0","0","340","0.4","5","340","0","0","340","0.5","4","340","0","0","340","0.5","2","340","0.3333333333333333","3","340","0.25","2","340","0","0","340","0.5","1","340","0","0","340","0","1","340","1","1","340","0","0"
,"341","0","0","341","0","0","341","0","0","341","0","0","341","0","0","341","0.5","2","341","0","0","341","0","0","341","0","0","341","0","0","341","1","1","341","0","0","341","0","0","341","0","0","341","0","0","341","0","0","341","0","0","341","0","0","341","0","0","341","0.5","6","341","0","1","341","1","1","341","0","0","341","0","1","341","0","0","341","0","0","341","0","0","341","0","0","341","1","1","341","0","0","341","0.5","1","341","0","1","341","0","0","341","0","0","341","0.5","2","341","0","0","341","0","0","341","0","0","341","0.16666666666666666","3","341","0.5","3","341","0","0","341","0","0","341","0","0","341","0","0","341","0.5","2","341","0.25","2","341","0","0","341","0.4","5","341","0","0","341","0.5","4","341","0","0","341","0.5","2","341","0.3333333333333333","3","341","0.25","2","341","0","0","341","0.5","1","341","0","0","341","0","1","341","1","1","341","0","0"
,"342","0","0","342","0","0","342","0","0","342","0","0","342","0","0","342","0.5","2","342","0","0","342","0","0","342","0","0","342","0","0","342","1","1","342","0","0","342","0","0","342","0","0","342","0","0","342","0","0","342","0","0","342","0","0","342","0","0","342","0.5","6","342","0","1","342","1","1","342","0","0","342","0","1","342","0","0","342","0","0","342","0","0","342","0","0","342","1","1","342","0","0","342","0.5","1","342","0","1","342","0","0","342","0","0","342","0.5","2","342","0","0","342","0","0","342","0","0","342","0.16666666666666666","3","342","0.5","3","342","0","0","342","0","0","342","0","0","342","0","0","342","0.5","2","342","0.25","2","342","0","0","342","0.4","5","342","0","0","342","0.3333333333333333","3","342","0","0","342","0.5","2","342","0.3333333333333333","3","342","0.25","2","342","0","0","342","0.5","1","342","0","0","342","0","1","342","1","1","342","0","0"
,"343","0","0","343","0","0","343","0","0","343","0","0","343","0","0","343","0.5","2","343","0","0","343","0","0","343","0","0","343","0","0","343","0","0","343","0","0","343","0","0","343","0","0","343","0","0","343","0","0","343","0","0","343","0","0","343","0","0","343","0.5","6","343","0","1","343","0","0","343","0","0","343","0","1","343","0","0","343","0","0","343","0","0","343","0","0","343","1","1","343","0","0","343","0.5","1","343","0","1","343","0","0","343","0","0","343","0.5","2","343","0","0","343","0","0","343","0","0","343","0","2","343","0.5","3","343","0","0","343","0","0","343","0","0","343","0","0","343","0.5","2","343","0.25","2","343","0","0","343","0.4","5","343","0","0","343","0.3333333333333333","3","343","0","0","343","0.5","2","343","0.3333333333333333","3","343","0.25","2","343","0","0","343","0.5","1","343","0","0","343","0","1","343","1","1","343","0","0"
,"344","0","0","344","0","0","344","0","0","344","0","0","344","0","0","344","0.5","2","344","0","0","344","0","0","344","0","0","344","0","0","344","0","0","344","0","0","344","0","0","344","0","0","344","0","0","344","0","0","344","0","0","344","0","0","344","0","0","344","0.5","6","344","0","1","344","0","0","344","0","0","344","0","1","344","0","0","344","0","0","344","0","0","344","0","0","344","1","1","344","0","0","344","0.5","1","344","0","1","344","0","0","344","0","0","344","0.5","2","344","0","0","344","0","0","344","0","0","344","0","2","344","0.5","3","344","0","0","344","0","0","344","0","0","344","0","0","344","0.5","2","344","0.25","2","344","0","0","344","0.4","5","344","0","0","344","0.3333333333333333","3","344","0","0","344","0.5","2","344","0.3333333333333333","3","344","0.25","2","344","0","0","344","0.5","1","344","0","0","344","0","1","344","1","1","344","0","0"
,"345","0","0","345","0","0","345","0","0","345","0","0","345","0","0","345","0.5","2","345","0","0","345","0","0","345","0","0","345","0","0","345","0","0","345","0","0","345","0","0","345","0","0","345","0","0","345","0","0","345","0","0","345","0","0","345","0","0","345","0.5","6","345","0","1","345","0","0","345","0","0","345","0","1","345","0","0","345","0","0","345","0","0","345","0","0","345","1","1","345","0","0","345","0.5","1","345","0","1","345","0","0","345","0","0","345","0.5","2","345","0","0","345","0","0","345","0","0","345","0","2","345","0.5","3","345","0","0","345","0","0","345","0","0","345","0","0","345","0.5","2","345","0.25","2","345","0","0","345","0.4","5","345","0","0","345","0.3333333333333333","3","345","0","0","345","0.5","2","345","0.3333333333333333","3","345","0.25","2","345","0","0","345","0.5","1","345","0","0","345","0","1","345","1","1","345","0","0"
,"346","0","0","346","0","0","346","0","0","346","0","0","346","0","0","346","0.5","2","346","0","0","346","0","0","346","0","0","346","0","0","346","0","0","346","0","0","346","0","0","346","0","0","346","0","0","346","0","0","346","0","0","346","0","0","346","0","0","346","0.5","6","346","0","1","346","0","0","346","0","0","346","0","1","346","0","0","346","0","0","346","0","0","346","0","0","346","1","1","346","0","0","346","0.5","1","346","0","1","346","0","0","346","0","0","346","0.5","2","346","0","0","346","0","0","346","0","0","346","0","2","346","0.5","3","346","0","0","346","0","0","346","0","0","346","0","0","346","0.5","2","346","0.25","2","346","0","0","346","0.4","5","346","0","0","346","0.3333333333333333","3","346","0","0","346","0.5","2","346","0.25","2","346","0.25","2","346","0","0","346","0.5","1","346","0","0","346","0","1","346","1","1","346","0","0"
,"347","0","0","347","0","0","347","0","0","347","0","0","347","0","0","347","0.5","2","347","0","0","347","0","0","347","0","0","347","0","0","347","0","0","347","0","0","347","0","0","347","0","0","347","0","0","347","0","0","347","0","0","347","0","0","347","0","0","347","0.5","5","347","0","1","347","0","0","347","0","0","347","0","1","347","0","0","347","0","0","347","0","0","347","0","0","347","1","1","347","0","0","347","0.5","1","347","0","1","347","0","0","347","0","0","347","0.5","2","347","0","0","347","0","0","347","0","0","347","0","2","347","0.5","3","347","0","0","347","0","0","347","0","0","347","0","0","347","0.5","2","347","0.25","2","347","0","0","347","0.4","5","347","0","0","347","0.3333333333333333","3","347","0","0","347","0.5","2","347","0.25","2","347","0.25","2","347","0","0","347","0.5","1","347","0","0","347","0","1","347","1","1","347","0","0"
,"348","0","0","348","0","0","348","0","0","348","0","0","348","0","0","348","0.5","2","348","0","0","348","0","0","348","0","0","348","0","0","348","0","0","348","0","0","348","0","0","348","0","0","348","0","0","348","0","0","348","0","0","348","0","0","348","0","0","348","0.5","5","348","0","1","348","0","0","348","0","0","348","0","1","348","0","0","348","0","0","348","0","0","348","0","0","348","1","1","348","0","0","348","0.5","1","348","0","1","348","0","0","348","0","0","348","0.5","2","348","0","0","348","0","0","348","0","0","348","0","2","348","0.5","3","348","0","0","348","0","0","348","0","0","348","0","0","348","0.5","2","348","0.25","2","348","0","0","348","0.4","5","348","0","0","348","0.3333333333333333","3","348","0","0","348","0.5","2","348","0.25","2","348","0.25","2","348","0","0","348","0.5","1","348","0","0","348","0","1","348","0","0","348","0","0"
,"349","0","0","349","0","0","349","0","0","349","0","0","349","0","0","349","0.5","2","349","0","0","349","0","0","349","0","0","349","0","0","349","0","0","349","0","0","349","0","0","349","0","0","349","0","0","349","0","0","349","0","0","349","0","0","349","0","0","349","0.5","5","349","0","1","349","0","0","349","0","0","349","0","1","349","0","0","349","0","0","349","0","0","349","0","0","349","1","1","349","0","0","349","0.5","1","349","0","1","349","0","0","349","0","0","349","0.5","2","349","0","0","349","0","0","349","0","0","349","0","2","349","0.5","3","349","0","0","349","0","0","349","0","0","349","0","0","349","0.5","2","349","0.25","2","349","0","0","349","0.4","5","349","0","0","349","0.3333333333333333","3","349","0","0","349","0.5","2","349","0.25","2","349","0.5","1","349","0","0","349","0.5","1","349","0","0","349","0","1","349","0","0","349","0","0"
,"350","0","0","350","0","0","350","0","0","350","0","0","350","0","0","350","0.5","2","350","0","0","350","0","0","350","0","0","350","0","0","350","0","0","350","0","0","350","0","0","350","0","0","350","0","0","350","0","0","350","0","0","350","0","0","350","0","0","350","0.5","5","350","0","1","350","0","0","350","0","0","350","0","1","350","0","0","350","0","0","350","0","0","350","0","0","350","1","1","350","0","0","350","0.5","1","350","0","1","350","0","0","350","0","0","350","0.5","2","350","0","0","350","0","0","350","0","0","350","0","2","350","0.5","3","350","0","0","350","0","0","350","0","0","350","0","0","350","0.5","2","350","0.25","2","350","0","0","350","0.4","5","350","0","0","350","0.3333333333333333","3","350","0","0","350","0.5","2","350","0.25","2","350","0.5","1","350","0","0","350","0.5","1","350","0","0","350","0","1","350","0","0","350","0","0"
,"351","0","0","351","0","0","351","0","0","351","0","0","351","0","0","351","0.5","2","351","0","0","351","0","0","351","0","0","351","0","0","351","0","0","351","0","0","351","0","0","351","0","0","351","0","0","351","0","0","351","0","0","351","0","0","351","0","0","351","0.5","5","351","0","1","351","0","0","351","0","0","351","0","1","351","0","0","351","0","0","351","0","0","351","0","0","351","1","1","351","0","0","351","0.5","1","351","0","1","351","0","0","351","0","0","351","0.5","2","351","0","0","351","0","0","351","0","0","351","0","2","351","0.5","3","351","0","0","351","0","0","351","0","0","351","0","0","351","0.5","2","351","0.25","2","351","0","0","351","0.4","5","351","0","0","351","0.3333333333333333","3","351","0","0","351","0.5","2","351","0.25","2","351","0","0","351","0","0","351","0.5","1","351","0","0","351","0","1","351","0","0","351","0","0"
,"352","0","0","352","0","0","352","0","0","352","0","0","352","0","0","352","0.5","2","352","0","0","352","0","0","352","0","0","352","0","0","352","0","0","352","0","0","352","0","0","352","0","0","352","0","0","352","0","0","352","0","0","352","0","0","352","0","0","352","0.5","5","352","0","1","352","0","0","352","0","0","352","0","1","352","0","0","352","0","0","352","0","0","352","0","0","352","1","1","352","0","0","352","0.5","1","352","0","1","352","0","0","352","0","0","352","0.5","2","352","0","0","352","0","0","352","0","0","352","0","2","352","0.5","3","352","0","0","352","0","0","352","0","0","352","0","0","352","0.5","2","352","0.25","2","352","0","0","352","0.4","5","352","0","0","352","0.3333333333333333","3","352","0","0","352","0.5","2","352","0.25","2","352","0","0","352","0","0","352","0.5","1","352","0","0","352","0","1","352","0","0","352","0","0"
,"353","0","0","353","0","0","353","0","0","353","0","0","353","0","0","353","0.5","2","353","0","0","353","0","0","353","0","0","353","0","0","353","0","0","353","0","0","353","0","0","353","0","0","353","0","0","353","0","0","353","0","0","353","0","0","353","0","0","353","0.5","5","353","0","1","353","0","0","353","0","0","353","0","1","353","0","0","353","0","0","353","0","0","353","0","0","353","1","1","353","0","0","353","0.5","1","353","0","1","353","0","0","353","0","0","353","0.5","2","353","0","0","353","0","0","353","0","0","353","0","2","353","0.5","3","353","0","0","353","0","0","353","0","0","353","0","0","353","0.5","2","353","0.25","2","353","0","0","353","0.5","4","353","0","0","353","0.3333333333333333","3","353","0","0","353","0.5","2","353","0.25","2","353","0","0","353","0","0","353","0.5","1","353","0","0","353","0","1","353","0","0","353","0","0"
,"354","0","0","354","0","0","354","0","0","354","0","0","354","0","0","354","0.5","2","354","0","0","354","0","0","354","0","0","354","0","0","354","0","0","354","0","0","354","0","0","354","0","0","354","0","0","354","0","0","354","0","0","354","0","0","354","0","0","354","0.5","5","354","0","1","354","0","0","354","0","0","354","0","1","354","0","0","354","0","0","354","0","0","354","0","0","354","1","1","354","0","0","354","0.5","1","354","0","1","354","0","0","354","0","0","354","0.5","2","354","0","0","354","0","0","354","0","0","354","0","2","354","0.5","3","354","0","0","354","0","0","354","0","0","354","0","0","354","0.5","2","354","0.25","2","354","0","0","354","0.5","4","354","0","0","354","0.3333333333333333","3","354","0","0","354","0.5","2","354","0.25","2","354","0","0","354","0","0","354","0.5","1","354","0","0","354","0","1","354","0","0","354","0","0"
,"355","0","0","355","0","0","355","0","0","355","0","0","355","0","0","355","0.5","2","355","0","0","355","0","0","355","0","0","355","0","0","355","0","0","355","0","0","355","0","0","355","0","0","355","0","0","355","0","0","355","0","0","355","0","0","355","0","0","355","0.5","5","355","0","1","355","0","0","355","0","0","355","0","1","355","0","0","355","0","0","355","0","0","355","0","0","355","1","1","355","0","0","355","0.5","1","355","0","1","355","0","0","355","0","0","355","0.5","2","355","0","0","355","0","0","355","0","0","355","0","2","355","0.5","3","355","0","0","355","0","0","355","0","0","355","0","0","355","0.5","2","355","0.25","2","355","0","0","355","0.5","4","355","0","0","355","0.3333333333333333","3","355","0","0","355","0.5","2","355","0.25","2","355","0","0","355","0","0","355","0.5","1","355","0","0","355","0","1","355","0","0","355","0","0"
,"356","0","0","356","0","0","356","0","0","356","0","0","356","0","0","356","0.5","2","356","0","0","356","0","0","356","0","0","356","0","0","356","0","0","356","0","0","356","0","0","356","0","0","356","0","0","356","0","0","356","0","0","356","0","0","356","0","0","356","0.5","5","356","0","1","356","0","0","356","0","0","356","0","1","356","0","0","356","0","0","356","0","0","356","0","0","356","1","1","356","0","0","356","0.5","1","356","0","1","356","0","0","356","0","0","356","0.5","2","356","0","0","356","0","0","356","0","0","356","0","2","356","0.5","3","356","0","0","356","0","0","356","0","0","356","0","0","356","0.5","2","356","0.25","2","356","0","0","356","0.5","4","356","0","0","356","0.3333333333333333","3","356","0","0","356","0.5","2","356","0.25","2","356","0","0","356","0","0","356","0.5","1","356","0","0","356","0","1","356","0","0","356","0","0"
,"357","0","0","357","0","0","357","0","0","357","0","0","357","0","0","357","0.5","2","357","0","0","357","0","0","357","0","0","357","0","0","357","0","0","357","0","0","357","0","0","357","0","0","357","0","0","357","0","0","357","0","0","357","0","0","357","0","0","357","0.5","5","357","0","1","357","0","0","357","0","0","357","0","1","357","0","0","357","0","0","357","0","0","357","0","0","357","1","1","357","0","0","357","0.5","1","357","0","1","357","0","0","357","0","0","357","0.5","2","357","0","0","357","0","0","357","0","0","357","0","2","357","0.5","3","357","0","0","357","0","0","357","0","0","357","0","0","357","0.5","2","357","0.25","2","357","0","0","357","0.5","4","357","0","0","357","0.3333333333333333","3","357","0","0","357","0.5","2","357","0.25","2","357","0","0","357","0","0","357","0.5","1","357","0","0","357","0","1","357","0","0","357","0","0"
,"358","0","0","358","0","0","358","0","0","358","0","0","358","0","0","358","0.5","2","358","0","0","358","0","0","358","0","0","358","0","0","358","0","0","358","0","0","358","0","0","358","0","0","358","0","0","358","0","0","358","0","0","358","0","0","358","0","0","358","0.5","5","358","0","0","358","0","0","358","0","0","358","0","1","358","0","0","358","0","0","358","0","0","358","0","0","358","1","1","358","0","0","358","0.5","1","358","0","1","358","0","0","358","0","0","358","0.5","2","358","0","0","358","0","0","358","0","0","358","0","2","358","0.5","3","358","0","0","358","0","0","358","0","0","358","0","0","358","0.5","2","358","0.25","2","358","0","0","358","0.5","4","358","0","0","358","0.3333333333333333","3","358","0","0","358","0.5","2","358","0.25","2","358","0","0","358","0","0","358","0.5","1","358","0","0","358","0","1","358","0","0","358","0","0"
,"359","0","0","359","0","0","359","0","0","359","0","0","359","0","0","359","0.5","2","359","0","0","359","0","0","359","0","0","359","0","0","359","0","0","359","0","0","359","0","0","359","0","0","359","0","0","359","0","0","359","0","0","359","0","0","359","0","0","359","0.5","5","359","0","0","359","0","0","359","0","0","359","0","1","359","0","0","359","0","0","359","0","0","359","0","0","359","1","1","359","0","0","359","0.5","1","359","0","1","359","0","0","359","0","0","359","0.5","2","359","0","0","359","0","0","359","0","0","359","0","2","359","0.5","3","359","0","0","359","0","0","359","0","0","359","0","0","359","0.5","2","359","0.25","2","359","0","0","359","0.5","4","359","0","0","359","0.3333333333333333","3","359","0","0","359","0.5","2","359","0.25","2","359","0","0","359","0","0","359","0.5","1","359","0","0","359","0","1","359","0","0","359","0","0"
,"360","0","0","360","0","0","360","0","0","360","0","0","360","0","0","360","0.5","2","360","0","0","360","0","0","360","0","0","360","0","0","360","0","0","360","0","0","360","0","0","360","0","0","360","0","0","360","0","0","360","0","0","360","0","0","360","0","0","360","0.5","5","360","0","0","360","0","0","360","0","0","360","0","0","360","0","0","360","0","0","360","0","0","360","0","0","360","1","1","360","0","0","360","0.5","1","360","0","1","360","0","0","360","0","0","360","0.5","2","360","0","0","360","0","0","360","0","0","360","0","2","360","0.5","3","360","0","0","360","0","0","360","0","0","360","0","0","360","0.5","2","360","0.25","2","360","0","0","360","0.5","4","360","0","0","360","0.3333333333333333","3","360","0","0","360","0.5","2","360","0.25","2","360","0","0","360","0","0","360","0.5","1","360","0","0","360","0","1","360","0","0","360","0","0"
,"361","0","0","361","0","0","361","0","0","361","0","0","361","0","0","361","0.5","2","361","0","0","361","0","0","361","0","0","361","0","0","361","0","0","361","0","0","361","0","0","361","0","0","361","0","0","361","0","0","361","0","0","361","0","0","361","0","0","361","0.5","5","361","0","0","361","0","0","361","0","0","361","0","0","361","0","0","361","0","0","361","0","0","361","0","0","361","1","1","361","0","0","361","0.5","1","361","0","1","361","0","0","361","0","0","361","0.5","2","361","0","0","361","0","0","361","0","0","361","0","2","361","0.5","3","361","0","0","361","0","0","361","0","0","361","0","0","361","0.5","2","361","0.25","2","361","0","0","361","0.5","4","361","0","0","361","0.3333333333333333","3","361","0","0","361","0.5","2","361","0.25","2","361","0","0","361","0","0","361","0.5","1","361","0","0","361","0","1","361","0","0","361","0","0"
,"362","0","0","362","0","0","362","0","0","362","0","0","362","0","0","362","0.5","2","362","0","0","362","0","0","362","0","0","362","0","0","362","0","0","362","0","0","362","0","0","362","0","0","362","0","0","362","0","0","362","0","0","362","0","0","362","0","0","362","0.5","5","362","0","0","362","0","0","362","0","0","362","0","0","362","0","0","362","0","0","362","0","0","362","0","0","362","1","1","362","0","0","362","0.5","1","362","0","1","362","0","0","362","0","0","362","0.5","2","362","0","0","362","0","0","362","0","0","362","0","2","362","0.5","3","362","0","0","362","0","0","362","0","0","362","0","0","362","0.5","2","362","0.25","2","362","0","0","362","0.5","4","362","0","0","362","0.3333333333333333","3","362","0","0","362","0.5","2","362","0.25","2","362","0","0","362","0","0","362","0.5","1","362","0","0","362","0","1","362","0","0","362","0","0"
,"363","0","0","363","0","0","363","0","0","363","0","0","363","0","0","363","0.5","1","363","0","0","363","0","0","363","0","0","363","0","0","363","0","0","363","0","0","363","0","0","363","0","0","363","0","0","363","0","0","363","0","0","363","0","0","363","0","0","363","0.5","4","363","0","0","363","0","0","363","0","0","363","0","0","363","0","0","363","0","0","363","0","0","363","0","0","363","1","1","363","0","0","363","0.5","1","363","0","1","363","0","0","363","0","0","363","0.5","2","363","0","0","363","0","0","363","0","0","363","0","2","363","0.5","3","363","0","0","363","0","0","363","0","0","363","0","0","363","0.5","2","363","0.25","2","363","0","0","363","0.5","4","363","0","0","363","0.3333333333333333","3","363","0","0","363","0.5","2","363","0.25","2","363","0","0","363","0","0","363","0.5","1","363","0","0","363","0","1","363","0","0","363","0","0"
,"364","0","0","364","0","0","364","0","0","364","0","0","364","0","0","364","0.5","1","364","0","0","364","0","0","364","0","0","364","0","0","364","0","0","364","0","0","364","0","0","364","0","0","364","0","0","364","0","0","364","0","0","364","0","0","364","0","0","364","0.5","4","364","0","0","364","0","0","364","0","0","364","0","0","364","0","0","364","0","0","364","0","0","364","0","0","364","1","1","364","0","0","364","0.5","1","364","0","1","364","0","0","364","0","0","364","0.5","2","364","0","0","364","0","0","364","0","0","364","0","2","364","0.5","3","364","0","0","364","0","0","364","0","0","364","0","0","364","0.5","2","364","0.25","2","364","0","0","364","0.5","4","364","0","0","364","0.3333333333333333","3","364","0","0","364","0.5","2","364","0.25","2","364","0","0","364","0","0","364","0.5","1","364","0","0","364","0","1","364","0","0","364","0","0"
,"365","0","0","365","0","0","365","0","0","365","0","0","365","0","0","365","0.5","1","365","0","0","365","0","0","365","0","0","365","0","0","365","0","0","365","0","0","365","0","0","365","0","0","365","0","0","365","0","0","365","0","0","365","0","0","365","0","0","365","0.5","4","365","0","0","365","0","0","365","0","0","365","0","0","365","0","0","365","0","0","365","0","0","365","0","0","365","1","1","365","0","0","365","0.5","1","365","0","1","365","0","0","365","0","0","365","0.5","2","365","0","0","365","0","0","365","0","0","365","0","2","365","0.5","3","365","0","0","365","0","0","365","0","0","365","0","0","365","0.5","2","365","0.25","2","365","0","0","365","0.5","4","365","0","0","365","0.3333333333333333","3","365","0","0","365","0.5","2","365","0.25","2","365","0","0","365","0","0","365","0.5","1","365","0","0","365","0","1","365","0","0","365","0","0"
,"366","0","0","366","0","0","366","0","0","366","0","0","366","0","0","366","0.5","1","366","0","0","366","0","0","366","0","0","366","0","0","366","0","0","366","0","0","366","0","0","366","0","0","366","0","0","366","0","0","366","0","0","366","0","0","366","0","0","366","0.5","4","366","0","0","366","0","0","366","0","0","366","0","0","366","0","0","366","0","0","366","0","0","366","0","0","366","1","1","366","0","0","366","0.5","1","366","0","1","366","0","0","366","0","0","366","0.5","2","366","0","0","366","0","0","366","0","0","366","0","2","366","0.5","3","366","0","0","366","0","0","366","0","0","366","0","0","366","0.5","2","366","0.25","2","366","0","0","366","0.5","4","366","0","0","366","0.3333333333333333","3","366","0","0","366","0.5","2","366","0.25","2","366","0","0","366","0","0","366","0.5","1","366","0","0","366","0","1","366","0","0","366","0","0"
,"367","0","0","367","0","0","367","0","0","367","0","0","367","0","0","367","0.5","1","367","0","0","367","0","0","367","0","0","367","0","0","367","0","0","367","0","0","367","0","0","367","0","0","367","0","0","367","0","0","367","0","0","367","0","0","367","0","0","367","0.5","4","367","0","0","367","0","0","367","0","0","367","0","0","367","0","0","367","0","0","367","0","0","367","0","0","367","1","1","367","0","0","367","0.5","1","367","0","1","367","0","0","367","0","0","367","0.5","2","367","0","0","367","0","0","367","0","0","367","0","2","367","0.5","3","367","0","0","367","0","0","367","0","0","367","0","0","367","0.5","2","367","0.25","2","367","0","0","367","0.5","4","367","0","0","367","0.3333333333333333","3","367","0","0","367","0.5","2","367","0.25","2","367","0","0","367","0","0","367","0.5","1","367","0","0","367","0","1","367","0","0","367","0","0"
,"368","0","0","368","0","0","368","0","0","368","0","0","368","0","0","368","0.5","1","368","0","0","368","0","0","368","0","0","368","0","0","368","0","0","368","0","0","368","0","0","368","0","0","368","0","0","368","0","0","368","0","0","368","0","0","368","0","0","368","0.5","4","368","0","0","368","0","0","368","0","0","368","0","0","368","0","0","368","0","0","368","0","0","368","0","0","368","1","1","368","0","0","368","0.5","1","368","0","1","368","0","0","368","0","0","368","0.5","2","368","0","0","368","0","0","368","0","0","368","0","2","368","0.5","3","368","0","0","368","0","0","368","0","0","368","0","0","368","0.5","2","368","0.25","2","368","0","0","368","0.5","4","368","0","0","368","0.3333333333333333","3","368","0","0","368","0.5","2","368","0.25","2","368","0","0","368","0","0","368","0.5","1","368","0","0","368","0","1","368","0","0","368","0","0"
,"369","0","0","369","0","0","369","0","0","369","0","0","369","0","0","369","0.5","1","369","0","0","369","0","0","369","0","0","369","0","0","369","0","0","369","0","0","369","0","0","369","0","0","369","0","0","369","0","0","369","0","0","369","0","0","369","0","0","369","0.5","4","369","0","0","369","0","0","369","0","0","369","0","0","369","0","0","369","0","0","369","0","0","369","0","0","369","1","1","369","0","0","369","0.5","1","369","0","1","369","0","0","369","0","0","369","0.5","2","369","0","0","369","0","0","369","0","0","369","0","2","369","0.5","3","369","0","0","369","0","0","369","0","0","369","0","0","369","0.5","2","369","0.25","2","369","0","0","369","0.5","4","369","0","0","369","0.3333333333333333","3","369","0","0","369","0.5","2","369","0.25","2","369","0","0","369","0","0","369","0.5","1","369","0","0","369","0","1","369","0","0","369","0","0"
,"370","0","0","370","0","0","370","0","0","370","0","0","370","0","0","370","0.5","1","370","0","0","370","0","0","370","0","0","370","0","0","370","0","0","370","0","0","370","0","0","370","0","0","370","0","0","370","0","0","370","0","0","370","0","0","370","0","0","370","0.5","4","370","0","0","370","0","0","370","0","0","370","0","0","370","0","0","370","0","0","370","0","0","370","0","0","370","1","1","370","0","0","370","0","0","370","0","1","370","0","0","370","0","0","370","0.5","2","370","0","0","370","0","0","370","0","0","370","0","2","370","0.5","3","370","0","0","370","0","0","370","0","0","370","0","0","370","0.5","2","370","0.25","2","370","0","0","370","0.5","4","370","0","0","370","0.3333333333333333","3","370","0","0","370","0.5","2","370","0.25","2","370","0","0","370","0","0","370","0.5","1","370","0","0","370","0","1","370","0","0","370","0","0"
,"371","0","0","371","0","0","371","0","0","371","0","0","371","0","0","371","0.5","1","371","0","0","371","0","0","371","0","0","371","0","0","371","0","0","371","0","0","371","0","0","371","0","0","371","0","0","371","0","0","371","0","0","371","0","0","371","0","0","371","0.5","4","371","0","0","371","0","0","371","0","0","371","0","0","371","0","0","371","0","0","371","0","0","371","0","0","371","1","1","371","0","0","371","0","0","371","0","1","371","0","0","371","0","0","371","0.5","2","371","0","0","371","0","0","371","0","0","371","0","2","371","0.5","3","371","0","0","371","0","0","371","0","0","371","0","0","371","0.5","2","371","0.25","2","371","0","0","371","0.5","4","371","0","0","371","0.3333333333333333","3","371","0","0","371","0.5","2","371","0.25","2","371","0","0","371","0","0","371","0.5","1","371","0","0","371","0","1","371","0","0","371","0","0"
,"372","0","0","372","0","0","372","0","0","372","0","0","372","0","0","372","0.5","1","372","0","0","372","0","0","372","0","0","372","0","0","372","0","0","372","0","0","372","0","0","372","0","0","372","0","0","372","0","0","372","0","0","372","0","0","372","0","0","372","0.5","4","372","0","0","372","0","0","372","0","0","372","0","0","372","0","0","372","0","0","372","0","0","372","0","0","372","1","1","372","0","0","372","0","0","372","0","1","372","0","0","372","0","0","372","0.5","2","372","0","0","372","0","0","372","0","0","372","0","1","372","0.5","3","372","0","0","372","0","0","372","0","0","372","0","0","372","0.5","2","372","0.25","2","372","0","0","372","0.5","3","372","0","0","372","0.3333333333333333","3","372","0","0","372","0.5","2","372","0.25","2","372","0","0","372","0","0","372","0.5","1","372","0","0","372","0","1","372","0","0","372","0","0"
,"373","0","0","373","0","0","373","0","0","373","0","0","373","0","0","373","0.5","1","373","0","0","373","0","0","373","0","0","373","0","0","373","0","0","373","0","0","373","0","0","373","0","0","373","0","0","373","0","0","373","0","0","373","0","0","373","0","0","373","0.5","4","373","0","0","373","0","0","373","0","0","373","0","0","373","0","0","373","0","0","373","0","0","373","0","0","373","1","1","373","0","0","373","0","0","373","0","1","373","0","0","373","0","0","373","0.5","2","373","0","0","373","0","0","373","0","0","373","0","1","373","0.5","3","373","0","0","373","0","0","373","0","0","373","0","0","373","0.5","2","373","0.25","2","373","0","0","373","0.5","3","373","0","0","373","0.3333333333333333","3","373","0","0","373","0.5","2","373","0.25","2","373","0","0","373","0","0","373","0.5","1","373","0","0","373","0","1","373","0","0","373","0","0"
,"374","0","0","374","0","0","374","0","0","374","0","0","374","0","0","374","0.5","1","374","0","0","374","0","0","374","0","0","374","0","0","374","0","0","374","0","0","374","0","0","374","0","0","374","0","0","374","0","0","374","0","0","374","0","0","374","0","0","374","0.5","4","374","0","0","374","0","0","374","0","0","374","0","0","374","0","0","374","0","0","374","0","0","374","0","0","374","1","1","374","0","0","374","0","0","374","0","1","374","0","0","374","0","0","374","0.5","2","374","0","0","374","0","0","374","0","0","374","0","1","374","0.5","3","374","0","0","374","0","0","374","0","0","374","0","0","374","0.5","2","374","0.25","2","374","0","0","374","0.5","3","374","0","0","374","0.3333333333333333","3","374","0","0","374","0.5","2","374","0.25","2","374","0","0","374","0","0","374","0.5","1","374","0","0","374","0","1","374","0","0","374","0","0"
,"375","0","0","375","0","0","375","0","0","375","0","0","375","0","0","375","0.5","1","375","0","0","375","0","0","375","0","0","375","0","0","375","0","0","375","0","0","375","0","0","375","0","0","375","0","0","375","0","0","375","0","0","375","0","0","375","0","0","375","0.5","4","375","0","0","375","0","0","375","0","0","375","0","0","375","0","0","375","0","0","375","0","0","375","0","0","375","1","1","375","0","0","375","0","0","375","0","1","375","0","0","375","0","0","375","0.5","2","375","0","0","375","0","0","375","0","0","375","0","1","375","0.5","3","375","0","0","375","0","0","375","0","0","375","0","0","375","0.5","2","375","0","1","375","0","0","375","0.5","3","375","0","0","375","0.3333333333333333","3","375","0","0","375","0.5","2","375","0.25","2","375","0","0","375","0","0","375","0.5","1","375","0","0","375","0","1","375","0","0","375","0","0"
,"376","0","0","376","0","0","376","0","0","376","0","0","376","0","0","376","0.5","1","376","0","0","376","0","0","376","0","0","376","0","0","376","0","0","376","0","0","376","0","0","376","0","0","376","0","0","376","0","0","376","0","0","376","0","0","376","0","0","376","0.5","4","376","0","0","376","0","0","376","0","0","376","0","0","376","0","0","376","0","0","376","0","0","376","0","0","376","1","1","376","0","0","376","0","0","376","0","1","376","0","0","376","0","0","376","0.5","2","376","0","0","376","0","0","376","0","0","376","0","1","376","0.5","3","376","0","0","376","0","0","376","0","0","376","0","0","376","0.5","2","376","0","1","376","0","0","376","0.5","3","376","0","0","376","0.3333333333333333","3","376","0","0","376","0.5","2","376","0.25","2","376","0","0","376","0","0","376","0.5","1","376","0","0","376","0","1","376","0","0","376","0","0"
,"377","0","0","377","0","0","377","0","0","377","0","0","377","0","0","377","0.5","1","377","0","0","377","0","0","377","0","0","377","0","0","377","0","0","377","0","0","377","0","0","377","0","0","377","0","0","377","0","0","377","0","0","377","0","0","377","0","0","377","0.5","4","377","0","0","377","0","0","377","0","0","377","0","0","377","0","0","377","0","0","377","0","0","377","0","0","377","1","1","377","0","0","377","0","0","377","0","1","377","0","0","377","0","0","377","0.5","2","377","0","0","377","0","0","377","0","0","377","0","1","377","0.5","3","377","0","0","377","0","0","377","0","0","377","0","0","377","0.5","1","377","0","1","377","0","0","377","0.5","3","377","0","0","377","0.3333333333333333","3","377","0","0","377","0.5","2","377","0.25","2","377","0","0","377","0","0","377","0.5","1","377","0","0","377","0","1","377","0","0","377","0","0"
,"378","0","0","378","0","0","378","0","0","378","0","0","378","0","0","378","0.5","1","378","0","0","378","0","0","378","0","0","378","0","0","378","0","0","378","0","0","378","0","0","378","0","0","378","0","0","378","0","0","378","0","0","378","0","0","378","0","0","378","0.5","4","378","0","0","378","0","0","378","0","0","378","0","0","378","0","0","378","0","0","378","0","0","378","0","0","378","1","1","378","0","0","378","0","0","378","0","1","378","0","0","378","0","0","378","0.5","1","378","0","0","378","0","0","378","0","0","378","0","1","378","0.25","2","378","0","0","378","0","0","378","0","0","378","0","0","378","0.5","1","378","0","1","378","0","0","378","0.5","3","378","0","0","378","0.3333333333333333","3","378","0","0","378","0.5","2","378","0.25","2","378","0","0","378","0","0","378","0.5","1","378","0","0","378","0","1","378","0","0","378","0","0"
,"379","0","0","379","0","0","379","0","0","379","0","0","379","0","0","379","0.5","1","379","0","0","379","0","0","379","0","0","379","0","0","379","0","0","379","0","0","379","0","0","379","0","0","379","0","0","379","0","0","379","0","0","379","0","0","379","0","0","379","0.5","4","379","0","0","379","0","0","379","0","0","379","0","0","379","0","0","379","0","0","379","0","0","379","0","0","379","1","1","379","0","0","379","0","0","379","0","1","379","0","0","379","0","0","379","0.5","1","379","0","0","379","0","0","379","0","0","379","0","1","379","0.25","2","379","0","0","379","0","0","379","0","0","379","0","0","379","0.5","1","379","0","1","379","0","0","379","0.5","3","379","0","0","379","0.3333333333333333","3","379","0","0","379","0.5","2","379","0.25","2","379","0","0","379","0","0","379","0.5","1","379","0","0","379","0","1","379","0","0","379","0","0"
,"380","0","0","380","0","0","380","0","0","380","0","0","380","0","0","380","0.5","1","380","0","0","380","0","0","380","0","0","380","0","0","380","0","0","380","0","0","380","0","0","380","0","0","380","0","0","380","0","0","380","0","0","380","0","0","380","0","0","380","0.5","3","380","0","0","380","0","0","380","0","0","380","0","0","380","0","0","380","0","0","380","0","0","380","0","0","380","1","1","380","0","0","380","0","0","380","0","1","380","0","0","380","0","0","380","0.5","1","380","0","0","380","0","0","380","0","0","380","0","1","380","0.25","2","380","0","0","380","0","0","380","0","0","380","0","0","380","0.5","1","380","0","1","380","0","0","380","0.5","3","380","0","0","380","0.3333333333333333","3","380","0","0","380","0.5","2","380","0.25","2","380","0","0","380","0","0","380","0.5","1","380","0","0","380","0","1","380","0","0","380","0","0"
,"381","0","0","381","0","0","381","0","0","381","0","0","381","0","0","381","0.5","1","381","0","0","381","0","0","381","0","0","381","0","0","381","0","0","381","0","0","381","0","0","381","0","0","381","0","0","381","0","0","381","0","0","381","0","0","381","0","0","381","0.5","3","381","0","0","381","0","0","381","0","0","381","0","0","381","0","0","381","0","0","381","0","0","381","0","0","381","1","1","381","0","0","381","0","0","381","0","1","381","0","0","381","0","0","381","0.5","1","381","0","0","381","0","0","381","0","0","381","0","1","381","0.25","2","381","0","0","381","0","0","381","0","0","381","0","0","381","0","0","381","0","1","381","0","0","381","0.5","2","381","0","0","381","0.3333333333333333","3","381","0","0","381","0.5","2","381","0.25","2","381","0","0","381","0","0","381","0.5","1","381","0","0","381","0","1","381","0","0","381","0","0"
,"382","0","0","382","0","0","382","0","0","382","0","0","382","0","0","382","0.5","1","382","0","0","382","0","0","382","0","0","382","0","0","382","0","0","382","0","0","382","0","0","382","0","0","382","0","0","382","0","0","382","0","0","382","0","0","382","0","0","382","0.5","3","382","0","0","382","0","0","382","0","0","382","0","0","382","0","0","382","0","0","382","0","0","382","0","0","382","1","1","382","0","0","382","0","0","382","0","1","382","0","0","382","0","0","382","0.5","1","382","0","0","382","0","0","382","0","0","382","0","1","382","0.25","2","382","0","0","382","0","0","382","0","0","382","0","0","382","0","0","382","0","1","382","0","0","382","0.5","2","382","0","0","382","0.3333333333333333","3","382","0","0","382","0.5","2","382","0.25","2","382","0","0","382","0","0","382","0.5","1","382","0","0","382","0","1","382","0","0","382","0","0"
,"383","0","0","383","0","0","383","0","0","383","0","0","383","0","0","383","0.5","1","383","0","0","383","0","0","383","0","0","383","0","0","383","0","0","383","0","0","383","0","0","383","0","0","383","0","0","383","0","0","383","0","0","383","0","0","383","0","0","383","0.5","3","383","0","0","383","0","0","383","0","0","383","0","0","383","0","0","383","0","0","383","0","0","383","0","0","383","1","1","383","0","0","383","0","0","383","0","1","383","0","0","383","0","0","383","0.5","1","383","0","0","383","0","0","383","0","0","383","0","1","383","0.25","2","383","0","0","383","0","0","383","0","0","383","0","0","383","0","0","383","0","1","383","0","0","383","0.5","2","383","0","0","383","0.3333333333333333","3","383","0","0","383","0.5","2","383","0.25","2","383","0","0","383","0","0","383","0.5","1","383","0","0","383","0","1","383","0","0","383","0","0"
,"384","0","0","384","0","0","384","0","0","384","0","0","384","0","0","384","0.5","1","384","0","0","384","0","0","384","0","0","384","0","0","384","0","0","384","0","0","384","0","0","384","0","0","384","0","0","384","0","0","384","0","0","384","0","0","384","0","0","384","0.5","3","384","0","0","384","0","0","384","0","0","384","0","0","384","0","0","384","0","0","384","0","0","384","0","0","384","1","1","384","0","0","384","0","0","384","0","1","384","0","0","384","0","0","384","0.5","1","384","0","0","384","0","0","384","0","0","384","0","1","384","0.25","2","384","0","0","384","0","0","384","0","0","384","0","0","384","0","0","384","0","1","384","0","0","384","0.5","1","384","0","0","384","0.3333333333333333","3","384","0","0","384","0.5","2","384","0.25","2","384","0","0","384","0","0","384","0.5","1","384","0","0","384","0","1","384","0","0","384","0","0"
,"385","0","0","385","0","0","385","0","0","385","0","0","385","0","0","385","0","0","385","0","0","385","0","0","385","0","0","385","0","0","385","0","0","385","0","0","385","0","0","385","0","0","385","0","0","385","0","0","385","0","0","385","0","0","385","0","0","385","0.5","3","385","0","0","385","0","0","385","0","0","385","0","0","385","0","0","385","0","0","385","0","0","385","0","0","385","1","1","385","0","0","385","0","0","385","0","0","385","0","0","385","0","0","385","0.5","1","385","0","0","385","0","0","385","0","0","385","0","1","385","0.25","2","385","0","0","385","0","0","385","0","0","385","0","0","385","0","0","385","0","1","385","0","0","385","0.5","1","385","0","0","385","0.3333333333333333","3","385","0","0","385","0.5","2","385","0.25","2","385","0","0","385","0","0","385","0.5","1","385","0","0","385","0","1","385","0","0","385","0","0"
,"386","0","0","386","0","0","386","0","0","386","0","0","386","0","0","386","0","0","386","0","0","386","0","0","386","0","0","386","0","0","386","0","0","386","0","0","386","0","0","386","0","0","386","0","0","386","0","0","386","0","0","386","0","0","386","0","0","386","0.5","3","386","0","0","386","0","0","386","0","0","386","0","0","386","0","0","386","0","0","386","0","0","386","0","0","386","1","1","386","0","0","386","0","0","386","0","0","386","0","0","386","0","0","386","0.5","1","386","0","0","386","0","0","386","0","0","386","0","1","386","0.25","2","386","0","0","386","0","0","386","0","0","386","0","0","386","0","0","386","0","1","386","0","0","386","0.5","1","386","0","0","386","0.3333333333333333","3","386","0","0","386","0.5","2","386","0.25","2","386","0","0","386","0","0","386","0.5","1","386","0","0","386","0","1","386","0","0","386","0","0"
,"387","0","0","387","0","0","387","0","0","387","0","0","387","0","0","387","0","0","387","0","0","387","0","0","387","0","0","387","0","0","387","0","0","387","0","0","387","0","0","387","0","0","387","0","0","387","0","0","387","0","0","387","0","0","387","0","0","387","0.5","3","387","0","0","387","0","0","387","0","0","387","0","0","387","0","0","387","0","0","387","0","0","387","0","0","387","1","1","387","0","0","387","0","0","387","0","0","387","0","0","387","0","0","387","0.5","1","387","0","0","387","0","0","387","0","0","387","0","1","387","0","1","387","0","0","387","0","0","387","0","0","387","0","0","387","0","0","387","0","1","387","0","0","387","0.5","1","387","0","0","387","0.3333333333333333","3","387","0","0","387","0.5","2","387","0.25","2","387","0","0","387","0","0","387","0.5","1","387","0","0","387","0","1","387","0","0","387","0","0"
,"388","0","0","388","0","0","388","0","0","388","0","0","388","0","0","388","0","0","388","0","0","388","0","0","388","0","0","388","0","0","388","0","0","388","0","0","388","0","0","388","0","0","388","0","0","388","0","0","388","0","0","388","0","0","388","0","0","388","0.5","3","388","0","0","388","0","0","388","0","0","388","0","0","388","0","0","388","0","0","388","0","0","388","0","0","388","0","0","388","0","0","388","0","0","388","0","0","388","0","0","388","0","0","388","0.5","1","388","0","0","388","0","0","388","0","0","388","0","1","388","0","1","388","0","0","388","0","0","388","0","0","388","0","0","388","0","0","388","0","1","388","0","0","388","0.5","1","388","0","0","388","0.3333333333333333","3","388","0","0","388","0.5","2","388","0","1","388","0","0","388","0","0","388","0.5","1","388","0","0","388","0","1","388","0","0","388","0","0"
,"389","0","0","389","0","0","389","0","0","389","0","0","389","0","0","389","0","0","389","0","0","389","0","0","389","0","0","389","0","0","389","0","0","389","0","0","389","0","0","389","0","0","389","0","0","389","0","0","389","0","0","389","0","0","389","0","0","389","0.5","3","389","0","0","389","0","0","389","0","0","389","0","0","389","0","0","389","0","0","389","0","0","389","0","0","389","0","0","389","0","0","389","0","0","389","0","0","389","0","0","389","0","0","389","0.5","1","389","0","0","389","0","0","389","0","0","389","0","1","389","0","0","389","0","0","389","0","0","389","0","0","389","0","0","389","0","0","389","0","1","389","0","0","389","0.5","1","389","0","0","389","0.3333333333333333","3","389","0","0","389","0.5","2","389","0","1","389","0","0","389","0","0","389","0.5","1","389","0","0","389","0","1","389","0","0","389","0","0"
,"390","0","0","390","0","0","390","0","0","390","0","0","390","0","0","390","0","0","390","0","0","390","0","0","390","0","0","390","0","0","390","0","0","390","0","0","390","0","0","390","0","0","390","0","0","390","0","0","390","0","0","390","0","0","390","0","0","390","0.5","3","390","0","0","390","0","0","390","0","0","390","0","0","390","0","0","390","0","0","390","0","0","390","0","0","390","0","0","390","0","0","390","0","0","390","0","0","390","0","0","390","0","0","390","0.5","1","390","0","0","390","0","0","390","0","0","390","0","1","390","0","0","390","0","0","390","0","0","390","0","0","390","0","0","390","0","0","390","0","1","390","0","0","390","0.5","1","390","0","0","390","0.3333333333333333","3","390","0","0","390","0.5","2","390","0","1","390","0","0","390","0","0","390","0.5","1","390","0","0","390","0","1","390","0","0","390","0","0"
,"391","0","0","391","0","0","391","0","0","391","0","0","391","0","0","391","0","0","391","0","0","391","0","0","391","0","0","391","0","0","391","0","0","391","0","0","391","0","0","391","0","0","391","0","0","391","0","0","391","0","0","391","0","0","391","0","0","391","0.5","3","391","0","0","391","0","0","391","0","0","391","0","0","391","0","0","391","0","0","391","0","0","391","0","0","391","0","0","391","0","0","391","0","0","391","0","0","391","0","0","391","0","0","391","0.5","1","391","0","0","391","0","0","391","0","0","391","0","1","391","0","0","391","0","0","391","0","0","391","0","0","391","0","0","391","0","0","391","0","1","391","0","0","391","0.5","1","391","0","0","391","0.3333333333333333","3","391","0","0","391","0","1","391","0","1","391","0","0","391","0","0","391","0.5","1","391","0","0","391","0","1","391","0","0","391","0","0"
,"392","0","0","392","0","0","392","0","0","392","0","0","392","0","0","392","0","0","392","0","0","392","0","0","392","0","0","392","0","0","392","0","0","392","0","0","392","0","0","392","0","0","392","0","0","392","0","0","392","0","0","392","0","0","392","0","0","392","0.5","3","392","0","0","392","0","0","392","0","0","392","0","0","392","0","0","392","0","0","392","0","0","392","0","0","392","0","0","392","0","0","392","0","0","392","0","0","392","0","0","392","0","0","392","0.5","1","392","0","0","392","0","0","392","0","0","392","0","1","392","0","0","392","0","0","392","0","0","392","0","0","392","0","0","392","0","0","392","0","1","392","0","0","392","0.5","1","392","0","0","392","0.5","2","392","0","0","392","0","1","392","0","1","392","0","0","392","0","0","392","0.5","1","392","0","0","392","0","1","392","0","0","392","0","0"
,"393","0","0","393","0","0","393","0","0","393","0","0","393","0","0","393","0","0","393","0","0","393","0","0","393","0","0","393","0","0","393","0","0","393","0","0","393","0","0","393","0","0","393","0","0","393","0","0","393","0","0","393","0","0","393","0","0","393","0.5","3","393","0","0","393","0","0","393","0","0","393","0","0","393","0","0","393","0","0","393","0","0","393","0","0","393","0","0","393","0","0","393","0","0","393","0","0","393","0","0","393","0","0","393","0.5","1","393","0","0","393","0","0","393","0","0","393","0","1","393","0","0","393","0","0","393","0","0","393","0","0","393","0","0","393","0","0","393","0","1","393","0","0","393","0.5","1","393","0","0","393","0.5","2","393","0","0","393","0","1","393","0","1","393","0","0","393","0","0","393","0.5","1","393","0","0","393","0","1","393","0","0","393","0","0"
,"394","0","0","394","0","0","394","0","0","394","0","0","394","0","0","394","0","0","394","0","0","394","0","0","394","0","0","394","0","0","394","0","0","394","0","0","394","0","0","394","0","0","394","0","0","394","0","0","394","0","0","394","0","0","394","0","0","394","0.5","3","394","0","0","394","0","0","394","0","0","394","0","0","394","0","0","394","0","0","394","0","0","394","0","0","394","0","0","394","0","0","394","0","0","394","0","0","394","0","0","394","0","0","394","0.5","1","394","0","0","394","0","0","394","0","0","394","0","1","394","0","0","394","0","0","394","0","0","394","0","0","394","0","0","394","0","0","394","0","1","394","0","0","394","0.5","1","394","0","0","394","0.5","2","394","0","0","394","0","1","394","0","1","394","0","0","394","0","0","394","0.5","1","394","0","0","394","0","1","394","0","0","394","0","0"
,"395","0","0","395","0","0","395","0","0","395","0","0","395","0","0","395","0","0","395","0","0","395","0","0","395","0","0","395","0","0","395","0","0","395","0","0","395","0","0","395","0","0","395","0","0","395","0","0","395","0","0","395","0","0","395","0","0","395","0.5","3","395","0","0","395","0","0","395","0","0","395","0","0","395","0","0","395","0","0","395","0","0","395","0","0","395","0","0","395","0","0","395","0","0","395","0","0","395","0","0","395","0","0","395","0.5","1","395","0","0","395","0","0","395","0","0","395","0","1","395","0","0","395","0","0","395","0","0","395","0","0","395","0","0","395","0","0","395","0","1","395","0","0","395","0.5","1","395","0","0","395","0.5","2","395","0","0","395","0","1","395","0","1","395","0","0","395","0","0","395","0.5","1","395","0","0","395","0","1","395","0","0","395","0","0"
,"396","0","0","396","0","0","396","0","0","396","0","0","396","0","0","396","0","0","396","0","0","396","0","0","396","0","0","396","0","0","396","0","0","396","0","0","396","0","0","396","0","0","396","0","0","396","0","0","396","0","0","396","0","0","396","0","0","396","0.5","3","396","0","0","396","0","0","396","0","0","396","0","0","396","0","0","396","0","0","396","0","0","396","0","0","396","0","0","396","0","0","396","0","0","396","0","0","396","0","0","396","0","0","396","0.5","1","396","0","0","396","0","0","396","0","0","396","0","1","396","0","0","396","0","0","396","0","0","396","0","0","396","0","0","396","0","0","396","0","1","396","0","0","396","0.5","1","396","0","0","396","0.5","1","396","0","0","396","0","1","396","0","1","396","0","0","396","0","0","396","0","0","396","0","0","396","0","0","396","0","0","396","0","0"
,"397","0","0","397","0","0","397","0","0","397","0","0","397","0","0","397","0","0","397","0","0","397","0","0","397","0","0","397","0","0","397","0","0","397","0","0","397","0","0","397","0","0","397","0","0","397","0","0","397","0","0","397","0","0","397","0","0","397","0.5","3","397","0","0","397","0","0","397","0","0","397","0","0","397","0","0","397","0","0","397","0","0","397","0","0","397","0","0","397","0","0","397","0","0","397","0","0","397","0","0","397","0","0","397","0.5","1","397","0","0","397","0","0","397","0","0","397","0","1","397","0","0","397","0","0","397","0","0","397","0","0","397","0","0","397","0","0","397","0","1","397","0","0","397","0.5","1","397","0","0","397","0.5","1","397","0","0","397","0","1","397","0","1","397","0","0","397","0","0","397","0","0","397","0","0","397","0","0","397","0","0","397","0","0"
,"398","0","0","398","0","0","398","0","0","398","0","0","398","0","0","398","0","0","398","0","0","398","0","0","398","0","0","398","0","0","398","0","0","398","0","0","398","0","0","398","0","0","398","0","0","398","0","0","398","0","0","398","0","0","398","0","0","398","0.5","3","398","0","0","398","0","0","398","0","0","398","0","0","398","0","0","398","0","0","398","0","0","398","0","0","398","0","0","398","0","0","398","0","0","398","0","0","398","0","0","398","0","0","398","0.5","1","398","0","0","398","0","0","398","0","0","398","0","1","398","0","0","398","0","0","398","0","0","398","0","0","398","0","0","398","0","0","398","0","1","398","0","0","398","0.5","1","398","0","0","398","0.5","1","398","0","0","398","0","1","398","0","1","398","0","0","398","0","0","398","0","0","398","0","0","398","0","0","398","0","0","398","0","0"
,"399","0","0","399","0","0","399","0","0","399","0","0","399","0","0","399","0","0","399","0","0","399","0","0","399","0","0","399","0","0","399","0","0","399","0","0","399","0","0","399","0","0","399","0","0","399","0","0","399","0","0","399","0","0","399","0","0","399","0.5","3","399","0","0","399","0","0","399","0","0","399","0","0","399","0","0","399","0","0","399","0","0","399","0","0","399","0","0","399","0","0","399","0","0","399","0","0","399","0","0","399","0","0","399","0.5","1","399","0","0","399","0","0","399","0","0","399","0","1","399","0","0","399","0","0","399","0","0","399","0","0","399","0","0","399","0","0","399","0","1","399","0","0","399","0.5","1","399","0","0","399","0.5","1","399","0","0","399","0","1","399","0","1","399","0","0","399","0","0","399","0","0","399","0","0","399","0","0","399","0","0","399","0","0"
,"400","0","0","400","0","0","400","0","0","400","0","0","400","0","0","400","0","0","400","0","0","400","0","0","400","0","0","400","0","0","400","0","0","400","0","0","400","0","0","400","0","0","400","0","0","400","0","0","400","0","0","400","0","0","400","0","0","400","0.5","3","400","0","0","400","0","0","400","0","0","400","0","0","400","0","0","400","0","0","400","0","0","400","0","0","400","0","0","400","0","0","400","0","0","400","0","0","400","0","0","400","0","0","400","0.5","1","400","0","0","400","0","0","400","0","0","400","0","1","400","0","0","400","0","0","400","0","0","400","0","0","400","0","0","400","0","0","400","0","1","400","0","0","400","0.5","1","400","0","0","400","0.5","1","400","0","0","400","0","1","400","0","1","400","0","0","400","0","0","400","0","0","400","0","0","400","0","0","400","0","0","400","0","0"
,"401","0","0","401","0","0","401","0","0","401","0","0","401","0","0","401","0","0","401","0","0","401","0","0","401","0","0","401","0","0","401","0","0","401","0","0","401","0","0","401","0","0","401","0","0","401","0","0","401","0","0","401","0","0","401","0","0","401","0.5","3","401","0","0","401","0","0","401","0","0","401","0","0","401","0","0","401","0","0","401","0","0","401","0","0","401","0","0","401","0","0","401","0","0","401","0","0","401","0","0","401","0","0","401","0.5","1","401","0","0","401","0","0","401","0","0","401","0","1","401","0","0","401","0","0","401","0","0","401","0","0","401","0","0","401","0","0","401","0","1","401","0","0","401","0.5","1","401","0","0","401","0.5","1","401","0","0","401","0","1","401","0","1","401","0","0","401","0","0","401","0","0","401","0","0","401","0","0","401","0","0","401","0","0"
,"402","0","0","402","0","0","402","0","0","402","0","0","402","0","0","402","0","0","402","0","0","402","0","0","402","0","0","402","0","0","402","0","0","402","0","0","402","0","0","402","0","0","402","0","0","402","0","0","402","0","0","402","0","0","402","0","0","402","0.25","2","402","0","0","402","0","0","402","0","0","402","0","0","402","0","0","402","0","0","402","0","0","402","0","0","402","0","0","402","0","0","402","0","0","402","0","0","402","0","0","402","0","0","402","0.5","1","402","0","0","402","0","0","402","0","0","402","0","1","402","0","0","402","0","0","402","0","0","402","0","0","402","0","0","402","0","0","402","0","1","402","0","0","402","0.5","1","402","0","0","402","0.5","1","402","0","0","402","0","1","402","0","1","402","0","0","402","0","0","402","0","0","402","0","0","402","0","0","402","0","0","402","0","0"
,"403","0","0","403","0","0","403","0","0","403","0","0","403","0","0","403","0","0","403","0","0","403","0","0","403","0","0","403","0","0","403","0","0","403","0","0","403","0","0","403","0","0","403","0","0","403","0","0","403","0","0","403","0","0","403","0","0","403","0.25","2","403","0","0","403","0","0","403","0","0","403","0","0","403","0","0","403","0","0","403","0","0","403","0","0","403","0","0","403","0","0","403","0","0","403","0","0","403","0","0","403","0","0","403","0.5","1","403","0","0","403","0","0","403","0","0","403","0","1","403","0","0","403","0","0","403","0","0","403","0","0","403","0","0","403","0","0","403","0","1","403","0","0","403","0.5","1","403","0","0","403","0.5","1","403","0","0","403","0","1","403","0","1","403","0","0","403","0","0","403","0","0","403","0","0","403","0","0","403","0","0","403","0","0"
,"404","0","0","404","0","0","404","0","0","404","0","0","404","0","0","404","0","0","404","0","0","404","0","0","404","0","0","404","0","0","404","0","0","404","0","0","404","0","0","404","0","0","404","0","0","404","0","0","404","0","0","404","0","0","404","0","0","404","0.25","2","404","0","0","404","0","0","404","0","0","404","0","0","404","0","0","404","0","0","404","0","0","404","0","0","404","0","0","404","0","0","404","0","0","404","0","0","404","0","0","404","0","0","404","0.5","1","404","0","0","404","0","0","404","0","0","404","0","1","404","0","0","404","0","0","404","0","0","404","0","0","404","0","0","404","0","0","404","0","1","404","0","0","404","0.5","1","404","0","0","404","0.5","1","404","0","0","404","0","1","404","0","1","404","0","0","404","0","0","404","0","0","404","0","0","404","0","0","404","0","0","404","0","0"
,"405","0","0","405","0","0","405","0","0","405","0","0","405","0","0","405","0","0","405","0","0","405","0","0","405","0","0","405","0","0","405","0","0","405","0","0","405","0","0","405","0","0","405","0","0","405","0","0","405","0","0","405","0","0","405","0","0","405","0.25","2","405","0","0","405","0","0","405","0","0","405","0","0","405","0","0","405","0","0","405","0","0","405","0","0","405","0","0","405","0","0","405","0","0","405","0","0","405","0","0","405","0","0","405","0.5","1","405","0","0","405","0","0","405","0","0","405","0","1","405","0","0","405","0","0","405","0","0","405","0","0","405","0","0","405","0","0","405","0","1","405","0","0","405","0.5","1","405","0","0","405","0.5","1","405","0","0","405","0","1","405","0","1","405","0","0","405","0","0","405","0","0","405","0","0","405","0","0","405","0","0","405","0","0"
,"406","0","0","406","0","0","406","0","0","406","0","0","406","0","0","406","0","0","406","0","0","406","0","0","406","0","0","406","0","0","406","0","0","406","0","0","406","0","0","406","0","0","406","0","0","406","0","0","406","0","0","406","0","0","406","0","0","406","0.25","2","406","0","0","406","0","0","406","0","0","406","0","0","406","0","0","406","0","0","406","0","0","406","0","0","406","0","0","406","0","0","406","0","0","406","0","0","406","0","0","406","0","0","406","0.5","1","406","0","0","406","0","0","406","0","0","406","0","1","406","0","0","406","0","0","406","0","0","406","0","0","406","0","0","406","0","0","406","0","1","406","0","0","406","0.5","1","406","0","0","406","0.5","1","406","0","0","406","0","0","406","0","1","406","0","0","406","0","0","406","0","0","406","0","0","406","0","0","406","0","0","406","0","0"
,"407","0","0","407","0","0","407","0","0","407","0","0","407","0","0","407","0","0","407","0","0","407","0","0","407","0","0","407","0","0","407","0","0","407","0","0","407","0","0","407","0","0","407","0","0","407","0","0","407","0","0","407","0","0","407","0","0","407","0.25","2","407","0","0","407","0","0","407","0","0","407","0","0","407","0","0","407","0","0","407","0","0","407","0","0","407","0","0","407","0","0","407","0","0","407","0","0","407","0","0","407","0","0","407","0.5","1","407","0","0","407","0","0","407","0","0","407","0","1","407","0","0","407","0","0","407","0","0","407","0","0","407","0","0","407","0","0","407","0","1","407","0","0","407","0.5","1","407","0","0","407","0.5","1","407","0","0","407","0","0","407","0","1","407","0","0","407","0","0","407","0","0","407","0","0","407","0","0","407","0","0","407","0","0"
,"408","0","0","408","0","0","408","0","0","408","0","0","408","0","0","408","0","0","408","0","0","408","0","0","408","0","0","408","0","0","408","0","0","408","0","0","408","0","0","408","0","0","408","0","0","408","0","0","408","0","0","408","0","0","408","0","0","408","0.25","2","408","0","0","408","0","0","408","0","0","408","0","0","408","0","0","408","0","0","408","0","0","408","0","0","408","0","0","408","0","0","408","0","0","408","0","0","408","0","0","408","0","0","408","0.5","1","408","0","0","408","0","0","408","0","0","408","0","1","408","0","0","408","0","0","408","0","0","408","0","0","408","0","0","408","0","0","408","0","1","408","0","0","408","0.5","1","408","0","0","408","0.5","1","408","0","0","408","0","0","408","0","1","408","0","0","408","0","0","408","0","0","408","0","0","408","0","0","408","0","0","408","0","0"
,"409","0","0","409","0","0","409","0","0","409","0","0","409","0","0","409","0","0","409","0","0","409","0","0","409","0","0","409","0","0","409","0","0","409","0","0","409","0","0","409","0","0","409","0","0","409","0","0","409","0","0","409","0","0","409","0","0","409","0.25","2","409","0","0","409","0","0","409","0","0","409","0","0","409","0","0","409","0","0","409","0","0","409","0","0","409","0","0","409","0","0","409","0","0","409","0","0","409","0","0","409","0","0","409","0.5","1","409","0","0","409","0","0","409","0","0","409","0","1","409","0","0","409","0","0","409","0","0","409","0","0","409","0","0","409","0","0","409","0","1","409","0","0","409","0.5","1","409","0","0","409","0.5","1","409","0","0","409","0","0","409","0","1","409","0","0","409","0","0","409","0","0","409","0","0","409","0","0","409","0","0","409","0","0"
,"410","0","0","410","0","0","410","0","0","410","0","0","410","0","0","410","0","0","410","0","0","410","0","0","410","0","0","410","0","0","410","0","0","410","0","0","410","0","0","410","0","0","410","0","0","410","0","0","410","0","0","410","0","0","410","0","0","410","0.25","2","410","0","0","410","0","0","410","0","0","410","0","0","410","0","0","410","0","0","410","0","0","410","0","0","410","0","0","410","0","0","410","0","0","410","0","0","410","0","0","410","0","0","410","0.5","1","410","0","0","410","0","0","410","0","0","410","0","1","410","0","0","410","0","0","410","0","0","410","0","0","410","0","0","410","0","0","410","0","1","410","0","0","410","0.5","1","410","0","0","410","0.5","1","410","0","0","410","0","0","410","0","1","410","0","0","410","0","0","410","0","0","410","0","0","410","0","0","410","0","0","410","0","0"
,"411","0","0","411","0","0","411","0","0","411","0","0","411","0","0","411","0","0","411","0","0","411","0","0","411","0","0","411","0","0","411","0","0","411","0","0","411","0","0","411","0","0","411","0","0","411","0","0","411","0","0","411","0","0","411","0","0","411","0.25","2","411","0","0","411","0","0","411","0","0","411","0","0","411","0","0","411","0","0","411","0","0","411","0","0","411","0","0","411","0","0","411","0","0","411","0","0","411","0","0","411","0","0","411","0.5","1","411","0","0","411","0","0","411","0","0","411","0","1","411","0","0","411","0","0","411","0","0","411","0","0","411","0","0","411","0","0","411","0","1","411","0","0","411","0.5","1","411","0","0","411","0.5","1","411","0","0","411","0","0","411","0","1","411","0","0","411","0","0","411","0","0","411","0","0","411","0","0","411","0","0","411","0","0"
,"412","0","0","412","0","0","412","0","0","412","0","0","412","0","0","412","0","0","412","0","0","412","0","0","412","0","0","412","0","0","412","0","0","412","0","0","412","0","0","412","0","0","412","0","0","412","0","0","412","0","0","412","0","0","412","0","0","412","0.25","2","412","0","0","412","0","0","412","0","0","412","0","0","412","0","0","412","0","0","412","0","0","412","0","0","412","0","0","412","0","0","412","0","0","412","0","0","412","0","0","412","0","0","412","0.5","1","412","0","0","412","0","0","412","0","0","412","0","1","412","0","0","412","0","0","412","0","0","412","0","0","412","0","0","412","0","0","412","0","1","412","0","0","412","0.5","1","412","0","0","412","0.5","1","412","0","0","412","0","0","412","0","1","412","0","0","412","0","0","412","0","0","412","0","0","412","0","0","412","0","0","412","0","0"
,"413","0","0","413","0","0","413","0","0","413","0","0","413","0","0","413","0","0","413","0","0","413","0","0","413","0","0","413","0","0","413","0","0","413","0","0","413","0","0","413","0","0","413","0","0","413","0","0","413","0","0","413","0","0","413","0","0","413","0.25","2","413","0","0","413","0","0","413","0","0","413","0","0","413","0","0","413","0","0","413","0","0","413","0","0","413","0","0","413","0","0","413","0","0","413","0","0","413","0","0","413","0","0","413","0.5","1","413","0","0","413","0","0","413","0","0","413","0","1","413","0","0","413","0","0","413","0","0","413","0","0","413","0","0","413","0","0","413","0","1","413","0","0","413","0.5","1","413","0","0","413","0.5","1","413","0","0","413","0","0","413","0","1","413","0","0","413","0","0","413","0","0","413","0","0","413","0","0","413","0","0","413","0","0"
,"414","0","0","414","0","0","414","0","0","414","0","0","414","0","0","414","0","0","414","0","0","414","0","0","414","0","0","414","0","0","414","0","0","414","0","0","414","0","0","414","0","0","414","0","0","414","0","0","414","0","0","414","0","0","414","0","0","414","0.25","2","414","0","0","414","0","0","414","0","0","414","0","0","414","0","0","414","0","0","414","0","0","414","0","0","414","0","0","414","0","0","414","0","0","414","0","0","414","0","0","414","0","0","414","0.5","1","414","0","0","414","0","0","414","0","0","414","0","1","414","0","0","414","0","0","414","0","0","414","0","0","414","0","0","414","0","0","414","0","1","414","0","0","414","0.5","1","414","0","0","414","0","0","414","0","0","414","0","0","414","0","1","414","0","0","414","0","0","414","0","0","414","0","0","414","0","0","414","0","0","414","0","0"
,"415","0","0","415","0","0","415","0","0","415","0","0","415","0","0","415","0","0","415","0","0","415","0","0","415","0","0","415","0","0","415","0","0","415","0","0","415","0","0","415","0","0","415","0","0","415","0","0","415","0","0","415","0","0","415","0","0","415","0.25","2","415","0","0","415","0","0","415","0","0","415","0","0","415","0","0","415","0","0","415","0","0","415","0","0","415","0","0","415","0","0","415","0","0","415","0","0","415","0","0","415","0","0","415","0.5","1","415","0","0","415","0","0","415","0","0","415","0","1","415","0","0","415","0","0","415","0","0","415","0","0","415","0","0","415","0","0","415","0","1","415","0","0","415","0.5","1","415","0","0","415","0","0","415","0","0","415","0","0","415","0","1","415","0","0","415","0","0","415","0","0","415","0","0","415","0","0","415","0","0","415","0","0"
,"416","0","0","416","0","0","416","0","0","416","0","0","416","0","0","416","0","0","416","0","0","416","0","0","416","0","0","416","0","0","416","0","0","416","0","0","416","0","0","416","0","0","416","0","0","416","0","0","416","0","0","416","0","0","416","0","0","416","0.25","2","416","0","0","416","0","0","416","0","0","416","0","0","416","0","0","416","0","0","416","0","0","416","0","0","416","0","0","416","0","0","416","0","0","416","0","0","416","0","0","416","0","0","416","0.5","1","416","0","0","416","0","0","416","0","0","416","0","1","416","0","0","416","0","0","416","0","0","416","0","0","416","0","0","416","0","0","416","0","1","416","0","0","416","0.5","1","416","0","0","416","0","0","416","0","0","416","0","0","416","0","1","416","0","0","416","0","0","416","0","0","416","0","0","416","0","0","416","0","0","416","0","0"
,"417","0","0","417","0","0","417","0","0","417","0","0","417","0","0","417","0","0","417","0","0","417","0","0","417","0","0","417","0","0","417","0","0","417","0","0","417","0","0","417","0","0","417","0","0","417","0","0","417","0","0","417","0","0","417","0","0","417","0.25","2","417","0","0","417","0","0","417","0","0","417","0","0","417","0","0","417","0","0","417","0","0","417","0","0","417","0","0","417","0","0","417","0","0","417","0","0","417","0","0","417","0","0","417","0.5","1","417","0","0","417","0","0","417","0","0","417","0","1","417","0","0","417","0","0","417","0","0","417","0","0","417","0","0","417","0","0","417","0","1","417","0","0","417","0.5","1","417","0","0","417","0","0","417","0","0","417","0","0","417","0","1","417","0","0","417","0","0","417","0","0","417","0","0","417","0","0","417","0","0","417","0","0"
,"418","0","0","418","0","0","418","0","0","418","0","0","418","0","0","418","0","0","418","0","0","418","0","0","418","0","0","418","0","0","418","0","0","418","0","0","418","0","0","418","0","0","418","0","0","418","0","0","418","0","0","418","0","0","418","0","0","418","0.25","2","418","0","0","418","0","0","418","0","0","418","0","0","418","0","0","418","0","0","418","0","0","418","0","0","418","0","0","418","0","0","418","0","0","418","0","0","418","0","0","418","0","0","418","0.5","1","418","0","0","418","0","0","418","0","0","418","0","1","418","0","0","418","0","0","418","0","0","418","0","0","418","0","0","418","0","0","418","0","1","418","0","0","418","0.5","1","418","0","0","418","0","0","418","0","0","418","0","0","418","0","1","418","0","0","418","0","0","418","0","0","418","0","0","418","0","0","418","0","0","418","0","0"
,"419","0","0","419","0","0","419","0","0","419","0","0","419","0","0","419","0","0","419","0","0","419","0","0","419","0","0","419","0","0","419","0","0","419","0","0","419","0","0","419","0","0","419","0","0","419","0","0","419","0","0","419","0","0","419","0","0","419","0.25","2","419","0","0","419","0","0","419","0","0","419","0","0","419","0","0","419","0","0","419","0","0","419","0","0","419","0","0","419","0","0","419","0","0","419","0","0","419","0","0","419","0","0","419","0.5","1","419","0","0","419","0","0","419","0","0","419","0","0","419","0","0","419","0","0","419","0","0","419","0","0","419","0","0","419","0","0","419","0","1","419","0","0","419","0.5","1","419","0","0","419","0","0","419","0","0","419","0","0","419","0","1","419","0","0","419","0","0","419","0","0","419","0","0","419","0","0","419","0","0","419","0","0"
,"420","0","0","420","0","0","420","0","0","420","0","0","420","0","0","420","0","0","420","0","0","420","0","0","420","0","0","420","0","0","420","0","0","420","0","0","420","0","0","420","0","0","420","0","0","420","0","0","420","0","0","420","0","0","420","0","0","420","0.25","2","420","0","0","420","0","0","420","0","0","420","0","0","420","0","0","420","0","0","420","0","0","420","0","0","420","0","0","420","0","0","420","0","0","420","0","0","420","0","0","420","0","0","420","0.5","1","420","0","0","420","0","0","420","0","0","420","0","0","420","0","0","420","0","0","420","0","0","420","0","0","420","0","0","420","0","0","420","0","1","420","0","0","420","0.5","1","420","0","0","420","0","0","420","0","0","420","0","0","420","0","1","420","0","0","420","0","0","420","0","0","420","0","0","420","0","0","420","0","0","420","0","0"
,"421","0","0","421","0","0","421","0","0","421","0","0","421","0","0","421","0","0","421","0","0","421","0","0","421","0","0","421","0","0","421","0","0","421","0","0","421","0","0","421","0","0","421","0","0","421","0","0","421","0","0","421","0","0","421","0","0","421","0.25","2","421","0","0","421","0","0","421","0","0","421","0","0","421","0","0","421","0","0","421","0","0","421","0","0","421","0","0","421","0","0","421","0","0","421","0","0","421","0","0","421","0","0","421","0.5","1","421","0","0","421","0","0","421","0","0","421","0","0","421","0","0","421","0","0","421","0","0","421","0","0","421","0","0","421","0","0","421","0","1","421","0","0","421","0.5","1","421","0","0","421","0","0","421","0","0","421","0","0","421","0","1","421","0","0","421","0","0","421","0","0","421","0","0","421","0","0","421","0","0","421","0","0"
,"422","0","0","422","0","0","422","0","0","422","0","0","422","0","0","422","0","0","422","0","0","422","0","0","422","0","0","422","0","0","422","0","0","422","0","0","422","0","0","422","0","0","422","0","0","422","0","0","422","0","0","422","0","0","422","0","0","422","0.25","2","422","0","0","422","0","0","422","0","0","422","0","0","422","0","0","422","0","0","422","0","0","422","0","0","422","0","0","422","0","0","422","0","0","422","0","0","422","0","0","422","0","0","422","0.5","1","422","0","0","422","0","0","422","0","0","422","0","0","422","0","0","422","0","0","422","0","0","422","0","0","422","0","0","422","0","0","422","0","1","422","0","0","422","0.5","1","422","0","0","422","0","0","422","0","0","422","0","0","422","0","1","422","0","0","422","0","0","422","0","0","422","0","0","422","0","0","422","0","0","422","0","0"
,"423","0","0","423","0","0","423","0","0","423","0","0","423","0","0","423","0","0","423","0","0","423","0","0","423","0","0","423","0","0","423","0","0","423","0","0","423","0","0","423","0","0","423","0","0","423","0","0","423","0","0","423","0","0","423","0","0","423","0.25","2","423","0","0","423","0","0","423","0","0","423","0","0","423","0","0","423","0","0","423","0","0","423","0","0","423","0","0","423","0","0","423","0","0","423","0","0","423","0","0","423","0","0","423","0.5","1","423","0","0","423","0","0","423","0","0","423","0","0","423","0","0","423","0","0","423","0","0","423","0","0","423","0","0","423","0","0","423","0","1","423","0","0","423","0.5","1","423","0","0","423","0","0","423","0","0","423","0","0","423","0","1","423","0","0","423","0","0","423","0","0","423","0","0","423","0","0","423","0","0","423","0","0"
,"424","0","0","424","0","0","424","0","0","424","0","0","424","0","0","424","0","0","424","0","0","424","0","0","424","0","0","424","0","0","424","0","0","424","0","0","424","0","0","424","0","0","424","0","0","424","0","0","424","0","0","424","0","0","424","0","0","424","0.25","2","424","0","0","424","0","0","424","0","0","424","0","0","424","0","0","424","0","0","424","0","0","424","0","0","424","0","0","424","0","0","424","0","0","424","0","0","424","0","0","424","0","0","424","0.5","1","424","0","0","424","0","0","424","0","0","424","0","0","424","0","0","424","0","0","424","0","0","424","0","0","424","0","0","424","0","0","424","0","1","424","0","0","424","0.5","1","424","0","0","424","0","0","424","0","0","424","0","0","424","0","1","424","0","0","424","0","0","424","0","0","424","0","0","424","0","0","424","0","0","424","0","0"
,"425","0","0","425","0","0","425","0","0","425","0","0","425","0","0","425","0","0","425","0","0","425","0","0","425","0","0","425","0","0","425","0","0","425","0","0","425","0","0","425","0","0","425","0","0","425","0","0","425","0","0","425","0","0","425","0","0","425","0.25","2","425","0","0","425","0","0","425","0","0","425","0","0","425","0","0","425","0","0","425","0","0","425","0","0","425","0","0","425","0","0","425","0","0","425","0","0","425","0","0","425","0","0","425","0.5","1","425","0","0","425","0","0","425","0","0","425","0","0","425","0","0","425","0","0","425","0","0","425","0","0","425","0","0","425","0","0","425","0","1","425","0","0","425","0.5","1","425","0","0","425","0","0","425","0","0","425","0","0","425","0","1","425","0","0","425","0","0","425","0","0","425","0","0","425","0","0","425","0","0","425","0","0"
,"426","0","0","426","0","0","426","0","0","426","0","0","426","0","0","426","0","0","426","0","0","426","0","0","426","0","0","426","0","0","426","0","0","426","0","0","426","0","0","426","0","0","426","0","0","426","0","0","426","0","0","426","0","0","426","0","0","426","0.25","2","426","0","0","426","0","0","426","0","0","426","0","0","426","0","0","426","0","0","426","0","0","426","0","0","426","0","0","426","0","0","426","0","0","426","0","0","426","0","0","426","0","0","426","0.5","1","426","0","0","426","0","0","426","0","0","426","0","0","426","0","0","426","0","0","426","0","0","426","0","0","426","0","0","426","0","0","426","0","1","426","0","0","426","0.5","1","426","0","0","426","0","0","426","0","0","426","0","0","426","0","1","426","0","0","426","0","0","426","0","0","426","0","0","426","0","0","426","0","0","426","0","0"
,"427","0","0","427","0","0","427","0","0","427","0","0","427","0","0","427","0","0","427","0","0","427","0","0","427","0","0","427","0","0","427","0","0","427","0","0","427","0","0","427","0","0","427","0","0","427","0","0","427","0","0","427","0","0","427","0","0","427","0.25","2","427","0","0","427","0","0","427","0","0","427","0","0","427","0","0","427","0","0","427","0","0","427","0","0","427","0","0","427","0","0","427","0","0","427","0","0","427","0","0","427","0","0","427","0.5","1","427","0","0","427","0","0","427","0","0","427","0","0","427","0","0","427","0","0","427","0","0","427","0","0","427","0","0","427","0","0","427","0","1","427","0","0","427","0.5","1","427","0","0","427","0","0","427","0","0","427","0","0","427","0","1","427","0","0","427","0","0","427","0","0","427","0","0","427","0","0","427","0","0","427","0","0"
,"428","0","0","428","0","0","428","0","0","428","0","0","428","0","0","428","0","0","428","0","0","428","0","0","428","0","0","428","0","0","428","0","0","428","0","0","428","0","0","428","0","0","428","0","0","428","0","0","428","0","0","428","0","0","428","0","0","428","0.25","2","428","0","0","428","0","0","428","0","0","428","0","0","428","0","0","428","0","0","428","0","0","428","0","0","428","0","0","428","0","0","428","0","0","428","0","0","428","0","0","428","0","0","428","0.5","1","428","0","0","428","0","0","428","0","0","428","0","0","428","0","0","428","0","0","428","0","0","428","0","0","428","0","0","428","0","0","428","0","1","428","0","0","428","0.5","1","428","0","0","428","0","0","428","0","0","428","0","0","428","0","1","428","0","0","428","0","0","428","0","0","428","0","0","428","0","0","428","0","0","428","0","0"
,"429","0","0","429","0","0","429","0","0","429","0","0","429","0","0","429","0","0","429","0","0","429","0","0","429","0","0","429","0","0","429","0","0","429","0","0","429","0","0","429","0","0","429","0","0","429","0","0","429","0","0","429","0","0","429","0","0","429","0.25","2","429","0","0","429","0","0","429","0","0","429","0","0","429","0","0","429","0","0","429","0","0","429","0","0","429","0","0","429","0","0","429","0","0","429","0","0","429","0","0","429","0","0","429","0.5","1","429","0","0","429","0","0","429","0","0","429","0","0","429","0","0","429","0","0","429","0","0","429","0","0","429","0","0","429","0","0","429","0","1","429","0","0","429","0.5","1","429","0","0","429","0","0","429","0","0","429","0","0","429","0","1","429","0","0","429","0","0","429","0","0","429","0","0","429","0","0","429","0","0","429","0","0"
,"430","0","0","430","0","0","430","0","0","430","0","0","430","0","0","430","0","0","430","0","0","430","0","0","430","0","0","430","0","0","430","0","0","430","0","0","430","0","0","430","0","0","430","0","0","430","0","0","430","0","0","430","0","0","430","0","0","430","0.25","2","430","0","0","430","0","0","430","0","0","430","0","0","430","0","0","430","0","0","430","0","0","430","0","0","430","0","0","430","0","0","430","0","0","430","0","0","430","0","0","430","0","0","430","0.5","1","430","0","0","430","0","0","430","0","0","430","0","0","430","0","0","430","0","0","430","0","0","430","0","0","430","0","0","430","0","0","430","0","1","430","0","0","430","0.5","1","430","0","0","430","0","0","430","0","0","430","0","0","430","0","1","430","0","0","430","0","0","430","0","0","430","0","0","430","0","0","430","0","0","430","0","0"
,"431","0","0","431","0","0","431","0","0","431","0","0","431","0","0","431","0","0","431","0","0","431","0","0","431","0","0","431","0","0","431","0","0","431","0","0","431","0","0","431","0","0","431","0","0","431","0","0","431","0","0","431","0","0","431","0","0","431","0","1","431","0","0","431","0","0","431","0","0","431","0","0","431","0","0","431","0","0","431","0","0","431","0","0","431","0","0","431","0","0","431","0","0","431","0","0","431","0","0","431","0","0","431","0.5","1","431","0","0","431","0","0","431","0","0","431","0","0","431","0","0","431","0","0","431","0","0","431","0","0","431","0","0","431","0","0","431","0","1","431","0","0","431","0.5","1","431","0","0","431","0","0","431","0","0","431","0","0","431","0","0","431","0","0","431","0","0","431","0","0","431","0","0","431","0","0","431","0","0","431","0","0"
,"432","0","0","432","0","0","432","0","0","432","0","0","432","0","0","432","0","0","432","0","0","432","0","0","432","0","0","432","0","0","432","0","0","432","0","0","432","0","0","432","0","0","432","0","0","432","0","0","432","0","0","432","0","0","432","0","0","432","0","1","432","0","0","432","0","0","432","0","0","432","0","0","432","0","0","432","0","0","432","0","0","432","0","0","432","0","0","432","0","0","432","0","0","432","0","0","432","0","0","432","0","0","432","0.5","1","432","0","0","432","0","0","432","0","0","432","0","0","432","0","0","432","0","0","432","0","0","432","0","0","432","0","0","432","0","0","432","0","1","432","0","0","432","0.5","1","432","0","0","432","0","0","432","0","0","432","0","0","432","0","0","432","0","0","432","0","0","432","0","0","432","0","0","432","0","0","432","0","0","432","0","0"
,"433","0","0","433","0","0","433","0","0","433","0","0","433","0","0","433","0","0","433","0","0","433","0","0","433","0","0","433","0","0","433","0","0","433","0","0","433","0","0","433","0","0","433","0","0","433","0","0","433","0","0","433","0","0","433","0","0","433","0","1","433","0","0","433","0","0","433","0","0","433","0","0","433","0","0","433","0","0","433","0","0","433","0","0","433","0","0","433","0","0","433","0","0","433","0","0","433","0","0","433","0","0","433","0","0","433","0","0","433","0","0","433","0","0","433","0","0","433","0","0","433","0","0","433","0","0","433","0","0","433","0","0","433","0","0","433","0","1","433","0","0","433","0.5","1","433","0","0","433","0","0","433","0","0","433","0","0","433","0","0","433","0","0","433","0","0","433","0","0","433","0","0","433","0","0","433","0","0","433","0","0"
,"434","0","0","434","0","0","434","0","0","434","0","0","434","0","0","434","0","0","434","0","0","434","0","0","434","0","0","434","0","0","434","0","0","434","0","0","434","0","0","434","0","0","434","0","0","434","0","0","434","0","0","434","0","0","434","0","0","434","0","1","434","0","0","434","0","0","434","0","0","434","0","0","434","0","0","434","0","0","434","0","0","434","0","0","434","0","0","434","0","0","434","0","0","434","0","0","434","0","0","434","0","0","434","0","0","434","0","0","434","0","0","434","0","0","434","0","0","434","0","0","434","0","0","434","0","0","434","0","0","434","0","0","434","0","0","434","0","1","434","0","0","434","0.5","1","434","0","0","434","0","0","434","0","0","434","0","0","434","0","0","434","0","0","434","0","0","434","0","0","434","0","0","434","0","0","434","0","0","434","0","0"
,"435","0","0","435","0","0","435","0","0","435","0","0","435","0","0","435","0","0","435","0","0","435","0","0","435","0","0","435","0","0","435","0","0","435","0","0","435","0","0","435","0","0","435","0","0","435","0","0","435","0","0","435","0","0","435","0","0","435","0","1","435","0","0","435","0","0","435","0","0","435","0","0","435","0","0","435","0","0","435","0","0","435","0","0","435","0","0","435","0","0","435","0","0","435","0","0","435","0","0","435","0","0","435","0","0","435","0","0","435","0","0","435","0","0","435","0","0","435","0","0","435","0","0","435","0","0","435","0","0","435","0","0","435","0","0","435","0","1","435","0","0","435","0.5","1","435","0","0","435","0","0","435","0","0","435","0","0","435","0","0","435","0","0","435","0","0","435","0","0","435","0","0","435","0","0","435","0","0","435","0","0"
,"436","0","0","436","0","0","436","0","0","436","0","0","436","0","0","436","0","0","436","0","0","436","0","0","436","0","0","436","0","0","436","0","0","436","0","0","436","0","0","436","0","0","436","0","0","436","0","0","436","0","0","436","0","0","436","0","0","436","0","1","436","0","0","436","0","0","436","0","0","436","0","0","436","0","0","436","0","0","436","0","0","436","0","0","436","0","0","436","0","0","436","0","0","436","0","0","436","0","0","436","0","0","436","0","0","436","0","0","436","0","0","436","0","0","436","0","0","436","0","0","436","0","0","436","0","0","436","0","0","436","0","0","436","0","0","436","0","1","436","0","0","436","0.5","1","436","0","0","436","0","0","436","0","0","436","0","0","436","0","0","436","0","0","436","0","0","436","0","0","436","0","0","436","0","0","436","0","0","436","0","0"
,"437","0","0","437","0","0","437","0","0","437","0","0","437","0","0","437","0","0","437","0","0","437","0","0","437","0","0","437","0","0","437","0","0","437","0","0","437","0","0","437","0","0","437","0","0","437","0","0","437","0","0","437","0","0","437","0","0","437","0","1","437","0","0","437","0","0","437","0","0","437","0","0","437","0","0","437","0","0","437","0","0","437","0","0","437","0","0","437","0","0","437","0","0","437","0","0","437","0","0","437","0","0","437","0","0","437","0","0","437","0","0","437","0","0","437","0","0","437","0","0","437","0","0","437","0","0","437","0","0","437","0","0","437","0","0","437","0","1","437","0","0","437","0.5","1","437","0","0","437","0","0","437","0","0","437","0","0","437","0","0","437","0","0","437","0","0","437","0","0","437","0","0","437","0","0","437","0","0","437","0","0"
,"438","0","0","438","0","0","438","0","0","438","0","0","438","0","0","438","0","0","438","0","0","438","0","0","438","0","0","438","0","0","438","0","0","438","0","0","438","0","0","438","0","0","438","0","0","438","0","0","438","0","0","438","0","0","438","0","0","438","0","0","438","0","0","438","0","0","438","0","0","438","0","0","438","0","0","438","0","0","438","0","0","438","0","0","438","0","0","438","0","0","438","0","0","438","0","0","438","0","0","438","0","0","438","0","0","438","0","0","438","0","0","438","0","0","438","0","0","438","0","0","438","0","0","438","0","0","438","0","0","438","0","0","438","0","0","438","0","1","438","0","0","438","0.5","1","438","0","0","438","0","0","438","0","0","438","0","0","438","0","0","438","0","0","438","0","0","438","0","0","438","0","0","438","0","0","438","0","0","438","0","0"
,"439","0","0","439","0","0","439","0","0","439","0","0","439","0","0","439","0","0","439","0","0","439","0","0","439","0","0","439","0","0","439","0","0","439","0","0","439","0","0","439","0","0","439","0","0","439","0","0","439","0","0","439","0","0","439","0","0","439","0","0","439","0","0","439","0","0","439","0","0","439","0","0","439","0","0","439","0","0","439","0","0","439","0","0","439","0","0","439","0","0","439","0","0","439","0","0","439","0","0","439","0","0","439","0","0","439","0","0","439","0","0","439","0","0","439","0","0","439","0","0","439","0","0","439","0","0","439","0","0","439","0","0","439","0","0","439","0","0","439","0","0","439","0.5","1","439","0","0","439","0","0","439","0","0","439","0","0","439","0","0","439","0","0","439","0","0","439","0","0","439","0","0","439","0","0","439","0","0","439","0","0"
,"440","0","0","440","0","0","440","0","0","440","0","0","440","0","0","440","0","0","440","0","0","440","0","0","440","0","0","440","0","0","440","0","0","440","0","0","440","0","0","440","0","0","440","0","0","440","0","0","440","0","0","440","0","0","440","0","0","440","0","0","440","0","0","440","0","0","440","0","0","440","0","0","440","0","0","440","0","0","440","0","0","440","0","0","440","0","0","440","0","0","440","0","0","440","0","0","440","0","0","440","0","0","440","0","0","440","0","0","440","0","0","440","0","0","440","0","0","440","0","0","440","0","0","440","0","0","440","0","0","440","0","0","440","0","0","440","0","0","440","0","0","440","0.5","1","440","0","0","440","0","0","440","0","0","440","0","0","440","0","0","440","0","0","440","0","0","440","0","0","440","0","0","440","0","0","440","0","0","440","0","0"
,"441","0","0","441","0","0","441","0","0","441","0","0","441","0","0","441","0","0","441","0","0","441","0","0","441","0","0","441","0","0","441","0","0","441","0","0","441","0","0","441","0","0","441","0","0","441","0","0","441","0","0","441","0","0","441","0","0","441","0","0","441","0","0","441","0","0","441","0","0","441","0","0","441","0","0","441","0","0","441","0","0","441","0","0","441","0","0","441","0","0","441","0","0","441","0","0","441","0","0","441","0","0","441","0","0","441","0","0","441","0","0","441","0","0","441","0","0","441","0","0","441","0","0","441","0","0","441","0","0","441","0","0","441","0","0","441","0","0","441","0","0","441","0.5","1","441","0","0","441","0","0","441","0","0","441","0","0","441","0","0","441","0","0","441","0","0","441","0","0","441","0","0","441","0","0","441","0","0","441","0","0"
,"442","0","0","442","0","0","442","0","0","442","0","0","442","0","0","442","0","0","442","0","0","442","0","0","442","0","0","442","0","0","442","0","0","442","0","0","442","0","0","442","0","0","442","0","0","442","0","0","442","0","0","442","0","0","442","0","0","442","0","0","442","0","0","442","0","0","442","0","0","442","0","0","442","0","0","442","0","0","442","0","0","442","0","0","442","0","0","442","0","0","442","0","0","442","0","0","442","0","0","442","0","0","442","0","0","442","0","0","442","0","0","442","0","0","442","0","0","442","0","0","442","0","0","442","0","0","442","0","0","442","0","0","442","0","0","442","0","0","442","0","0","442","0.5","1","442","0","0","442","0","0","442","0","0","442","0","0","442","0","0","442","0","0","442","0","0","442","0","0","442","0","0","442","0","0","442","0","0","442","0","0"
,"443","0","0","443","0","0","443","0","0","443","0","0","443","0","0","443","0","0","443","0","0","443","0","0","443","0","0","443","0","0","443","0","0","443","0","0","443","0","0","443","0","0","443","0","0","443","0","0","443","0","0","443","0","0","443","0","0","443","0","0","443","0","0","443","0","0","443","0","0","443","0","0","443","0","0","443","0","0","443","0","0","443","0","0","443","0","0","443","0","0","443","0","0","443","0","0","443","0","0","443","0","0","443","0","0","443","0","0","443","0","0","443","0","0","443","0","0","443","0","0","443","0","0","443","0","0","443","0","0","443","0","0","443","0","0","443","0","0","443","0","0","443","0.5","1","443","0","0","443","0","0","443","0","0","443","0","0","443","0","0","443","0","0","443","0","0","443","0","0","443","0","0","443","0","0","443","0","0","443","0","0"
,"444","0","0","444","0","0","444","0","0","444","0","0","444","0","0","444","0","0","444","0","0","444","0","0","444","0","0","444","0","0","444","0","0","444","0","0","444","0","0","444","0","0","444","0","0","444","0","0","444","0","0","444","0","0","444","0","0","444","0","0","444","0","0","444","0","0","444","0","0","444","0","0","444","0","0","444","0","0","444","0","0","444","0","0","444","0","0","444","0","0","444","0","0","444","0","0","444","0","0","444","0","0","444","0","0","444","0","0","444","0","0","444","0","0","444","0","0","444","0","0","444","0","0","444","0","0","444","0","0","444","0","0","444","0","0","444","0","0","444","0","0","444","0.5","1","444","0","0","444","0","0","444","0","0","444","0","0","444","0","0","444","0","0","444","0","0","444","0","0","444","0","0","444","0","0","444","0","0","444","0","0"
,"445","0","0","445","0","0","445","0","0","445","0","0","445","0","0","445","0","0","445","0","0","445","0","0","445","0","0","445","0","0","445","0","0","445","0","0","445","0","0","445","0","0","445","0","0","445","0","0","445","0","0","445","0","0","445","0","0","445","0","0","445","0","0","445","0","0","445","0","0","445","0","0","445","0","0","445","0","0","445","0","0","445","0","0","445","0","0","445","0","0","445","0","0","445","0","0","445","0","0","445","0","0","445","0","0","445","0","0","445","0","0","445","0","0","445","0","0","445","0","0","445","0","0","445","0","0","445","0","0","445","0","0","445","0","0","445","0","0","445","0","0","445","0.5","1","445","0","0","445","0","0","445","0","0","445","0","0","445","0","0","445","0","0","445","0","0","445","0","0","445","0","0","445","0","0","445","0","0","445","0","0"
,"446","0","0","446","0","0","446","0","0","446","0","0","446","0","0","446","0","0","446","0","0","446","0","0","446","0","0","446","0","0","446","0","0","446","0","0","446","0","0","446","0","0","446","0","0","446","0","0","446","0","0","446","0","0","446","0","0","446","0","0","446","0","0","446","0","0","446","0","0","446","0","0","446","0","0","446","0","0","446","0","0","446","0","0","446","0","0","446","0","0","446","0","0","446","0","0","446","0","0","446","0","0","446","0","0","446","0","0","446","0","0","446","0","0","446","0","0","446","0","0","446","0","0","446","0","0","446","0","0","446","0","0","446","0","0","446","0","0","446","0","0","446","0.5","1","446","0","0","446","0","0","446","0","0","446","0","0","446","0","0","446","0","0","446","0","0","446","0","0","446","0","0","446","0","0","446","0","0","446","0","0"
,"447","0","0","447","0","0","447","0","0","447","0","0","447","0","0","447","0","0","447","0","0","447","0","0","447","0","0","447","0","0","447","0","0","447","0","0","447","0","0","447","0","0","447","0","0","447","0","0","447","0","0","447","0","0","447","0","0","447","0","0","447","0","0","447","0","0","447","0","0","447","0","0","447","0","0","447","0","0","447","0","0","447","0","0","447","0","0","447","0","0","447","0","0","447","0","0","447","0","0","447","0","0","447","0","0","447","0","0","447","0","0","447","0","0","447","0","0","447","0","0","447","0","0","447","0","0","447","0","0","447","0","0","447","0","0","447","0","0","447","0","0","447","0.5","1","447","0","0","447","0","0","447","0","0","447","0","0","447","0","0","447","0","0","447","0","0","447","0","0","447","0","0","447","0","0","447","0","0","447","0","0"
,"448","0","0","448","0","0","448","0","0","448","0","0","448","0","0","448","0","0","448","0","0","448","0","0","448","0","0","448","0","0","448","0","0","448","0","0","448","0","0","448","0","0","448","0","0","448","0","0","448","0","0","448","0","0","448","0","0","448","0","0","448","0","0","448","0","0","448","0","0","448","0","0","448","0","0","448","0","0","448","0","0","448","0","0","448","0","0","448","0","0","448","0","0","448","0","0","448","0","0","448","0","0","448","0","0","448","0","0","448","0","0","448","0","0","448","0","0","448","0","0","448","0","0","448","0","0","448","0","0","448","0","0","448","0","0","448","0","0","448","0","0","448","0.5","1","448","0","0","448","0","0","448","0","0","448","0","0","448","0","0","448","0","0","448","0","0","448","0","0","448","0","0","448","0","0","448","0","0","448","0","0"
,"449","0","0","449","0","0","449","0","0","449","0","0","449","0","0","449","0","0","449","0","0","449","0","0","449","0","0","449","0","0","449","0","0","449","0","0","449","0","0","449","0","0","449","0","0","449","0","0","449","0","0","449","0","0","449","0","0","449","0","0","449","0","0","449","0","0","449","0","0","449","0","0","449","0","0","449","0","0","449","0","0","449","0","0","449","0","0","449","0","0","449","0","0","449","0","0","449","0","0","449","0","0","449","0","0","449","0","0","449","0","0","449","0","0","449","0","0","449","0","0","449","0","0","449","0","0","449","0","0","449","0","0","449","0","0","449","0","0","449","0","0","449","0.5","1","449","0","0","449","0","0","449","0","0","449","0","0","449","0","0","449","0","0","449","0","0","449","0","0","449","0","0","449","0","0","449","0","0","449","0","0"
,"450","0","0","450","0","0","450","0","0","450","0","0","450","0","0","450","0","0","450","0","0","450","0","0","450","0","0","450","0","0","450","0","0","450","0","0","450","0","0","450","0","0","450","0","0","450","0","0","450","0","0","450","0","0","450","0","0","450","0","0","450","0","0","450","0","0","450","0","0","450","0","0","450","0","0","450","0","0","450","0","0","450","0","0","450","0","0","450","0","0","450","0","0","450","0","0","450","0","0","450","0","0","450","0","0","450","0","0","450","0","0","450","0","0","450","0","0","450","0","0","450","0","0","450","0","0","450","0","0","450","0","0","450","0","0","450","0","0","450","0","0","450","0.5","1","450","0","0","450","0","0","450","0","0","450","0","0","450","0","0","450","0","0","450","0","0","450","0","0","450","0","0","450","0","0","450","0","0","450","0","0"
,"451","0","0","451","0","0","451","0","0","451","0","0","451","0","0","451","0","0","451","0","0","451","0","0","451","0","0","451","0","0","451","0","0","451","0","0","451","0","0","451","0","0","451","0","0","451","0","0","451","0","0","451","0","0","451","0","0","451","0","0","451","0","0","451","0","0","451","0","0","451","0","0","451","0","0","451","0","0","451","0","0","451","0","0","451","0","0","451","0","0","451","0","0","451","0","0","451","0","0","451","0","0","451","0","0","451","0","0","451","0","0","451","0","0","451","0","0","451","0","0","451","0","0","451","0","0","451","0","0","451","0","0","451","0","0","451","0","0","451","0","0","451","0.5","1","451","0","0","451","0","0","451","0","0","451","0","0","451","0","0","451","0","0","451","0","0","451","0","0","451","0","0","451","0","0","451","0","0","451","0","0"
,"452","0","0","452","0","0","452","0","0","452","0","0","452","0","0","452","0","0","452","0","0","452","0","0","452","0","0","452","0","0","452","0","0","452","0","0","452","0","0","452","0","0","452","0","0","452","0","0","452","0","0","452","0","0","452","0","0","452","0","0","452","0","0","452","0","0","452","0","0","452","0","0","452","0","0","452","0","0","452","0","0","452","0","0","452","0","0","452","0","0","452","0","0","452","0","0","452","0","0","452","0","0","452","0","0","452","0","0","452","0","0","452","0","0","452","0","0","452","0","0","452","0","0","452","0","0","452","0","0","452","0","0","452","0","0","452","0","0","452","0","0","452","0.5","1","452","0","0","452","0","0","452","0","0","452","0","0","452","0","0","452","0","0","452","0","0","452","0","0","452","0","0","452","0","0","452","0","0","452","0","0"
,"453","0","0","453","0","0","453","0","0","453","0","0","453","0","0","453","0","0","453","0","0","453","0","0","453","0","0","453","0","0","453","0","0","453","0","0","453","0","0","453","0","0","453","0","0","453","0","0","453","0","0","453","0","0","453","0","0","453","0","0","453","0","0","453","0","0","453","0","0","453","0","0","453","0","0","453","0","0","453","0","0","453","0","0","453","0","0","453","0","0","453","0","0","453","0","0","453","0","0","453","0","0","453","0","0","453","0","0","453","0","0","453","0","0","453","0","0","453","0","0","453","0","0","453","0","0","453","0","0","453","0","0","453","0","0","453","0","0","453","0","0","453","0.5","1","453","0","0","453","0","0","453","0","0","453","0","0","453","0","0","453","0","0","453","0","0","453","0","0","453","0","0","453","0","0","453","0","0","453","0","0"
,"454","0","0","454","0","0","454","0","0","454","0","0","454","0","0","454","0","0","454","0","0","454","0","0","454","0","0","454","0","0","454","0","0","454","0","0","454","0","0","454","0","0","454","0","0","454","0","0","454","0","0","454","0","0","454","0","0","454","0","0","454","0","0","454","0","0","454","0","0","454","0","0","454","0","0","454","0","0","454","0","0","454","0","0","454","0","0","454","0","0","454","0","0","454","0","0","454","0","0","454","0","0","454","0","0","454","0","0","454","0","0","454","0","0","454","0","0","454","0","0","454","0","0","454","0","0","454","0","0","454","0","0","454","0","0","454","0","0","454","0","0","454","0.5","1","454","0","0","454","0","0","454","0","0","454","0","0","454","0","0","454","0","0","454","0","0","454","0","0","454","0","0","454","0","0","454","0","0","454","0","0"
,"455","0","0","455","0","0","455","0","0","455","0","0","455","0","0","455","0","0","455","0","0","455","0","0","455","0","0","455","0","0","455","0","0","455","0","0","455","0","0","455","0","0","455","0","0","455","0","0","455","0","0","455","0","0","455","0","0","455","0","0","455","0","0","455","0","0","455","0","0","455","0","0","455","0","0","455","0","0","455","0","0","455","0","0","455","0","0","455","0","0","455","0","0","455","0","0","455","0","0","455","0","0","455","0","0","455","0","0","455","0","0","455","0","0","455","0","0","455","0","0","455","0","0","455","0","0","455","0","0","455","0","0","455","0","0","455","0","0","455","0","0","455","0.5","1","455","0","0","455","0","0","455","0","0","455","0","0","455","0","0","455","0","0","455","0","0","455","0","0","455","0","0","455","0","0","455","0","0","455","0","0"
,"456","0","0","456","0","0","456","0","0","456","0","0","456","0","0","456","0","0","456","0","0","456","0","0","456","0","0","456","0","0","456","0","0","456","0","0","456","0","0","456","0","0","456","0","0","456","0","0","456","0","0","456","0","0","456","0","0","456","0","0","456","0","0","456","0","0","456","0","0","456","0","0","456","0","0","456","0","0","456","0","0","456","0","0","456","0","0","456","0","0","456","0","0","456","0","0","456","0","0","456","0","0","456","0","0","456","0","0","456","0","0","456","0","0","456","0","0","456","0","0","456","0","0","456","0","0","456","0","0","456","0","0","456","0","0","456","0","0","456","0","0","456","0.5","1","456","0","0","456","0","0","456","0","0","456","0","0","456","0","0","456","0","0","456","0","0","456","0","0","456","0","0","456","0","0","456","0","0","456","0","0"
,"457","0","0","457","0","0","457","0","0","457","0","0","457","0","0","457","0","0","457","0","0","457","0","0","457","0","0","457","0","0","457","0","0","457","0","0","457","0","0","457","0","0","457","0","0","457","0","0","457","0","0","457","0","0","457","0","0","457","0","0","457","0","0","457","0","0","457","0","0","457","0","0","457","0","0","457","0","0","457","0","0","457","0","0","457","0","0","457","0","0","457","0","0","457","0","0","457","0","0","457","0","0","457","0","0","457","0","0","457","0","0","457","0","0","457","0","0","457","0","0","457","0","0","457","0","0","457","0","0","457","0","0","457","0","0","457","0","0","457","0","0","457","0.5","1","457","0","0","457","0","0","457","0","0","457","0","0","457","0","0","457","0","0","457","0","0","457","0","0","457","0","0","457","0","0","457","0","0","457","0","0"
,"458","0","0","458","0","0","458","0","0","458","0","0","458","0","0","458","0","0","458","0","0","458","0","0","458","0","0","458","0","0","458","0","0","458","0","0","458","0","0","458","0","0","458","0","0","458","0","0","458","0","0","458","0","0","458","0","0","458","0","0","458","0","0","458","0","0","458","0","0","458","0","0","458","0","0","458","0","0","458","0","0","458","0","0","458","0","0","458","0","0","458","0","0","458","0","0","458","0","0","458","0","0","458","0","0","458","0","0","458","0","0","458","0","0","458","0","0","458","0","0","458","0","0","458","0","0","458","0","0","458","0","0","458","0","0","458","0","0","458","0","0","458","0.5","1","458","0","0","458","0","0","458","0","0","458","0","0","458","0","0","458","0","0","458","0","0","458","0","0","458","0","0","458","0","0","458","0","0","458","0","0"
,"459","0","0","459","0","0","459","0","0","459","0","0","459","0","0","459","0","0","459","0","0","459","0","0","459","0","0","459","0","0","459","0","0","459","0","0","459","0","0","459","0","0","459","0","0","459","0","0","459","0","0","459","0","0","459","0","0","459","0","0","459","0","0","459","0","0","459","0","0","459","0","0","459","0","0","459","0","0","459","0","0","459","0","0","459","0","0","459","0","0","459","0","0","459","0","0","459","0","0","459","0","0","459","0","0","459","0","0","459","0","0","459","0","0","459","0","0","459","0","0","459","0","0","459","0","0","459","0","0","459","0","0","459","0","0","459","0","0","459","0","0","459","0.5","1","459","0","0","459","0","0","459","0","0","459","0","0","459","0","0","459","0","0","459","0","0","459","0","0","459","0","0","459","0","0","459","0","0","459","0","0"
,"460","0","0","460","0","0","460","0","0","460","0","0","460","0","0","460","0","0","460","0","0","460","0","0","460","0","0","460","0","0","460","0","0","460","0","0","460","0","0","460","0","0","460","0","0","460","0","0","460","0","0","460","0","0","460","0","0","460","0","0","460","0","0","460","0","0","460","0","0","460","0","0","460","0","0","460","0","0","460","0","0","460","0","0","460","0","0","460","0","0","460","0","0","460","0","0","460","0","0","460","0","0","460","0","0","460","0","0","460","0","0","460","0","0","460","0","0","460","0","0","460","0","0","460","0","0","460","0","0","460","0","0","460","0","0","460","0","0","460","0","0","460","0.5","1","460","0","0","460","0","0","460","0","0","460","0","0","460","0","0","460","0","0","460","0","0","460","0","0","460","0","0","460","0","0","460","0","0","460","0","0"
,"461","0","0","461","0","0","461","0","0","461","0","0","461","0","0","461","0","0","461","0","0","461","0","0","461","0","0","461","0","0","461","0","0","461","0","0","461","0","0","461","0","0","461","0","0","461","0","0","461","0","0","461","0","0","461","0","0","461","0","0","461","0","0","461","0","0","461","0","0","461","0","0","461","0","0","461","0","0","461","0","0","461","0","0","461","0","0","461","0","0","461","0","0","461","0","0","461","0","0","461","0","0","461","0","0","461","0","0","461","0","0","461","0","0","461","0","0","461","0","0","461","0","0","461","0","0","461","0","0","461","0","0","461","0","0","461","0","0","461","0","0","461","0.5","1","461","0","0","461","0","0","461","0","0","461","0","0","461","0","0","461","0","0","461","0","0","461","0","0","461","0","0","461","0","0","461","0","0","461","0","0"
,"462","0","0","462","0","0","462","0","0","462","0","0","462","0","0","462","0","0","462","0","0","462","0","0","462","0","0","462","0","0","462","0","0","462","0","0","462","0","0","462","0","0","462","0","0","462","0","0","462","0","0","462","0","0","462","0","0","462","0","0","462","0","0","462","0","0","462","0","0","462","0","0","462","0","0","462","0","0","462","0","0","462","0","0","462","0","0","462","0","0","462","0","0","462","0","0","462","0","0","462","0","0","462","0","0","462","0","0","462","0","0","462","0","0","462","0","0","462","0","0","462","0","0","462","0","0","462","0","0","462","0","0","462","0","0","462","0","0","462","0","0","462","0.5","1","462","0","0","462","0","0","462","0","0","462","0","0","462","0","0","462","0","0","462","0","0","462","0","0","462","0","0","462","0","0","462","0","0","462","0","0"
,"463","0","0","463","0","0","463","0","0","463","0","0","463","0","0","463","0","0","463","0","0","463","0","0","463","0","0","463","0","0","463","0","0","463","0","0","463","0","0","463","0","0","463","0","0","463","0","0","463","0","0","463","0","0","463","0","0","463","0","0","463","0","0","463","0","0","463","0","0","463","0","0","463","0","0","463","0","0","463","0","0","463","0","0","463","0","0","463","0","0","463","0","0","463","0","0","463","0","0","463","0","0","463","0","0","463","0","0","463","0","0","463","0","0","463","0","0","463","0","0","463","0","0","463","0","0","463","0","0","463","0","0","463","0","0","463","0","0","463","0","0","463","0.5","1","463","0","0","463","0","0","463","0","0","463","0","0","463","0","0","463","0","0","463","0","0","463","0","0","463","0","0","463","0","0","463","0","0","463","0","0"
,"464","0","0","464","0","0","464","0","0","464","0","0","464","0","0","464","0","0","464","0","0","464","0","0","464","0","0","464","0","0","464","0","0","464","0","0","464","0","0","464","0","0","464","0","0","464","0","0","464","0","0","464","0","0","464","0","0","464","0","0","464","0","0","464","0","0","464","0","0","464","0","0","464","0","0","464","0","0","464","0","0","464","0","0","464","0","0","464","0","0","464","0","0","464","0","0","464","0","0","464","0","0","464","0","0","464","0","0","464","0","0","464","0","0","464","0","0","464","0","0","464","0","0","464","0","0","464","0","0","464","0","0","464","0","0","464","0","0","464","0","0","464","0.5","1","464","0","0","464","0","0","464","0","0","464","0","0","464","0","0","464","0","0","464","0","0","464","0","0","464","0","0","464","0","0","464","0","0","464","0","0"
,"465","0","0","465","0","0","465","0","0","465","0","0","465","0","0","465","0","0","465","0","0","465","0","0","465","0","0","465","0","0","465","0","0","465","0","0","465","0","0","465","0","0","465","0","0","465","0","0","465","0","0","465","0","0","465","0","0","465","0","0","465","0","0","465","0","0","465","0","0","465","0","0","465","0","0","465","0","0","465","0","0","465","0","0","465","0","0","465","0","0","465","0","0","465","0","0","465","0","0","465","0","0","465","0","0","465","0","0","465","0","0","465","0","0","465","0","0","465","0","0","465","0","0","465","0","0","465","0","0","465","0","0","465","0","0","465","0","0","465","0","0","465","0.5","1","465","0","0","465","0","0","465","0","0","465","0","0","465","0","0","465","0","0","465","0","0","465","0","0","465","0","0","465","0","0","465","0","0","465","0","0"
,"466","0","0","466","0","0","466","0","0","466","0","0","466","0","0","466","0","0","466","0","0","466","0","0","466","0","0","466","0","0","466","0","0","466","0","0","466","0","0","466","0","0","466","0","0","466","0","0","466","0","0","466","0","0","466","0","0","466","0","0","466","0","0","466","0","0","466","0","0","466","0","0","466","0","0","466","0","0","466","0","0","466","0","0","466","0","0","466","0","0","466","0","0","466","0","0","466","0","0","466","0","0","466","0","0","466","0","0","466","0","0","466","0","0","466","0","0","466","0","0","466","0","0","466","0","0","466","0","0","466","0","0","466","0","0","466","0","0","466","0","0","466","0.5","1","466","0","0","466","0","0","466","0","0","466","0","0","466","0","0","466","0","0","466","0","0","466","0","0","466","0","0","466","0","0","466","0","0","466","0","0"
,"467","0","0","467","0","0","467","0","0","467","0","0","467","0","0","467","0","0","467","0","0","467","0","0","467","0","0","467","0","0","467","0","0","467","0","0","467","0","0","467","0","0","467","0","0","467","0","0","467","0","0","467","0","0","467","0","0","467","0","0","467","0","0","467","0","0","467","0","0","467","0","0","467","0","0","467","0","0","467","0","0","467","0","0","467","0","0","467","0","0","467","0","0","467","0","0","467","0","0","467","0","0","467","0","0","467","0","0","467","0","0","467","0","0","467","0","0","467","0","0","467","0","0","467","0","0","467","0","0","467","0","0","467","0","0","467","0","0","467","0","0","467","0.5","1","467","0","0","467","0","0","467","0","0","467","0","0","467","0","0","467","0","0","467","0","0","467","0","0","467","0","0","467","0","0","467","0","0","467","0","0"
,"468","0","0","468","0","0","468","0","0","468","0","0","468","0","0","468","0","0","468","0","0","468","0","0","468","0","0","468","0","0","468","0","0","468","0","0","468","0","0","468","0","0","468","0","0","468","0","0","468","0","0","468","0","0","468","0","0","468","0","0","468","0","0","468","0","0","468","0","0","468","0","0","468","0","0","468","0","0","468","0","0","468","0","0","468","0","0","468","0","0","468","0","0","468","0","0","468","0","0","468","0","0","468","0","0","468","0","0","468","0","0","468","0","0","468","0","0","468","0","0","468","0","0","468","0","0","468","0","0","468","0","0","468","0","0","468","0","0","468","0","0","468","0.5","1","468","0","0","468","0","0","468","0","0","468","0","0","468","0","0","468","0","0","468","0","0","468","0","0","468","0","0","468","0","0","468","0","0","468","0","0"
,"469","0","0","469","0","0","469","0","0","469","0","0","469","0","0","469","0","0","469","0","0","469","0","0","469","0","0","469","0","0","469","0","0","469","0","0","469","0","0","469","0","0","469","0","0","469","0","0","469","0","0","469","0","0","469","0","0","469","0","0","469","0","0","469","0","0","469","0","0","469","0","0","469","0","0","469","0","0","469","0","0","469","0","0","469","0","0","469","0","0","469","0","0","469","0","0","469","0","0","469","0","0","469","0","0","469","0","0","469","0","0","469","0","0","469","0","0","469","0","0","469","0","0","469","0","0","469","0","0","469","0","0","469","0","0","469","0","0","469","0","0","469","0.5","1","469","0","0","469","0","0","469","0","0","469","0","0","469","0","0","469","0","0","469","0","0","469","0","0","469","0","0","469","0","0","469","0","0","469","0","0"
,"470","0","0","470","0","0","470","0","0","470","0","0","470","0","0","470","0","0","470","0","0","470","0","0","470","0","0","470","0","0","470","0","0","470","0","0","470","0","0","470","0","0","470","0","0","470","0","0","470","0","0","470","0","0","470","0","0","470","0","0","470","0","0","470","0","0","470","0","0","470","0","0","470","0","0","470","0","0","470","0","0","470","0","0","470","0","0","470","0","0","470","0","0","470","0","0","470","0","0","470","0","0","470","0","0","470","0","0","470","0","0","470","0","0","470","0","0","470","0","0","470","0","0","470","0","0","470","0","0","470","0","0","470","0","0","470","0","0","470","0","0","470","0.5","1","470","0","0","470","0","0","470","0","0","470","0","0","470","0","0","470","0","0","470","0","0","470","0","0","470","0","0","470","0","0","470","0","0","470","0","0"
,"471","0","0","471","0","0","471","0","0","471","0","0","471","0","0","471","0","0","471","0","0","471","0","0","471","0","0","471","0","0","471","0","0","471","0","0","471","0","0","471","0","0","471","0","0","471","0","0","471","0","0","471","0","0","471","0","0","471","0","0","471","0","0","471","0","0","471","0","0","471","0","0","471","0","0","471","0","0","471","0","0","471","0","0","471","0","0","471","0","0","471","0","0","471","0","0","471","0","0","471","0","0","471","0","0","471","0","0","471","0","0","471","0","0","471","0","0","471","0","0","471","0","0","471","0","0","471","0","0","471","0","0","471","0","0","471","0","0","471","0","0","471","0.5","1","471","0","0","471","0","0","471","0","0","471","0","0","471","0","0","471","0","0","471","0","0","471","0","0","471","0","0","471","0","0","471","0","0","471","0","0"
,"472","0","0","472","0","0","472","0","0","472","0","0","472","0","0","472","0","0","472","0","0","472","0","0","472","0","0","472","0","0","472","0","0","472","0","0","472","0","0","472","0","0","472","0","0","472","0","0","472","0","0","472","0","0","472","0","0","472","0","0","472","0","0","472","0","0","472","0","0","472","0","0","472","0","0","472","0","0","472","0","0","472","0","0","472","0","0","472","0","0","472","0","0","472","0","0","472","0","0","472","0","0","472","0","0","472","0","0","472","0","0","472","0","0","472","0","0","472","0","0","472","0","0","472","0","0","472","0","0","472","0","0","472","0","0","472","0","0","472","0","0","472","0.5","1","472","0","0","472","0","0","472","0","0","472","0","0","472","0","0","472","0","0","472","0","0","472","0","0","472","0","0","472","0","0","472","0","0","472","0","0"
,"473","0","0","473","0","0","473","0","0","473","0","0","473","0","0","473","0","0","473","0","0","473","0","0","473","0","0","473","0","0","473","0","0","473","0","0","473","0","0","473","0","0","473","0","0","473","0","0","473","0","0","473","0","0","473","0","0","473","0","0","473","0","0","473","0","0","473","0","0","473","0","0","473","0","0","473","0","0","473","0","0","473","0","0","473","0","0","473","0","0","473","0","0","473","0","0","473","0","0","473","0","0","473","0","0","473","0","0","473","0","0","473","0","0","473","0","0","473","0","0","473","0","0","473","0","0","473","0","0","473","0","0","473","0","0","473","0","0","473","0","0","473","0.5","1","473","0","0","473","0","0","473","0","0","473","0","0","473","0","0","473","0","0","473","0","0","473","0","0","473","0","0","473","0","0","473","0","0","473","0","0"
,"474","0","0","474","0","0","474","0","0","474","0","0","474","0","0","474","0","0","474","0","0","474","0","0","474","0","0","474","0","0","474","0","0","474","0","0","474","0","0","474","0","0","474","0","0","474","0","0","474","0","0","474","0","0","474","0","0","474","0","0","474","0","0","474","0","0","474","0","0","474","0","0","474","0","0","474","0","0","474","0","0","474","0","0","474","0","0","474","0","0","474","0","0","474","0","0","474","0","0","474","0","0","474","0","0","474","0","0","474","0","0","474","0","0","474","0","0","474","0","0","474","0","0","474","0","0","474","0","0","474","0","0","474","0","0","474","0","0","474","0","0","474","0.5","1","474","0","0","474","0","0","474","0","0","474","0","0","474","0","0","474","0","0","474","0","0","474","0","0","474","0","0","474","0","0","474","0","0","474","0","0"
,"475","0","0","475","0","0","475","0","0","475","0","0","475","0","0","475","0","0","475","0","0","475","0","0","475","0","0","475","0","0","475","0","0","475","0","0","475","0","0","475","0","0","475","0","0","475","0","0","475","0","0","475","0","0","475","0","0","475","0","0","475","0","0","475","0","0","475","0","0","475","0","0","475","0","0","475","0","0","475","0","0","475","0","0","475","0","0","475","0","0","475","0","0","475","0","0","475","0","0","475","0","0","475","0","0","475","0","0","475","0","0","475","0","0","475","0","0","475","0","0","475","0","0","475","0","0","475","0","0","475","0","0","475","0","0","475","0","0","475","0","0","475","0.5","1","475","0","0","475","0","0","475","0","0","475","0","0","475","0","0","475","0","0","475","0","0","475","0","0","475","0","0","475","0","0","475","0","0","475","0","0"
,"476","0","0","476","0","0","476","0","0","476","0","0","476","0","0","476","0","0","476","0","0","476","0","0","476","0","0","476","0","0","476","0","0","476","0","0","476","0","0","476","0","0","476","0","0","476","0","0","476","0","0","476","0","0","476","0","0","476","0","0","476","0","0","476","0","0","476","0","0","476","0","0","476","0","0","476","0","0","476","0","0","476","0","0","476","0","0","476","0","0","476","0","0","476","0","0","476","0","0","476","0","0","476","0","0","476","0","0","476","0","0","476","0","0","476","0","0","476","0","0","476","0","0","476","0","0","476","0","0","476","0","0","476","0","0","476","0","0","476","0","0","476","0.5","1","476","0","0","476","0","0","476","0","0","476","0","0","476","0","0","476","0","0","476","0","0","476","0","0","476","0","0","476","0","0","476","0","0","476","0","0"
,"477","0","0","477","0","0","477","0","0","477","0","0","477","0","0","477","0","0","477","0","0","477","0","0","477","0","0","477","0","0","477","0","0","477","0","0","477","0","0","477","0","0","477","0","0","477","0","0","477","0","0","477","0","0","477","0","0","477","0","0","477","0","0","477","0","0","477","0","0","477","0","0","477","0","0","477","0","0","477","0","0","477","0","0","477","0","0","477","0","0","477","0","0","477","0","0","477","0","0","477","0","0","477","0","0","477","0","0","477","0","0","477","0","0","477","0","0","477","0","0","477","0","0","477","0","0","477","0","0","477","0","0","477","0","0","477","0","0","477","0","0","477","0.5","1","477","0","0","477","0","0","477","0","0","477","0","0","477","0","0","477","0","0","477","0","0","477","0","0","477","0","0","477","0","0","477","0","0","477","0","0"
,"478","0","0","478","0","0","478","0","0","478","0","0","478","0","0","478","0","0","478","0","0","478","0","0","478","0","0","478","0","0","478","0","0","478","0","0","478","0","0","478","0","0","478","0","0","478","0","0","478","0","0","478","0","0","478","0","0","478","0","0","478","0","0","478","0","0","478","0","0","478","0","0","478","0","0","478","0","0","478","0","0","478","0","0","478","0","0","478","0","0","478","0","0","478","0","0","478","0","0","478","0","0","478","0","0","478","0","0","478","0","0","478","0","0","478","0","0","478","0","0","478","0","0","478","0","0","478","0","0","478","0","0","478","0","0","478","0","0","478","0","0","478","0","0","478","0","0","478","0","0","478","0","0","478","0","0","478","0","0","478","0","0","478","0","0","478","0","0","478","0","0","478","0","0","478","0","0","478","0","0"
,"479","0","0","479","0","0","479","0","0","479","0","0","479","0","0","479","0","0","479","0","0","479","0","0","479","0","0","479","0","0","479","0","0","479","0","0","479","0","0","479","0","0","479","0","0","479","0","0","479","0","0","479","0","0","479","0","0","479","0","0","479","0","0","479","0","0","479","0","0","479","0","0","479","0","0","479","0","0","479","0","0","479","0","0","479","0","0","479","0","0","479","0","0","479","0","0","479","0","0","479","0","0","479","0","0","479","0","0","479","0","0","479","0","0","479","0","0","479","0","0","479","0","0","479","0","0","479","0","0","479","0","0","479","0","0","479","0","0","479","0","0","479","0","0","479","0","0","479","0","0","479","0","0","479","0","0","479","0","0","479","0","0","479","0","0","479","0","0","479","0","0","479","0","0","479","0","0","479","0","0"
,"480","0","0","480","0","0","480","0","0","480","0","0","480","0","0","480","0","0","480","0","0","480","0","0","480","0","0","480","0","0","480","0","0","480","0","0","480","0","0","480","0","0","480","0","0","480","0","0","480","0","0","480","0","0","480","0","0","480","0","0","480","0","0","480","0","0","480","0","0","480","0","0","480","0","0","480","0","0","480","0","0","480","0","0","480","0","0","480","0","0","480","0","0","480","0","0","480","0","0","480","0","0","480","0","0","480","0","0","480","0","0","480","0","0","480","0","0","480","0","0","480","0","0","480","0","0","480","0","0","480","0","0","480","0","0","480","0","0","480","0","0","480","0","0","480","0","0","480","0","0","480","0","0","480","0","0","480","0","0","480","0","0","480","0","0","480","0","0","480","0","0","480","0","0","480","0","0","480","0","0"
,"481","0","0","481","0","0","481","0","0","481","0","0","481","0","0","481","0","0","481","0","0","481","0","0","481","0","0","481","0","0","481","0","0","481","0","0","481","0","0","481","0","0","481","0","0","481","0","0","481","0","0","481","0","0","481","0","0","481","0","0","481","0","0","481","0","0","481","0","0","481","0","0","481","0","0","481","0","0","481","0","0","481","0","0","481","0","0","481","0","0","481","0","0","481","0","0","481","0","0","481","0","0","481","0","0","481","0","0","481","0","0","481","0","0","481","0","0","481","0","0","481","0","0","481","0","0","481","0","0","481","0","0","481","0","0","481","0","0","481","0","0","481","0","0","481","0","0","481","0","0","481","0","0","481","0","0","481","0","0","481","0","0","481","0","0","481","0","0","481","0","0","481","0","0","481","0","0","481","0","0"
,"482","0","0","482","0","0","482","0","0","482","0","0","482","0","0","482","0","0","482","0","0","482","0","0","482","0","0","482","0","0","482","0","0","482","0","0","482","0","0","482","0","0","482","0","0","482","0","0","482","0","0","482","0","0","482","0","0","482","0","0","482","0","0","482","0","0","482","0","0","482","0","0","482","0","0","482","0","0","482","0","0","482","0","0","482","0","0","482","0","0","482","0","0","482","0","0","482","0","0","482","0","0","482","0","0","482","0","0","482","0","0","482","0","0","482","0","0","482","0","0","482","0","0","482","0","0","482","0","0","482","0","0","482","0","0","482","0","0","482","0","0","482","0","0","482","0","0","482","0","0","482","0","0","482","0","0","482","0","0","482","0","0","482","0","0","482","0","0","482","0","0","482","0","0","482","0","0","482","0","0"
,"483","0","0","483","0","0","483","0","0","483","0","0","483","0","0","483","0","0","483","0","0","483","0","0","483","0","0","483","0","0","483","0","0","483","0","0","483","0","0","483","0","0","483","0","0","483","0","0","483","0","0","483","0","0","483","0","0","483","0","0","483","0","0","483","0","0","483","0","0","483","0","0","483","0","0","483","0","0","483","0","0","483","0","0","483","0","0","483","0","0","483","0","0","483","0","0","483","0","0","483","0","0","483","0","0","483","0","0","483","0","0","483","0","0","483","0","0","483","0","0","483","0","0","483","0","0","483","0","0","483","0","0","483","0","0","483","0","0","483","0","0","483","0","0","483","0","0","483","0","0","483","0","0","483","0","0","483","0","0","483","0","0","483","0","0","483","0","0","483","0","0","483","0","0","483","0","0","483","0","0"
,"484","0","0","484","0","0","484","0","0","484","0","0","484","0","0","484","0","0","484","0","0","484","0","0","484","0","0","484","0","0","484","0","0","484","0","0","484","0","0","484","0","0","484","0","0","484","0","0","484","0","0","484","0","0","484","0","0","484","0","0","484","0","0","484","0","0","484","0","0","484","0","0","484","0","0","484","0","0","484","0","0","484","0","0","484","0","0","484","0","0","484","0","0","484","0","0","484","0","0","484","0","0","484","0","0","484","0","0","484","0","0","484","0","0","484","0","0","484","0","0","484","0","0","484","0","0","484","0","0","484","0","0","484","0","0","484","0","0","484","0","0","484","0","0","484","0","0","484","0","0","484","0","0","484","0","0","484","0","0","484","0","0","484","0","0","484","0","0","484","0","0","484","0","0","484","0","0","484","0","0"
,"485","0","0","485","0","0","485","0","0","485","0","0","485","0","0","485","0","0","485","0","0","485","0","0","485","0","0","485","0","0","485","0","0","485","0","0","485","0","0","485","0","0","485","0","0","485","0","0","485","0","0","485","0","0","485","0","0","485","0","0","485","0","0","485","0","0","485","0","0","485","0","0","485","0","0","485","0","0","485","0","0","485","0","0","485","0","0","485","0","0","485","0","0","485","0","0","485","0","0","485","0","0","485","0","0","485","0","0","485","0","0","485","0","0","485","0","0","485","0","0","485","0","0","485","0","0","485","0","0","485","0","0","485","0","0","485","0","0","485","0","0","485","0","0","485","0","0","485","0","0","485","0","0","485","0","0","485","0","0","485","0","0","485","0","0","485","0","0","485","0","0","485","0","0","485","0","0","485","0","0"
,"486","0","0","486","0","0","486","0","0","486","0","0","486","0","0","486","0","0","486","0","0","486","0","0","486","0","0","486","0","0","486","0","0","486","0","0","486","0","0","486","0","0","486","0","0","486","0","0","486","0","0","486","0","0","486","0","0","486","0","0","486","0","0","486","0","0","486","0","0","486","0","0","486","0","0","486","0","0","486","0","0","486","0","0","486","0","0","486","0","0","486","0","0","486","0","0","486","0","0","486","0","0","486","0","0","486","0","0","486","0","0","486","0","0","486","0","0","486","0","0","486","0","0","486","0","0","486","0","0","486","0","0","486","0","0","486","0","0","486","0","0","486","0","0","486","0","0","486","0","0","486","0","0","486","0","0","486","0","0","486","0","0","486","0","0","486","0","0","486","0","0","486","0","0","486","0","0","486","0","0"
,"487","0","0","487","0","0","487","0","0","487","0","0","487","0","0","487","0","0","487","0","0","487","0","0","487","0","0","487","0","0","487","0","0","487","0","0","487","0","0","487","0","0","487","0","0","487","0","0","487","0","0","487","0","0","487","0","0","487","0","0","487","0","0","487","0","0","487","0","0","487","0","0","487","0","0","487","0","0","487","0","0","487","0","0","487","0","0","487","0","0","487","0","0","487","0","0","487","0","0","487","0","0","487","0","0","487","0","0","487","0","0","487","0","0","487","0","0","487","0","0","487","0","0","487","0","0","487","0","0","487","0","0","487","0","0","487","0","0","487","0","0","487","0","0","487","0","0","487","0","0","487","0","0","487","0","0","487","0","0","487","0","0","487","0","0","487","0","0","487","0","0","487","0","0","487","0","0","487","0","0"
,"488","0","0","488","0","0","488","0","0","488","0","0","488","0","0","488","0","0","488","0","0","488","0","0","488","0","0","488","0","0","488","0","0","488","0","0","488","0","0","488","0","0","488","0","0","488","0","0","488","0","0","488","0","0","488","0","0","488","0","0","488","0","0","488","0","0","488","0","0","488","0","0","488","0","0","488","0","0","488","0","0","488","0","0","488","0","0","488","0","0","488","0","0","488","0","0","488","0","0","488","0","0","488","0","0","488","0","0","488","0","0","488","0","0","488","0","0","488","0","0","488","0","0","488","0","0","488","0","0","488","0","0","488","0","0","488","0","0","488","0","0","488","0","0","488","0","0","488","0","0","488","0","0","488","0","0","488","0","0","488","0","0","488","0","0","488","0","0","488","0","0","488","0","0","488","0","0","488","0","0"
,"489","0","0","489","0","0","489","0","0","489","0","0","489","0","0","489","0","0","489","0","0","489","0","0","489","0","0","489","0","0","489","0","0","489","0","0","489","0","0","489","0","0","489","0","0","489","0","0","489","0","0","489","0","0","489","0","0","489","0","0","489","0","0","489","0","0","489","0","0","489","0","0","489","0","0","489","0","0","489","0","0","489","0","0","489","0","0","489","0","0","489","0","0","489","0","0","489","0","0","489","0","0","489","0","0","489","0","0","489","0","0","489","0","0","489","0","0","489","0","0","489","0","0","489","0","0","489","0","0","489","0","0","489","0","0","489","0","0","489","0","0","489","0","0","489","0","0","489","0","0","489","0","0","489","0","0","489","0","0","489","0","0","489","0","0","489","0","0","489","0","0","489","0","0","489","0","0","489","0","0"
,"490","0","0","490","0","0","490","0","0","490","0","0","490","0","0","490","0","0","490","0","0","490","0","0","490","0","0","490","0","0","490","0","0","490","0","0","490","0","0","490","0","0","490","0","0","490","0","0","490","0","0","490","0","0","490","0","0","490","0","0","490","0","0","490","0","0","490","0","0","490","0","0","490","0","0","490","0","0","490","0","0","490","0","0","490","0","0","490","0","0","490","0","0","490","0","0","490","0","0","490","0","0","490","0","0","490","0","0","490","0","0","490","0","0","490","0","0","490","0","0","490","0","0","490","0","0","490","0","0","490","0","0","490","0","0","490","0","0","490","0","0","490","0","0","490","0","0","490","0","0","490","0","0","490","0","0","490","0","0","490","0","0","490","0","0","490","0","0","490","0","0","490","0","0","490","0","0","490","0","0"
,"491","0","0","491","0","0","491","0","0","491","0","0","491","0","0","491","0","0","491","0","0","491","0","0","491","0","0","491","0","0","491","0","0","491","0","0","491","0","0","491","0","0","491","0","0","491","0","0","491","0","0","491","0","0","491","0","0","491","0","0","491","0","0","491","0","0","491","0","0","491","0","0","491","0","0","491","0","0","491","0","0","491","0","0","491","0","0","491","0","0","491","0","0","491","0","0","491","0","0","491","0","0","491","0","0","491","0","0","491","0","0","491","0","0","491","0","0","491","0","0","491","0","0","491","0","0","491","0","0","491","0","0","491","0","0","491","0","0","491","0","0","491","0","0","491","0","0","491","0","0","491","0","0","491","0","0","491","0","0","491","0","0","491","0","0","491","0","0","491","0","0","491","0","0","491","0","0","491","0","0"
,"492","0","0","492","0","0","492","0","0","492","0","0","492","0","0","492","0","0","492","0","0","492","0","0","492","0","0","492","0","0","492","0","0","492","0","0","492","0","0","492","0","0","492","0","0","492","0","0","492","0","0","492","0","0","492","0","0","492","0","0","492","0","0","492","0","0","492","0","0","492","0","0","492","0","0","492","0","0","492","0","0","492","0","0","492","0","0","492","0","0","492","0","0","492","0","0","492","0","0","492","0","0","492","0","0","492","0","0","492","0","0","492","0","0","492","0","0","492","0","0","492","0","0","492","0","0","492","0","0","492","0","0","492","0","0","492","0","0","492","0","0","492","0","0","492","0","0","492","0","0","492","0","0","492","0","0","492","0","0","492","0","0","492","0","0","492","0","0","492","0","0","492","0","0","492","0","0","492","0","0"
,"493","0","0","493","0","0","493","0","0","493","0","0","493","0","0","493","0","0","493","0","0","493","0","0","493","0","0","493","0","0","493","0","0","493","0","0","493","0","0","493","0","0","493","0","0","493","0","0","493","0","0","493","0","0","493","0","0","493","0","0","493","0","0","493","0","0","493","0","0","493","0","0","493","0","0","493","0","0","493","0","0","493","0","0","493","0","0","493","0","0","493","0","0","493","0","0","493","0","0","493","0","0","493","0","0","493","0","0","493","0","0","493","0","0","493","0","0","493","0","0","493","0","0","493","0","0","493","0","0","493","0","0","493","0","0","493","0","0","493","0","0","493","0","0","493","0","0","493","0","0","493","0","0","493","0","0","493","0","0","493","0","0","493","0","0","493","0","0","493","0","0","493","0","0","493","0","0","493","0","0"
,"494","0","0","494","0","0","494","0","0","494","0","0","494","0","0","494","0","0","494","0","0","494","0","0","494","0","0","494","0","0","494","0","0","494","0","0","494","0","0","494","0","0","494","0","0","494","0","0","494","0","0","494","0","0","494","0","0","494","0","0","494","0","0","494","0","0","494","0","0","494","0","0","494","0","0","494","0","0","494","0","0","494","0","0","494","0","0","494","0","0","494","0","0","494","0","0","494","0","0","494","0","0","494","0","0","494","0","0","494","0","0","494","0","0","494","0","0","494","0","0","494","0","0","494","0","0","494","0","0","494","0","0","494","0","0","494","0","0","494","0","0","494","0","0","494","0","0","494","0","0","494","0","0","494","0","0","494","0","0","494","0","0","494","0","0","494","0","0","494","0","0","494","0","0","494","0","0","494","0","0"
,"495","0","0","495","0","0","495","0","0","495","0","0","495","0","0","495","0","0","495","0","0","495","0","0","495","0","0","495","0","0","495","0","0","495","0","0","495","0","0","495","0","0","495","0","0","495","0","0","495","0","0","495","0","0","495","0","0","495","0","0","495","0","0","495","0","0","495","0","0","495","0","0","495","0","0","495","0","0","495","0","0","495","0","0","495","0","0","495","0","0","495","0","0","495","0","0","495","0","0","495","0","0","495","0","0","495","0","0","495","0","0","495","0","0","495","0","0","495","0","0","495","0","0","495","0","0","495","0","0","495","0","0","495","0","0","495","0","0","495","0","0","495","0","0","495","0","0","495","0","0","495","0","0","495","0","0","495","0","0","495","0","0","495","0","0","495","0","0","495","0","0","495","0","0","495","0","0","495","0","0"
,"496","0","0","496","0","0","496","0","0","496","0","0","496","0","0","496","0","0","496","0","0","496","0","0","496","0","0","496","0","0","496","0","0","496","0","0","496","0","0","496","0","0","496","0","0","496","0","0","496","0","0","496","0","0","496","0","0","496","0","0","496","0","0","496","0","0","496","0","0","496","0","0","496","0","0","496","0","0","496","0","0","496","0","0","496","0","0","496","0","0","496","0","0","496","0","0","496","0","0","496","0","0","496","0","0","496","0","0","496","0","0","496","0","0","496","0","0","496","0","0","496","0","0","496","0","0","496","0","0","496","0","0","496","0","0","496","0","0","496","0","0","496","0","0","496","0","0","496","0","0","496","0","0","496","0","0","496","0","0","496","0","0","496","0","0","496","0","0","496","0","0","496","0","0","496","0","0","496","0","0"
,"497","0","0","497","0","0","497","0","0","497","0","0","497","0","0","497","0","0","497","0","0","497","0","0","497","0","0","497","0","0","497","0","0","497","0","0","497","0","0","497","0","0","497","0","0","497","0","0","497","0","0","497","0","0","497","0","0","497","0","0","497","0","0","497","0","0","497","0","0","497","0","0","497","0","0","497","0","0","497","0","0","497","0","0","497","0","0","497","0","0","497","0","0","497","0","0","497","0","0","497","0","0","497","0","0","497","0","0","497","0","0","497","0","0","497","0","0","497","0","0","497","0","0","497","0","0","497","0","0","497","0","0","497","0","0","497","0","0","497","0","0","497","0","0","497","0","0","497","0","0","497","0","0","497","0","0","497","0","0","497","0","0","497","0","0","497","0","0","497","0","0","497","0","0","497","0","0","497","0","0"
,"498","0","0","498","0","0","498","0","0","498","0","0","498","0","0","498","0","0","498","0","0","498","0","0","498","0","0","498","0","0","498","0","0","498","0","0","498","0","0","498","0","0","498","0","0","498","0","0","498","0","0","498","0","0","498","0","0","498","0","0","498","0","0","498","0","0","498","0","0","498","0","0","498","0","0","498","0","0","498","0","0","498","0","0","498","0","0","498","0","0","498","0","0","498","0","0","498","0","0","498","0","0","498","0","0","498","0","0","498","0","0","498","0","0","498","0","0","498","0","0","498","0","0","498","0","0","498","0","0","498","0","0","498","0","0","498","0","0","498","0","0","498","0","0","498","0","0","498","0","0","498","0","0","498","0","0","498","0","0","498","0","0","498","0","0","498","0","0","498","0","0","498","0","0","498","0","0","498","0","0"
,"499","0","0","499","0","0","499","0","0","499","0","0","499","0","0","499","0","0","499","0","0","499","0","0","499","0","0","499","0","0","499","0","0","499","0","0","499","0","0","499","0","0","499","0","0","499","0","0","499","0","0","499","0","0","499","0","0","499","0","0","499","0","0","499","0","0","499","0","0","499","0","0","499","0","0","499","0","0","499","0","0","499","0","0","499","0","0","499","0","0","499","0","0","499","0","0","499","0","0","499","0","0","499","0","0","499","0","0","499","0","0","499","0","0","499","0","0","499","0","0","499","0","0","499","0","0","499","0","0","499","0","0","499","0","0","499","0","0","499","0","0","499","0","0","499","0","0","499","0","0","499","0","0","499","0","0","499","0","0","499","0","0","499","0","0","499","0","0","499","0","0","499","0","0","499","0","0","499","0","0"
,"500","0","0","500","0","0","500","0","0","500","0","0","500","0","0","500","0","0","500","0","0","500","0","0","500","0","0","500","0","0","500","0","0","500","0","0","500","0","0","500","0","0","500","0","0","500","0","0","500","0","0","500","0","0","500","0","0","500","0","0","500","0","0","500","0","0","500","0","0","500","0","0","500","0","0","500","0","0","500","0","0","500","0","0","500","0","0","500","0","0","500","0","0","500","0","0","500","0","0","500","0","0","500","0","0","500","0","0","500","0","0","500","0","0","500","0","0","500","0","0","500","0","0","500","0","0","500","0","0","500","0","0","500","0","0","500","0","0","500","0","0","500","0","0","500","0","0","500","0","0","500","0","0","500","0","0","500","0","0","500","0","0","500","0","0","500","0","0","500","0","0","500","0","0","500","0","0","500","0","0"
,"501","0","0","501","0","0","501","0","0","501","0","0","501","0","0","501","0","0","501","0","0","501","0","0","501","0","0","501","0","0","501","0","0","501","0","0","501","0","0","501","0","0","501","0","0","501","0","0","501","0","0","501","0","0","501","0","0","501","0","0","501","0","0","501","0","0","501","0","0","501","0","0","501","0","0","501","0","0","501","0","0","501","0","0","501","0","0","501","0","0","501","0","0","501","0","0","501","0","0","501","0","0","501","0","0","501","0","0","501","0","0","501","0","0","501","0","0","501","0","0","501","0","0","501","0","0","501","0","0","501","0","0","501","0","0","501","0","0","501","0","0","501","0","0","501","0","0","501","0","0","501","0","0","501","0","0","501","0","0","501","0","0","501","0","0","501","0","0","501","0","0","501","0","0","501","0","0","501","0","0"
,"502","0","0","502","0","0","502","0","0","502","0","0","502","0","0","502","0","0","502","0","0","502","0","0","502","0","0","502","0","0","502","0","0","502","0","0","502","0","0","502","0","0","502","0","0","502","0","0","502","0","0","502","0","0","502","0","0","502","0","0","502","0","0","502","0","0","502","0","0","502","0","0","502","0","0","502","0","0","502","0","0","502","0","0","502","0","0","502","0","0","502","0","0","502","0","0","502","0","0","502","0","0","502","0","0","502","0","0","502","0","0","502","0","0","502","0","0","502","0","0","502","0","0","502","0","0","502","0","0","502","0","0","502","0","0","502","0","0","502","0","0","502","0","0","502","0","0","502","0","0","502","0","0","502","0","0","502","0","0","502","0","0","502","0","0","502","0","0","502","0","0","502","0","0","502","0","0","502","0","0"
,"503","0","0","503","0","0","503","0","0","503","0","0","503","0","0","503","0","0","503","0","0","503","0","0","503","0","0","503","0","0","503","0","0","503","0","0","503","0","0","503","0","0","503","0","0","503","0","0","503","0","0","503","0","0","503","0","0","503","0","0","503","0","0","503","0","0","503","0","0","503","0","0","503","0","0","503","0","0","503","0","0","503","0","0","503","0","0","503","0","0","503","0","0","503","0","0","503","0","0","503","0","0","503","0","0","503","0","0","503","0","0","503","0","0","503","0","0","503","0","0","503","0","0","503","0","0","503","0","0","503","0","0","503","0","0","503","0","0","503","0","0","503","0","0","503","0","0","503","0","0","503","0","0","503","0","0","503","0","0","503","0","0","503","0","0","503","0","0","503","0","0","503","0","0","503","0","0","503","0","0"
,"504","0","0","504","0","0","504","0","0","504","0","0","504","0","0","504","0","0","504","0","0","504","0","0","504","0","0","504","0","0","504","0","0","504","0","0","504","0","0","504","0","0","504","0","0","504","0","0","504","0","0","504","0","0","504","0","0","504","0","0","504","0","0","504","0","0","504","0","0","504","0","0","504","0","0","504","0","0","504","0","0","504","0","0","504","0","0","504","0","0","504","0","0","504","0","0","504","0","0","504","0","0","504","0","0","504","0","0","504","0","0","504","0","0","504","0","0","504","0","0","504","0","0","504","0","0","504","0","0","504","0","0","504","0","0","504","0","0","504","0","0","504","0","0","504","0","0","504","0","0","504","0","0","504","0","0","504","0","0","504","0","0","504","0","0","504","0","0","504","0","0","504","0","0","504","0","0","504","0","0"
,"505","0","0","505","0","0","505","0","0","505","0","0","505","0","0","505","0","0","505","0","0","505","0","0","505","0","0","505","0","0","505","0","0","505","0","0","505","0","0","505","0","0","505","0","0","505","0","0","505","0","0","505","0","0","505","0","0","505","0","0","505","0","0","505","0","0","505","0","0","505","0","0","505","0","0","505","0","0","505","0","0","505","0","0","505","0","0","505","0","0","505","0","0","505","0","0","505","0","0","505","0","0","505","0","0","505","0","0","505","0","0","505","0","0","505","0","0","505","0","0","505","0","0","505","0","0","505","0","0","505","0","0","505","0","0","505","0","0","505","0","0","505","0","0","505","0","0","505","0","0","505","0","0","505","0","0","505","0","0","505","0","0","505","0","0","505","0","0","505","0","0","505","0","0","505","0","0","505","0","0"
,"506","0","0","506","0","0","506","0","0","506","0","0","506","0","0","506","0","0","506","0","0","506","0","0","506","0","0","506","0","0","506","0","0","506","0","0","506","0","0","506","0","0","506","0","0","506","0","0","506","0","0","506","0","0","506","0","0","506","0","0","506","0","0","506","0","0","506","0","0","506","0","0","506","0","0","506","0","0","506","0","0","506","0","0","506","0","0","506","0","0","506","0","0","506","0","0","506","0","0","506","0","0","506","0","0","506","0","0","506","0","0","506","0","0","506","0","0","506","0","0","506","0","0","506","0","0","506","0","0","506","0","0","506","0","0","506","0","0","506","0","0","506","0","0","506","0","0","506","0","0","506","0","0","506","0","0","506","0","0","506","0","0","506","0","0","506","0","0","506","0","0","506","0","0","506","0","0","506","0","0"
,"507","0","0","507","0","0","507","0","0","507","0","0","507","0","0","507","0","0","507","0","0","507","0","0","507","0","0","507","0","0","507","0","0","507","0","0","507","0","0","507","0","0","507","0","0","507","0","0","507","0","0","507","0","0","507","0","0","507","0","0","507","0","0","507","0","0","507","0","0","507","0","0","507","0","0","507","0","0","507","0","0","507","0","0","507","0","0","507","0","0","507","0","0","507","0","0","507","0","0","507","0","0","507","0","0","507","0","0","507","0","0","507","0","0","507","0","0","507","0","0","507","0","0","507","0","0","507","0","0","507","0","0","507","0","0","507","0","0","507","0","0","507","0","0","507","0","0","507","0","0","507","0","0","507","0","0","507","0","0","507","0","0","507","0","0","507","0","0","507","0","0","507","0","0","507","0","0","507","0","0"
,"508","0","0","508","0","0","508","0","0","508","0","0","508","0","0","508","0","0","508","0","0","508","0","0","508","0","0","508","0","0","508","0","0","508","0","0","508","0","0","508","0","0","508","0","0","508","0","0","508","0","0","508","0","0","508","0","0","508","0","0","508","0","0","508","0","0","508","0","0","508","0","0","508","0","0","508","0","0","508","0","0","508","0","0","508","0","0","508","0","0","508","0","0","508","0","0","508","0","0","508","0","0","508","0","0","508","0","0","508","0","0","508","0","0","508","0","0","508","0","0","508","0","0","508","0","0","508","0","0","508","0","0","508","0","0","508","0","0","508","0","0","508","0","0","508","0","0","508","0","0","508","0","0","508","0","0","508","0","0","508","0","0","508","0","0","508","0","0","508","0","0","508","0","0","508","0","0","508","0","0"
,"509","0","0","509","0","0","509","0","0","509","0","0","509","0","0","509","0","0","509","0","0","509","0","0","509","0","0","509","0","0","509","0","0","509","0","0","509","0","0","509","0","0","509","0","0","509","0","0","509","0","0","509","0","0","509","0","0","509","0","0","509","0","0","509","0","0","509","0","0","509","0","0","509","0","0","509","0","0","509","0","0","509","0","0","509","0","0","509","0","0","509","0","0","509","0","0","509","0","0","509","0","0","509","0","0","509","0","0","509","0","0","509","0","0","509","0","0","509","0","0","509","0","0","509","0","0","509","0","0","509","0","0","509","0","0","509","0","0","509","0","0","509","0","0","509","0","0","509","0","0","509","0","0","509","0","0","509","0","0","509","0","0","509","0","0","509","0","0","509","0","0","509","0","0","509","0","0","509","0","0"
,"510","0","0","510","0","0","510","0","0","510","0","0","510","0","0","510","0","0","510","0","0","510","0","0","510","0","0","510","0","0","510","0","0","510","0","0","510","0","0","510","0","0","510","0","0","510","0","0","510","0","0","510","0","0","510","0","0","510","0","0","510","0","0","510","0","0","510","0","0","510","0","0","510","0","0","510","0","0","510","0","0","510","0","0","510","0","0","510","0","0","510","0","0","510","0","0","510","0","0","510","0","0","510","0","0","510","0","0","510","0","0","510","0","0","510","0","0","510","0","0","510","0","0","510","0","0","510","0","0","510","0","0","510","0","0","510","0","0","510","0","0","510","0","0","510","0","0","510","0","0","510","0","0","510","0","0","510","0","0","510","0","0","510","0","0","510","0","0","510","0","0","510","0","0","510","0","0","510","0","0"
,"511","0","0","511","0","0","511","0","0","511","0","0","511","0","0","511","0","0","511","0","0","511","0","0","511","0","0","511","0","0","511","0","0","511","0","0","511","0","0","511","0","0","511","0","0","511","0","0","511","0","0","511","0","0","511","0","0","511","0","0","511","0","0","511","0","0","511","0","0","511","0","0","511","0","0","511","0","0","511","0","0","511","0","0","511","0","0","511","0","0","511","0","0","511","0","0","511","0","0","511","0","0","511","0","0","511","0","0","511","0","0","511","0","0","511","0","0","511","0","0","511","0","0","511","0","0","511","0","0","511","0","0","511","0","0","511","0","0","511","0","0","511","0","0","511","0","0","511","0","0","511","0","0","511","0","0","511","0","0","511","0","0","511","0","0","511","0","0","511","0","0","511","0","0","511","0","0","511","0","0"
,"512","0","0","512","0","0","512","0","0","512","0","0","512","0","0","512","0","0","512","0","0","512","0","0","512","0","0","512","0","0","512","0","0","512","0","0","512","0","0","512","0","0","512","0","0","512","0","0","512","0","0","512","0","0","512","0","0","512","0","0","512","0","0","512","0","0","512","0","0","512","0","0","512","0","0","512","0","0","512","0","0","512","0","0","512","0","0","512","0","0","512","0","0","512","0","0","512","0","0","512","0","0","512","0","0","512","0","0","512","0","0","512","0","0","512","0","0","512","0","0","512","0","0","512","0","0","512","0","0","512","0","0","512","0","0","512","0","0","512","0","0","512","0","0","512","0","0","512","0","0","512","0","0","512","0","0","512","0","0","512","0","0","512","0","0","512","0","0","512","0","0","512","0","0","512","0","0","512","0","0"
,"513","0","0","513","0","0","513","0","0","513","0","0","513","0","0","513","0","0","513","0","0","513","0","0","513","0","0","513","0","0","513","0","0","513","0","0","513","0","0","513","0","0","513","0","0","513","0","0","513","0","0","513","0","0","513","0","0","513","0","0","513","0","0","513","0","0","513","0","0","513","0","0","513","0","0","513","0","0","513","0","0","513","0","0","513","0","0","513","0","0","513","0","0","513","0","0","513","0","0","513","0","0","513","0","0","513","0","0","513","0","0","513","0","0","513","0","0","513","0","0","513","0","0","513","0","0","513","0","0","513","0","0","513","0","0","513","0","0","513","0","0","513","0","0","513","0","0","513","0","0","513","0","0","513","0","0","513","0","0","513","0","0","513","0","0","513","0","0","513","0","0","513","0","0","513","0","0","513","0","0"
,"514","0","0","514","0","0","514","0","0","514","0","0","514","0","0","514","0","0","514","0","0","514","0","0","514","0","0","514","0","0","514","0","0","514","0","0","514","0","0","514","0","0","514","0","0","514","0","0","514","0","0","514","0","0","514","0","0","514","0","0","514","0","0","514","0","0","514","0","0","514","0","0","514","0","0","514","0","0","514","0","0","514","0","0","514","0","0","514","0","0","514","0","0","514","0","0","514","0","0","514","0","0","514","0","0","514","0","0","514","0","0","514","0","0","514","0","0","514","0","0","514","0","0","514","0","0","514","0","0","514","0","0","514","0","0","514","0","0","514","0","0","514","0","0","514","0","0","514","0","0","514","0","0","514","0","0","514","0","0","514","0","0","514","0","0","514","0","0","514","0","0","514","0","0","514","0","0","514","0","0"
,"515","0","0","515","0","0","515","0","0","515","0","0","515","0","0","515","0","0","515","0","0","515","0","0","515","0","0","515","0","0","515","0","0","515","0","0","515","0","0","515","0","0","515","0","0","515","0","0","515","0","0","515","0","0","515","0","0","515","0","0","515","0","0","515","0","0","515","0","0","515","0","0","515","0","0","515","0","0","515","0","0","515","0","0","515","0","0","515","0","0","515","0","0","515","0","0","515","0","0","515","0","0","515","0","0","515","0","0","515","0","0","515","0","0","515","0","0","515","0","0","515","0","0","515","0","0","515","0","0","515","0","0","515","0","0","515","0","0","515","0","0","515","0","0","515","0","0","515","0","0","515","0","0","515","0","0","515","0","0","515","0","0","515","0","0","515","0","0","515","0","0","515","0","0","515","0","0","515","0","0"
,"516","0","0","516","0","0","516","0","0","516","0","0","516","0","0","516","0","0","516","0","0","516","0","0","516","0","0","516","0","0","516","0","0","516","0","0","516","0","0","516","0","0","516","0","0","516","0","0","516","0","0","516","0","0","516","0","0","516","0","0","516","0","0","516","0","0","516","0","0","516","0","0","516","0","0","516","0","0","516","0","0","516","0","0","516","0","0","516","0","0","516","0","0","516","0","0","516","0","0","516","0","0","516","0","0","516","0","0","516","0","0","516","0","0","516","0","0","516","0","0","516","0","0","516","0","0","516","0","0","516","0","0","516","0","0","516","0","0","516","0","0","516","0","0","516","0","0","516","0","0","516","0","0","516","0","0","516","0","0","516","0","0","516","0","0","516","0","0","516","0","0","516","0","0","516","0","0","516","0","0"
,"517","0","0","517","0","0","517","0","0","517","0","0","517","0","0","517","0","0","517","0","0","517","0","0","517","0","0","517","0","0","517","0","0","517","0","0","517","0","0","517","0","0","517","0","0","517","0","0","517","0","0","517","0","0","517","0","0","517","0","0","517","0","0","517","0","0","517","0","0","517","0","0","517","0","0","517","0","0","517","0","0","517","0","0","517","0","0","517","0","0","517","0","0","517","0","0","517","0","0","517","0","0","517","0","0","517","0","0","517","0","0","517","0","0","517","0","0","517","0","0","517","0","0","517","0","0","517","0","0","517","0","0","517","0","0","517","0","0","517","0","0","517","0","0","517","0","0","517","0","0","517","0","0","517","0","0","517","0","0","517","0","0","517","0","0","517","0","0","517","0","0","517","0","0","517","0","0","517","0","0"
,"518","0","0","518","0","0","518","0","0","518","0","0","518","0","0","518","0","0","518","0","0","518","0","0","518","0","0","518","0","0","518","0","0","518","0","0","518","0","0","518","0","0","518","0","0","518","0","0","518","0","0","518","0","0","518","0","0","518","0","0","518","0","0","518","0","0","518","0","0","518","0","0","518","0","0","518","0","0","518","0","0","518","0","0","518","0","0","518","0","0","518","0","0","518","0","0","518","0","0","518","0","0","518","0","0","518","0","0","518","0","0","518","0","0","518","0","0","518","0","0","518","0","0","518","0","0","518","0","0","518","0","0","518","0","0","518","0","0","518","0","0","518","0","0","518","0","0","518","0","0","518","0","0","518","0","0","518","0","0","518","0","0","518","0","0","518","0","0","518","0","0","518","0","0","518","0","0","518","0","0"
,"519","0","0","519","0","0","519","0","0","519","0","0","519","0","0","519","0","0","519","0","0","519","0","0","519","0","0","519","0","0","519","0","0","519","0","0","519","0","0","519","0","0","519","0","0","519","0","0","519","0","0","519","0","0","519","0","0","519","0","0","519","0","0","519","0","0","519","0","0","519","0","0","519","0","0","519","0","0","519","0","0","519","0","0","519","0","0","519","0","0","519","0","0","519","0","0","519","0","0","519","0","0","519","0","0","519","0","0","519","0","0","519","0","0","519","0","0","519","0","0","519","0","0","519","0","0","519","0","0","519","0","0","519","0","0","519","0","0","519","0","0","519","0","0","519","0","0","519","0","0","519","0","0","519","0","0","519","0","0","519","0","0","519","0","0","519","0","0","519","0","0","519","0","0","519","0","0","519","0","0"
,"520","0","0","520","0","0","520","0","0","520","0","0","520","0","0","520","0","0","520","0","0","520","0","0","520","0","0","520","0","0","520","0","0","520","0","0","520","0","0","520","0","0","520","0","0","520","0","0","520","0","0","520","0","0","520","0","0","520","0","0","520","0","0","520","0","0","520","0","0","520","0","0","520","0","0","520","0","0","520","0","0","520","0","0","520","0","0","520","0","0","520","0","0","520","0","0","520","0","0","520","0","0","520","0","0","520","0","0","520","0","0","520","0","0","520","0","0","520","0","0","520","0","0","520","0","0","520","0","0","520","0","0","520","0","0","520","0","0","520","0","0","520","0","0","520","0","0","520","0","0","520","0","0","520","0","0","520","0","0","520","0","0","520","0","0","520","0","0","520","0","0","520","0","0","520","0","0","520","0","0"
,"521","0","0","521","0","0","521","0","0","521","0","0","521","0","0","521","0","0","521","0","0","521","0","0","521","0","0","521","0","0","521","0","0","521","0","0","521","0","0","521","0","0","521","0","0","521","0","0","521","0","0","521","0","0","521","0","0","521","0","0","521","0","0","521","0","0","521","0","0","521","0","0","521","0","0","521","0","0","521","0","0","521","0","0","521","0","0","521","0","0","521","0","0","521","0","0","521","0","0","521","0","0","521","0","0","521","0","0","521","0","0","521","0","0","521","0","0","521","0","0","521","0","0","521","0","0","521","0","0","521","0","0","521","0","0","521","0","0","521","0","0","521","0","0","521","0","0","521","0","0","521","0","0","521","0","0","521","0","0","521","0","0","521","0","0","521","0","0","521","0","0","521","0","0","521","0","0","521","0","0"
,"522","0","0","522","0","0","522","0","0","522","0","0","522","0","0","522","0","0","522","0","0","522","0","0","522","0","0","522","0","0","522","0","0","522","0","0","522","0","0","522","0","0","522","0","0","522","0","0","522","0","0","522","0","0","522","0","0","522","0","0","522","0","0","522","0","0","522","0","0","522","0","0","522","0","0","522","0","0","522","0","0","522","0","0","522","0","0","522","0","0","522","0","0","522","0","0","522","0","0","522","0","0","522","0","0","522","0","0","522","0","0","522","0","0","522","0","0","522","0","0","522","0","0","522","0","0","522","0","0","522","0","0","522","0","0","522","0","0","522","0","0","522","0","0","522","0","0","522","0","0","522","0","0","522","0","0","522","0","0","522","0","0","522","0","0","522","0","0","522","0","0","522","0","0","522","0","0","522","0","0"
,"523","0","0","523","0","0","523","0","0","523","0","0","523","0","0","523","0","0","523","0","0","523","0","0","523","0","0","523","0","0","523","0","0","523","0","0","523","0","0","523","0","0","523","0","0","523","0","0","523","0","0","523","0","0","523","0","0","523","0","0","523","0","0","523","0","0","523","0","0","523","0","0","523","0","0","523","0","0","523","0","0","523","0","0","523","0","0","523","0","0","523","0","0","523","0","0","523","0","0","523","0","0","523","0","0","523","0","0","523","0","0","523","0","0","523","0","0","523","0","0","523","0","0","523","0","0","523","0","0","523","0","0","523","0","0","523","0","0","523","0","0","523","0","0","523","0","0","523","0","0","523","0","0","523","0","0","523","0","0","523","0","0","523","0","0","523","0","0","523","0","0","523","0","0","523","0","0","523","0","0"
,"524","0","0","524","0","0","524","0","0","524","0","0","524","0","0","524","0","0","524","0","0","524","0","0","524","0","0","524","0","0","524","0","0","524","0","0","524","0","0","524","0","0","524","0","0","524","0","0","524","0","0","524","0","0","524","0","0","524","0","0","524","0","0","524","0","0","524","0","0","524","0","0","524","0","0","524","0","0","524","0","0","524","0","0","524","0","0","524","0","0","524","0","0","524","0","0","524","0","0","524","0","0","524","0","0","524","0","0","524","0","0","524","0","0","524","0","0","524","0","0","524","0","0","524","0","0","524","0","0","524","0","0","524","0","0","524","0","0","524","0","0","524","0","0","524","0","0","524","0","0","524","0","0","524","0","0","524","0","0","524","0","0","524","0","0","524","0","0","524","0","0","524","0","0","524","0","0","524","0","0"
,"525","0","0","525","0","0","525","0","0","525","0","0","525","0","0","525","0","0","525","0","0","525","0","0","525","0","0","525","0","0","525","0","0","525","0","0","525","0","0","525","0","0","525","0","0","525","0","0","525","0","0","525","0","0","525","0","0","525","0","0","525","0","0","525","0","0","525","0","0","525","0","0","525","0","0","525","0","0","525","0","0","525","0","0","525","0","0","525","0","0","525","0","0","525","0","0","525","0","0","525","0","0","525","0","0","525","0","0","525","0","0","525","0","0","525","0","0","525","0","0","525","0","0","525","0","0","525","0","0","525","0","0","525","0","0","525","0","0","525","0","0","525","0","0","525","0","0","525","0","0","525","0","0","525","0","0","525","0","0","525","0","0","525","0","0","525","0","0","525","0","0","525","0","0","525","0","0","525","0","0"
,"526","0","0","526","0","0","526","0","0","526","0","0","526","0","0","526","0","0","526","0","0","526","0","0","526","0","0","526","0","0","526","0","0","526","0","0","526","0","0","526","0","0","526","0","0","526","0","0","526","0","0","526","0","0","526","0","0","526","0","0","526","0","0","526","0","0","526","0","0","526","0","0","526","0","0","526","0","0","526","0","0","526","0","0","526","0","0","526","0","0","526","0","0","526","0","0","526","0","0","526","0","0","526","0","0","526","0","0","526","0","0","526","0","0","526","0","0","526","0","0","526","0","0","526","0","0","526","0","0","526","0","0","526","0","0","526","0","0","526","0","0","526","0","0","526","0","0","526","0","0","526","0","0","526","0","0","526","0","0","526","0","0","526","0","0","526","0","0","526","0","0","526","0","0","526","0","0","526","0","0"
,"527","0","0","527","0","0","527","0","0","527","0","0","527","0","0","527","0","0","527","0","0","527","0","0","527","0","0","527","0","0","527","0","0","527","0","0","527","0","0","527","0","0","527","0","0","527","0","0","527","0","0","527","0","0","527","0","0","527","0","0","527","0","0","527","0","0","527","0","0","527","0","0","527","0","0","527","0","0","527","0","0","527","0","0","527","0","0","527","0","0","527","0","0","527","0","0","527","0","0","527","0","0","527","0","0","527","0","0","527","0","0","527","0","0","527","0","0","527","0","0","527","0","0","527","0","0","527","0","0","527","0","0","527","0","0","527","0","0","527","0","0","527","0","0","527","0","0","527","0","0","527","0","0","527","0","0","527","0","0","527","0","0","527","0","0","527","0","0","527","0","0","527","0","0","527","0","0","527","0","0"
,"528","0","0","528","0","0","528","0","0","528","0","0","528","0","0","528","0","0","528","0","0","528","0","0","528","0","0","528","0","0","528","0","0","528","0","0","528","0","0","528","0","0","528","0","0","528","0","0","528","0","0","528","0","0","528","0","0","528","0","0","528","0","0","528","0","0","528","0","0","528","0","0","528","0","0","528","0","0","528","0","0","528","0","0","528","0","0","528","0","0","528","0","0","528","0","0","528","0","0","528","0","0","528","0","0","528","0","0","528","0","0","528","0","0","528","0","0","528","0","0","528","0","0","528","0","0","528","0","0","528","0","0","528","0","0","528","0","0","528","0","0","528","0","0","528","0","0","528","0","0","528","0","0","528","0","0","528","0","0","528","0","0","528","0","0","528","0","0","528","0","0","528","0","0","528","0","0","528","0","0"
,"529","0","0","529","0","0","529","0","0","529","0","0","529","0","0","529","0","0","529","0","0","529","0","0","529","0","0","529","0","0","529","0","0","529","0","0","529","0","0","529","0","0","529","0","0","529","0","0","529","0","0","529","0","0","529","0","0","529","0","0","529","0","0","529","0","0","529","0","0","529","0","0","529","0","0","529","0","0","529","0","0","529","0","0","529","0","0","529","0","0","529","0","0","529","0","0","529","0","0","529","0","0","529","0","0","529","0","0","529","0","0","529","0","0","529","0","0","529","0","0","529","0","0","529","0","0","529","0","0","529","0","0","529","0","0","529","0","0","529","0","0","529","0","0","529","0","0","529","0","0","529","0","0","529","0","0","529","0","0","529","0","0","529","0","0","529","0","0","529","0","0","529","0","0","529","0","0","529","0","0"
,"530","0","0","530","0","0","530","0","0","530","0","0","530","0","0","530","0","0","530","0","0","530","0","0","530","0","0","530","0","0","530","0","0","530","0","0","530","0","0","530","0","0","530","0","0","530","0","0","530","0","0","530","0","0","530","0","0","530","0","0","530","0","0","530","0","0","530","0","0","530","0","0","530","0","0","530","0","0","530","0","0","530","0","0","530","0","0","530","0","0","530","0","0","530","0","0","530","0","0","530","0","0","530","0","0","530","0","0","530","0","0","530","0","0","530","0","0","530","0","0","530","0","0","530","0","0","530","0","0","530","0","0","530","0","0","530","0","0","530","0","0","530","0","0","530","0","0","530","0","0","530","0","0","530","0","0","530","0","0","530","0","0","530","0","0","530","0","0","530","0","0","530","0","0","530","0","0","530","0","0"
,"531","0","0","531","0","0","531","0","0","531","0","0","531","0","0","531","0","0","531","0","0","531","0","0","531","0","0","531","0","0","531","0","0","531","0","0","531","0","0","531","0","0","531","0","0","531","0","0","531","0","0","531","0","0","531","0","0","531","0","0","531","0","0","531","0","0","531","0","0","531","0","0","531","0","0","531","0","0","531","0","0","531","0","0","531","0","0","531","0","0","531","0","0","531","0","0","531","0","0","531","0","0","531","0","0","531","0","0","531","0","0","531","0","0","531","0","0","531","0","0","531","0","0","531","0","0","531","0","0","531","0","0","531","0","0","531","0","0","531","0","0","531","0","0","531","0","0","531","0","0","531","0","0","531","0","0","531","0","0","531","0","0","531","0","0","531","0","0","531","0","0","531","0","0","531","0","0","531","0","0"
,"532","0","0","532","0","0","532","0","0","532","0","0","532","0","0","532","0","0","532","0","0","532","0","0","532","0","0","532","0","0","532","0","0","532","0","0","532","0","0","532","0","0","532","0","0","532","0","0","532","0","0","532","0","0","532","0","0","532","0","0","532","0","0","532","0","0","532","0","0","532","0","0","532","0","0","532","0","0","532","0","0","532","0","0","532","0","0","532","0","0","532","0","0","532","0","0","532","0","0","532","0","0","532","0","0","532","0","0","532","0","0","532","0","0","532","0","0","532","0","0","532","0","0","532","0","0","532","0","0","532","0","0","532","0","0","532","0","0","532","0","0","532","0","0","532","0","0","532","0","0","532","0","0","532","0","0","532","0","0","532","0","0","532","0","0","532","0","0","532","0","0","532","0","0","532","0","0","532","0","0"
,"533","0","0","533","0","0","533","0","0","533","0","0","533","0","0","533","0","0","533","0","0","533","0","0","533","0","0","533","0","0","533","0","0","533","0","0","533","0","0","533","0","0","533","0","0","533","0","0","533","0","0","533","0","0","533","0","0","533","0","0","533","0","0","533","0","0","533","0","0","533","0","0","533","0","0","533","0","0","533","0","0","533","0","0","533","0","0","533","0","0","533","0","0","533","0","0","533","0","0","533","0","0","533","0","0","533","0","0","533","0","0","533","0","0","533","0","0","533","0","0","533","0","0","533","0","0","533","0","0","533","0","0","533","0","0","533","0","0","533","0","0","533","0","0","533","0","0","533","0","0","533","0","0","533","0","0","533","0","0","533","0","0","533","0","0","533","0","0","533","0","0","533","0","0","533","0","0","533","0","0"
,"534","0","0","534","0","0","534","0","0","534","0","0","534","0","0","534","0","0","534","0","0","534","0","0","534","0","0","534","0","0","534","0","0","534","0","0","534","0","0","534","0","0","534","0","0","534","0","0","534","0","0","534","0","0","534","0","0","534","0","0","534","0","0","534","0","0","534","0","0","534","0","0","534","0","0","534","0","0","534","0","0","534","0","0","534","0","0","534","0","0","534","0","0","534","0","0","534","0","0","534","0","0","534","0","0","534","0","0","534","0","0","534","0","0","534","0","0","534","0","0","534","0","0","534","0","0","534","0","0","534","0","0","534","0","0","534","0","0","534","0","0","534","0","0","534","0","0","534","0","0","534","0","0","534","0","0","534","0","0","534","0","0","534","0","0","534","0","0","534","0","0","534","0","0","534","0","0","534","0","0"
,"535","0","0","535","0","0","535","0","0","535","0","0","535","0","0","535","0","0","535","0","0","535","0","0","535","0","0","535","0","0","535","0","0","535","0","0","535","0","0","535","0","0","535","0","0","535","0","0","535","0","0","535","0","0","535","0","0","535","0","0","535","0","0","535","0","0","535","0","0","535","0","0","535","0","0","535","0","0","535","0","0","535","0","0","535","0","0","535","0","0","535","0","0","535","0","0","535","0","0","535","0","0","535","0","0","535","0","0","535","0","0","535","0","0","535","0","0","535","0","0","535","0","0","535","0","0","535","0","0","535","0","0","535","0","0","535","0","0","535","0","0","535","0","0","535","0","0","535","0","0","535","0","0","535","0","0","535","0","0","535","0","0","535","0","0","535","0","0","535","0","0","535","0","0","535","0","0","535","0","0"
,"536","0","0","536","0","0","536","0","0","536","0","0","536","0","0","536","0","0","536","0","0","536","0","0","536","0","0","536","0","0","536","0","0","536","0","0","536","0","0","536","0","0","536","0","0","536","0","0","536","0","0","536","0","0","536","0","0","536","0","0","536","0","0","536","0","0","536","0","0","536","0","0","536","0","0","536","0","0","536","0","0","536","0","0","536","0","0","536","0","0","536","0","0","536","0","0","536","0","0","536","0","0","536","0","0","536","0","0","536","0","0","536","0","0","536","0","0","536","0","0","536","0","0","536","0","0","536","0","0","536","0","0","536","0","0","536","0","0","536","0","0","536","0","0","536","0","0","536","0","0","536","0","0","536","0","0","536","0","0","536","0","0","536","0","0","536","0","0","536","0","0","536","0","0","536","0","0","536","0","0"
,"537","0","0","537","0","0","537","0","0","537","0","0","537","0","0","537","0","0","537","0","0","537","0","0","537","0","0","537","0","0","537","0","0","537","0","0","537","0","0","537","0","0","537","0","0","537","0","0","537","0","0","537","0","0","537","0","0","537","0","0","537","0","0","537","0","0","537","0","0","537","0","0","537","0","0","537","0","0","537","0","0","537","0","0","537","0","0","537","0","0","537","0","0","537","0","0","537","0","0","537","0","0","537","0","0","537","0","0","537","0","0","537","0","0","537","0","0","537","0","0","537","0","0","537","0","0","537","0","0","537","0","0","537","0","0","537","0","0","537","0","0","537","0","0","537","0","0","537","0","0","537","0","0","537","0","0","537","0","0","537","0","0","537","0","0","537","0","0","537","0","0","537","0","0","537","0","0","537","0","0"
,"538","0","0","538","0","0","538","0","0","538","0","0","538","0","0","538","0","0","538","0","0","538","0","0","538","0","0","538","0","0","538","0","0","538","0","0","538","0","0","538","0","0","538","0","0","538","0","0","538","0","0","538","0","0","538","0","0","538","0","0","538","0","0","538","0","0","538","0","0","538","0","0","538","0","0","538","0","0","538","0","0","538","0","0","538","0","0","538","0","0","538","0","0","538","0","0","538","0","0","538","0","0","538","0","0","538","0","0","538","0","0","538","0","0","538","0","0","538","0","0","538","0","0","538","0","0","538","0","0","538","0","0","538","0","0","538","0","0","538","0","0","538","0","0","538","0","0","538","0","0","538","0","0","538","0","0","538","0","0","538","0","0","538","0","0","538","0","0","538","0","0","538","0","0","538","0","0","538","0","0"
,"539","0","0","539","0","0","539","0","0","539","0","0","539","0","0","539","0","0","539","0","0","539","0","0","539","0","0","539","0","0","539","0","0","539","0","0","539","0","0","539","0","0","539","0","0","539","0","0","539","0","0","539","0","0","539","0","0","539","0","0","539","0","0","539","0","0","539","0","0","539","0","0","539","0","0","539","0","0","539","0","0","539","0","0","539","0","0","539","0","0","539","0","0","539","0","0","539","0","0","539","0","0","539","0","0","539","0","0","539","0","0","539","0","0","539","0","0","539","0","0","539","0","0","539","0","0","539","0","0","539","0","0","539","0","0","539","0","0","539","0","0","539","0","0","539","0","0","539","0","0","539","0","0","539","0","0","539","0","0","539","0","0","539","0","0","539","0","0","539","0","0","539","0","0","539","0","0","539","0","0"
,"540","0","0","540","0","0","540","0","0","540","0","0","540","0","0","540","0","0","540","0","0","540","0","0","540","0","0","540","0","0","540","0","0","540","0","0","540","0","0","540","0","0","540","0","0","540","0","0","540","0","0","540","0","0","540","0","0","540","0","0","540","0","0","540","0","0","540","0","0","540","0","0","540","0","0","540","0","0","540","0","0","540","0","0","540","0","0","540","0","0","540","0","0","540","0","0","540","0","0","540","0","0","540","0","0","540","0","0","540","0","0","540","0","0","540","0","0","540","0","0","540","0","0","540","0","0","540","0","0","540","0","0","540","0","0","540","0","0","540","0","0","540","0","0","540","0","0","540","0","0","540","0","0","540","0","0","540","0","0","540","0","0","540","0","0","540","0","0","540","0","0","540","0","0","540","0","0","540","0","0"
,"541","0","0","541","0","0","541","0","0","541","0","0","541","0","0","541","0","0","541","0","0","541","0","0","541","0","0","541","0","0","541","0","0","541","0","0","541","0","0","541","0","0","541","0","0","541","0","0","541","0","0","541","0","0","541","0","0","541","0","0","541","0","0","541","0","0","541","0","0","541","0","0","541","0","0","541","0","0","541","0","0","541","0","0","541","0","0","541","0","0","541","0","0","541","0","0","541","0","0","541","0","0","541","0","0","541","0","0","541","0","0","541","0","0","541","0","0","541","0","0","541","0","0","541","0","0","541","0","0","541","0","0","541","0","0","541","0","0","541","0","0","541","0","0","541","0","0","541","0","0","541","0","0","541","0","0","541","0","0","541","0","0","541","0","0","541","0","0","541","0","0","541","0","0","541","0","0","541","0","0"
,"542","0","0","542","0","0","542","0","0","542","0","0","542","0","0","542","0","0","542","0","0","542","0","0","542","0","0","542","0","0","542","0","0","542","0","0","542","0","0","542","0","0","542","0","0","542","0","0","542","0","0","542","0","0","542","0","0","542","0","0","542","0","0","542","0","0","542","0","0","542","0","0","542","0","0","542","0","0","542","0","0","542","0","0","542","0","0","542","0","0","542","0","0","542","0","0","542","0","0","542","0","0","542","0","0","542","0","0","542","0","0","542","0","0","542","0","0","542","0","0","542","0","0","542","0","0","542","0","0","542","0","0","542","0","0","542","0","0","542","0","0","542","0","0","542","0","0","542","0","0","542","0","0","542","0","0","542","0","0","542","0","0","542","0","0","542","0","0","542","0","0","542","0","0","542","0","0","542","0","0"
,"543","0","0","543","0","0","543","0","0","543","0","0","543","0","0","543","0","0","543","0","0","543","0","0","543","0","0","543","0","0","543","0","0","543","0","0","543","0","0","543","0","0","543","0","0","543","0","0","543","0","0","543","0","0","543","0","0","543","0","0","543","0","0","543","0","0","543","0","0","543","0","0","543","0","0","543","0","0","543","0","0","543","0","0","543","0","0","543","0","0","543","0","0","543","0","0","543","0","0","543","0","0","543","0","0","543","0","0","543","0","0","543","0","0","543","0","0","543","0","0","543","0","0","543","0","0","543","0","0","543","0","0","543","0","0","543","0","0","543","0","0","543","0","0","543","0","0","543","0","0","543","0","0","543","0","0","543","0","0","543","0","0","543","0","0","543","0","0","543","0","0","543","0","0","543","0","0","543","0","0"
,"544","0","0","544","0","0","544","0","0","544","0","0","544","0","0","544","0","0","544","0","0","544","0","0","544","0","0","544","0","0","544","0","0","544","0","0","544","0","0","544","0","0","544","0","0","544","0","0","544","0","0","544","0","0","544","0","0","544","0","0","544","0","0","544","0","0","544","0","0","544","0","0","544","0","0","544","0","0","544","0","0","544","0","0","544","0","0","544","0","0","544","0","0","544","0","0","544","0","0","544","0","0","544","0","0","544","0","0","544","0","0","544","0","0","544","0","0","544","0","0","544","0","0","544","0","0","544","0","0","544","0","0","544","0","0","544","0","0","544","0","0","544","0","0","544","0","0","544","0","0","544","0","0","544","0","0","544","0","0","544","0","0","544","0","0","544","0","0","544","0","0","544","0","0","544","0","0","544","0","0"
,"545","0","0","545","0","0","545","0","0","545","0","0","545","0","0","545","0","0","545","0","0","545","0","0","545","0","0","545","0","0","545","0","0","545","0","0","545","0","0","545","0","0","545","0","0","545","0","0","545","0","0","545","0","0","545","0","0","545","0","0","545","0","0","545","0","0","545","0","0","545","0","0","545","0","0","545","0","0","545","0","0","545","0","0","545","0","0","545","0","0","545","0","0","545","0","0","545","0","0","545","0","0","545","0","0","545","0","0","545","0","0","545","0","0","545","0","0","545","0","0","545","0","0","545","0","0","545","0","0","545","0","0","545","0","0","545","0","0","545","0","0","545","0","0","545","0","0","545","0","0","545","0","0","545","0","0","545","0","0","545","0","0","545","0","0","545","0","0","545","0","0","545","0","0","545","0","0","545","0","0"
,"546","0","0","546","0","0","546","0","0","546","0","0","546","0","0","546","0","0","546","0","0","546","0","0","546","0","0","546","0","0","546","0","0","546","0","0","546","0","0","546","0","0","546","0","0","546","0","0","546","0","0","546","0","0","546","0","0","546","0","0","546","0","0","546","0","0","546","0","0","546","0","0","546","0","0","546","0","0","546","0","0","546","0","0","546","0","0","546","0","0","546","0","0","546","0","0","546","0","0","546","0","0","546","0","0","546","0","0","546","0","0","546","0","0","546","0","0","546","0","0","546","0","0","546","0","0","546","0","0","546","0","0","546","0","0","546","0","0","546","0","0","546","0","0","546","0","0","546","0","0","546","0","0","546","0","0","546","0","0","546","0","0","546","0","0","546","0","0","546","0","0","546","0","0","546","0","0","546","0","0"
,"547","0","0","547","0","0","547","0","0","547","0","0","547","0","0","547","0","0","547","0","0","547","0","0","547","0","0","547","0","0","547","0","0","547","0","0","547","0","0","547","0","0","547","0","0","547","0","0","547","0","0","547","0","0","547","0","0","547","0","0","547","0","0","547","0","0","547","0","0","547","0","0","547","0","0","547","0","0","547","0","0","547","0","0","547","0","0","547","0","0","547","0","0","547","0","0","547","0","0","547","0","0","547","0","0","547","0","0","547","0","0","547","0","0","547","0","0","547","0","0","547","0","0","547","0","0","547","0","0","547","0","0","547","0","0","547","0","0","547","0","0","547","0","0","547","0","0","547","0","0","547","0","0","547","0","0","547","0","0","547","0","0","547","0","0","547","0","0","547","0","0","547","0","0","547","0","0","547","0","0"
,"548","0","0","548","0","0","548","0","0","548","0","0","548","0","0","548","0","0","548","0","0","548","0","0","548","0","0","548","0","0","548","0","0","548","0","0","548","0","0","548","0","0","548","0","0","548","0","0","548","0","0","548","0","0","548","0","0","548","0","0","548","0","0","548","0","0","548","0","0","548","0","0","548","0","0","548","0","0","548","0","0","548","0","0","548","0","0","548","0","0","548","0","0","548","0","0","548","0","0","548","0","0","548","0","0","548","0","0","548","0","0","548","0","0","548","0","0","548","0","0","548","0","0","548","0","0","548","0","0","548","0","0","548","0","0","548","0","0","548","0","0","548","0","0","548","0","0","548","0","0","548","0","0","548","0","0","548","0","0","548","0","0","548","0","0","548","0","0","548","0","0","548","0","0","548","0","0","548","0","0"
,"549","0","0","549","0","0","549","0","0","549","0","0","549","0","0","549","0","0","549","0","0","549","0","0","549","0","0","549","0","0","549","0","0","549","0","0","549","0","0","549","0","0","549","0","0","549","0","0","549","0","0","549","0","0","549","0","0","549","0","0","549","0","0","549","0","0","549","0","0","549","0","0","549","0","0","549","0","0","549","0","0","549","0","0","549","0","0","549","0","0","549","0","0","549","0","0","549","0","0","549","0","0","549","0","0","549","0","0","549","0","0","549","0","0","549","0","0","549","0","0","549","0","0","549","0","0","549","0","0","549","0","0","549","0","0","549","0","0","549","0","0","549","0","0","549","0","0","549","0","0","549","0","0","549","0","0","549","0","0","549","0","0","549","0","0","549","0","0","549","0","0","549","0","0","549","0","0","549","0","0"
,"550","0","0","550","0","0","550","0","0","550","0","0","550","0","0","550","0","0","550","0","0","550","0","0","550","0","0","550","0","0","550","0","0","550","0","0","550","0","0","550","0","0","550","0","0","550","0","0","550","0","0","550","0","0","550","0","0","550","0","0","550","0","0","550","0","0","550","0","0","550","0","0","550","0","0","550","0","0","550","0","0","550","0","0","550","0","0","550","0","0","550","0","0","550","0","0","550","0","0","550","0","0","550","0","0","550","0","0","550","0","0","550","0","0","550","0","0","550","0","0","550","0","0","550","0","0","550","0","0","550","0","0","550","0","0","550","0","0","550","0","0","550","0","0","550","0","0","550","0","0","550","0","0","550","0","0","550","0","0","550","0","0","550","0","0","550","0","0","550","0","0","550","0","0","550","0","0","550","0","0"
,"551","0","0","551","0","0","551","0","0","551","0","0","551","0","0","551","0","0","551","0","0","551","0","0","551","0","0","551","0","0","551","0","0","551","0","0","551","0","0","551","0","0","551","0","0","551","0","0","551","0","0","551","0","0","551","0","0","551","0","0","551","0","0","551","0","0","551","0","0","551","0","0","551","0","0","551","0","0","551","0","0","551","0","0","551","0","0","551","0","0","551","0","0","551","0","0","551","0","0","551","0","0","551","0","0","551","0","0","551","0","0","551","0","0","551","0","0","551","0","0","551","0","0","551","0","0","551","0","0","551","0","0","551","0","0","551","0","0","551","0","0","551","0","0","551","0","0","551","0","0","551","0","0","551","0","0","551","0","0","551","0","0","551","0","0","551","0","0","551","0","0","551","0","0","551","0","0","551","0","0"
,"552","0","0","552","0","0","552","0","0","552","0","0","552","0","0","552","0","0","552","0","0","552","0","0","552","0","0","552","0","0","552","0","0","552","0","0","552","0","0","552","0","0","552","0","0","552","0","0","552","0","0","552","0","0","552","0","0","552","0","0","552","0","0","552","0","0","552","0","0","552","0","0","552","0","0","552","0","0","552","0","0","552","0","0","552","0","0","552","0","0","552","0","0","552","0","0","552","0","0","552","0","0","552","0","0","552","0","0","552","0","0","552","0","0","552","0","0","552","0","0","552","0","0","552","0","0","552","0","0","552","0","0","552","0","0","552","0","0","552","0","0","552","0","0","552","0","0","552","0","0","552","0","0","552","0","0","552","0","0","552","0","0","552","0","0","552","0","0","552","0","0","552","0","0","552","0","0","552","0","0"
,"553","0","0","553","0","0","553","0","0","553","0","0","553","0","0","553","0","0","553","0","0","553","0","0","553","0","0","553","0","0","553","0","0","553","0","0","553","0","0","553","0","0","553","0","0","553","0","0","553","0","0","553","0","0","553","0","0","553","0","0","553","0","0","553","0","0","553","0","0","553","0","0","553","0","0","553","0","0","553","0","0","553","0","0","553","0","0","553","0","0","553","0","0","553","0","0","553","0","0","553","0","0","553","0","0","553","0","0","553","0","0","553","0","0","553","0","0","553","0","0","553","0","0","553","0","0","553","0","0","553","0","0","553","0","0","553","0","0","553","0","0","553","0","0","553","0","0","553","0","0","553","0","0","553","0","0","553","0","0","553","0","0","553","0","0","553","0","0","553","0","0","553","0","0","553","0","0","553","0","0"
,"554","0","0","554","0","0","554","0","0","554","0","0","554","0","0","554","0","0","554","0","0","554","0","0","554","0","0","554","0","0","554","0","0","554","0","0","554","0","0","554","0","0","554","0","0","554","0","0","554","0","0","554","0","0","554","0","0","554","0","0","554","0","0","554","0","0","554","0","0","554","0","0","554","0","0","554","0","0","554","0","0","554","0","0","554","0","0","554","0","0","554","0","0","554","0","0","554","0","0","554","0","0","554","0","0","554","0","0","554","0","0","554","0","0","554","0","0","554","0","0","554","0","0","554","0","0","554","0","0","554","0","0","554","0","0","554","0","0","554","0","0","554","0","0","554","0","0","554","0","0","554","0","0","554","0","0","554","0","0","554","0","0","554","0","0","554","0","0","554","0","0","554","0","0","554","0","0","554","0","0"
,"555","0","0","555","0","0","555","0","0","555","0","0","555","0","0","555","0","0","555","0","0","555","0","0","555","0","0","555","0","0","555","0","0","555","0","0","555","0","0","555","0","0","555","0","0","555","0","0","555","0","0","555","0","0","555","0","0","555","0","0","555","0","0","555","0","0","555","0","0","555","0","0","555","0","0","555","0","0","555","0","0","555","0","0","555","0","0","555","0","0","555","0","0","555","0","0","555","0","0","555","0","0","555","0","0","555","0","0","555","0","0","555","0","0","555","0","0","555","0","0","555","0","0","555","0","0","555","0","0","555","0","0","555","0","0","555","0","0","555","0","0","555","0","0","555","0","0","555","0","0","555","0","0","555","0","0","555","0","0","555","0","0","555","0","0","555","0","0","555","0","0","555","0","0","555","0","0","555","0","0"
,"556","0","0","556","0","0","556","0","0","556","0","0","556","0","0","556","0","0","556","0","0","556","0","0","556","0","0","556","0","0","556","0","0","556","0","0","556","0","0","556","0","0","556","0","0","556","0","0","556","0","0","556","0","0","556","0","0","556","0","0","556","0","0","556","0","0","556","0","0","556","0","0","556","0","0","556","0","0","556","0","0","556","0","0","556","0","0","556","0","0","556","0","0","556","0","0","556","0","0","556","0","0","556","0","0","556","0","0","556","0","0","556","0","0","556","0","0","556","0","0","556","0","0","556","0","0","556","0","0","556","0","0","556","0","0","556","0","0","556","0","0","556","0","0","556","0","0","556","0","0","556","0","0","556","0","0","556","0","0","556","0","0","556","0","0","556","0","0","556","0","0","556","0","0","556","0","0","556","0","0"
,"557","0","0","557","0","0","557","0","0","557","0","0","557","0","0","557","0","0","557","0","0","557","0","0","557","0","0","557","0","0","557","0","0","557","0","0","557","0","0","557","0","0","557","0","0","557","0","0","557","0","0","557","0","0","557","0","0","557","0","0","557","0","0","557","0","0","557","0","0","557","0","0","557","0","0","557","0","0","557","0","0","557","0","0","557","0","0","557","0","0","557","0","0","557","0","0","557","0","0","557","0","0","557","0","0","557","0","0","557","0","0","557","0","0","557","0","0","557","0","0","557","0","0","557","0","0","557","0","0","557","0","0","557","0","0","557","0","0","557","0","0","557","0","0","557","0","0","557","0","0","557","0","0","557","0","0","557","0","0","557","0","0","557","0","0","557","0","0","557","0","0","557","0","0","557","0","0","557","0","0"
,"558","0","0","558","0","0","558","0","0","558","0","0","558","0","0","558","0","0","558","0","0","558","0","0","558","0","0","558","0","0","558","0","0","558","0","0","558","0","0","558","0","0","558","0","0","558","0","0","558","0","0","558","0","0","558","0","0","558","0","0","558","0","0","558","0","0","558","0","0","558","0","0","558","0","0","558","0","0","558","0","0","558","0","0","558","0","0","558","0","0","558","0","0","558","0","0","558","0","0","558","0","0","558","0","0","558","0","0","558","0","0","558","0","0","558","0","0","558","0","0","558","0","0","558","0","0","558","0","0","558","0","0","558","0","0","558","0","0","558","0","0","558","0","0","558","0","0","558","0","0","558","0","0","558","0","0","558","0","0","558","0","0","558","0","0","558","0","0","558","0","0","558","0","0","558","0","0","558","0","0"
,"559","0","0","559","0","0","559","0","0","559","0","0","559","0","0","559","0","0","559","0","0","559","0","0","559","0","0","559","0","0","559","0","0","559","0","0","559","0","0","559","0","0","559","0","0","559","0","0","559","0","0","559","0","0","559","0","0","559","0","0","559","0","0","559","0","0","559","0","0","559","0","0","559","0","0","559","0","0","559","0","0","559","0","0","559","0","0","559","0","0","559","0","0","559","0","0","559","0","0","559","0","0","559","0","0","559","0","0","559","0","0","559","0","0","559","0","0","559","0","0","559","0","0","559","0","0","559","0","0","559","0","0","559","0","0","559","0","0","559","0","0","559","0","0","559","0","0","559","0","0","559","0","0","559","0","0","559","0","0","559","0","0","559","0","0","559","0","0","559","0","0","559","0","0","559","0","0","559","0","0"
,"560","0","0","560","0","0","560","0","0","560","0","0","560","0","0","560","0","0","560","0","0","560","0","0","560","0","0","560","0","0","560","0","0","560","0","0","560","0","0","560","0","0","560","0","0","560","0","0","560","0","0","560","0","0","560","0","0","560","0","0","560","0","0","560","0","0","560","0","0","560","0","0","560","0","0","560","0","0","560","0","0","560","0","0","560","0","0","560","0","0","560","0","0","560","0","0","560","0","0","560","0","0","560","0","0","560","0","0","560","0","0","560","0","0","560","0","0","560","0","0","560","0","0","560","0","0","560","0","0","560","0","0","560","0","0","560","0","0","560","0","0","560","0","0","560","0","0","560","0","0","560","0","0","560","0","0","560","0","0","560","0","0","560","0","0","560","0","0","560","0","0","560","0","0","560","0","0","560","0","0"
,"561","0","0","561","0","0","561","0","0","561","0","0","561","0","0","561","0","0","561","0","0","561","0","0","561","0","0","561","0","0","561","0","0","561","0","0","561","0","0","561","0","0","561","0","0","561","0","0","561","0","0","561","0","0","561","0","0","561","0","0","561","0","0","561","0","0","561","0","0","561","0","0","561","0","0","561","0","0","561","0","0","561","0","0","561","0","0","561","0","0","561","0","0","561","0","0","561","0","0","561","0","0","561","0","0","561","0","0","561","0","0","561","0","0","561","0","0","561","0","0","561","0","0","561","0","0","561","0","0","561","0","0","561","0","0","561","0","0","561","0","0","561","0","0","561","0","0","561","0","0","561","0","0","561","0","0","561","0","0","561","0","0","561","0","0","561","0","0","561","0","0","561","0","0","561","0","0","561","0","0"
,"562","0","0","562","0","0","562","0","0","562","0","0","562","0","0","562","0","0","562","0","0","562","0","0","562","0","0","562","0","0","562","0","0","562","0","0","562","0","0","562","0","0","562","0","0","562","0","0","562","0","0","562","0","0","562","0","0","562","0","0","562","0","0","562","0","0","562","0","0","562","0","0","562","0","0","562","0","0","562","0","0","562","0","0","562","0","0","562","0","0","562","0","0","562","0","0","562","0","0","562","0","0","562","0","0","562","0","0","562","0","0","562","0","0","562","0","0","562","0","0","562","0","0","562","0","0","562","0","0","562","0","0","562","0","0","562","0","0","562","0","0","562","0","0","562","0","0","562","0","0","562","0","0","562","0","0","562","0","0","562","0","0","562","0","0","562","0","0","562","0","0","562","0","0","562","0","0","562","0","0"
,"563","0","0","563","0","0","563","0","0","563","0","0","563","0","0","563","0","0","563","0","0","563","0","0","563","0","0","563","0","0","563","0","0","563","0","0","563","0","0","563","0","0","563","0","0","563","0","0","563","0","0","563","0","0","563","0","0","563","0","0","563","0","0","563","0","0","563","0","0","563","0","0","563","0","0","563","0","0","563","0","0","563","0","0","563","0","0","563","0","0","563","0","0","563","0","0","563","0","0","563","0","0","563","0","0","563","0","0","563","0","0","563","0","0","563","0","0","563","0","0","563","0","0","563","0","0","563","0","0","563","0","0","563","0","0","563","0","0","563","0","0","563","0","0","563","0","0","563","0","0","563","0","0","563","0","0","563","0","0","563","0","0","563","0","0","563","0","0","563","0","0","563","0","0","563","0","0","563","0","0"
,"564","0","0","564","0","0","564","0","0","564","0","0","564","0","0","564","0","0","564","0","0","564","0","0","564","0","0","564","0","0","564","0","0","564","0","0","564","0","0","564","0","0","564","0","0","564","0","0","564","0","0","564","0","0","564","0","0","564","0","0","564","0","0","564","0","0","564","0","0","564","0","0","564","0","0","564","0","0","564","0","0","564","0","0","564","0","0","564","0","0","564","0","0","564","0","0","564","0","0","564","0","0","564","0","0","564","0","0","564","0","0","564","0","0","564","0","0","564","0","0","564","0","0","564","0","0","564","0","0","564","0","0","564","0","0","564","0","0","564","0","0","564","0","0","564","0","0","564","0","0","564","0","0","564","0","0","564","0","0","564","0","0","564","0","0","564","0","0","564","0","0","564","0","0","564","0","0","564","0","0"
,"565","0","0","565","0","0","565","0","0","565","0","0","565","0","0","565","0","0","565","0","0","565","0","0","565","0","0","565","0","0","565","0","0","565","0","0","565","0","0","565","0","0","565","0","0","565","0","0","565","0","0","565","0","0","565","0","0","565","0","0","565","0","0","565","0","0","565","0","0","565","0","0","565","0","0","565","0","0","565","0","0","565","0","0","565","0","0","565","0","0","565","0","0","565","0","0","565","0","0","565","0","0","565","0","0","565","0","0","565","0","0","565","0","0","565","0","0","565","0","0","565","0","0","565","0","0","565","0","0","565","0","0","565","0","0","565","0","0","565","0","0","565","0","0","565","0","0","565","0","0","565","0","0","565","0","0","565","0","0","565","0","0","565","0","0","565","0","0","565","0","0","565","0","0","565","0","0","565","0","0"
,"566","0","0","566","0","0","566","0","0","566","0","0","566","0","0","566","0","0","566","0","0","566","0","0","566","0","0","566","0","0","566","0","0","566","0","0","566","0","0","566","0","0","566","0","0","566","0","0","566","0","0","566","0","0","566","0","0","566","0","0","566","0","0","566","0","0","566","0","0","566","0","0","566","0","0","566","0","0","566","0","0","566","0","0","566","0","0","566","0","0","566","0","0","566","0","0","566","0","0","566","0","0","566","0","0","566","0","0","566","0","0","566","0","0","566","0","0","566","0","0","566","0","0","566","0","0","566","0","0","566","0","0","566","0","0","566","0","0","566","0","0","566","0","0","566","0","0","566","0","0","566","0","0","566","0","0","566","0","0","566","0","0","566","0","0","566","0","0","566","0","0","566","0","0","566","0","0","566","0","0"
,"567","0","0","567","0","0","567","0","0","567","0","0","567","0","0","567","0","0","567","0","0","567","0","0","567","0","0","567","0","0","567","0","0","567","0","0","567","0","0","567","0","0","567","0","0","567","0","0","567","0","0","567","0","0","567","0","0","567","0","0","567","0","0","567","0","0","567","0","0","567","0","0","567","0","0","567","0","0","567","0","0","567","0","0","567","0","0","567","0","0","567","0","0","567","0","0","567","0","0","567","0","0","567","0","0","567","0","0","567","0","0","567","0","0","567","0","0","567","0","0","567","0","0","567","0","0","567","0","0","567","0","0","567","0","0","567","0","0","567","0","0","567","0","0","567","0","0","567","0","0","567","0","0","567","0","0","567","0","0","567","0","0","567","0","0","567","0","0","567","0","0","567","0","0","567","0","0","567","0","0"
,"568","0","0","568","0","0","568","0","0","568","0","0","568","0","0","568","0","0","568","0","0","568","0","0","568","0","0","568","0","0","568","0","0","568","0","0","568","0","0","568","0","0","568","0","0","568","0","0","568","0","0","568","0","0","568","0","0","568","0","0","568","0","0","568","0","0","568","0","0","568","0","0","568","0","0","568","0","0","568","0","0","568","0","0","568","0","0","568","0","0","568","0","0","568","0","0","568","0","0","568","0","0","568","0","0","568","0","0","568","0","0","568","0","0","568","0","0","568","0","0","568","0","0","568","0","0","568","0","0","568","0","0","568","0","0","568","0","0","568","0","0","568","0","0","568","0","0","568","0","0","568","0","0","568","0","0","568","0","0","568","0","0","568","0","0","568","0","0","568","0","0","568","0","0","568","0","0","568","0","0"
,"569","0","0","569","0","0","569","0","0","569","0","0","569","0","0","569","0","0","569","0","0","569","0","0","569","0","0","569","0","0","569","0","0","569","0","0","569","0","0","569","0","0","569","0","0","569","0","0","569","0","0","569","0","0","569","0","0","569","0","0","569","0","0","569","0","0","569","0","0","569","0","0","569","0","0","569","0","0","569","0","0","569","0","0","569","0","0","569","0","0","569","0","0","569","0","0","569","0","0","569","0","0","569","0","0","569","0","0","569","0","0","569","0","0","569","0","0","569","0","0","569","0","0","569","0","0","569","0","0","569","0","0","569","0","0","569","0","0","569","0","0","569","0","0","569","0","0","569","0","0","569","0","0","569","0","0","569","0","0","569","0","0","569","0","0","569","0","0","569","0","0","569","0","0","569","0","0","569","0","0"
,"570","0","0","570","0","0","570","0","0","570","0","0","570","0","0","570","0","0","570","0","0","570","0","0","570","0","0","570","0","0","570","0","0","570","0","0","570","0","0","570","0","0","570","0","0","570","0","0","570","0","0","570","0","0","570","0","0","570","0","0","570","0","0","570","0","0","570","0","0","570","0","0","570","0","0","570","0","0","570","0","0","570","0","0","570","0","0","570","0","0","570","0","0","570","0","0","570","0","0","570","0","0","570","0","0","570","0","0","570","0","0","570","0","0","570","0","0","570","0","0","570","0","0","570","0","0","570","0","0","570","0","0","570","0","0","570","0","0","570","0","0","570","0","0","570","0","0","570","0","0","570","0","0","570","0","0","570","0","0","570","0","0","570","0","0","570","0","0","570","0","0","570","0","0","570","0","0","570","0","0"
,"571","0","0","571","0","0","571","0","0","571","0","0","571","0","0","571","0","0","571","0","0","571","0","0","571","0","0","571","0","0","571","0","0","571","0","0","571","0","0","571","0","0","571","0","0","571","0","0","571","0","0","571","0","0","571","0","0","571","0","0","571","0","0","571","0","0","571","0","0","571","0","0","571","0","0","571","0","0","571","0","0","571","0","0","571","0","0","571","0","0","571","0","0","571","0","0","571","0","0","571","0","0","571","0","0","571","0","0","571","0","0","571","0","0","571","0","0","571","0","0","571","0","0","571","0","0","571","0","0","571","0","0","571","0","0","571","0","0","571","0","0","571","0","0","571","0","0","571","0","0","571","0","0","571","0","0","571","0","0","571","0","0","571","0","0","571","0","0","571","0","0","571","0","0","571","0","0","571","0","0"
,"572","0","0","572","0","0","572","0","0","572","0","0","572","0","0","572","0","0","572","0","0","572","0","0","572","0","0","572","0","0","572","0","0","572","0","0","572","0","0","572","0","0","572","0","0","572","0","0","572","0","0","572","0","0","572","0","0","572","0","0","572","0","0","572","0","0","572","0","0","572","0","0","572","0","0","572","0","0","572","0","0","572","0","0","572","0","0","572","0","0","572","0","0","572","0","0","572","0","0","572","0","0","572","0","0","572","0","0","572","0","0","572","0","0","572","0","0","572","0","0","572","0","0","572","0","0","572","0","0","572","0","0","572","0","0","572","0","0","572","0","0","572","0","0","572","0","0","572","0","0","572","0","0","572","0","0","572","0","0","572","0","0","572","0","0","572","0","0","572","0","0","572","0","0","572","0","0","572","0","0"
,"573","0","0","573","0","0","573","0","0","573","0","0","573","0","0","573","0","0","573","0","0","573","0","0","573","0","0","573","0","0","573","0","0","573","0","0","573","0","0","573","0","0","573","0","0","573","0","0","573","0","0","573","0","0","573","0","0","573","0","0","573","0","0","573","0","0","573","0","0","573","0","0","573","0","0","573","0","0","573","0","0","573","0","0","573","0","0","573","0","0","573","0","0","573","0","0","573","0","0","573","0","0","573","0","0","573","0","0","573","0","0","573","0","0","573","0","0","573","0","0","573","0","0","573","0","0","573","0","0","573","0","0","573","0","0","573","0","0","573","0","0","573","0","0","573","0","0","573","0","0","573","0","0","573","0","0","573","0","0","573","0","0","573","0","0","573","0","0","573","0","0","573","0","0","573","0","0","573","0","0"
,"574","0","0","574","0","0","574","0","0","574","0","0","574","0","0","574","0","0","574","0","0","574","0","0","574","0","0","574","0","0","574","0","0","574","0","0","574","0","0","574","0","0","574","0","0","574","0","0","574","0","0","574","0","0","574","0","0","574","0","0","574","0","0","574","0","0","574","0","0","574","0","0","574","0","0","574","0","0","574","0","0","574","0","0","574","0","0","574","0","0","574","0","0","574","0","0","574","0","0","574","0","0","574","0","0","574","0","0","574","0","0","574","0","0","574","0","0","574","0","0","574","0","0","574","0","0","574","0","0","574","0","0","574","0","0","574","0","0","574","0","0","574","0","0","574","0","0","574","0","0","574","0","0","574","0","0","574","0","0","574","0","0","574","0","0","574","0","0","574","0","0","574","0","0","574","0","0","574","0","0"
,"575","0","0","575","0","0","575","0","0","575","0","0","575","0","0","575","0","0","575","0","0","575","0","0","575","0","0","575","0","0","575","0","0","575","0","0","575","0","0","575","0","0","575","0","0","575","0","0","575","0","0","575","0","0","575","0","0","575","0","0","575","0","0","575","0","0","575","0","0","575","0","0","575","0","0","575","0","0","575","0","0","575","0","0","575","0","0","575","0","0","575","0","0","575","0","0","575","0","0","575","0","0","575","0","0","575","0","0","575","0","0","575","0","0","575","0","0","575","0","0","575","0","0","575","0","0","575","0","0","575","0","0","575","0","0","575","0","0","575","0","0","575","0","0","575","0","0","575","0","0","575","0","0","575","0","0","575","0","0","575","0","0","575","0","0","575","0","0","575","0","0","575","0","0","575","0","0","575","0","0"
,"576","0","0","576","0","0","576","0","0","576","0","0","576","0","0","576","0","0","576","0","0","576","0","0","576","0","0","576","0","0","576","0","0","576","0","0","576","0","0","576","0","0","576","0","0","576","0","0","576","0","0","576","0","0","576","0","0","576","0","0","576","0","0","576","0","0","576","0","0","576","0","0","576","0","0","576","0","0","576","0","0","576","0","0","576","0","0","576","0","0","576","0","0","576","0","0","576","0","0","576","0","0","576","0","0","576","0","0","576","0","0","576","0","0","576","0","0","576","0","0","576","0","0","576","0","0","576","0","0","576","0","0","576","0","0","576","0","0","576","0","0","576","0","0","576","0","0","576","0","0","576","0","0","576","0","0","576","0","0","576","0","0","576","0","0","576","0","0","576","0","0","576","0","0","576","0","0","576","0","0"
,"577","0","0","577","0","0","577","0","0","577","0","0","577","0","0","577","0","0","577","0","0","577","0","0","577","0","0","577","0","0","577","0","0","577","0","0","577","0","0","577","0","0","577","0","0","577","0","0","577","0","0","577","0","0","577","0","0","577","0","0","577","0","0","577","0","0","577","0","0","577","0","0","577","0","0","577","0","0","577","0","0","577","0","0","577","0","0","577","0","0","577","0","0","577","0","0","577","0","0","577","0","0","577","0","0","577","0","0","577","0","0","577","0","0","577","0","0","577","0","0","577","0","0","577","0","0","577","0","0","577","0","0","577","0","0","577","0","0","577","0","0","577","0","0","577","0","0","577","0","0","577","0","0","577","0","0","577","0","0","577","0","0","577","0","0","577","0","0","577","0","0","577","0","0","577","0","0","577","0","0"
,"578","0","0","578","0","0","578","0","0","578","0","0","578","0","0","578","0","0","578","0","0","578","0","0","578","0","0","578","0","0","578","0","0","578","0","0","578","0","0","578","0","0","578","0","0","578","0","0","578","0","0","578","0","0","578","0","0","578","0","0","578","0","0","578","0","0","578","0","0","578","0","0","578","0","0","578","0","0","578","0","0","578","0","0","578","0","0","578","0","0","578","0","0","578","0","0","578","0","0","578","0","0","578","0","0","578","0","0","578","0","0","578","0","0","578","0","0","578","0","0","578","0","0","578","0","0","578","0","0","578","0","0","578","0","0","578","0","0","578","0","0","578","0","0","578","0","0","578","0","0","578","0","0","578","0","0","578","0","0","578","0","0","578","0","0","578","0","0","578","0","0","578","0","0","578","0","0","578","0","0"
,"579","0","0","579","0","0","579","0","0","579","0","0","579","0","0","579","0","0","579","0","0","579","0","0","579","0","0","579","0","0","579","0","0","579","0","0","579","0","0","579","0","0","579","0","0","579","0","0","579","0","0","579","0","0","579","0","0","579","0","0","579","0","0","579","0","0","579","0","0","579","0","0","579","0","0","579","0","0","579","0","0","579","0","0","579","0","0","579","0","0","579","0","0","579","0","0","579","0","0","579","0","0","579","0","0","579","0","0","579","0","0","579","0","0","579","0","0","579","0","0","579","0","0","579","0","0","579","0","0","579","0","0","579","0","0","579","0","0","579","0","0","579","0","0","579","0","0","579","0","0","579","0","0","579","0","0","579","0","0","579","0","0","579","0","0","579","0","0","579","0","0","579","0","0","579","0","0","579","0","0"
,"580","0","0","580","0","0","580","0","0","580","0","0","580","0","0","580","0","0","580","0","0","580","0","0","580","0","0","580","0","0","580","0","0","580","0","0","580","0","0","580","0","0","580","0","0","580","0","0","580","0","0","580","0","0","580","0","0","580","0","0","580","0","0","580","0","0","580","0","0","580","0","0","580","0","0","580","0","0","580","0","0","580","0","0","580","0","0","580","0","0","580","0","0","580","0","0","580","0","0","580","0","0","580","0","0","580","0","0","580","0","0","580","0","0","580","0","0","580","0","0","580","0","0","580","0","0","580","0","0","580","0","0","580","0","0","580","0","0","580","0","0","580","0","0","580","0","0","580","0","0","580","0","0","580","0","0","580","0","0","580","0","0","580","0","0","580","0","0","580","0","0","580","0","0","580","0","0","580","0","0"
,"581","0","0","581","0","0","581","0","0","581","0","0","581","0","0","581","0","0","581","0","0","581","0","0","581","0","0","581","0","0","581","0","0","581","0","0","581","0","0","581","0","0","581","0","0","581","0","0","581","0","0","581","0","0","581","0","0","581","0","0","581","0","0","581","0","0","581","0","0","581","0","0","581","0","0","581","0","0","581","0","0","581","0","0","581","0","0","581","0","0","581","0","0","581","0","0","581","0","0","581","0","0","581","0","0","581","0","0","581","0","0","581","0","0","581","0","0","581","0","0","581","0","0","581","0","0","581","0","0","581","0","0","581","0","0","581","0","0","581","0","0","581","0","0","581","0","0","581","0","0","581","0","0","581","0","0","581","0","0","581","0","0","581","0","0","581","0","0","581","0","0","581","0","0","581","0","0","581","0","0"
,"582","0","0","582","0","0","582","0","0","582","0","0","582","0","0","582","0","0","582","0","0","582","0","0","582","0","0","582","0","0","582","0","0","582","0","0","582","0","0","582","0","0","582","0","0","582","0","0","582","0","0","582","0","0","582","0","0","582","0","0","582","0","0","582","0","0","582","0","0","582","0","0","582","0","0","582","0","0","582","0","0","582","0","0","582","0","0","582","0","0","582","0","0","582","0","0","582","0","0","582","0","0","582","0","0","582","0","0","582","0","0","582","0","0","582","0","0","582","0","0","582","0","0","582","0","0","582","0","0","582","0","0","582","0","0","582","0","0","582","0","0","582","0","0","582","0","0","582","0","0","582","0","0","582","0","0","582","0","0","582","0","0","582","0","0","582","0","0","582","0","0","582","0","0","582","0","0","582","0","0"
,"583","0","0","583","0","0","583","0","0","583","0","0","583","0","0","583","0","0","583","0","0","583","0","0","583","0","0","583","0","0","583","0","0","583","0","0","583","0","0","583","0","0","583","0","0","583","0","0","583","0","0","583","0","0","583","0","0","583","0","0","583","0","0","583","0","0","583","0","0","583","0","0","583","0","0","583","0","0","583","0","0","583","0","0","583","0","0","583","0","0","583","0","0","583","0","0","583","0","0","583","0","0","583","0","0","583","0","0","583","0","0","583","0","0","583","0","0","583","0","0","583","0","0","583","0","0","583","0","0","583","0","0","583","0","0","583","0","0","583","0","0","583","0","0","583","0","0","583","0","0","583","0","0","583","0","0","583","0","0","583","0","0","583","0","0","583","0","0","583","0","0","583","0","0","583","0","0","583","0","0"
,"584","0","0","584","0","0","584","0","0","584","0","0","584","0","0","584","0","0","584","0","0","584","0","0","584","0","0","584","0","0","584","0","0","584","0","0","584","0","0","584","0","0","584","0","0","584","0","0","584","0","0","584","0","0","584","0","0","584","0","0","584","0","0","584","0","0","584","0","0","584","0","0","584","0","0","584","0","0","584","0","0","584","0","0","584","0","0","584","0","0","584","0","0","584","0","0","584","0","0","584","0","0","584","0","0","584","0","0","584","0","0","584","0","0","584","0","0","584","0","0","584","0","0","584","0","0","584","0","0","584","0","0","584","0","0","584","0","0","584","0","0","584","0","0","584","0","0","584","0","0","584","0","0","584","0","0","584","0","0","584","0","0","584","0","0","584","0","0","584","0","0","584","0","0","584","0","0","584","0","0"
,"585","0","0","585","0","0","585","0","0","585","0","0","585","0","0","585","0","0","585","0","0","585","0","0","585","0","0","585","0","0","585","0","0","585","0","0","585","0","0","585","0","0","585","0","0","585","0","0","585","0","0","585","0","0","585","0","0","585","0","0","585","0","0","585","0","0","585","0","0","585","0","0","585","0","0","585","0","0","585","0","0","585","0","0","585","0","0","585","0","0","585","0","0","585","0","0","585","0","0","585","0","0","585","0","0","585","0","0","585","0","0","585","0","0","585","0","0","585","0","0","585","0","0","585","0","0","585","0","0","585","0","0","585","0","0","585","0","0","585","0","0","585","0","0","585","0","0","585","0","0","585","0","0","585","0","0","585","0","0","585","0","0","585","0","0","585","0","0","585","0","0","585","0","0","585","0","0","585","0","0"
,"586","0","0","586","0","0","586","0","0","586","0","0","586","0","0","586","0","0","586","0","0","586","0","0","586","0","0","586","0","0","586","0","0","586","0","0","586","0","0","586","0","0","586","0","0","586","0","0","586","0","0","586","0","0","586","0","0","586","0","0","586","0","0","586","0","0","586","0","0","586","0","0","586","0","0","586","0","0","586","0","0","586","0","0","586","0","0","586","0","0","586","0","0","586","0","0","586","0","0","586","0","0","586","0","0","586","0","0","586","0","0","586","0","0","586","0","0","586","0","0","586","0","0","586","0","0","586","0","0","586","0","0","586","0","0","586","0","0","586","0","0","586","0","0","586","0","0","586","0","0","586","0","0","586","0","0","586","0","0","586","0","0","586","0","0","586","0","0","586","0","0","586","0","0","586","0","0","586","0","0"
,"587","0","0","587","0","0","587","0","0","587","0","0","587","0","0","587","0","0","587","0","0","587","0","0","587","0","0","587","0","0","587","0","0","587","0","0","587","0","0","587","0","0","587","0","0","587","0","0","587","0","0","587","0","0","587","0","0","587","0","0","587","0","0","587","0","0","587","0","0","587","0","0","587","0","0","587","0","0","587","0","0","587","0","0","587","0","0","587","0","0","587","0","0","587","0","0","587","0","0","587","0","0","587","0","0","587","0","0","587","0","0","587","0","0","587","0","0","587","0","0","587","0","0","587","0","0","587","0","0","587","0","0","587","0","0","587","0","0","587","0","0","587","0","0","587","0","0","587","0","0","587","0","0","587","0","0","587","0","0","587","0","0","587","0","0","587","0","0","587","0","0","587","0","0","587","0","0","587","0","0"
,"588","0","0","588","0","0","588","0","0","588","0","0","588","0","0","588","0","0","588","0","0","588","0","0","588","0","0","588","0","0","588","0","0","588","0","0","588","0","0","588","0","0","588","0","0","588","0","0","588","0","0","588","0","0","588","0","0","588","0","0","588","0","0","588","0","0","588","0","0","588","0","0","588","0","0","588","0","0","588","0","0","588","0","0","588","0","0","588","0","0","588","0","0","588","0","0","588","0","0","588","0","0","588","0","0","588","0","0","588","0","0","588","0","0","588","0","0","588","0","0","588","0","0","588","0","0","588","0","0","588","0","0","588","0","0","588","0","0","588","0","0","588","0","0","588","0","0","588","0","0","588","0","0","588","0","0","588","0","0","588","0","0","588","0","0","588","0","0","588","0","0","588","0","0","588","0","0","588","0","0"
,"589","0","0","589","0","0","589","0","0","589","0","0","589","0","0","589","0","0","589","0","0","589","0","0","589","0","0","589","0","0","589","0","0","589","0","0","589","0","0","589","0","0","589","0","0","589","0","0","589","0","0","589","0","0","589","0","0","589","0","0","589","0","0","589","0","0","589","0","0","589","0","0","589","0","0","589","0","0","589","0","0","589","0","0","589","0","0","589","0","0","589","0","0","589","0","0","589","0","0","589","0","0","589","0","0","589","0","0","589","0","0","589","0","0","589","0","0","589","0","0","589","0","0","589","0","0","589","0","0","589","0","0","589","0","0","589","0","0","589","0","0","589","0","0","589","0","0","589","0","0","589","0","0","589","0","0","589","0","0","589","0","0","589","0","0","589","0","0","589","0","0","589","0","0","589","0","0","589","0","0"
,"590","0","0","590","0","0","590","0","0","590","0","0","590","0","0","590","0","0","590","0","0","590","0","0","590","0","0","590","0","0","590","0","0","590","0","0","590","0","0","590","0","0","590","0","0","590","0","0","590","0","0","590","0","0","590","0","0","590","0","0","590","0","0","590","0","0","590","0","0","590","0","0","590","0","0","590","0","0","590","0","0","590","0","0","590","0","0","590","0","0","590","0","0","590","0","0","590","0","0","590","0","0","590","0","0","590","0","0","590","0","0","590","0","0","590","0","0","590","0","0","590","0","0","590","0","0","590","0","0","590","0","0","590","0","0","590","0","0","590","0","0","590","0","0","590","0","0","590","0","0","590","0","0","590","0","0","590","0","0","590","0","0","590","0","0","590","0","0","590","0","0","590","0","0","590","0","0","590","0","0"
,"591","0","0","591","0","0","591","0","0","591","0","0","591","0","0","591","0","0","591","0","0","591","0","0","591","0","0","591","0","0","591","0","0","591","0","0","591","0","0","591","0","0","591","0","0","591","0","0","591","0","0","591","0","0","591","0","0","591","0","0","591","0","0","591","0","0","591","0","0","591","0","0","591","0","0","591","0","0","591","0","0","591","0","0","591","0","0","591","0","0","591","0","0","591","0","0","591","0","0","591","0","0","591","0","0","591","0","0","591","0","0","591","0","0","591","0","0","591","0","0","591","0","0","591","0","0","591","0","0","591","0","0","591","0","0","591","0","0","591","0","0","591","0","0","591","0","0","591","0","0","591","0","0","591","0","0","591","0","0","591","0","0","591","0","0","591","0","0","591","0","0","591","0","0","591","0","0","591","0","0"
,"592","0","0","592","0","0","592","0","0","592","0","0","592","0","0","592","0","0","592","0","0","592","0","0","592","0","0","592","0","0","592","0","0","592","0","0","592","0","0","592","0","0","592","0","0","592","0","0","592","0","0","592","0","0","592","0","0","592","0","0","592","0","0","592","0","0","592","0","0","592","0","0","592","0","0","592","0","0","592","0","0","592","0","0","592","0","0","592","0","0","592","0","0","592","0","0","592","0","0","592","0","0","592","0","0","592","0","0","592","0","0","592","0","0","592","0","0","592","0","0","592","0","0","592","0","0","592","0","0","592","0","0","592","0","0","592","0","0","592","0","0","592","0","0","592","0","0","592","0","0","592","0","0","592","0","0","592","0","0","592","0","0","592","0","0","592","0","0","592","0","0","592","0","0","592","0","0","592","0","0"
,"593","0","0","593","0","0","593","0","0","593","0","0","593","0","0","593","0","0","593","0","0","593","0","0","593","0","0","593","0","0","593","0","0","593","0","0","593","0","0","593","0","0","593","0","0","593","0","0","593","0","0","593","0","0","593","0","0","593","0","0","593","0","0","593","0","0","593","0","0","593","0","0","593","0","0","593","0","0","593","0","0","593","0","0","593","0","0","593","0","0","593","0","0","593","0","0","593","0","0","593","0","0","593","0","0","593","0","0","593","0","0","593","0","0","593","0","0","593","0","0","593","0","0","593","0","0","593","0","0","593","0","0","593","0","0","593","0","0","593","0","0","593","0","0","593","0","0","593","0","0","593","0","0","593","0","0","593","0","0","593","0","0","593","0","0","593","0","0","593","0","0","593","0","0","593","0","0","593","0","0"
,"594","0","0","594","0","0","594","0","0","594","0","0","594","0","0","594","0","0","594","0","0","594","0","0","594","0","0","594","0","0","594","0","0","594","0","0","594","0","0","594","0","0","594","0","0","594","0","0","594","0","0","594","0","0","594","0","0","594","0","0","594","0","0","594","0","0","594","0","0","594","0","0","594","0","0","594","0","0","594","0","0","594","0","0","594","0","0","594","0","0","594","0","0","594","0","0","594","0","0","594","0","0","594","0","0","594","0","0","594","0","0","594","0","0","594","0","0","594","0","0","594","0","0","594","0","0","594","0","0","594","0","0","594","0","0","594","0","0","594","0","0","594","0","0","594","0","0","594","0","0","594","0","0","594","0","0","594","0","0","594","0","0","594","0","0","594","0","0","594","0","0","594","0","0","594","0","0","594","0","0"
,"595","0","0","595","0","0","595","0","0","595","0","0","595","0","0","595","0","0","595","0","0","595","0","0","595","0","0","595","0","0","595","0","0","595","0","0","595","0","0","595","0","0","595","0","0","595","0","0","595","0","0","595","0","0","595","0","0","595","0","0","595","0","0","595","0","0","595","0","0","595","0","0","595","0","0","595","0","0","595","0","0","595","0","0","595","0","0","595","0","0","595","0","0","595","0","0","595","0","0","595","0","0","595","0","0","595","0","0","595","0","0","595","0","0","595","0","0","595","0","0","595","0","0","595","0","0","595","0","0","595","0","0","595","0","0","595","0","0","595","0","0","595","0","0","595","0","0","595","0","0","595","0","0","595","0","0","595","0","0","595","0","0","595","0","0","595","0","0","595","0","0","595","0","0","595","0","0","595","0","0"
,"596","0","0","596","0","0","596","0","0","596","0","0","596","0","0","596","0","0","596","0","0","596","0","0","596","0","0","596","0","0","596","0","0","596","0","0","596","0","0","596","0","0","596","0","0","596","0","0","596","0","0","596","0","0","596","0","0","596","0","0","596","0","0","596","0","0","596","0","0","596","0","0","596","0","0","596","0","0","596","0","0","596","0","0","596","0","0","596","0","0","596","0","0","596","0","0","596","0","0","596","0","0","596","0","0","596","0","0","596","0","0","596","0","0","596","0","0","596","0","0","596","0","0","596","0","0","596","0","0","596","0","0","596","0","0","596","0","0","596","0","0","596","0","0","596","0","0","596","0","0","596","0","0","596","0","0","596","0","0","596","0","0","596","0","0","596","0","0","596","0","0","596","0","0","596","0","0","596","0","0"
,"597","0","0","597","0","0","597","0","0","597","0","0","597","0","0","597","0","0","597","0","0","597","0","0","597","0","0","597","0","0","597","0","0","597","0","0","597","0","0","597","0","0","597","0","0","597","0","0","597","0","0","597","0","0","597","0","0","597","0","0","597","0","0","597","0","0","597","0","0","597","0","0","597","0","0","597","0","0","597","0","0","597","0","0","597","0","0","597","0","0","597","0","0","597","0","0","597","0","0","597","0","0","597","0","0","597","0","0","597","0","0","597","0","0","597","0","0","597","0","0","597","0","0","597","0","0","597","0","0","597","0","0","597","0","0","597","0","0","597","0","0","597","0","0","597","0","0","597","0","0","597","0","0","597","0","0","597","0","0","597","0","0","597","0","0","597","0","0","597","0","0","597","0","0","597","0","0","597","0","0"
,"598","0","0","598","0","0","598","0","0","598","0","0","598","0","0","598","0","0","598","0","0","598","0","0","598","0","0","598","0","0","598","0","0","598","0","0","598","0","0","598","0","0","598","0","0","598","0","0","598","0","0","598","0","0","598","0","0","598","0","0","598","0","0","598","0","0","598","0","0","598","0","0","598","0","0","598","0","0","598","0","0","598","0","0","598","0","0","598","0","0","598","0","0","598","0","0","598","0","0","598","0","0","598","0","0","598","0","0","598","0","0","598","0","0","598","0","0","598","0","0","598","0","0","598","0","0","598","0","0","598","0","0","598","0","0","598","0","0","598","0","0","598","0","0","598","0","0","598","0","0","598","0","0","598","0","0","598","0","0","598","0","0","598","0","0","598","0","0","598","0","0","598","0","0","598","0","0","598","0","0"
,"599","0","0","599","0","0","599","0","0","599","0","0","599","0","0","599","0","0","599","0","0","599","0","0","599","0","0","599","0","0","599","0","0","599","0","0","599","0","0","599","0","0","599","0","0","599","0","0","599","0","0","599","0","0","599","0","0","599","0","0","599","0","0","599","0","0","599","0","0","599","0","0","599","0","0","599","0","0","599","0","0","599","0","0","599","0","0","599","0","0","599","0","0","599","0","0","599","0","0","599","0","0","599","0","0","599","0","0","599","0","0","599","0","0","599","0","0","599","0","0","599","0","0","599","0","0","599","0","0","599","0","0","599","0","0","599","0","0","599","0","0","599","0","0","599","0","0","599","0","0","599","0","0","599","0","0","599","0","0","599","0","0","599","0","0","599","0","0","599","0","0","599","0","0","599","0","0","599","0","0"
,"600","0","0","600","0","0","600","0","0","600","0","0","600","0","0","600","0","0","600","0","0","600","0","0","600","0","0","600","0","0","600","0","0","600","0","0","600","0","0","600","0","0","600","0","0","600","0","0","600","0","0","600","0","0","600","0","0","600","0","0","600","0","0","600","0","0","600","0","0","600","0","0","600","0","0","600","0","0","600","0","0","600","0","0","600","0","0","600","0","0","600","0","0","600","0","0","600","0","0","600","0","0","600","0","0","600","0","0","600","0","0","600","0","0","600","0","0","600","0","0","600","0","0","600","0","0","600","0","0","600","0","0","600","0","0","600","0","0","600","0","0","600","0","0","600","0","0","600","0","0","600","0","0","600","0","0","600","0","0","600","0","0","600","0","0","600","0","0","600","0","0","600","0","0","600","0","0","600","0","0"
,"601","0","0","601","0","0","601","0","0","601","0","0","601","0","0","601","0","0","601","0","0","601","0","0","601","0","0","601","0","0","601","0","0","601","0","0","601","0","0","601","0","0","601","0","0","601","0","0","601","0","0","601","0","0","601","0","0","601","0","0","601","0","0","601","0","0","601","0","0","601","0","0","601","0","0","601","0","0","601","0","0","601","0","0","601","0","0","601","0","0","601","0","0","601","0","0","601","0","0","601","0","0","601","0","0","601","0","0","601","0","0","601","0","0","601","0","0","601","0","0","601","0","0","601","0","0","601","0","0","601","0","0","601","0","0","601","0","0","601","0","0","601","0","0","601","0","0","601","0","0","601","0","0","601","0","0","601","0","0","601","0","0","601","0","0","601","0","0","601","0","0","601","0","0","601","0","0","601","0","0"
,"602","0","0","602","0","0","602","0","0","602","0","0","602","0","0","602","0","0","602","0","0","602","0","0","602","0","0","602","0","0","602","0","0","602","0","0","602","0","0","602","0","0","602","0","0","602","0","0","602","0","0","602","0","0","602","0","0","602","0","0","602","0","0","602","0","0","602","0","0","602","0","0","602","0","0","602","0","0","602","0","0","602","0","0","602","0","0","602","0","0","602","0","0","602","0","0","602","0","0","602","0","0","602","0","0","602","0","0","602","0","0","602","0","0","602","0","0","602","0","0","602","0","0","602","0","0","602","0","0","602","0","0","602","0","0","602","0","0","602","0","0","602","0","0","602","0","0","602","0","0","602","0","0","602","0","0","602","0","0","602","0","0","602","0","0","602","0","0","602","0","0","602","0","0","602","0","0","602","0","0"
,"603","0","0","603","0","0","603","0","0","603","0","0","603","0","0","603","0","0","603","0","0","603","0","0","603","0","0","603","0","0","603","0","0","603","0","0","603","0","0","603","0","0","603","0","0","603","0","0","603","0","0","603","0","0","603","0","0","603","0","0","603","0","0","603","0","0","603","0","0","603","0","0","603","0","0","603","0","0","603","0","0","603","0","0","603","0","0","603","0","0","603","0","0","603","0","0","603","0","0","603","0","0","603","0","0","603","0","0","603","0","0","603","0","0","603","0","0","603","0","0","603","0","0","603","0","0","603","0","0","603","0","0","603","0","0","603","0","0","603","0","0","603","0","0","603","0","0","603","0","0","603","0","0","603","0","0","603","0","0","603","0","0","603","0","0","603","0","0","603","0","0","603","0","0","603","0","0","603","0","0"
,"604","0","0","604","0","0","604","0","0","604","0","0","604","0","0","604","0","0","604","0","0","604","0","0","604","0","0","604","0","0","604","0","0","604","0","0","604","0","0","604","0","0","604","0","0","604","0","0","604","0","0","604","0","0","604","0","0","604","0","0","604","0","0","604","0","0","604","0","0","604","0","0","604","0","0","604","0","0","604","0","0","604","0","0","604","0","0","604","0","0","604","0","0","604","0","0","604","0","0","604","0","0","604","0","0","604","0","0","604","0","0","604","0","0","604","0","0","604","0","0","604","0","0","604","0","0","604","0","0","604","0","0","604","0","0","604","0","0","604","0","0","604","0","0","604","0","0","604","0","0","604","0","0","604","0","0","604","0","0","604","0","0","604","0","0","604","0","0","604","0","0","604","0","0","604","0","0","604","0","0"
,"605","0","0","605","0","0","605","0","0","605","0","0","605","0","0","605","0","0","605","0","0","605","0","0","605","0","0","605","0","0","605","0","0","605","0","0","605","0","0","605","0","0","605","0","0","605","0","0","605","0","0","605","0","0","605","0","0","605","0","0","605","0","0","605","0","0","605","0","0","605","0","0","605","0","0","605","0","0","605","0","0","605","0","0","605","0","0","605","0","0","605","0","0","605","0","0","605","0","0","605","0","0","605","0","0","605","0","0","605","0","0","605","0","0","605","0","0","605","0","0","605","0","0","605","0","0","605","0","0","605","0","0","605","0","0","605","0","0","605","0","0","605","0","0","605","0","0","605","0","0","605","0","0","605","0","0","605","0","0","605","0","0","605","0","0","605","0","0","605","0","0","605","0","0","605","0","0","605","0","0"
,"606","0","0","606","0","0","606","0","0","606","0","0","606","0","0","606","0","0","606","0","0","606","0","0","606","0","0","606","0","0","606","0","0","606","0","0","606","0","0","606","0","0","606","0","0","606","0","0","606","0","0","606","0","0","606","0","0","606","0","0","606","0","0","606","0","0","606","0","0","606","0","0","606","0","0","606","0","0","606","0","0","606","0","0","606","0","0","606","0","0","606","0","0","606","0","0","606","0","0","606","0","0","606","0","0","606","0","0","606","0","0","606","0","0","606","0","0","606","0","0","606","0","0","606","0","0","606","0","0","606","0","0","606","0","0","606","0","0","606","0","0","606","0","0","606","0","0","606","0","0","606","0","0","606","0","0","606","0","0","606","0","0","606","0","0","606","0","0","606","0","0","606","0","0","606","0","0","606","0","0"
,"607","0","0","607","0","0","607","0","0","607","0","0","607","0","0","607","0","0","607","0","0","607","0","0","607","0","0","607","0","0","607","0","0","607","0","0","607","0","0","607","0","0","607","0","0","607","0","0","607","0","0","607","0","0","607","0","0","607","0","0","607","0","0","607","0","0","607","0","0","607","0","0","607","0","0","607","0","0","607","0","0","607","0","0","607","0","0","607","0","0","607","0","0","607","0","0","607","0","0","607","0","0","607","0","0","607","0","0","607","0","0","607","0","0","607","0","0","607","0","0","607","0","0","607","0","0","607","0","0","607","0","0","607","0","0","607","0","0","607","0","0","607","0","0","607","0","0","607","0","0","607","0","0","607","0","0","607","0","0","607","0","0","607","0","0","607","0","0","607","0","0","607","0","0","607","0","0","607","0","0"
,"608","0","0","608","0","0","608","0","0","608","0","0","608","0","0","608","0","0","608","0","0","608","0","0","608","0","0","608","0","0","608","0","0","608","0","0","608","0","0","608","0","0","608","0","0","608","0","0","608","0","0","608","0","0","608","0","0","608","0","0","608","0","0","608","0","0","608","0","0","608","0","0","608","0","0","608","0","0","608","0","0","608","0","0","608","0","0","608","0","0","608","0","0","608","0","0","608","0","0","608","0","0","608","0","0","608","0","0","608","0","0","608","0","0","608","0","0","608","0","0","608","0","0","608","0","0","608","0","0","608","0","0","608","0","0","608","0","0","608","0","0","608","0","0","608","0","0","608","0","0","608","0","0","608","0","0","608","0","0","608","0","0","608","0","0","608","0","0","608","0","0","608","0","0","608","0","0","608","0","0"
,"609","0","0","609","0","0","609","0","0","609","0","0","609","0","0","609","0","0","609","0","0","609","0","0","609","0","0","609","0","0","609","0","0","609","0","0","609","0","0","609","0","0","609","0","0","609","0","0","609","0","0","609","0","0","609","0","0","609","0","0","609","0","0","609","0","0","609","0","0","609","0","0","609","0","0","609","0","0","609","0","0","609","0","0","609","0","0","609","0","0","609","0","0","609","0","0","609","0","0","609","0","0","609","0","0","609","0","0","609","0","0","609","0","0","609","0","0","609","0","0","609","0","0","609","0","0","609","0","0","609","0","0","609","0","0","609","0","0","609","0","0","609","0","0","609","0","0","609","0","0","609","0","0","609","0","0","609","0","0","609","0","0","609","0","0","609","0","0","609","0","0","609","0","0","609","0","0","609","0","0"
,"610","0","0","610","0","0","610","0","0","610","0","0","610","0","0","610","0","0","610","0","0","610","0","0","610","0","0","610","0","0","610","0","0","610","0","0","610","0","0","610","0","0","610","0","0","610","0","0","610","0","0","610","0","0","610","0","0","610","0","0","610","0","0","610","0","0","610","0","0","610","0","0","610","0","0","610","0","0","610","0","0","610","0","0","610","0","0","610","0","0","610","0","0","610","0","0","610","0","0","610","0","0","610","0","0","610","0","0","610","0","0","610","0","0","610","0","0","610","0","0","610","0","0","610","0","0","610","0","0","610","0","0","610","0","0","610","0","0","610","0","0","610","0","0","610","0","0","610","0","0","610","0","0","610","0","0","610","0","0","610","0","0","610","0","0","610","0","0","610","0","0","610","0","0","610","0","0","610","0","0"
,"611","0","0","611","0","0","611","0","0","611","0","0","611","0","0","611","0","0","611","0","0","611","0","0","611","0","0","611","0","0","611","0","0","611","0","0","611","0","0","611","0","0","611","0","0","611","0","0","611","0","0","611","0","0","611","0","0","611","0","0","611","0","0","611","0","0","611","0","0","611","0","0","611","0","0","611","0","0","611","0","0","611","0","0","611","0","0","611","0","0","611","0","0","611","0","0","611","0","0","611","0","0","611","0","0","611","0","0","611","0","0","611","0","0","611","0","0","611","0","0","611","0","0","611","0","0","611","0","0","611","0","0","611","0","0","611","0","0","611","0","0","611","0","0","611","0","0","611","0","0","611","0","0","611","0","0","611","0","0","611","0","0","611","0","0","611","0","0","611","0","0","611","0","0","611","0","0","611","0","0"
,"612","0","0","612","0","0","612","0","0","612","0","0","612","0","0","612","0","0","612","0","0","612","0","0","612","0","0","612","0","0","612","0","0","612","0","0","612","0","0","612","0","0","612","0","0","612","0","0","612","0","0","612","0","0","612","0","0","612","0","0","612","0","0","612","0","0","612","0","0","612","0","0","612","0","0","612","0","0","612","0","0","612","0","0","612","0","0","612","0","0","612","0","0","612","0","0","612","0","0","612","0","0","612","0","0","612","0","0","612","0","0","612","0","0","612","0","0","612","0","0","612","0","0","612","0","0","612","0","0","612","0","0","612","0","0","612","0","0","612","0","0","612","0","0","612","0","0","612","0","0","612","0","0","612","0","0","612","0","0","612","0","0","612","0","0","612","0","0","612","0","0","612","0","0","612","0","0","612","0","0"
,"613","0","0","613","0","0","613","0","0","613","0","0","613","0","0","613","0","0","613","0","0","613","0","0","613","0","0","613","0","0","613","0","0","613","0","0","613","0","0","613","0","0","613","0","0","613","0","0","613","0","0","613","0","0","613","0","0","613","0","0","613","0","0","613","0","0","613","0","0","613","0","0","613","0","0","613","0","0","613","0","0","613","0","0","613","0","0","613","0","0","613","0","0","613","0","0","613","0","0","613","0","0","613","0","0","613","0","0","613","0","0","613","0","0","613","0","0","613","0","0","613","0","0","613","0","0","613","0","0","613","0","0","613","0","0","613","0","0","613","0","0","613","0","0","613","0","0","613","0","0","613","0","0","613","0","0","613","0","0","613","0","0","613","0","0","613","0","0","613","0","0","613","0","0","613","0","0","613","0","0"
,"614","0","0","614","0","0","614","0","0","614","0","0","614","0","0","614","0","0","614","0","0","614","0","0","614","0","0","614","0","0","614","0","0","614","0","0","614","0","0","614","0","0","614","0","0","614","0","0","614","0","0","614","0","0","614","0","0","614","0","0","614","0","0","614","0","0","614","0","0","614","0","0","614","0","0","614","0","0","614","0","0","614","0","0","614","0","0","614","0","0","614","0","0","614","0","0","614","0","0","614","0","0","614","0","0","614","0","0","614","0","0","614","0","0","614","0","0","614","0","0","614","0","0","614","0","0","614","0","0","614","0","0","614","0","0","614","0","0","614","0","0","614","0","0","614","0","0","614","0","0","614","0","0","614","0","0","614","0","0","614","0","0","614","0","0","614","0","0","614","0","0","614","0","0","614","0","0","614","0","0"
,"615","0","0","615","0","0","615","0","0","615","0","0","615","0","0","615","0","0","615","0","0","615","0","0","615","0","0","615","0","0","615","0","0","615","0","0","615","0","0","615","0","0","615","0","0","615","0","0","615","0","0","615","0","0","615","0","0","615","0","0","615","0","0","615","0","0","615","0","0","615","0","0","615","0","0","615","0","0","615","0","0","615","0","0","615","0","0","615","0","0","615","0","0","615","0","0","615","0","0","615","0","0","615","0","0","615","0","0","615","0","0","615","0","0","615","0","0","615","0","0","615","0","0","615","0","0","615","0","0","615","0","0","615","0","0","615","0","0","615","0","0","615","0","0","615","0","0","615","0","0","615","0","0","615","0","0","615","0","0","615","0","0","615","0","0","615","0","0","615","0","0","615","0","0","615","0","0","615","0","0"
,"616","0","0","616","0","0","616","0","0","616","0","0","616","0","0","616","0","0","616","0","0","616","0","0","616","0","0","616","0","0","616","0","0","616","0","0","616","0","0","616","0","0","616","0","0","616","0","0","616","0","0","616","0","0","616","0","0","616","0","0","616","0","0","616","0","0","616","0","0","616","0","0","616","0","0","616","0","0","616","0","0","616","0","0","616","0","0","616","0","0","616","0","0","616","0","0","616","0","0","616","0","0","616","0","0","616","0","0","616","0","0","616","0","0","616","0","0","616","0","0","616","0","0","616","0","0","616","0","0","616","0","0","616","0","0","616","0","0","616","0","0","616","0","0","616","0","0","616","0","0","616","0","0","616","0","0","616","0","0","616","0","0","616","0","0","616","0","0","616","0","0","616","0","0","616","0","0","616","0","0"
,"617","0","0","617","0","0","617","0","0","617","0","0","617","0","0","617","0","0","617","0","0","617","0","0","617","0","0","617","0","0","617","0","0","617","0","0","617","0","0","617","0","0","617","0","0","617","0","0","617","0","0","617","0","0","617","0","0","617","0","0","617","0","0","617","0","0","617","0","0","617","0","0","617","0","0","617","0","0","617","0","0","617","0","0","617","0","0","617","0","0","617","0","0","617","0","0","617","0","0","617","0","0","617","0","0","617","0","0","617","0","0","617","0","0","617","0","0","617","0","0","617","0","0","617","0","0","617","0","0","617","0","0","617","0","0","617","0","0","617","0","0","617","0","0","617","0","0","617","0","0","617","0","0","617","0","0","617","0","0","617","0","0","617","0","0","617","0","0","617","0","0","617","0","0","617","0","0","617","0","0"
,"618","0","0","618","0","0","618","0","0","618","0","0","618","0","0","618","0","0","618","0","0","618","0","0","618","0","0","618","0","0","618","0","0","618","0","0","618","0","0","618","0","0","618","0","0","618","0","0","618","0","0","618","0","0","618","0","0","618","0","0","618","0","0","618","0","0","618","0","0","618","0","0","618","0","0","618","0","0","618","0","0","618","0","0","618","0","0","618","0","0","618","0","0","618","0","0","618","0","0","618","0","0","618","0","0","618","0","0","618","0","0","618","0","0","618","0","0","618","0","0","618","0","0","618","0","0","618","0","0","618","0","0","618","0","0","618","0","0","618","0","0","618","0","0","618","0","0","618","0","0","618","0","0","618","0","0","618","0","0","618","0","0","618","0","0","618","0","0","618","0","0","618","0","0","618","0","0","618","0","0"
,"619","0","0","619","0","0","619","0","0","619","0","0","619","0","0","619","0","0","619","0","0","619","0","0","619","0","0","619","0","0","619","0","0","619","0","0","619","0","0","619","0","0","619","0","0","619","0","0","619","0","0","619","0","0","619","0","0","619","0","0","619","0","0","619","0","0","619","0","0","619","0","0","619","0","0","619","0","0","619","0","0","619","0","0","619","0","0","619","0","0","619","0","0","619","0","0","619","0","0","619","0","0","619","0","0","619","0","0","619","0","0","619","0","0","619","0","0","619","0","0","619","0","0","619","0","0","619","0","0","619","0","0","619","0","0","619","0","0","619","0","0","619","0","0","619","0","0","619","0","0","619","0","0","619","0","0","619","0","0","619","0","0","619","0","0","619","0","0","619","0","0","619","0","0","619","0","0","619","0","0"
,"620","0","0","620","0","0","620","0","0","620","0","0","620","0","0","620","0","0","620","0","0","620","0","0","620","0","0","620","0","0","620","0","0","620","0","0","620","0","0","620","0","0","620","0","0","620","0","0","620","0","0","620","0","0","620","0","0","620","0","0","620","0","0","620","0","0","620","0","0","620","0","0","620","0","0","620","0","0","620","0","0","620","0","0","620","0","0","620","0","0","620","0","0","620","0","0","620","0","0","620","0","0","620","0","0","620","0","0","620","0","0","620","0","0","620","0","0","620","0","0","620","0","0","620","0","0","620","0","0","620","0","0","620","0","0","620","0","0","620","0","0","620","0","0","620","0","0","620","0","0","620","0","0","620","0","0","620","0","0","620","0","0","620","0","0","620","0","0","620","0","0","620","0","0","620","0","0","620","0","0"
,"621","0","0","621","0","0","621","0","0","621","0","0","621","0","0","621","0","0","621","0","0","621","0","0","621","0","0","621","0","0","621","0","0","621","0","0","621","0","0","621","0","0","621","0","0","621","0","0","621","0","0","621","0","0","621","0","0","621","0","0","621","0","0","621","0","0","621","0","0","621","0","0","621","0","0","621","0","0","621","0","0","621","0","0","621","0","0","621","0","0","621","0","0","621","0","0","621","0","0","621","0","0","621","0","0","621","0","0","621","0","0","621","0","0","621","0","0","621","0","0","621","0","0","621","0","0","621","0","0","621","0","0","621","0","0","621","0","0","621","0","0","621","0","0","621","0","0","621","0","0","621","0","0","621","0","0","621","0","0","621","0","0","621","0","0","621","0","0","621","0","0","621","0","0","621","0","0","621","0","0"
,"622","0","0","622","0","0","622","0","0","622","0","0","622","0","0","622","0","0","622","0","0","622","0","0","622","0","0","622","0","0","622","0","0","622","0","0","622","0","0","622","0","0","622","0","0","622","0","0","622","0","0","622","0","0","622","0","0","622","0","0","622","0","0","622","0","0","622","0","0","622","0","0","622","0","0","622","0","0","622","0","0","622","0","0","622","0","0","622","0","0","622","0","0","622","0","0","622","0","0","622","0","0","622","0","0","622","0","0","622","0","0","622","0","0","622","0","0","622","0","0","622","0","0","622","0","0","622","0","0","622","0","0","622","0","0","622","0","0","622","0","0","622","0","0","622","0","0","622","0","0","622","0","0","622","0","0","622","0","0","622","0","0","622","0","0","622","0","0","622","0","0","622","0","0","622","0","0","622","0","0"
,"623","0","0","623","0","0","623","0","0","623","0","0","623","0","0","623","0","0","623","0","0","623","0","0","623","0","0","623","0","0","623","0","0","623","0","0","623","0","0","623","0","0","623","0","0","623","0","0","623","0","0","623","0","0","623","0","0","623","0","0","623","0","0","623","0","0","623","0","0","623","0","0","623","0","0","623","0","0","623","0","0","623","0","0","623","0","0","623","0","0","623","0","0","623","0","0","623","0","0","623","0","0","623","0","0","623","0","0","623","0","0","623","0","0","623","0","0","623","0","0","623","0","0","623","0","0","623","0","0","623","0","0","623","0","0","623","0","0","623","0","0","623","0","0","623","0","0","623","0","0","623","0","0","623","0","0","623","0","0","623","0","0","623","0","0","623","0","0","623","0","0","623","0","0","623","0","0","623","0","0"
,"624","0","0","624","0","0","624","0","0","624","0","0","624","0","0","624","0","0","624","0","0","624","0","0","624","0","0","624","0","0","624","0","0","624","0","0","624","0","0","624","0","0","624","0","0","624","0","0","624","0","0","624","0","0","624","0","0","624","0","0","624","0","0","624","0","0","624","0","0","624","0","0","624","0","0","624","0","0","624","0","0","624","0","0","624","0","0","624","0","0","624","0","0","624","0","0","624","0","0","624","0","0","624","0","0","624","0","0","624","0","0","624","0","0","624","0","0","624","0","0","624","0","0","624","0","0","624","0","0","624","0","0","624","0","0","624","0","0","624","0","0","624","0","0","624","0","0","624","0","0","624","0","0","624","0","0","624","0","0","624","0","0","624","0","0","624","0","0","624","0","0","624","0","0","624","0","0","624","0","0"
,"625","0","0","625","0","0","625","0","0","625","0","0","625","0","0","625","0","0","625","0","0","625","0","0","625","0","0","625","0","0","625","0","0","625","0","0","625","0","0","625","0","0","625","0","0","625","0","0","625","0","0","625","0","0","625","0","0","625","0","0","625","0","0","625","0","0","625","0","0","625","0","0","625","0","0","625","0","0","625","0","0","625","0","0","625","0","0","625","0","0","625","0","0","625","0","0","625","0","0","625","0","0","625","0","0","625","0","0","625","0","0","625","0","0","625","0","0","625","0","0","625","0","0","625","0","0","625","0","0","625","0","0","625","0","0","625","0","0","625","0","0","625","0","0","625","0","0","625","0","0","625","0","0","625","0","0","625","0","0","625","0","0","625","0","0","625","0","0","625","0","0","625","0","0","625","0","0","625","0","0"
,"626","0","0","626","0","0","626","0","0","626","0","0","626","0","0","626","0","0","626","0","0","626","0","0","626","0","0","626","0","0","626","0","0","626","0","0","626","0","0","626","0","0","626","0","0","626","0","0","626","0","0","626","0","0","626","0","0","626","0","0","626","0","0","626","0","0","626","0","0","626","0","0","626","0","0","626","0","0","626","0","0","626","0","0","626","0","0","626","0","0","626","0","0","626","0","0","626","0","0","626","0","0","626","0","0","626","0","0","626","0","0","626","0","0","626","0","0","626","0","0","626","0","0","626","0","0","626","0","0","626","0","0","626","0","0","626","0","0","626","0","0","626","0","0","626","0","0","626","0","0","626","0","0","626","0","0","626","0","0","626","0","0","626","0","0","626","0","0","626","0","0","626","0","0","626","0","0","626","0","0"
,"627","0","0","627","0","0","627","0","0","627","0","0","627","0","0","627","0","0","627","0","0","627","0","0","627","0","0","627","0","0","627","0","0","627","0","0","627","0","0","627","0","0","627","0","0","627","0","0","627","0","0","627","0","0","627","0","0","627","0","0","627","0","0","627","0","0","627","0","0","627","0","0","627","0","0","627","0","0","627","0","0","627","0","0","627","0","0","627","0","0","627","0","0","627","0","0","627","0","0","627","0","0","627","0","0","627","0","0","627","0","0","627","0","0","627","0","0","627","0","0","627","0","0","627","0","0","627","0","0","627","0","0","627","0","0","627","0","0","627","0","0","627","0","0","627","0","0","627","0","0","627","0","0","627","0","0","627","0","0","627","0","0","627","0","0","627","0","0","627","0","0","627","0","0","627","0","0","627","0","0"
,"628","0","0","628","0","0","628","0","0","628","0","0","628","0","0","628","0","0","628","0","0","628","0","0","628","0","0","628","0","0","628","0","0","628","0","0","628","0","0","628","0","0","628","0","0","628","0","0","628","0","0","628","0","0","628","0","0","628","0","0","628","0","0","628","0","0","628","0","0","628","0","0","628","0","0","628","0","0","628","0","0","628","0","0","628","0","0","628","0","0","628","0","0","628","0","0","628","0","0","628","0","0","628","0","0","628","0","0","628","0","0","628","0","0","628","0","0","628","0","0","628","0","0","628","0","0","628","0","0","628","0","0","628","0","0","628","0","0","628","0","0","628","0","0","628","0","0","628","0","0","628","0","0","628","0","0","628","0","0","628","0","0","628","0","0","628","0","0","628","0","0","628","0","0","628","0","0","628","0","0"
,"629","0","0","629","0","0","629","0","0","629","0","0","629","0","0","629","0","0","629","0","0","629","0","0","629","0","0","629","0","0","629","0","0","629","0","0","629","0","0","629","0","0","629","0","0","629","0","0","629","0","0","629","0","0","629","0","0","629","0","0","629","0","0","629","0","0","629","0","0","629","0","0","629","0","0","629","0","0","629","0","0","629","0","0","629","0","0","629","0","0","629","0","0","629","0","0","629","0","0","629","0","0","629","0","0","629","0","0","629","0","0","629","0","0","629","0","0","629","0","0","629","0","0","629","0","0","629","0","0","629","0","0","629","0","0","629","0","0","629","0","0","629","0","0","629","0","0","629","0","0","629","0","0","629","0","0","629","0","0","629","0","0","629","0","0","629","0","0","629","0","0","629","0","0","629","0","0","629","0","0"
,"630","0","0","630","0","0","630","0","0","630","0","0","630","0","0","630","0","0","630","0","0","630","0","0","630","0","0","630","0","0","630","0","0","630","0","0","630","0","0","630","0","0","630","0","0","630","0","0","630","0","0","630","0","0","630","0","0","630","0","0","630","0","0","630","0","0","630","0","0","630","0","0","630","0","0","630","0","0","630","0","0","630","0","0","630","0","0","630","0","0","630","0","0","630","0","0","630","0","0","630","0","0","630","0","0","630","0","0","630","0","0","630","0","0","630","0","0","630","0","0","630","0","0","630","0","0","630","0","0","630","0","0","630","0","0","630","0","0","630","0","0","630","0","0","630","0","0","630","0","0","630","0","0","630","0","0","630","0","0","630","0","0","630","0","0","630","0","0","630","0","0","630","0","0","630","0","0","630","0","0"
,"631","0","0","631","0","0","631","0","0","631","0","0","631","0","0","631","0","0","631","0","0","631","0","0","631","0","0","631","0","0","631","0","0","631","0","0","631","0","0","631","0","0","631","0","0","631","0","0","631","0","0","631","0","0","631","0","0","631","0","0","631","0","0","631","0","0","631","0","0","631","0","0","631","0","0","631","0","0","631","0","0","631","0","0","631","0","0","631","0","0","631","0","0","631","0","0","631","0","0","631","0","0","631","0","0","631","0","0","631","0","0","631","0","0","631","0","0","631","0","0","631","0","0","631","0","0","631","0","0","631","0","0","631","0","0","631","0","0","631","0","0","631","0","0","631","0","0","631","0","0","631","0","0","631","0","0","631","0","0","631","0","0","631","0","0","631","0","0","631","0","0","631","0","0","631","0","0","631","0","0"
,"632","0","0","632","0","0","632","0","0","632","0","0","632","0","0","632","0","0","632","0","0","632","0","0","632","0","0","632","0","0","632","0","0","632","0","0","632","0","0","632","0","0","632","0","0","632","0","0","632","0","0","632","0","0","632","0","0","632","0","0","632","0","0","632","0","0","632","0","0","632","0","0","632","0","0","632","0","0","632","0","0","632","0","0","632","0","0","632","0","0","632","0","0","632","0","0","632","0","0","632","0","0","632","0","0","632","0","0","632","0","0","632","0","0","632","0","0","632","0","0","632","0","0","632","0","0","632","0","0","632","0","0","632","0","0","632","0","0","632","0","0","632","0","0","632","0","0","632","0","0","632","0","0","632","0","0","632","0","0","632","0","0","632","0","0","632","0","0","632","0","0","632","0","0","632","0","0","632","0","0"
,"633","0","0","633","0","0","633","0","0","633","0","0","633","0","0","633","0","0","633","0","0","633","0","0","633","0","0","633","0","0","633","0","0","633","0","0","633","0","0","633","0","0","633","0","0","633","0","0","633","0","0","633","0","0","633","0","0","633","0","0","633","0","0","633","0","0","633","0","0","633","0","0","633","0","0","633","0","0","633","0","0","633","0","0","633","0","0","633","0","0","633","0","0","633","0","0","633","0","0","633","0","0","633","0","0","633","0","0","633","0","0","633","0","0","633","0","0","633","0","0","633","0","0","633","0","0","633","0","0","633","0","0","633","0","0","633","0","0","633","0","0","633","0","0","633","0","0","633","0","0","633","0","0","633","0","0","633","0","0","633","0","0","633","0","0","633","0","0","633","0","0","633","0","0","633","0","0","633","0","0"
,"634","0","0","634","0","0","634","0","0","634","0","0","634","0","0","634","0","0","634","0","0","634","0","0","634","0","0","634","0","0","634","0","0","634","0","0","634","0","0","634","0","0","634","0","0","634","0","0","634","0","0","634","0","0","634","0","0","634","0","0","634","0","0","634","0","0","634","0","0","634","0","0","634","0","0","634","0","0","634","0","0","634","0","0","634","0","0","634","0","0","634","0","0","634","0","0","634","0","0","634","0","0","634","0","0","634","0","0","634","0","0","634","0","0","634","0","0","634","0","0","634","0","0","634","0","0","634","0","0","634","0","0","634","0","0","634","0","0","634","0","0","634","0","0","634","0","0","634","0","0","634","0","0","634","0","0","634","0","0","634","0","0","634","0","0","634","0","0","634","0","0","634","0","0","634","0","0","634","0","0"
,"635","0","0","635","0","0","635","0","0","635","0","0","635","0","0","635","0","0","635","0","0","635","0","0","635","0","0","635","0","0","635","0","0","635","0","0","635","0","0","635","0","0","635","0","0","635","0","0","635","0","0","635","0","0","635","0","0","635","0","0","635","0","0","635","0","0","635","0","0","635","0","0","635","0","0","635","0","0","635","0","0","635","0","0","635","0","0","635","0","0","635","0","0","635","0","0","635","0","0","635","0","0","635","0","0","635","0","0","635","0","0","635","0","0","635","0","0","635","0","0","635","0","0","635","0","0","635","0","0","635","0","0","635","0","0","635","0","0","635","0","0","635","0","0","635","0","0","635","0","0","635","0","0","635","0","0","635","0","0","635","0","0","635","0","0","635","0","0","635","0","0","635","0","0","635","0","0","635","0","0"
,"636","0","0","636","0","0","636","0","0","636","0","0","636","0","0","636","0","0","636","0","0","636","0","0","636","0","0","636","0","0","636","0","0","636","0","0","636","0","0","636","0","0","636","0","0","636","0","0","636","0","0","636","0","0","636","0","0","636","0","0","636","0","0","636","0","0","636","0","0","636","0","0","636","0","0","636","0","0","636","0","0","636","0","0","636","0","0","636","0","0","636","0","0","636","0","0","636","0","0","636","0","0","636","0","0","636","0","0","636","0","0","636","0","0","636","0","0","636","0","0","636","0","0","636","0","0","636","0","0","636","0","0","636","0","0","636","0","0","636","0","0","636","0","0","636","0","0","636","0","0","636","0","0","636","0","0","636","0","0","636","0","0","636","0","0","636","0","0","636","0","0","636","0","0","636","0","0","636","0","0"
,"637","0","0","637","0","0","637","0","0","637","0","0","637","0","0","637","0","0","637","0","0","637","0","0","637","0","0","637","0","0","637","0","0","637","0","0","637","0","0","637","0","0","637","0","0","637","0","0","637","0","0","637","0","0","637","0","0","637","0","0","637","0","0","637","0","0","637","0","0","637","0","0","637","0","0","637","0","0","637","0","0","637","0","0","637","0","0","637","0","0","637","0","0","637","0","0","637","0","0","637","0","0","637","0","0","637","0","0","637","0","0","637","0","0","637","0","0","637","0","0","637","0","0","637","0","0","637","0","0","637","0","0","637","0","0","637","0","0","637","0","0","637","0","0","637","0","0","637","0","0","637","0","0","637","0","0","637","0","0","637","0","0","637","0","0","637","0","0","637","0","0","637","0","0","637","0","0","637","0","0"
,"638","0","0","638","0","0","638","0","0","638","0","0","638","0","0","638","0","0","638","0","0","638","0","0","638","0","0","638","0","0","638","0","0","638","0","0","638","0","0","638","0","0","638","0","0","638","0","0","638","0","0","638","0","0","638","0","0","638","0","0","638","0","0","638","0","0","638","0","0","638","0","0","638","0","0","638","0","0","638","0","0","638","0","0","638","0","0","638","0","0","638","0","0","638","0","0","638","0","0","638","0","0","638","0","0","638","0","0","638","0","0","638","0","0","638","0","0","638","0","0","638","0","0","638","0","0","638","0","0","638","0","0","638","0","0","638","0","0","638","0","0","638","0","0","638","0","0","638","0","0","638","0","0","638","0","0","638","0","0","638","0","0","638","0","0","638","0","0","638","0","0","638","0","0","638","0","0","638","0","0"
,"639","0","0","639","0","0","639","0","0","639","0","0","639","0","0","639","0","0","639","0","0","639","0","0","639","0","0","639","0","0","639","0","0","639","0","0","639","0","0","639","0","0","639","0","0","639","0","0","639","0","0","639","0","0","639","0","0","639","0","0","639","0","0","639","0","0","639","0","0","639","0","0","639","0","0","639","0","0","639","0","0","639","0","0","639","0","0","639","0","0","639","0","0","639","0","0","639","0","0","639","0","0","639","0","0","639","0","0","639","0","0","639","0","0","639","0","0","639","0","0","639","0","0","639","0","0","639","0","0","639","0","0","639","0","0","639","0","0","639","0","0","639","0","0","639","0","0","639","0","0","639","0","0","639","0","0","639","0","0","639","0","0","639","0","0","639","0","0","639","0","0","639","0","0","639","0","0","639","0","0"
,"640","0","0","640","0","0","640","0","0","640","0","0","640","0","0","640","0","0","640","0","0","640","0","0","640","0","0","640","0","0","640","0","0","640","0","0","640","0","0","640","0","0","640","0","0","640","0","0","640","0","0","640","0","0","640","0","0","640","0","0","640","0","0","640","0","0","640","0","0","640","0","0","640","0","0","640","0","0","640","0","0","640","0","0","640","0","0","640","0","0","640","0","0","640","0","0","640","0","0","640","0","0","640","0","0","640","0","0","640","0","0","640","0","0","640","0","0","640","0","0","640","0","0","640","0","0","640","0","0","640","0","0","640","0","0","640","0","0","640","0","0","640","0","0","640","0","0","640","0","0","640","0","0","640","0","0","640","0","0","640","0","0","640","0","0","640","0","0","640","0","0","640","0","0","640","0","0","640","0","0"
,"641","0","0","641","0","0","641","0","0","641","0","0","641","0","0","641","0","0","641","0","0","641","0","0","641","0","0","641","0","0","641","0","0","641","0","0","641","0","0","641","0","0","641","0","0","641","0","0","641","0","0","641","0","0","641","0","0","641","0","0","641","0","0","641","0","0","641","0","0","641","0","0","641","0","0","641","0","0","641","0","0","641","0","0","641","0","0","641","0","0","641","0","0","641","0","0","641","0","0","641","0","0","641","0","0","641","0","0","641","0","0","641","0","0","641","0","0","641","0","0","641","0","0","641","0","0","641","0","0","641","0","0","641","0","0","641","0","0","641","0","0","641","0","0","641","0","0","641","0","0","641","0","0","641","0","0","641","0","0","641","0","0","641","0","0","641","0","0","641","0","0","641","0","0","641","0","0","641","0","0"
,"642","0","0","642","0","0","642","0","0","642","0","0","642","0","0","642","0","0","642","0","0","642","0","0","642","0","0","642","0","0","642","0","0","642","0","0","642","0","0","642","0","0","642","0","0","642","0","0","642","0","0","642","0","0","642","0","0","642","0","0","642","0","0","642","0","0","642","0","0","642","0","0","642","0","0","642","0","0","642","0","0","642","0","0","642","0","0","642","0","0","642","0","0","642","0","0","642","0","0","642","0","0","642","0","0","642","0","0","642","0","0","642","0","0","642","0","0","642","0","0","642","0","0","642","0","0","642","0","0","642","0","0","642","0","0","642","0","0","642","0","0","642","0","0","642","0","0","642","0","0","642","0","0","642","0","0","642","0","0","642","0","0","642","0","0","642","0","0","642","0","0","642","0","0","642","0","0","642","0","0"
,"643","0","0","643","0","0","643","0","0","643","0","0","643","0","0","643","0","0","643","0","0","643","0","0","643","0","0","643","0","0","643","0","0","643","0","0","643","0","0","643","0","0","643","0","0","643","0","0","643","0","0","643","0","0","643","0","0","643","0","0","643","0","0","643","0","0","643","0","0","643","0","0","643","0","0","643","0","0","643","0","0","643","0","0","643","0","0","643","0","0","643","0","0","643","0","0","643","0","0","643","0","0","643","0","0","643","0","0","643","0","0","643","0","0","643","0","0","643","0","0","643","0","0","643","0","0","643","0","0","643","0","0","643","0","0","643","0","0","643","0","0","643","0","0","643","0","0","643","0","0","643","0","0","643","0","0","643","0","0","643","0","0","643","0","0","643","0","0","643","0","0","643","0","0","643","0","0","643","0","0"
,"644","0","0","644","0","0","644","0","0","644","0","0","644","0","0","644","0","0","644","0","0","644","0","0","644","0","0","644","0","0","644","0","0","644","0","0","644","0","0","644","0","0","644","0","0","644","0","0","644","0","0","644","0","0","644","0","0","644","0","0","644","0","0","644","0","0","644","0","0","644","0","0","644","0","0","644","0","0","644","0","0","644","0","0","644","0","0","644","0","0","644","0","0","644","0","0","644","0","0","644","0","0","644","0","0","644","0","0","644","0","0","644","0","0","644","0","0","644","0","0","644","0","0","644","0","0","644","0","0","644","0","0","644","0","0","644","0","0","644","0","0","644","0","0","644","0","0","644","0","0","644","0","0","644","0","0","644","0","0","644","0","0","644","0","0","644","0","0","644","0","0","644","0","0","644","0","0","644","0","0"
,"645","0","0","645","0","0","645","0","0","645","0","0","645","0","0","645","0","0","645","0","0","645","0","0","645","0","0","645","0","0","645","0","0","645","0","0","645","0","0","645","0","0","645","0","0","645","0","0","645","0","0","645","0","0","645","0","0","645","0","0","645","0","0","645","0","0","645","0","0","645","0","0","645","0","0","645","0","0","645","0","0","645","0","0","645","0","0","645","0","0","645","0","0","645","0","0","645","0","0","645","0","0","645","0","0","645","0","0","645","0","0","645","0","0","645","0","0","645","0","0","645","0","0","645","0","0","645","0","0","645","0","0","645","0","0","645","0","0","645","0","0","645","0","0","645","0","0","645","0","0","645","0","0","645","0","0","645","0","0","645","0","0","645","0","0","645","0","0","645","0","0","645","0","0","645","0","0","645","0","0"
,"646","0","0","646","0","0","646","0","0","646","0","0","646","0","0","646","0","0","646","0","0","646","0","0","646","0","0","646","0","0","646","0","0","646","0","0","646","0","0","646","0","0","646","0","0","646","0","0","646","0","0","646","0","0","646","0","0","646","0","0","646","0","0","646","0","0","646","0","0","646","0","0","646","0","0","646","0","0","646","0","0","646","0","0","646","0","0","646","0","0","646","0","0","646","0","0","646","0","0","646","0","0","646","0","0","646","0","0","646","0","0","646","0","0","646","0","0","646","0","0","646","0","0","646","0","0","646","0","0","646","0","0","646","0","0","646","0","0","646","0","0","646","0","0","646","0","0","646","0","0","646","0","0","646","0","0","646","0","0","646","0","0","646","0","0","646","0","0","646","0","0","646","0","0","646","0","0","646","0","0"
,"647","0","0","647","0","0","647","0","0","647","0","0","647","0","0","647","0","0","647","0","0","647","0","0","647","0","0","647","0","0","647","0","0","647","0","0","647","0","0","647","0","0","647","0","0","647","0","0","647","0","0","647","0","0","647","0","0","647","0","0","647","0","0","647","0","0","647","0","0","647","0","0","647","0","0","647","0","0","647","0","0","647","0","0","647","0","0","647","0","0","647","0","0","647","0","0","647","0","0","647","0","0","647","0","0","647","0","0","647","0","0","647","0","0","647","0","0","647","0","0","647","0","0","647","0","0","647","0","0","647","0","0","647","0","0","647","0","0","647","0","0","647","0","0","647","0","0","647","0","0","647","0","0","647","0","0","647","0","0","647","0","0","647","0","0","647","0","0","647","0","0","647","0","0","647","0","0","647","0","0"
,"648","0","0","648","0","0","648","0","0","648","0","0","648","0","0","648","0","0","648","0","0","648","0","0","648","0","0","648","0","0","648","0","0","648","0","0","648","0","0","648","0","0","648","0","0","648","0","0","648","0","0","648","0","0","648","0","0","648","0","0","648","0","0","648","0","0","648","0","0","648","0","0","648","0","0","648","0","0","648","0","0","648","0","0","648","0","0","648","0","0","648","0","0","648","0","0","648","0","0","648","0","0","648","0","0","648","0","0","648","0","0","648","0","0","648","0","0","648","0","0","648","0","0","648","0","0","648","0","0","648","0","0","648","0","0","648","0","0","648","0","0","648","0","0","648","0","0","648","0","0","648","0","0","648","0","0","648","0","0","648","0","0","648","0","0","648","0","0","648","0","0","648","0","0","648","0","0","648","0","0"
,"649","0","0","649","0","0","649","0","0","649","0","0","649","0","0","649","0","0","649","0","0","649","0","0","649","0","0","649","0","0","649","0","0","649","0","0","649","0","0","649","0","0","649","0","0","649","0","0","649","0","0","649","0","0","649","0","0","649","0","0","649","0","0","649","0","0","649","0","0","649","0","0","649","0","0","649","0","0","649","0","0","649","0","0","649","0","0","649","0","0","649","0","0","649","0","0","649","0","0","649","0","0","649","0","0","649","0","0","649","0","0","649","0","0","649","0","0","649","0","0","649","0","0","649","0","0","649","0","0","649","0","0","649","0","0","649","0","0","649","0","0","649","0","0","649","0","0","649","0","0","649","0","0","649","0","0","649","0","0","649","0","0","649","0","0","649","0","0","649","0","0","649","0","0","649","0","0","649","0","0"
,"650","0","0","650","0","0","650","0","0","650","0","0","650","0","0","650","0","0","650","0","0","650","0","0","650","0","0","650","0","0","650","0","0","650","0","0","650","0","0","650","0","0","650","0","0","650","0","0","650","0","0","650","0","0","650","0","0","650","0","0","650","0","0","650","0","0","650","0","0","650","0","0","650","0","0","650","0","0","650","0","0","650","0","0","650","0","0","650","0","0","650","0","0","650","0","0","650","0","0","650","0","0","650","0","0","650","0","0","650","0","0","650","0","0","650","0","0","650","0","0","650","0","0","650","0","0","650","0","0","650","0","0","650","0","0","650","0","0","650","0","0","650","0","0","650","0","0","650","0","0","650","0","0","650","0","0","650","0","0","650","0","0","650","0","0","650","0","0","650","0","0","650","0","0","650","0","0","650","0","0"
,"651","0","0","651","0","0","651","0","0","651","0","0","651","0","0","651","0","0","651","0","0","651","0","0","651","0","0","651","0","0","651","0","0","651","0","0","651","0","0","651","0","0","651","0","0","651","0","0","651","0","0","651","0","0","651","0","0","651","0","0","651","0","0","651","0","0","651","0","0","651","0","0","651","0","0","651","0","0","651","0","0","651","0","0","651","0","0","651","0","0","651","0","0","651","0","0","651","0","0","651","0","0","651","0","0","651","0","0","651","0","0","651","0","0","651","0","0","651","0","0","651","0","0","651","0","0","651","0","0","651","0","0","651","0","0","651","0","0","651","0","0","651","0","0","651","0","0","651","0","0","651","0","0","651","0","0","651","0","0","651","0","0","651","0","0","651","0","0","651","0","0","651","0","0","651","0","0","651","0","0"
,"652","0","0","652","0","0","652","0","0","652","0","0","652","0","0","652","0","0","652","0","0","652","0","0","652","0","0","652","0","0","652","0","0","652","0","0","652","0","0","652","0","0","652","0","0","652","0","0","652","0","0","652","0","0","652","0","0","652","0","0","652","0","0","652","0","0","652","0","0","652","0","0","652","0","0","652","0","0","652","0","0","652","0","0","652","0","0","652","0","0","652","0","0","652","0","0","652","0","0","652","0","0","652","0","0","652","0","0","652","0","0","652","0","0","652","0","0","652","0","0","652","0","0","652","0","0","652","0","0","652","0","0","652","0","0","652","0","0","652","0","0","652","0","0","652","0","0","652","0","0","652","0","0","652","0","0","652","0","0","652","0","0","652","0","0","652","0","0","652","0","0","652","0","0","652","0","0","652","0","0"
,"653","0","0","653","0","0","653","0","0","653","0","0","653","0","0","653","0","0","653","0","0","653","0","0","653","0","0","653","0","0","653","0","0","653","0","0","653","0","0","653","0","0","653","0","0","653","0","0","653","0","0","653","0","0","653","0","0","653","0","0","653","0","0","653","0","0","653","0","0","653","0","0","653","0","0","653","0","0","653","0","0","653","0","0","653","0","0","653","0","0","653","0","0","653","0","0","653","0","0","653","0","0","653","0","0","653","0","0","653","0","0","653","0","0","653","0","0","653","0","0","653","0","0","653","0","0","653","0","0","653","0","0","653","0","0","653","0","0","653","0","0","653","0","0","653","0","0","653","0","0","653","0","0","653","0","0","653","0","0","653","0","0","653","0","0","653","0","0","653","0","0","653","0","0","653","0","0","653","0","0"
,"654","0","0","654","0","0","654","0","0","654","0","0","654","0","0","654","0","0","654","0","0","654","0","0","654","0","0","654","0","0","654","0","0","654","0","0","654","0","0","654","0","0","654","0","0","654","0","0","654","0","0","654","0","0","654","0","0","654","0","0","654","0","0","654","0","0","654","0","0","654","0","0","654","0","0","654","0","0","654","0","0","654","0","0","654","0","0","654","0","0","654","0","0","654","0","0","654","0","0","654","0","0","654","0","0","654","0","0","654","0","0","654","0","0","654","0","0","654","0","0","654","0","0","654","0","0","654","0","0","654","0","0","654","0","0","654","0","0","654","0","0","654","0","0","654","0","0","654","0","0","654","0","0","654","0","0","654","0","0","654","0","0","654","0","0","654","0","0","654","0","0","654","0","0","654","0","0","654","0","0"
,"655","0","0","655","0","0","655","0","0","655","0","0","655","0","0","655","0","0","655","0","0","655","0","0","655","0","0","655","0","0","655","0","0","655","0","0","655","0","0","655","0","0","655","0","0","655","0","0","655","0","0","655","0","0","655","0","0","655","0","0","655","0","0","655","0","0","655","0","0","655","0","0","655","0","0","655","0","0","655","0","0","655","0","0","655","0","0","655","0","0","655","0","0","655","0","0","655","0","0","655","0","0","655","0","0","655","0","0","655","0","0","655","0","0","655","0","0","655","0","0","655","0","0","655","0","0","655","0","0","655","0","0","655","0","0","655","0","0","655","0","0","655","0","0","655","0","0","655","0","0","655","0","0","655","0","0","655","0","0","655","0","0","655","0","0","655","0","0","655","0","0","655","0","0","655","0","0","655","0","0"
,"656","0","0","656","0","0","656","0","0","656","0","0","656","0","0","656","0","0","656","0","0","656","0","0","656","0","0","656","0","0","656","0","0","656","0","0","656","0","0","656","0","0","656","0","0","656","0","0","656","0","0","656","0","0","656","0","0","656","0","0","656","0","0","656","0","0","656","0","0","656","0","0","656","0","0","656","0","0","656","0","0","656","0","0","656","0","0","656","0","0","656","0","0","656","0","0","656","0","0","656","0","0","656","0","0","656","0","0","656","0","0","656","0","0","656","0","0","656","0","0","656","0","0","656","0","0","656","0","0","656","0","0","656","0","0","656","0","0","656","0","0","656","0","0","656","0","0","656","0","0","656","0","0","656","0","0","656","0","0","656","0","0","656","0","0","656","0","0","656","0","0","656","0","0","656","0","0","656","0","0"
,"657","0","0","657","0","0","657","0","0","657","0","0","657","0","0","657","0","0","657","0","0","657","0","0","657","0","0","657","0","0","657","0","0","657","0","0","657","0","0","657","0","0","657","0","0","657","0","0","657","0","0","657","0","0","657","0","0","657","0","0","657","0","0","657","0","0","657","0","0","657","0","0","657","0","0","657","0","0","657","0","0","657","0","0","657","0","0","657","0","0","657","0","0","657","0","0","657","0","0","657","0","0","657","0","0","657","0","0","657","0","0","657","0","0","657","0","0","657","0","0","657","0","0","657","0","0","657","0","0","657","0","0","657","0","0","657","0","0","657","0","0","657","0","0","657","0","0","657","0","0","657","0","0","657","0","0","657","0","0","657","0","0","657","0","0","657","0","0","657","0","0","657","0","0","657","0","0","657","0","0"
,"658","0","0","658","0","0","658","0","0","658","0","0","658","0","0","658","0","0","658","0","0","658","0","0","658","0","0","658","0","0","658","0","0","658","0","0","658","0","0","658","0","0","658","0","0","658","0","0","658","0","0","658","0","0","658","0","0","658","0","0","658","0","0","658","0","0","658","0","0","658","0","0","658","0","0","658","0","0","658","0","0","658","0","0","658","0","0","658","0","0","658","0","0","658","0","0","658","0","0","658","0","0","658","0","0","658","0","0","658","0","0","658","0","0","658","0","0","658","0","0","658","0","0","658","0","0","658","0","0","658","0","0","658","0","0","658","0","0","658","0","0","658","0","0","658","0","0","658","0","0","658","0","0","658","0","0","658","0","0","658","0","0","658","0","0","658","0","0","658","0","0","658","0","0","658","0","0","658","0","0"
,"659","0","0","659","0","0","659","0","0","659","0","0","659","0","0","659","0","0","659","0","0","659","0","0","659","0","0","659","0","0","659","0","0","659","0","0","659","0","0","659","0","0","659","0","0","659","0","0","659","0","0","659","0","0","659","0","0","659","0","0","659","0","0","659","0","0","659","0","0","659","0","0","659","0","0","659","0","0","659","0","0","659","0","0","659","0","0","659","0","0","659","0","0","659","0","0","659","0","0","659","0","0","659","0","0","659","0","0","659","0","0","659","0","0","659","0","0","659","0","0","659","0","0","659","0","0","659","0","0","659","0","0","659","0","0","659","0","0","659","0","0","659","0","0","659","0","0","659","0","0","659","0","0","659","0","0","659","0","0","659","0","0","659","0","0","659","0","0","659","0","0","659","0","0","659","0","0","659","0","0"
,"660","0","0","660","0","0","660","0","0","660","0","0","660","0","0","660","0","0","660","0","0","660","0","0","660","0","0","660","0","0","660","0","0","660","0","0","660","0","0","660","0","0","660","0","0","660","0","0","660","0","0","660","0","0","660","0","0","660","0","0","660","0","0","660","0","0","660","0","0","660","0","0","660","0","0","660","0","0","660","0","0","660","0","0","660","0","0","660","0","0","660","0","0","660","0","0","660","0","0","660","0","0","660","0","0","660","0","0","660","0","0","660","0","0","660","0","0","660","0","0","660","0","0","660","0","0","660","0","0","660","0","0","660","0","0","660","0","0","660","0","0","660","0","0","660","0","0","660","0","0","660","0","0","660","0","0","660","0","0","660","0","0","660","0","0","660","0","0","660","0","0","660","0","0","660","0","0","660","0","0"
,"661","0","0","661","0","0","661","0","0","661","0","0","661","0","0","661","0","0","661","0","0","661","0","0","661","0","0","661","0","0","661","0","0","661","0","0","661","0","0","661","0","0","661","0","0","661","0","0","661","0","0","661","0","0","661","0","0","661","0","0","661","0","0","661","0","0","661","0","0","661","0","0","661","0","0","661","0","0","661","0","0","661","0","0","661","0","0","661","0","0","661","0","0","661","0","0","661","0","0","661","0","0","661","0","0","661","0","0","661","0","0","661","0","0","661","0","0","661","0","0","661","0","0","661","0","0","661","0","0","661","0","0","661","0","0","661","0","0","661","0","0","661","0","0","661","0","0","661","0","0","661","0","0","661","0","0","661","0","0","661","0","0","661","0","0","661","0","0","661","0","0","661","0","0","661","0","0","661","0","0"
,"662","0","0","662","0","0","662","0","0","662","0","0","662","0","0","662","0","0","662","0","0","662","0","0","662","0","0","662","0","0","662","0","0","662","0","0","662","0","0","662","0","0","662","0","0","662","0","0","662","0","0","662","0","0","662","0","0","662","0","0","662","0","0","662","0","0","662","0","0","662","0","0","662","0","0","662","0","0","662","0","0","662","0","0","662","0","0","662","0","0","662","0","0","662","0","0","662","0","0","662","0","0","662","0","0","662","0","0","662","0","0","662","0","0","662","0","0","662","0","0","662","0","0","662","0","0","662","0","0","662","0","0","662","0","0","662","0","0","662","0","0","662","0","0","662","0","0","662","0","0","662","0","0","662","0","0","662","0","0","662","0","0","662","0","0","662","0","0","662","0","0","662","0","0","662","0","0","662","0","0"
,"663","0","0","663","0","0","663","0","0","663","0","0","663","0","0","663","0","0","663","0","0","663","0","0","663","0","0","663","0","0","663","0","0","663","0","0","663","0","0","663","0","0","663","0","0","663","0","0","663","0","0","663","0","0","663","0","0","663","0","0","663","0","0","663","0","0","663","0","0","663","0","0","663","0","0","663","0","0","663","0","0","663","0","0","663","0","0","663","0","0","663","0","0","663","0","0","663","0","0","663","0","0","663","0","0","663","0","0","663","0","0","663","0","0","663","0","0","663","0","0","663","0","0","663","0","0","663","0","0","663","0","0","663","0","0","663","0","0","663","0","0","663","0","0","663","0","0","663","0","0","663","0","0","663","0","0","663","0","0","663","0","0","663","0","0","663","0","0","663","0","0","663","0","0","663","0","0","663","0","0"
,"664","0","0","664","0","0","664","0","0","664","0","0","664","0","0","664","0","0","664","0","0","664","0","0","664","0","0","664","0","0","664","0","0","664","0","0","664","0","0","664","0","0","664","0","0","664","0","0","664","0","0","664","0","0","664","0","0","664","0","0","664","0","0","664","0","0","664","0","0","664","0","0","664","0","0","664","0","0","664","0","0","664","0","0","664","0","0","664","0","0","664","0","0","664","0","0","664","0","0","664","0","0","664","0","0","664","0","0","664","0","0","664","0","0","664","0","0","664","0","0","664","0","0","664","0","0","664","0","0","664","0","0","664","0","0","664","0","0","664","0","0","664","0","0","664","0","0","664","0","0","664","0","0","664","0","0","664","0","0","664","0","0","664","0","0","664","0","0","664","0","0","664","0","0","664","0","0","664","0","0"
,"665","0","0","665","0","0","665","0","0","665","0","0","665","0","0","665","0","0","665","0","0","665","0","0","665","0","0","665","0","0","665","0","0","665","0","0","665","0","0","665","0","0","665","0","0","665","0","0","665","0","0","665","0","0","665","0","0","665","0","0","665","0","0","665","0","0","665","0","0","665","0","0","665","0","0","665","0","0","665","0","0","665","0","0","665","0","0","665","0","0","665","0","0","665","0","0","665","0","0","665","0","0","665","0","0","665","0","0","665","0","0","665","0","0","665","0","0","665","0","0","665","0","0","665","0","0","665","0","0","665","0","0","665","0","0","665","0","0","665","0","0","665","0","0","665","0","0","665","0","0","665","0","0","665","0","0","665","0","0","665","0","0","665","0","0","665","0","0","665","0","0","665","0","0","665","0","0","665","0","0"
,"666","0","0","666","0","0","666","0","0","666","0","0","666","0","0","666","0","0","666","0","0","666","0","0","666","0","0","666","0","0","666","0","0","666","0","0","666","0","0","666","0","0","666","0","0","666","0","0","666","0","0","666","0","0","666","0","0","666","0","0","666","0","0","666","0","0","666","0","0","666","0","0","666","0","0","666","0","0","666","0","0","666","0","0","666","0","0","666","0","0","666","0","0","666","0","0","666","0","0","666","0","0","666","0","0","666","0","0","666","0","0","666","0","0","666","0","0","666","0","0","666","0","0","666","0","0","666","0","0","666","0","0","666","0","0","666","0","0","666","0","0","666","0","0","666","0","0","666","0","0","666","0","0","666","0","0","666","0","0","666","0","0","666","0","0","666","0","0","666","0","0","666","0","0","666","0","0","666","0","0"
,"667","0","0","667","0","0","667","0","0","667","0","0","667","0","0","667","0","0","667","0","0","667","0","0","667","0","0","667","0","0","667","0","0","667","0","0","667","0","0","667","0","0","667","0","0","667","0","0","667","0","0","667","0","0","667","0","0","667","0","0","667","0","0","667","0","0","667","0","0","667","0","0","667","0","0","667","0","0","667","0","0","667","0","0","667","0","0","667","0","0","667","0","0","667","0","0","667","0","0","667","0","0","667","0","0","667","0","0","667","0","0","667","0","0","667","0","0","667","0","0","667","0","0","667","0","0","667","0","0","667","0","0","667","0","0","667","0","0","667","0","0","667","0","0","667","0","0","667","0","0","667","0","0","667","0","0","667","0","0","667","0","0","667","0","0","667","0","0","667","0","0","667","0","0","667","0","0","667","0","0"
,"668","0","0","668","0","0","668","0","0","668","0","0","668","0","0","668","0","0","668","0","0","668","0","0","668","0","0","668","0","0","668","0","0","668","0","0","668","0","0","668","0","0","668","0","0","668","0","0","668","0","0","668","0","0","668","0","0","668","0","0","668","0","0","668","0","0","668","0","0","668","0","0","668","0","0","668","0","0","668","0","0","668","0","0","668","0","0","668","0","0","668","0","0","668","0","0","668","0","0","668","0","0","668","0","0","668","0","0","668","0","0","668","0","0","668","0","0","668","0","0","668","0","0","668","0","0","668","0","0","668","0","0","668","0","0","668","0","0","668","0","0","668","0","0","668","0","0","668","0","0","668","0","0","668","0","0","668","0","0","668","0","0","668","0","0","668","0","0","668","0","0","668","0","0","668","0","0","668","0","0"
,"669","0","0","669","0","0","669","0","0","669","0","0","669","0","0","669","0","0","669","0","0","669","0","0","669","0","0","669","0","0","669","0","0","669","0","0","669","0","0","669","0","0","669","0","0","669","0","0","669","0","0","669","0","0","669","0","0","669","0","0","669","0","0","669","0","0","669","0","0","669","0","0","669","0","0","669","0","0","669","0","0","669","0","0","669","0","0","669","0","0","669","0","0","669","0","0","669","0","0","669","0","0","669","0","0","669","0","0","669","0","0","669","0","0","669","0","0","669","0","0","669","0","0","669","0","0","669","0","0","669","0","0","669","0","0","669","0","0","669","0","0","669","0","0","669","0","0","669","0","0","669","0","0","669","0","0","669","0","0","669","0","0","669","0","0","669","0","0","669","0","0","669","0","0","669","0","0","669","0","0"
,"670","0","0","670","0","0","670","0","0","670","0","0","670","0","0","670","0","0","670","0","0","670","0","0","670","0","0","670","0","0","670","0","0","670","0","0","670","0","0","670","0","0","670","0","0","670","0","0","670","0","0","670","0","0","670","0","0","670","0","0","670","0","0","670","0","0","670","0","0","670","0","0","670","0","0","670","0","0","670","0","0","670","0","0","670","0","0","670","0","0","670","0","0","670","0","0","670","0","0","670","0","0","670","0","0","670","0","0","670","0","0","670","0","0","670","0","0","670","0","0","670","0","0","670","0","0","670","0","0","670","0","0","670","0","0","670","0","0","670","0","0","670","0","0","670","0","0","670","0","0","670","0","0","670","0","0","670","0","0","670","0","0","670","0","0","670","0","0","670","0","0","670","0","0","670","0","0","670","0","0"
,"671","0","0","671","0","0","671","0","0","671","0","0","671","0","0","671","0","0","671","0","0","671","0","0","671","0","0","671","0","0","671","0","0","671","0","0","671","0","0","671","0","0","671","0","0","671","0","0","671","0","0","671","0","0","671","0","0","671","0","0","671","0","0","671","0","0","671","0","0","671","0","0","671","0","0","671","0","0","671","0","0","671","0","0","671","0","0","671","0","0","671","0","0","671","0","0","671","0","0","671","0","0","671","0","0","671","0","0","671","0","0","671","0","0","671","0","0","671","0","0","671","0","0","671","0","0","671","0","0","671","0","0","671","0","0","671","0","0","671","0","0","671","0","0","671","0","0","671","0","0","671","0","0","671","0","0","671","0","0","671","0","0","671","0","0","671","0","0","671","0","0","671","0","0","671","0","0","671","0","0"
,"672","0","0","672","0","0","672","0","0","672","0","0","672","0","0","672","0","0","672","0","0","672","0","0","672","0","0","672","0","0","672","0","0","672","0","0","672","0","0","672","0","0","672","0","0","672","0","0","672","0","0","672","0","0","672","0","0","672","0","0","672","0","0","672","0","0","672","0","0","672","0","0","672","0","0","672","0","0","672","0","0","672","0","0","672","0","0","672","0","0","672","0","0","672","0","0","672","0","0","672","0","0","672","0","0","672","0","0","672","0","0","672","0","0","672","0","0","672","0","0","672","0","0","672","0","0","672","0","0","672","0","0","672","0","0","672","0","0","672","0","0","672","0","0","672","0","0","672","0","0","672","0","0","672","0","0","672","0","0","672","0","0","672","0","0","672","0","0","672","0","0","672","0","0","672","0","0","672","0","0"
,"673","0","0","673","0","0","673","0","0","673","0","0","673","0","0","673","0","0","673","0","0","673","0","0","673","0","0","673","0","0","673","0","0","673","0","0","673","0","0","673","0","0","673","0","0","673","0","0","673","0","0","673","0","0","673","0","0","673","0","0","673","0","0","673","0","0","673","0","0","673","0","0","673","0","0","673","0","0","673","0","0","673","0","0","673","0","0","673","0","0","673","0","0","673","0","0","673","0","0","673","0","0","673","0","0","673","0","0","673","0","0","673","0","0","673","0","0","673","0","0","673","0","0","673","0","0","673","0","0","673","0","0","673","0","0","673","0","0","673","0","0","673","0","0","673","0","0","673","0","0","673","0","0","673","0","0","673","0","0","673","0","0","673","0","0","673","0","0","673","0","0","673","0","0","673","0","0","673","0","0"
,"674","0","0","674","0","0","674","0","0","674","0","0","674","0","0","674","0","0","674","0","0","674","0","0","674","0","0","674","0","0","674","0","0","674","0","0","674","0","0","674","0","0","674","0","0","674","0","0","674","0","0","674","0","0","674","0","0","674","0","0","674","0","0","674","0","0","674","0","0","674","0","0","674","0","0","674","0","0","674","0","0","674","0","0","674","0","0","674","0","0","674","0","0","674","0","0","674","0","0","674","0","0","674","0","0","674","0","0","674","0","0","674","0","0","674","0","0","674","0","0","674","0","0","674","0","0","674","0","0","674","0","0","674","0","0","674","0","0","674","0","0","674","0","0","674","0","0","674","0","0","674","0","0","674","0","0","674","0","0","674","0","0","674","0","0","674","0","0","674","0","0","674","0","0","674","0","0","674","0","0"
,"675","0","0","675","0","0","675","0","0","675","0","0","675","0","0","675","0","0","675","0","0","675","0","0","675","0","0","675","0","0","675","0","0","675","0","0","675","0","0","675","0","0","675","0","0","675","0","0","675","0","0","675","0","0","675","0","0","675","0","0","675","0","0","675","0","0","675","0","0","675","0","0","675","0","0","675","0","0","675","0","0","675","0","0","675","0","0","675","0","0","675","0","0","675","0","0","675","0","0","675","0","0","675","0","0","675","0","0","675","0","0","675","0","0","675","0","0","675","0","0","675","0","0","675","0","0","675","0","0","675","0","0","675","0","0","675","0","0","675","0","0","675","0","0","675","0","0","675","0","0","675","0","0","675","0","0","675","0","0","675","0","0","675","0","0","675","0","0","675","0","0","675","0","0","675","0","0","675","0","0"
,"676","0","0","676","0","0","676","0","0","676","0","0","676","0","0","676","0","0","676","0","0","676","0","0","676","0","0","676","0","0","676","0","0","676","0","0","676","0","0","676","0","0","676","0","0","676","0","0","676","0","0","676","0","0","676","0","0","676","0","0","676","0","0","676","0","0","676","0","0","676","0","0","676","0","0","676","0","0","676","0","0","676","0","0","676","0","0","676","0","0","676","0","0","676","0","0","676","0","0","676","0","0","676","0","0","676","0","0","676","0","0","676","0","0","676","0","0","676","0","0","676","0","0","676","0","0","676","0","0","676","0","0","676","0","0","676","0","0","676","0","0","676","0","0","676","0","0","676","0","0","676","0","0","676","0","0","676","0","0","676","0","0","676","0","0","676","0","0","676","0","0","676","0","0","676","0","0","676","0","0"
,"677","0","0","677","0","0","677","0","0","677","0","0","677","0","0","677","0","0","677","0","0","677","0","0","677","0","0","677","0","0","677","0","0","677","0","0","677","0","0","677","0","0","677","0","0","677","0","0","677","0","0","677","0","0","677","0","0","677","0","0","677","0","0","677","0","0","677","0","0","677","0","0","677","0","0","677","0","0","677","0","0","677","0","0","677","0","0","677","0","0","677","0","0","677","0","0","677","0","0","677","0","0","677","0","0","677","0","0","677","0","0","677","0","0","677","0","0","677","0","0","677","0","0","677","0","0","677","0","0","677","0","0","677","0","0","677","0","0","677","0","0","677","0","0","677","0","0","677","0","0","677","0","0","677","0","0","677","0","0","677","0","0","677","0","0","677","0","0","677","0","0","677","0","0","677","0","0","677","0","0"
,"678","0","0","678","0","0","678","0","0","678","0","0","678","0","0","678","0","0","678","0","0","678","0","0","678","0","0","678","0","0","678","0","0","678","0","0","678","0","0","678","0","0","678","0","0","678","0","0","678","0","0","678","0","0","678","0","0","678","0","0","678","0","0","678","0","0","678","0","0","678","0","0","678","0","0","678","0","0","678","0","0","678","0","0","678","0","0","678","0","0","678","0","0","678","0","0","678","0","0","678","0","0","678","0","0","678","0","0","678","0","0","678","0","0","678","0","0","678","0","0","678","0","0","678","0","0","678","0","0","678","0","0","678","0","0","678","0","0","678","0","0","678","0","0","678","0","0","678","0","0","678","0","0","678","0","0","678","0","0","678","0","0","678","0","0","678","0","0","678","0","0","678","0","0","678","0","0","678","0","0"
,"679","0","0","679","0","0","679","0","0","679","0","0","679","0","0","679","0","0","679","0","0","679","0","0","679","0","0","679","0","0","679","0","0","679","0","0","679","0","0","679","0","0","679","0","0","679","0","0","679","0","0","679","0","0","679","0","0","679","0","0","679","0","0","679","0","0","679","0","0","679","0","0","679","0","0","679","0","0","679","0","0","679","0","0","679","0","0","679","0","0","679","0","0","679","0","0","679","0","0","679","0","0","679","0","0","679","0","0","679","0","0","679","0","0","679","0","0","679","0","0","679","0","0","679","0","0","679","0","0","679","0","0","679","0","0","679","0","0","679","0","0","679","0","0","679","0","0","679","0","0","679","0","0","679","0","0","679","0","0","679","0","0","679","0","0","679","0","0","679","0","0","679","0","0","679","0","0","679","0","0"
,"680","0","0","680","0","0","680","0","0","680","0","0","680","0","0","680","0","0","680","0","0","680","0","0","680","0","0","680","0","0","680","0","0","680","0","0","680","0","0","680","0","0","680","0","0","680","0","0","680","0","0","680","0","0","680","0","0","680","0","0","680","0","0","680","0","0","680","0","0","680","0","0","680","0","0","680","0","0","680","0","0","680","0","0","680","0","0","680","0","0","680","0","0","680","0","0","680","0","0","680","0","0","680","0","0","680","0","0","680","0","0","680","0","0","680","0","0","680","0","0","680","0","0","680","0","0","680","0","0","680","0","0","680","0","0","680","0","0","680","0","0","680","0","0","680","0","0","680","0","0","680","0","0","680","0","0","680","0","0","680","0","0","680","0","0","680","0","0","680","0","0","680","0","0","680","0","0","680","0","0"
,"681","0","0","681","0","0","681","0","0","681","0","0","681","0","0","681","0","0","681","0","0","681","0","0","681","0","0","681","0","0","681","0","0","681","0","0","681","0","0","681","0","0","681","0","0","681","0","0","681","0","0","681","0","0","681","0","0","681","0","0","681","0","0","681","0","0","681","0","0","681","0","0","681","0","0","681","0","0","681","0","0","681","0","0","681","0","0","681","0","0","681","0","0","681","0","0","681","0","0","681","0","0","681","0","0","681","0","0","681","0","0","681","0","0","681","0","0","681","0","0","681","0","0","681","0","0","681","0","0","681","0","0","681","0","0","681","0","0","681","0","0","681","0","0","681","0","0","681","0","0","681","0","0","681","0","0","681","0","0","681","0","0","681","0","0","681","0","0","681","0","0","681","0","0","681","0","0","681","0","0"
,"682","0","0","682","0","0","682","0","0","682","0","0","682","0","0","682","0","0","682","0","0","682","0","0","682","0","0","682","0","0","682","0","0","682","0","0","682","0","0","682","0","0","682","0","0","682","0","0","682","0","0","682","0","0","682","0","0","682","0","0","682","0","0","682","0","0","682","0","0","682","0","0","682","0","0","682","0","0","682","0","0","682","0","0","682","0","0","682","0","0","682","0","0","682","0","0","682","0","0","682","0","0","682","0","0","682","0","0","682","0","0","682","0","0","682","0","0","682","0","0","682","0","0","682","0","0","682","0","0","682","0","0","682","0","0","682","0","0","682","0","0","682","0","0","682","0","0","682","0","0","682","0","0","682","0","0","682","0","0","682","0","0","682","0","0","682","0","0","682","0","0","682","0","0","682","0","0","682","0","0"
,"683","0","0","683","0","0","683","0","0","683","0","0","683","0","0","683","0","0","683","0","0","683","0","0","683","0","0","683","0","0","683","0","0","683","0","0","683","0","0","683","0","0","683","0","0","683","0","0","683","0","0","683","0","0","683","0","0","683","0","0","683","0","0","683","0","0","683","0","0","683","0","0","683","0","0","683","0","0","683","0","0","683","0","0","683","0","0","683","0","0","683","0","0","683","0","0","683","0","0","683","0","0","683","0","0","683","0","0","683","0","0","683","0","0","683","0","0","683","0","0","683","0","0","683","0","0","683","0","0","683","0","0","683","0","0","683","0","0","683","0","0","683","0","0","683","0","0","683","0","0","683","0","0","683","0","0","683","0","0","683","0","0","683","0","0","683","0","0","683","0","0","683","0","0","683","0","0","683","0","0"
,"684","0","0","684","0","0","684","0","0","684","0","0","684","0","0","684","0","0","684","0","0","684","0","0","684","0","0","684","0","0","684","0","0","684","0","0","684","0","0","684","0","0","684","0","0","684","0","0","684","0","0","684","0","0","684","0","0","684","0","0","684","0","0","684","0","0","684","0","0","684","0","0","684","0","0","684","0","0","684","0","0","684","0","0","684","0","0","684","0","0","684","0","0","684","0","0","684","0","0","684","0","0","684","0","0","684","0","0","684","0","0","684","0","0","684","0","0","684","0","0","684","0","0","684","0","0","684","0","0","684","0","0","684","0","0","684","0","0","684","0","0","684","0","0","684","0","0","684","0","0","684","0","0","684","0","0","684","0","0","684","0","0","684","0","0","684","0","0","684","0","0","684","0","0","684","0","0","684","0","0"
,"685","0","0","685","0","0","685","0","0","685","0","0","685","0","0","685","0","0","685","0","0","685","0","0","685","0","0","685","0","0","685","0","0","685","0","0","685","0","0","685","0","0","685","0","0","685","0","0","685","0","0","685","0","0","685","0","0","685","0","0","685","0","0","685","0","0","685","0","0","685","0","0","685","0","0","685","0","0","685","0","0","685","0","0","685","0","0","685","0","0","685","0","0","685","0","0","685","0","0","685","0","0","685","0","0","685","0","0","685","0","0","685","0","0","685","0","0","685","0","0","685","0","0","685","0","0","685","0","0","685","0","0","685","0","0","685","0","0","685","0","0","685","0","0","685","0","0","685","0","0","685","0","0","685","0","0","685","0","0","685","0","0","685","0","0","685","0","0","685","0","0","685","0","0","685","0","0","685","0","0"
,"686","0","0","686","0","0","686","0","0","686","0","0","686","0","0","686","0","0","686","0","0","686","0","0","686","0","0","686","0","0","686","0","0","686","0","0","686","0","0","686","0","0","686","0","0","686","0","0","686","0","0","686","0","0","686","0","0","686","0","0","686","0","0","686","0","0","686","0","0","686","0","0","686","0","0","686","0","0","686","0","0","686","0","0","686","0","0","686","0","0","686","0","0","686","0","0","686","0","0","686","0","0","686","0","0","686","0","0","686","0","0","686","0","0","686","0","0","686","0","0","686","0","0","686","0","0","686","0","0","686","0","0","686","0","0","686","0","0","686","0","0","686","0","0","686","0","0","686","0","0","686","0","0","686","0","0","686","0","0","686","0","0","686","0","0","686","0","0","686","0","0","686","0","0","686","0","0","686","0","0"
,"687","0","0","687","0","0","687","0","0","687","0","0","687","0","0","687","0","0","687","0","0","687","0","0","687","0","0","687","0","0","687","0","0","687","0","0","687","0","0","687","0","0","687","0","0","687","0","0","687","0","0","687","0","0","687","0","0","687","0","0","687","0","0","687","0","0","687","0","0","687","0","0","687","0","0","687","0","0","687","0","0","687","0","0","687","0","0","687","0","0","687","0","0","687","0","0","687","0","0","687","0","0","687","0","0","687","0","0","687","0","0","687","0","0","687","0","0","687","0","0","687","0","0","687","0","0","687","0","0","687","0","0","687","0","0","687","0","0","687","0","0","687","0","0","687","0","0","687","0","0","687","0","0","687","0","0","687","0","0","687","0","0","687","0","0","687","0","0","687","0","0","687","0","0","687","0","0","687","0","0"
,"688","0","0","688","0","0","688","0","0","688","0","0","688","0","0","688","0","0","688","0","0","688","0","0","688","0","0","688","0","0","688","0","0","688","0","0","688","0","0","688","0","0","688","0","0","688","0","0","688","0","0","688","0","0","688","0","0","688","0","0","688","0","0","688","0","0","688","0","0","688","0","0","688","0","0","688","0","0","688","0","0","688","0","0","688","0","0","688","0","0","688","0","0","688","0","0","688","0","0","688","0","0","688","0","0","688","0","0","688","0","0","688","0","0","688","0","0","688","0","0","688","0","0","688","0","0","688","0","0","688","0","0","688","0","0","688","0","0","688","0","0","688","0","0","688","0","0","688","0","0","688","0","0","688","0","0","688","0","0","688","0","0","688","0","0","688","0","0","688","0","0","688","0","0","688","0","0","688","0","0"
,"689","0","0","689","0","0","689","0","0","689","0","0","689","0","0","689","0","0","689","0","0","689","0","0","689","0","0","689","0","0","689","0","0","689","0","0","689","0","0","689","0","0","689","0","0","689","0","0","689","0","0","689","0","0","689","0","0","689","0","0","689","0","0","689","0","0","689","0","0","689","0","0","689","0","0","689","0","0","689","0","0","689","0","0","689","0","0","689","0","0","689","0","0","689","0","0","689","0","0","689","0","0","689","0","0","689","0","0","689","0","0","689","0","0","689","0","0","689","0","0","689","0","0","689","0","0","689","0","0","689","0","0","689","0","0","689","0","0","689","0","0","689","0","0","689","0","0","689","0","0","689","0","0","689","0","0","689","0","0","689","0","0","689","0","0","689","0","0","689","0","0","689","0","0","689","0","0","689","0","0"
,"690","0","0","690","0","0","690","0","0","690","0","0","690","0","0","690","0","0","690","0","0","690","0","0","690","0","0","690","0","0","690","0","0","690","0","0","690","0","0","690","0","0","690","0","0","690","0","0","690","0","0","690","0","0","690","0","0","690","0","0","690","0","0","690","0","0","690","0","0","690","0","0","690","0","0","690","0","0","690","0","0","690","0","0","690","0","0","690","0","0","690","0","0","690","0","0","690","0","0","690","0","0","690","0","0","690","0","0","690","0","0","690","0","0","690","0","0","690","0","0","690","0","0","690","0","0","690","0","0","690","0","0","690","0","0","690","0","0","690","0","0","690","0","0","690","0","0","690","0","0","690","0","0","690","0","0","690","0","0","690","0","0","690","0","0","690","0","0","690","0","0","690","0","0","690","0","0","690","0","0"
,"691","0","0","691","0","0","691","0","0","691","0","0","691","0","0","691","0","0","691","0","0","691","0","0","691","0","0","691","0","0","691","0","0","691","0","0","691","0","0","691","0","0","691","0","0","691","0","0","691","0","0","691","0","0","691","0","0","691","0","0","691","0","0","691","0","0","691","0","0","691","0","0","691","0","0","691","0","0","691","0","0","691","0","0","691","0","0","691","0","0","691","0","0","691","0","0","691","0","0","691","0","0","691","0","0","691","0","0","691","0","0","691","0","0","691","0","0","691","0","0","691","0","0","691","0","0","691","0","0","691","0","0","691","0","0","691","0","0","691","0","0","691","0","0","691","0","0","691","0","0","691","0","0","691","0","0","691","0","0","691","0","0","691","0","0","691","0","0","691","0","0","691","0","0","691","0","0","691","0","0"
,"692","0","0","692","0","0","692","0","0","692","0","0","692","0","0","692","0","0","692","0","0","692","0","0","692","0","0","692","0","0","692","0","0","692","0","0","692","0","0","692","0","0","692","0","0","692","0","0","692","0","0","692","0","0","692","0","0","692","0","0","692","0","0","692","0","0","692","0","0","692","0","0","692","0","0","692","0","0","692","0","0","692","0","0","692","0","0","692","0","0","692","0","0","692","0","0","692","0","0","692","0","0","692","0","0","692","0","0","692","0","0","692","0","0","692","0","0","692","0","0","692","0","0","692","0","0","692","0","0","692","0","0","692","0","0","692","0","0","692","0","0","692","0","0","692","0","0","692","0","0","692","0","0","692","0","0","692","0","0","692","0","0","692","0","0","692","0","0","692","0","0","692","0","0","692","0","0","692","0","0"
,"693","0","0","693","0","0","693","0","0","693","0","0","693","0","0","693","0","0","693","0","0","693","0","0","693","0","0","693","0","0","693","0","0","693","0","0","693","0","0","693","0","0","693","0","0","693","0","0","693","0","0","693","0","0","693","0","0","693","0","0","693","0","0","693","0","0","693","0","0","693","0","0","693","0","0","693","0","0","693","0","0","693","0","0","693","0","0","693","0","0","693","0","0","693","0","0","693","0","0","693","0","0","693","0","0","693","0","0","693","0","0","693","0","0","693","0","0","693","0","0","693","0","0","693","0","0","693","0","0","693","0","0","693","0","0","693","0","0","693","0","0","693","0","0","693","0","0","693","0","0","693","0","0","693","0","0","693","0","0","693","0","0","693","0","0","693","0","0","693","0","0","693","0","0","693","0","0","693","0","0"
,"694","0","0","694","0","0","694","0","0","694","0","0","694","0","0","694","0","0","694","0","0","694","0","0","694","0","0","694","0","0","694","0","0","694","0","0","694","0","0","694","0","0","694","0","0","694","0","0","694","0","0","694","0","0","694","0","0","694","0","0","694","0","0","694","0","0","694","0","0","694","0","0","694","0","0","694","0","0","694","0","0","694","0","0","694","0","0","694","0","0","694","0","0","694","0","0","694","0","0","694","0","0","694","0","0","694","0","0","694","0","0","694","0","0","694","0","0","694","0","0","694","0","0","694","0","0","694","0","0","694","0","0","694","0","0","694","0","0","694","0","0","694","0","0","694","0","0","694","0","0","694","0","0","694","0","0","694","0","0","694","0","0","694","0","0","694","0","0","694","0","0","694","0","0","694","0","0","694","0","0"
,"695","0","0","695","0","0","695","0","0","695","0","0","695","0","0","695","0","0","695","0","0","695","0","0","695","0","0","695","0","0","695","0","0","695","0","0","695","0","0","695","0","0","695","0","0","695","0","0","695","0","0","695","0","0","695","0","0","695","0","0","695","0","0","695","0","0","695","0","0","695","0","0","695","0","0","695","0","0","695","0","0","695","0","0","695","0","0","695","0","0","695","0","0","695","0","0","695","0","0","695","0","0","695","0","0","695","0","0","695","0","0","695","0","0","695","0","0","695","0","0","695","0","0","695","0","0","695","0","0","695","0","0","695","0","0","695","0","0","695","0","0","695","0","0","695","0","0","695","0","0","695","0","0","695","0","0","695","0","0","695","0","0","695","0","0","695","0","0","695","0","0","695","0","0","695","0","0","695","0","0"
,"696","0","0","696","0","0","696","0","0","696","0","0","696","0","0","696","0","0","696","0","0","696","0","0","696","0","0","696","0","0","696","0","0","696","0","0","696","0","0","696","0","0","696","0","0","696","0","0","696","0","0","696","0","0","696","0","0","696","0","0","696","0","0","696","0","0","696","0","0","696","0","0","696","0","0","696","0","0","696","0","0","696","0","0","696","0","0","696","0","0","696","0","0","696","0","0","696","0","0","696","0","0","696","0","0","696","0","0","696","0","0","696","0","0","696","0","0","696","0","0","696","0","0","696","0","0","696","0","0","696","0","0","696","0","0","696","0","0","696","0","0","696","0","0","696","0","0","696","0","0","696","0","0","696","0","0","696","0","0","696","0","0","696","0","0","696","0","0","696","0","0","696","0","0","696","0","0","696","0","0"
,"697","0","0","697","0","0","697","0","0","697","0","0","697","0","0","697","0","0","697","0","0","697","0","0","697","0","0","697","0","0","697","0","0","697","0","0","697","0","0","697","0","0","697","0","0","697","0","0","697","0","0","697","0","0","697","0","0","697","0","0","697","0","0","697","0","0","697","0","0","697","0","0","697","0","0","697","0","0","697","0","0","697","0","0","697","0","0","697","0","0","697","0","0","697","0","0","697","0","0","697","0","0","697","0","0","697","0","0","697","0","0","697","0","0","697","0","0","697","0","0","697","0","0","697","0","0","697","0","0","697","0","0","697","0","0","697","0","0","697","0","0","697","0","0","697","0","0","697","0","0","697","0","0","697","0","0","697","0","0","697","0","0","697","0","0","697","0","0","697","0","0","697","0","0","697","0","0","697","0","0"
,"698","0","0","698","0","0","698","0","0","698","0","0","698","0","0","698","0","0","698","0","0","698","0","0","698","0","0","698","0","0","698","0","0","698","0","0","698","0","0","698","0","0","698","0","0","698","0","0","698","0","0","698","0","0","698","0","0","698","0","0","698","0","0","698","0","0","698","0","0","698","0","0","698","0","0","698","0","0","698","0","0","698","0","0","698","0","0","698","0","0","698","0","0","698","0","0","698","0","0","698","0","0","698","0","0","698","0","0","698","0","0","698","0","0","698","0","0","698","0","0","698","0","0","698","0","0","698","0","0","698","0","0","698","0","0","698","0","0","698","0","0","698","0","0","698","0","0","698","0","0","698","0","0","698","0","0","698","0","0","698","0","0","698","0","0","698","0","0","698","0","0","698","0","0","698","0","0","698","0","0"
,"699","0","0","699","0","0","699","0","0","699","0","0","699","0","0","699","0","0","699","0","0","699","0","0","699","0","0","699","0","0","699","0","0","699","0","0","699","0","0","699","0","0","699","0","0","699","0","0","699","0","0","699","0","0","699","0","0","699","0","0","699","0","0","699","0","0","699","0","0","699","0","0","699","0","0","699","0","0","699","0","0","699","0","0","699","0","0","699","0","0","699","0","0","699","0","0","699","0","0","699","0","0","699","0","0","699","0","0","699","0","0","699","0","0","699","0","0","699","0","0","699","0","0","699","0","0","699","0","0","699","0","0","699","0","0","699","0","0","699","0","0","699","0","0","699","0","0","699","0","0","699","0","0","699","0","0","699","0","0","699","0","0","699","0","0","699","0","0","699","0","0","699","0","0","699","0","0","699","0","0"
,"700","0","0","700","0","0","700","0","0","700","0","0","700","0","0","700","0","0","700","0","0","700","0","0","700","0","0","700","0","0","700","0","0","700","0","0","700","0","0","700","0","0","700","0","0","700","0","0","700","0","0","700","0","0","700","0","0","700","0","0","700","0","0","700","0","0","700","0","0","700","0","0","700","0","0","700","0","0","700","0","0","700","0","0","700","0","0","700","0","0","700","0","0","700","0","0","700","0","0","700","0","0","700","0","0","700","0","0","700","0","0","700","0","0","700","0","0","700","0","0","700","0","0","700","0","0","700","0","0","700","0","0","700","0","0","700","0","0","700","0","0","700","0","0","700","0","0","700","0","0","700","0","0","700","0","0","700","0","0","700","0","0","700","0","0","700","0","0","700","0","0","700","0","0","700","0","0","700","0","0"
,"701","0","0","701","0","0","701","0","0","701","0","0","701","0","0","701","0","0","701","0","0","701","0","0","701","0","0","701","0","0","701","0","0","701","0","0","701","0","0","701","0","0","701","0","0","701","0","0","701","0","0","701","0","0","701","0","0","701","0","0","701","0","0","701","0","0","701","0","0","701","0","0","701","0","0","701","0","0","701","0","0","701","0","0","701","0","0","701","0","0","701","0","0","701","0","0","701","0","0","701","0","0","701","0","0","701","0","0","701","0","0","701","0","0","701","0","0","701","0","0","701","0","0","701","0","0","701","0","0","701","0","0","701","0","0","701","0","0","701","0","0","701","0","0","701","0","0","701","0","0","701","0","0","701","0","0","701","0","0","701","0","0","701","0","0","701","0","0","701","0","0","701","0","0","701","0","0","701","0","0"
,"702","0","0","702","0","0","702","0","0","702","0","0","702","0","0","702","0","0","702","0","0","702","0","0","702","0","0","702","0","0","702","0","0","702","0","0","702","0","0","702","0","0","702","0","0","702","0","0","702","0","0","702","0","0","702","0","0","702","0","0","702","0","0","702","0","0","702","0","0","702","0","0","702","0","0","702","0","0","702","0","0","702","0","0","702","0","0","702","0","0","702","0","0","702","0","0","702","0","0","702","0","0","702","0","0","702","0","0","702","0","0","702","0","0","702","0","0","702","0","0","702","0","0","702","0","0","702","0","0","702","0","0","702","0","0","702","0","0","702","0","0","702","0","0","702","0","0","702","0","0","702","0","0","702","0","0","702","0","0","702","0","0","702","0","0","702","0","0","702","0","0","702","0","0","702","0","0","702","0","0"
,"703","0","0","703","0","0","703","0","0","703","0","0","703","0","0","703","0","0","703","0","0","703","0","0","703","0","0","703","0","0","703","0","0","703","0","0","703","0","0","703","0","0","703","0","0","703","0","0","703","0","0","703","0","0","703","0","0","703","0","0","703","0","0","703","0","0","703","0","0","703","0","0","703","0","0","703","0","0","703","0","0","703","0","0","703","0","0","703","0","0","703","0","0","703","0","0","703","0","0","703","0","0","703","0","0","703","0","0","703","0","0","703","0","0","703","0","0","703","0","0","703","0","0","703","0","0","703","0","0","703","0","0","703","0","0","703","0","0","703","0","0","703","0","0","703","0","0","703","0","0","703","0","0","703","0","0","703","0","0","703","0","0","703","0","0","703","0","0","703","0","0","703","0","0","703","0","0","703","0","0"
,"704","0","0","704","0","0","704","0","0","704","0","0","704","0","0","704","0","0","704","0","0","704","0","0","704","0","0","704","0","0","704","0","0","704","0","0","704","0","0","704","0","0","704","0","0","704","0","0","704","0","0","704","0","0","704","0","0","704","0","0","704","0","0","704","0","0","704","0","0","704","0","0","704","0","0","704","0","0","704","0","0","704","0","0","704","0","0","704","0","0","704","0","0","704","0","0","704","0","0","704","0","0","704","0","0","704","0","0","704","0","0","704","0","0","704","0","0","704","0","0","704","0","0","704","0","0","704","0","0","704","0","0","704","0","0","704","0","0","704","0","0","704","0","0","704","0","0","704","0","0","704","0","0","704","0","0","704","0","0","704","0","0","704","0","0","704","0","0","704","0","0","704","0","0","704","0","0","704","0","0"
,"705","0","0","705","0","0","705","0","0","705","0","0","705","0","0","705","0","0","705","0","0","705","0","0","705","0","0","705","0","0","705","0","0","705","0","0","705","0","0","705","0","0","705","0","0","705","0","0","705","0","0","705","0","0","705","0","0","705","0","0","705","0","0","705","0","0","705","0","0","705","0","0","705","0","0","705","0","0","705","0","0","705","0","0","705","0","0","705","0","0","705","0","0","705","0","0","705","0","0","705","0","0","705","0","0","705","0","0","705","0","0","705","0","0","705","0","0","705","0","0","705","0","0","705","0","0","705","0","0","705","0","0","705","0","0","705","0","0","705","0","0","705","0","0","705","0","0","705","0","0","705","0","0","705","0","0","705","0","0","705","0","0","705","0","0","705","0","0","705","0","0","705","0","0","705","0","0","705","0","0"
,"706","0","0","706","0","0","706","0","0","706","0","0","706","0","0","706","0","0","706","0","0","706","0","0","706","0","0","706","0","0","706","0","0","706","0","0","706","0","0","706","0","0","706","0","0","706","0","0","706","0","0","706","0","0","706","0","0","706","0","0","706","0","0","706","0","0","706","0","0","706","0","0","706","0","0","706","0","0","706","0","0","706","0","0","706","0","0","706","0","0","706","0","0","706","0","0","706","0","0","706","0","0","706","0","0","706","0","0","706","0","0","706","0","0","706","0","0","706","0","0","706","0","0","706","0","0","706","0","0","706","0","0","706","0","0","706","0","0","706","0","0","706","0","0","706","0","0","706","0","0","706","0","0","706","0","0","706","0","0","706","0","0","706","0","0","706","0","0","706","0","0","706","0","0","706","0","0","706","0","0"
,"707","0","0","707","0","0","707","0","0","707","0","0","707","0","0","707","0","0","707","0","0","707","0","0","707","0","0","707","0","0","707","0","0","707","0","0","707","0","0","707","0","0","707","0","0","707","0","0","707","0","0","707","0","0","707","0","0","707","0","0","707","0","0","707","0","0","707","0","0","707","0","0","707","0","0","707","0","0","707","0","0","707","0","0","707","0","0","707","0","0","707","0","0","707","0","0","707","0","0","707","0","0","707","0","0","707","0","0","707","0","0","707","0","0","707","0","0","707","0","0","707","0","0","707","0","0","707","0","0","707","0","0","707","0","0","707","0","0","707","0","0","707","0","0","707","0","0","707","0","0","707","0","0","707","0","0","707","0","0","707","0","0","707","0","0","707","0","0","707","0","0","707","0","0","707","0","0","707","0","0"
,"708","0","0","708","0","0","708","0","0","708","0","0","708","0","0","708","0","0","708","0","0","708","0","0","708","0","0","708","0","0","708","0","0","708","0","0","708","0","0","708","0","0","708","0","0","708","0","0","708","0","0","708","0","0","708","0","0","708","0","0","708","0","0","708","0","0","708","0","0","708","0","0","708","0","0","708","0","0","708","0","0","708","0","0","708","0","0","708","0","0","708","0","0","708","0","0","708","0","0","708","0","0","708","0","0","708","0","0","708","0","0","708","0","0","708","0","0","708","0","0","708","0","0","708","0","0","708","0","0","708","0","0","708","0","0","708","0","0","708","0","0","708","0","0","708","0","0","708","0","0","708","0","0","708","0","0","708","0","0","708","0","0","708","0","0","708","0","0","708","0","0","708","0","0","708","0","0","708","0","0"
,"709","0","0","709","0","0","709","0","0","709","0","0","709","0","0","709","0","0","709","0","0","709","0","0","709","0","0","709","0","0","709","0","0","709","0","0","709","0","0","709","0","0","709","0","0","709","0","0","709","0","0","709","0","0","709","0","0","709","0","0","709","0","0","709","0","0","709","0","0","709","0","0","709","0","0","709","0","0","709","0","0","709","0","0","709","0","0","709","0","0","709","0","0","709","0","0","709","0","0","709","0","0","709","0","0","709","0","0","709","0","0","709","0","0","709","0","0","709","0","0","709","0","0","709","0","0","709","0","0","709","0","0","709","0","0","709","0","0","709","0","0","709","0","0","709","0","0","709","0","0","709","0","0","709","0","0","709","0","0","709","0","0","709","0","0","709","0","0","709","0","0","709","0","0","709","0","0","709","0","0"
,"710","0","0","710","0","0","710","0","0","710","0","0","710","0","0","710","0","0","710","0","0","710","0","0","710","0","0","710","0","0","710","0","0","710","0","0","710","0","0","710","0","0","710","0","0","710","0","0","710","0","0","710","0","0","710","0","0","710","0","0","710","0","0","710","0","0","710","0","0","710","0","0","710","0","0","710","0","0","710","0","0","710","0","0","710","0","0","710","0","0","710","0","0","710","0","0","710","0","0","710","0","0","710","0","0","710","0","0","710","0","0","710","0","0","710","0","0","710","0","0","710","0","0","710","0","0","710","0","0","710","0","0","710","0","0","710","0","0","710","0","0","710","0","0","710","0","0","710","0","0","710","0","0","710","0","0","710","0","0","710","0","0","710","0","0","710","0","0","710","0","0","710","0","0","710","0","0","710","0","0"
,"711","0","0","711","0","0","711","0","0","711","0","0","711","0","0","711","0","0","711","0","0","711","0","0","711","0","0","711","0","0","711","0","0","711","0","0","711","0","0","711","0","0","711","0","0","711","0","0","711","0","0","711","0","0","711","0","0","711","0","0","711","0","0","711","0","0","711","0","0","711","0","0","711","0","0","711","0","0","711","0","0","711","0","0","711","0","0","711","0","0","711","0","0","711","0","0","711","0","0","711","0","0","711","0","0","711","0","0","711","0","0","711","0","0","711","0","0","711","0","0","711","0","0","711","0","0","711","0","0","711","0","0","711","0","0","711","0","0","711","0","0","711","0","0","711","0","0","711","0","0","711","0","0","711","0","0","711","0","0","711","0","0","711","0","0","711","0","0","711","0","0","711","0","0","711","0","0","711","0","0"
,"712","0","0","712","0","0","712","0","0","712","0","0","712","0","0","712","0","0","712","0","0","712","0","0","712","0","0","712","0","0","712","0","0","712","0","0","712","0","0","712","0","0","712","0","0","712","0","0","712","0","0","712","0","0","712","0","0","712","0","0","712","0","0","712","0","0","712","0","0","712","0","0","712","0","0","712","0","0","712","0","0","712","0","0","712","0","0","712","0","0","712","0","0","712","0","0","712","0","0","712","0","0","712","0","0","712","0","0","712","0","0","712","0","0","712","0","0","712","0","0","712","0","0","712","0","0","712","0","0","712","0","0","712","0","0","712","0","0","712","0","0","712","0","0","712","0","0","712","0","0","712","0","0","712","0","0","712","0","0","712","0","0","712","0","0","712","0","0","712","0","0","712","0","0","712","0","0","712","0","0"
,"713","0","0","713","0","0","713","0","0","713","0","0","713","0","0","713","0","0","713","0","0","713","0","0","713","0","0","713","0","0","713","0","0","713","0","0","713","0","0","713","0","0","713","0","0","713","0","0","713","0","0","713","0","0","713","0","0","713","0","0","713","0","0","713","0","0","713","0","0","713","0","0","713","0","0","713","0","0","713","0","0","713","0","0","713","0","0","713","0","0","713","0","0","713","0","0","713","0","0","713","0","0","713","0","0","713","0","0","713","0","0","713","0","0","713","0","0","713","0","0","713","0","0","713","0","0","713","0","0","713","0","0","713","0","0","713","0","0","713","0","0","713","0","0","713","0","0","713","0","0","713","0","0","713","0","0","713","0","0","713","0","0","713","0","0","713","0","0","713","0","0","713","0","0","713","0","0","713","0","0"
,"714","0","0","714","0","0","714","0","0","714","0","0","714","0","0","714","0","0","714","0","0","714","0","0","714","0","0","714","0","0","714","0","0","714","0","0","714","0","0","714","0","0","714","0","0","714","0","0","714","0","0","714","0","0","714","0","0","714","0","0","714","0","0","714","0","0","714","0","0","714","0","0","714","0","0","714","0","0","714","0","0","714","0","0","714","0","0","714","0","0","714","0","0","714","0","0","714","0","0","714","0","0","714","0","0","714","0","0","714","0","0","714","0","0","714","0","0","714","0","0","714","0","0","714","0","0","714","0","0","714","0","0","714","0","0","714","0","0","714","0","0","714","0","0","714","0","0","714","0","0","714","0","0","714","0","0","714","0","0","714","0","0","714","0","0","714","0","0","714","0","0","714","0","0","714","0","0","714","0","0"
,"715","0","0","715","0","0","715","0","0","715","0","0","715","0","0","715","0","0","715","0","0","715","0","0","715","0","0","715","0","0","715","0","0","715","0","0","715","0","0","715","0","0","715","0","0","715","0","0","715","0","0","715","0","0","715","0","0","715","0","0","715","0","0","715","0","0","715","0","0","715","0","0","715","0","0","715","0","0","715","0","0","715","0","0","715","0","0","715","0","0","715","0","0","715","0","0","715","0","0","715","0","0","715","0","0","715","0","0","715","0","0","715","0","0","715","0","0","715","0","0","715","0","0","715","0","0","715","0","0","715","0","0","715","0","0","715","0","0","715","0","0","715","0","0","715","0","0","715","0","0","715","0","0","715","0","0","715","0","0","715","0","0","715","0","0","715","0","0","715","0","0","715","0","0","715","0","0","715","0","0"
,"716","0","0","716","0","0","716","0","0","716","0","0","716","0","0","716","0","0","716","0","0","716","0","0","716","0","0","716","0","0","716","0","0","716","0","0","716","0","0","716","0","0","716","0","0","716","0","0","716","0","0","716","0","0","716","0","0","716","0","0","716","0","0","716","0","0","716","0","0","716","0","0","716","0","0","716","0","0","716","0","0","716","0","0","716","0","0","716","0","0","716","0","0","716","0","0","716","0","0","716","0","0","716","0","0","716","0","0","716","0","0","716","0","0","716","0","0","716","0","0","716","0","0","716","0","0","716","0","0","716","0","0","716","0","0","716","0","0","716","0","0","716","0","0","716","0","0","716","0","0","716","0","0","716","0","0","716","0","0","716","0","0","716","0","0","716","0","0","716","0","0","716","0","0","716","0","0","716","0","0"
,"717","0","0","717","0","0","717","0","0","717","0","0","717","0","0","717","0","0","717","0","0","717","0","0","717","0","0","717","0","0","717","0","0","717","0","0","717","0","0","717","0","0","717","0","0","717","0","0","717","0","0","717","0","0","717","0","0","717","0","0","717","0","0","717","0","0","717","0","0","717","0","0","717","0","0","717","0","0","717","0","0","717","0","0","717","0","0","717","0","0","717","0","0","717","0","0","717","0","0","717","0","0","717","0","0","717","0","0","717","0","0","717","0","0","717","0","0","717","0","0","717","0","0","717","0","0","717","0","0","717","0","0","717","0","0","717","0","0","717","0","0","717","0","0","717","0","0","717","0","0","717","0","0","717","0","0","717","0","0","717","0","0","717","0","0","717","0","0","717","0","0","717","0","0","717","0","0","717","0","0"
,"718","0","0","718","0","0","718","0","0","718","0","0","718","0","0","718","0","0","718","0","0","718","0","0","718","0","0","718","0","0","718","0","0","718","0","0","718","0","0","718","0","0","718","0","0","718","0","0","718","0","0","718","0","0","718","0","0","718","0","0","718","0","0","718","0","0","718","0","0","718","0","0","718","0","0","718","0","0","718","0","0","718","0","0","718","0","0","718","0","0","718","0","0","718","0","0","718","0","0","718","0","0","718","0","0","718","0","0","718","0","0","718","0","0","718","0","0","718","0","0","718","0","0","718","0","0","718","0","0","718","0","0","718","0","0","718","0","0","718","0","0","718","0","0","718","0","0","718","0","0","718","0","0","718","0","0","718","0","0","718","0","0","718","0","0","718","0","0","718","0","0","718","0","0","718","0","0","718","0","0"
,"719","0","0","719","0","0","719","0","0","719","0","0","719","0","0","719","0","0","719","0","0","719","0","0","719","0","0","719","0","0","719","0","0","719","0","0","719","0","0","719","0","0","719","0","0","719","0","0","719","0","0","719","0","0","719","0","0","719","0","0","719","0","0","719","0","0","719","0","0","719","0","0","719","0","0","719","0","0","719","0","0","719","0","0","719","0","0","719","0","0","719","0","0","719","0","0","719","0","0","719","0","0","719","0","0","719","0","0","719","0","0","719","0","0","719","0","0","719","0","0","719","0","0","719","0","0","719","0","0","719","0","0","719","0","0","719","0","0","719","0","0","719","0","0","719","0","0","719","0","0","719","0","0","719","0","0","719","0","0","719","0","0","719","0","0","719","0","0","719","0","0","719","0","0","719","0","0","719","0","0"
,"720","0","0","720","0","0","720","0","0","720","0","0","720","0","0","720","0","0","720","0","0","720","0","0","720","0","0","720","0","0","720","0","0","720","0","0","720","0","0","720","0","0","720","0","0","720","0","0","720","0","0","720","0","0","720","0","0","720","0","0","720","0","0","720","0","0","720","0","0","720","0","0","720","0","0","720","0","0","720","0","0","720","0","0","720","0","0","720","0","0","720","0","0","720","0","0","720","0","0","720","0","0","720","0","0","720","0","0","720","0","0","720","0","0","720","0","0","720","0","0","720","0","0","720","0","0","720","0","0","720","0","0","720","0","0","720","0","0","720","0","0","720","0","0","720","0","0","720","0","0","720","0","0","720","0","0","720","0","0","720","0","0","720","0","0","720","0","0","720","0","0","720","0","0","720","0","0","720","0","0"
,"721","0","0","721","0","0","721","0","0","721","0","0","721","0","0","721","0","0","721","0","0","721","0","0","721","0","0","721","0","0","721","0","0","721","0","0","721","0","0","721","0","0","721","0","0","721","0","0","721","0","0","721","0","0","721","0","0","721","0","0","721","0","0","721","0","0","721","0","0","721","0","0","721","0","0","721","0","0","721","0","0","721","0","0","721","0","0","721","0","0","721","0","0","721","0","0","721","0","0","721","0","0","721","0","0","721","0","0","721","0","0","721","0","0","721","0","0","721","0","0","721","0","0","721","0","0","721","0","0","721","0","0","721","0","0","721","0","0","721","0","0","721","0","0","721","0","0","721","0","0","721","0","0","721","0","0","721","0","0","721","0","0","721","0","0","721","0","0","721","0","0","721","0","0","721","0","0","721","0","0"
,"722","0","0","722","0","0","722","0","0","722","0","0","722","0","0","722","0","0","722","0","0","722","0","0","722","0","0","722","0","0","722","0","0","722","0","0","722","0","0","722","0","0","722","0","0","722","0","0","722","0","0","722","0","0","722","0","0","722","0","0","722","0","0","722","0","0","722","0","0","722","0","0","722","0","0","722","0","0","722","0","0","722","0","0","722","0","0","722","0","0","722","0","0","722","0","0","722","0","0","722","0","0","722","0","0","722","0","0","722","0","0","722","0","0","722","0","0","722","0","0","722","0","0","722","0","0","722","0","0","722","0","0","722","0","0","722","0","0","722","0","0","722","0","0","722","0","0","722","0","0","722","0","0","722","0","0","722","0","0","722","0","0","722","0","0","722","0","0","722","0","0","722","0","0","722","0","0","722","0","0"
,"723","0","0","723","0","0","723","0","0","723","0","0","723","0","0","723","0","0","723","0","0","723","0","0","723","0","0","723","0","0","723","0","0","723","0","0","723","0","0","723","0","0","723","0","0","723","0","0","723","0","0","723","0","0","723","0","0","723","0","0","723","0","0","723","0","0","723","0","0","723","0","0","723","0","0","723","0","0","723","0","0","723","0","0","723","0","0","723","0","0","723","0","0","723","0","0","723","0","0","723","0","0","723","0","0","723","0","0","723","0","0","723","0","0","723","0","0","723","0","0","723","0","0","723","0","0","723","0","0","723","0","0","723","0","0","723","0","0","723","0","0","723","0","0","723","0","0","723","0","0","723","0","0","723","0","0","723","0","0","723","0","0","723","0","0","723","0","0","723","0","0","723","0","0","723","0","0","723","0","0"
,"724","0","0","724","0","0","724","0","0","724","0","0","724","0","0","724","0","0","724","0","0","724","0","0","724","0","0","724","0","0","724","0","0","724","0","0","724","0","0","724","0","0","724","0","0","724","0","0","724","0","0","724","0","0","724","0","0","724","0","0","724","0","0","724","0","0","724","0","0","724","0","0","724","0","0","724","0","0","724","0","0","724","0","0","724","0","0","724","0","0","724","0","0","724","0","0","724","0","0","724","0","0","724","0","0","724","0","0","724","0","0","724","0","0","724","0","0","724","0","0","724","0","0","724","0","0","724","0","0","724","0","0","724","0","0","724","0","0","724","0","0","724","0","0","724","0","0","724","0","0","724","0","0","724","0","0","724","0","0","724","0","0","724","0","0","724","0","0","724","0","0","724","0","0","724","0","0","724","0","0"
,"725","0","0","725","0","0","725","0","0","725","0","0","725","0","0","725","0","0","725","0","0","725","0","0","725","0","0","725","0","0","725","0","0","725","0","0","725","0","0","725","0","0","725","0","0","725","0","0","725","0","0","725","0","0","725","0","0","725","0","0","725","0","0","725","0","0","725","0","0","725","0","0","725","0","0","725","0","0","725","0","0","725","0","0","725","0","0","725","0","0","725","0","0","725","0","0","725","0","0","725","0","0","725","0","0","725","0","0","725","0","0","725","0","0","725","0","0","725","0","0","725","0","0","725","0","0","725","0","0","725","0","0","725","0","0","725","0","0","725","0","0","725","0","0","725","0","0","725","0","0","725","0","0","725","0","0","725","0","0","725","0","0","725","0","0","725","0","0","725","0","0","725","0","0","725","0","0","725","0","0"
,"726","0","0","726","0","0","726","0","0","726","0","0","726","0","0","726","0","0","726","0","0","726","0","0","726","0","0","726","0","0","726","0","0","726","0","0","726","0","0","726","0","0","726","0","0","726","0","0","726","0","0","726","0","0","726","0","0","726","0","0","726","0","0","726","0","0","726","0","0","726","0","0","726","0","0","726","0","0","726","0","0","726","0","0","726","0","0","726","0","0","726","0","0","726","0","0","726","0","0","726","0","0","726","0","0","726","0","0","726","0","0","726","0","0","726","0","0","726","0","0","726","0","0","726","0","0","726","0","0","726","0","0","726","0","0","726","0","0","726","0","0","726","0","0","726","0","0","726","0","0","726","0","0","726","0","0","726","0","0","726","0","0","726","0","0","726","0","0","726","0","0","726","0","0","726","0","0","726","0","0"
,"727","0","0","727","0","0","727","0","0","727","0","0","727","0","0","727","0","0","727","0","0","727","0","0","727","0","0","727","0","0","727","0","0","727","0","0","727","0","0","727","0","0","727","0","0","727","0","0","727","0","0","727","0","0","727","0","0","727","0","0","727","0","0","727","0","0","727","0","0","727","0","0","727","0","0","727","0","0","727","0","0","727","0","0","727","0","0","727","0","0","727","0","0","727","0","0","727","0","0","727","0","0","727","0","0","727","0","0","727","0","0","727","0","0","727","0","0","727","0","0","727","0","0","727","0","0","727","0","0","727","0","0","727","0","0","727","0","0","727","0","0","727","0","0","727","0","0","727","0","0","727","0","0","727","0","0","727","0","0","727","0","0","727","0","0","727","0","0","727","0","0","727","0","0","727","0","0","727","0","0"
,"728","0","0","728","0","0","728","0","0","728","0","0","728","0","0","728","0","0","728","0","0","728","0","0","728","0","0","728","0","0","728","0","0","728","0","0","728","0","0","728","0","0","728","0","0","728","0","0","728","0","0","728","0","0","728","0","0","728","0","0","728","0","0","728","0","0","728","0","0","728","0","0","728","0","0","728","0","0","728","0","0","728","0","0","728","0","0","728","0","0","728","0","0","728","0","0","728","0","0","728","0","0","728","0","0","728","0","0","728","0","0","728","0","0","728","0","0","728","0","0","728","0","0","728","0","0","728","0","0","728","0","0","728","0","0","728","0","0","728","0","0","728","0","0","728","0","0","728","0","0","728","0","0","728","0","0","728","0","0","728","0","0","728","0","0","728","0","0","728","0","0","728","0","0","728","0","0","728","0","0"
,"729","0","0","729","0","0","729","0","0","729","0","0","729","0","0","729","0","0","729","0","0","729","0","0","729","0","0","729","0","0","729","0","0","729","0","0","729","0","0","729","0","0","729","0","0","729","0","0","729","0","0","729","0","0","729","0","0","729","0","0","729","0","0","729","0","0","729","0","0","729","0","0","729","0","0","729","0","0","729","0","0","729","0","0","729","0","0","729","0","0","729","0","0","729","0","0","729","0","0","729","0","0","729","0","0","729","0","0","729","0","0","729","0","0","729","0","0","729","0","0","729","0","0","729","0","0","729","0","0","729","0","0","729","0","0","729","0","0","729","0","0","729","0","0","729","0","0","729","0","0","729","0","0","729","0","0","729","0","0","729","0","0","729","0","0","729","0","0","729","0","0","729","0","0","729","0","0","729","0","0"
,"730","0","0","730","0","0","730","0","0","730","0","0","730","0","0","730","0","0","730","0","0","730","0","0","730","0","0","730","0","0","730","0","0","730","0","0","730","0","0","730","0","0","730","0","0","730","0","0","730","0","0","730","0","0","730","0","0","730","0","0","730","0","0","730","0","0","730","0","0","730","0","0","730","0","0","730","0","0","730","0","0","730","0","0","730","0","0","730","0","0","730","0","0","730","0","0","730","0","0","730","0","0","730","0","0","730","0","0","730","0","0","730","0","0","730","0","0","730","0","0","730","0","0","730","0","0","730","0","0","730","0","0","730","0","0","730","0","0","730","0","0","730","0","0","730","0","0","730","0","0","730","0","0","730","0","0","730","0","0","730","0","0","730","0","0","730","0","0","730","0","0","730","0","0","730","0","0","730","0","0"
,"731","0","0","731","0","0","731","0","0","731","0","0","731","0","0","731","0","0","731","0","0","731","0","0","731","0","0","731","0","0","731","0","0","731","0","0","731","0","0","731","0","0","731","0","0","731","0","0","731","0","0","731","0","0","731","0","0","731","0","0","731","0","0","731","0","0","731","0","0","731","0","0","731","0","0","731","0","0","731","0","0","731","0","0","731","0","0","731","0","0","731","0","0","731","0","0","731","0","0","731","0","0","731","0","0","731","0","0","731","0","0","731","0","0","731","0","0","731","0","0","731","0","0","731","0","0","731","0","0","731","0","0","731","0","0","731","0","0","731","0","0","731","0","0","731","0","0","731","0","0","731","0","0","731","0","0","731","0","0","731","0","0","731","0","0","731","0","0","731","0","0","731","0","0","731","0","0","731","0","0"
,"732","0","0","732","0","0","732","0","0","732","0","0","732","0","0","732","0","0","732","0","0","732","0","0","732","0","0","732","0","0","732","0","0","732","0","0","732","0","0","732","0","0","732","0","0","732","0","0","732","0","0","732","0","0","732","0","0","732","0","0","732","0","0","732","0","0","732","0","0","732","0","0","732","0","0","732","0","0","732","0","0","732","0","0","732","0","0","732","0","0","732","0","0","732","0","0","732","0","0","732","0","0","732","0","0","732","0","0","732","0","0","732","0","0","732","0","0","732","0","0","732","0","0","732","0","0","732","0","0","732","0","0","732","0","0","732","0","0","732","0","0","732","0","0","732","0","0","732","0","0","732","0","0","732","0","0","732","0","0","732","0","0","732","0","0","732","0","0","732","0","0","732","0","0","732","0","0","732","0","0"
,"733","0","0","733","0","0","733","0","0","733","0","0","733","0","0","733","0","0","733","0","0","733","0","0","733","0","0","733","0","0","733","0","0","733","0","0","733","0","0","733","0","0","733","0","0","733","0","0","733","0","0","733","0","0","733","0","0","733","0","0","733","0","0","733","0","0","733","0","0","733","0","0","733","0","0","733","0","0","733","0","0","733","0","0","733","0","0","733","0","0","733","0","0","733","0","0","733","0","0","733","0","0","733","0","0","733","0","0","733","0","0","733","0","0","733","0","0","733","0","0","733","0","0","733","0","0","733","0","0","733","0","0","733","0","0","733","0","0","733","0","0","733","0","0","733","0","0","733","0","0","733","0","0","733","0","0","733","0","0","733","0","0","733","0","0","733","0","0","733","0","0","733","0","0","733","0","0","733","0","0"
,"734","0","0","734","0","0","734","0","0","734","0","0","734","0","0","734","0","0","734","0","0","734","0","0","734","0","0","734","0","0","734","0","0","734","0","0","734","0","0","734","0","0","734","0","0","734","0","0","734","0","0","734","0","0","734","0","0","734","0","0","734","0","0","734","0","0","734","0","0","734","0","0","734","0","0","734","0","0","734","0","0","734","0","0","734","0","0","734","0","0","734","0","0","734","0","0","734","0","0","734","0","0","734","0","0","734","0","0","734","0","0","734","0","0","734","0","0","734","0","0","734","0","0","734","0","0","734","0","0","734","0","0","734","0","0","734","0","0","734","0","0","734","0","0","734","0","0","734","0","0","734","0","0","734","0","0","734","0","0","734","0","0","734","0","0","734","0","0","734","0","0","734","0","0","734","0","0","734","0","0"
,"735","0","0","735","0","0","735","0","0","735","0","0","735","0","0","735","0","0","735","0","0","735","0","0","735","0","0","735","0","0","735","0","0","735","0","0","735","0","0","735","0","0","735","0","0","735","0","0","735","0","0","735","0","0","735","0","0","735","0","0","735","0","0","735","0","0","735","0","0","735","0","0","735","0","0","735","0","0","735","0","0","735","0","0","735","0","0","735","0","0","735","0","0","735","0","0","735","0","0","735","0","0","735","0","0","735","0","0","735","0","0","735","0","0","735","0","0","735","0","0","735","0","0","735","0","0","735","0","0","735","0","0","735","0","0","735","0","0","735","0","0","735","0","0","735","0","0","735","0","0","735","0","0","735","0","0","735","0","0","735","0","0","735","0","0","735","0","0","735","0","0","735","0","0","735","0","0","735","0","0"
,"736","0","0","736","0","0","736","0","0","736","0","0","736","0","0","736","0","0","736","0","0","736","0","0","736","0","0","736","0","0","736","0","0","736","0","0","736","0","0","736","0","0","736","0","0","736","0","0","736","0","0","736","0","0","736","0","0","736","0","0","736","0","0","736","0","0","736","0","0","736","0","0","736","0","0","736","0","0","736","0","0","736","0","0","736","0","0","736","0","0","736","0","0","736","0","0","736","0","0","736","0","0","736","0","0","736","0","0","736","0","0","736","0","0","736","0","0","736","0","0","736","0","0","736","0","0","736","0","0","736","0","0","736","0","0","736","0","0","736","0","0","736","0","0","736","0","0","736","0","0","736","0","0","736","0","0","736","0","0","736","0","0","736","0","0","736","0","0","736","0","0","736","0","0","736","0","0","736","0","0"
,"737","0","0","737","0","0","737","0","0","737","0","0","737","0","0","737","0","0","737","0","0","737","0","0","737","0","0","737","0","0","737","0","0","737","0","0","737","0","0","737","0","0","737","0","0","737","0","0","737","0","0","737","0","0","737","0","0","737","0","0","737","0","0","737","0","0","737","0","0","737","0","0","737","0","0","737","0","0","737","0","0","737","0","0","737","0","0","737","0","0","737","0","0","737","0","0","737","0","0","737","0","0","737","0","0","737","0","0","737","0","0","737","0","0","737","0","0","737","0","0","737","0","0","737","0","0","737","0","0","737","0","0","737","0","0","737","0","0","737","0","0","737","0","0","737","0","0","737","0","0","737","0","0","737","0","0","737","0","0","737","0","0","737","0","0","737","0","0","737","0","0","737","0","0","737","0","0","737","0","0"
,"738","0","0","738","0","0","738","0","0","738","0","0","738","0","0","738","0","0","738","0","0","738","0","0","738","0","0","738","0","0","738","0","0","738","0","0","738","0","0","738","0","0","738","0","0","738","0","0","738","0","0","738","0","0","738","0","0","738","0","0","738","0","0","738","0","0","738","0","0","738","0","0","738","0","0","738","0","0","738","0","0","738","0","0","738","0","0","738","0","0","738","0","0","738","0","0","738","0","0","738","0","0","738","0","0","738","0","0","738","0","0","738","0","0","738","0","0","738","0","0","738","0","0","738","0","0","738","0","0","738","0","0","738","0","0","738","0","0","738","0","0","738","0","0","738","0","0","738","0","0","738","0","0","738","0","0","738","0","0","738","0","0","738","0","0","738","0","0","738","0","0","738","0","0","738","0","0","738","0","0"
,"739","0","0","739","0","0","739","0","0","739","0","0","739","0","0","739","0","0","739","0","0","739","0","0","739","0","0","739","0","0","739","0","0","739","0","0","739","0","0","739","0","0","739","0","0","739","0","0","739","0","0","739","0","0","739","0","0","739","0","0","739","0","0","739","0","0","739","0","0","739","0","0","739","0","0","739","0","0","739","0","0","739","0","0","739","0","0","739","0","0","739","0","0","739","0","0","739","0","0","739","0","0","739","0","0","739","0","0","739","0","0","739","0","0","739","0","0","739","0","0","739","0","0","739","0","0","739","0","0","739","0","0","739","0","0","739","0","0","739","0","0","739","0","0","739","0","0","739","0","0","739","0","0","739","0","0","739","0","0","739","0","0","739","0","0","739","0","0","739","0","0","739","0","0","739","0","0","739","0","0"
,"740","0","0","740","0","0","740","0","0","740","0","0","740","0","0","740","0","0","740","0","0","740","0","0","740","0","0","740","0","0","740","0","0","740","0","0","740","0","0","740","0","0","740","0","0","740","0","0","740","0","0","740","0","0","740","0","0","740","0","0","740","0","0","740","0","0","740","0","0","740","0","0","740","0","0","740","0","0","740","0","0","740","0","0","740","0","0","740","0","0","740","0","0","740","0","0","740","0","0","740","0","0","740","0","0","740","0","0","740","0","0","740","0","0","740","0","0","740","0","0","740","0","0","740","0","0","740","0","0","740","0","0","740","0","0","740","0","0","740","0","0","740","0","0","740","0","0","740","0","0","740","0","0","740","0","0","740","0","0","740","0","0","740","0","0","740","0","0","740","0","0","740","0","0","740","0","0","740","0","0"
,"741","0","0","741","0","0","741","0","0","741","0","0","741","0","0","741","0","0","741","0","0","741","0","0","741","0","0","741","0","0","741","0","0","741","0","0","741","0","0","741","0","0","741","0","0","741","0","0","741","0","0","741","0","0","741","0","0","741","0","0","741","0","0","741","0","0","741","0","0","741","0","0","741","0","0","741","0","0","741","0","0","741","0","0","741","0","0","741","0","0","741","0","0","741","0","0","741","0","0","741","0","0","741","0","0","741","0","0","741","0","0","741","0","0","741","0","0","741","0","0","741","0","0","741","0","0","741","0","0","741","0","0","741","0","0","741","0","0","741","0","0","741","0","0","741","0","0","741","0","0","741","0","0","741","0","0","741","0","0","741","0","0","741","0","0","741","0","0","741","0","0","741","0","0","741","0","0","741","0","0"
,"742","0","0","742","0","0","742","0","0","742","0","0","742","0","0","742","0","0","742","0","0","742","0","0","742","0","0","742","0","0","742","0","0","742","0","0","742","0","0","742","0","0","742","0","0","742","0","0","742","0","0","742","0","0","742","0","0","742","0","0","742","0","0","742","0","0","742","0","0","742","0","0","742","0","0","742","0","0","742","0","0","742","0","0","742","0","0","742","0","0","742","0","0","742","0","0","742","0","0","742","0","0","742","0","0","742","0","0","742","0","0","742","0","0","742","0","0","742","0","0","742","0","0","742","0","0","742","0","0","742","0","0","742","0","0","742","0","0","742","0","0","742","0","0","742","0","0","742","0","0","742","0","0","742","0","0","742","0","0","742","0","0","742","0","0","742","0","0","742","0","0","742","0","0","742","0","0","742","0","0"
,"743","0","0","743","0","0","743","0","0","743","0","0","743","0","0","743","0","0","743","0","0","743","0","0","743","0","0","743","0","0","743","0","0","743","0","0","743","0","0","743","0","0","743","0","0","743","0","0","743","0","0","743","0","0","743","0","0","743","0","0","743","0","0","743","0","0","743","0","0","743","0","0","743","0","0","743","0","0","743","0","0","743","0","0","743","0","0","743","0","0","743","0","0","743","0","0","743","0","0","743","0","0","743","0","0","743","0","0","743","0","0","743","0","0","743","0","0","743","0","0","743","0","0","743","0","0","743","0","0","743","0","0","743","0","0","743","0","0","743","0","0","743","0","0","743","0","0","743","0","0","743","0","0","743","0","0","743","0","0","743","0","0","743","0","0","743","0","0","743","0","0","743","0","0","743","0","0","743","0","0"
,"744","0","0","744","0","0","744","0","0","744","0","0","744","0","0","744","0","0","744","0","0","744","0","0","744","0","0","744","0","0","744","0","0","744","0","0","744","0","0","744","0","0","744","0","0","744","0","0","744","0","0","744","0","0","744","0","0","744","0","0","744","0","0","744","0","0","744","0","0","744","0","0","744","0","0","744","0","0","744","0","0","744","0","0","744","0","0","744","0","0","744","0","0","744","0","0","744","0","0","744","0","0","744","0","0","744","0","0","744","0","0","744","0","0","744","0","0","744","0","0","744","0","0","744","0","0","744","0","0","744","0","0","744","0","0","744","0","0","744","0","0","744","0","0","744","0","0","744","0","0","744","0","0","744","0","0","744","0","0","744","0","0","744","0","0","744","0","0","744","0","0","744","0","0","744","0","0","744","0","0"
,"745","0","0","745","0","0","745","0","0","745","0","0","745","0","0","745","0","0","745","0","0","745","0","0","745","0","0","745","0","0","745","0","0","745","0","0","745","0","0","745","0","0","745","0","0","745","0","0","745","0","0","745","0","0","745","0","0","745","0","0","745","0","0","745","0","0","745","0","0","745","0","0","745","0","0","745","0","0","745","0","0","745","0","0","745","0","0","745","0","0","745","0","0","745","0","0","745","0","0","745","0","0","745","0","0","745","0","0","745","0","0","745","0","0","745","0","0","745","0","0","745","0","0","745","0","0","745","0","0","745","0","0","745","0","0","745","0","0","745","0","0","745","0","0","745","0","0","745","0","0","745","0","0","745","0","0","745","0","0","745","0","0","745","0","0","745","0","0","745","0","0","745","0","0","745","0","0","745","0","0"
,"746","0","0","746","0","0","746","0","0","746","0","0","746","0","0","746","0","0","746","0","0","746","0","0","746","0","0","746","0","0","746","0","0","746","0","0","746","0","0","746","0","0","746","0","0","746","0","0","746","0","0","746","0","0","746","0","0","746","0","0","746","0","0","746","0","0","746","0","0","746","0","0","746","0","0","746","0","0","746","0","0","746","0","0","746","0","0","746","0","0","746","0","0","746","0","0","746","0","0","746","0","0","746","0","0","746","0","0","746","0","0","746","0","0","746","0","0","746","0","0","746","0","0","746","0","0","746","0","0","746","0","0","746","0","0","746","0","0","746","0","0","746","0","0","746","0","0","746","0","0","746","0","0","746","0","0","746","0","0","746","0","0","746","0","0","746","0","0","746","0","0","746","0","0","746","0","0","746","0","0"
,"747","0","0","747","0","0","747","0","0","747","0","0","747","0","0","747","0","0","747","0","0","747","0","0","747","0","0","747","0","0","747","0","0","747","0","0","747","0","0","747","0","0","747","0","0","747","0","0","747","0","0","747","0","0","747","0","0","747","0","0","747","0","0","747","0","0","747","0","0","747","0","0","747","0","0","747","0","0","747","0","0","747","0","0","747","0","0","747","0","0","747","0","0","747","0","0","747","0","0","747","0","0","747","0","0","747","0","0","747","0","0","747","0","0","747","0","0","747","0","0","747","0","0","747","0","0","747","0","0","747","0","0","747","0","0","747","0","0","747","0","0","747","0","0","747","0","0","747","0","0","747","0","0","747","0","0","747","0","0","747","0","0","747","0","0","747","0","0","747","0","0","747","0","0","747","0","0","747","0","0"
,"748","0","0","748","0","0","748","0","0","748","0","0","748","0","0","748","0","0","748","0","0","748","0","0","748","0","0","748","0","0","748","0","0","748","0","0","748","0","0","748","0","0","748","0","0","748","0","0","748","0","0","748","0","0","748","0","0","748","0","0","748","0","0","748","0","0","748","0","0","748","0","0","748","0","0","748","0","0","748","0","0","748","0","0","748","0","0","748","0","0","748","0","0","748","0","0","748","0","0","748","0","0","748","0","0","748","0","0","748","0","0","748","0","0","748","0","0","748","0","0","748","0","0","748","0","0","748","0","0","748","0","0","748","0","0","748","0","0","748","0","0","748","0","0","748","0","0","748","0","0","748","0","0","748","0","0","748","0","0","748","0","0","748","0","0","748","0","0","748","0","0","748","0","0","748","0","0","748","0","0"
,"749","0","0","749","0","0","749","0","0","749","0","0","749","0","0","749","0","0","749","0","0","749","0","0","749","0","0","749","0","0","749","0","0","749","0","0","749","0","0","749","0","0","749","0","0","749","0","0","749","0","0","749","0","0","749","0","0","749","0","0","749","0","0","749","0","0","749","0","0","749","0","0","749","0","0","749","0","0","749","0","0","749","0","0","749","0","0","749","0","0","749","0","0","749","0","0","749","0","0","749","0","0","749","0","0","749","0","0","749","0","0","749","0","0","749","0","0","749","0","0","749","0","0","749","0","0","749","0","0","749","0","0","749","0","0","749","0","0","749","0","0","749","0","0","749","0","0","749","0","0","749","0","0","749","0","0","749","0","0","749","0","0","749","0","0","749","0","0","749","0","0","749","0","0","749","0","0","749","0","0"
,"750","0","0","750","0","0","750","0","0","750","0","0","750","0","0","750","0","0","750","0","0","750","0","0","750","0","0","750","0","0","750","0","0","750","0","0","750","0","0","750","0","0","750","0","0","750","0","0","750","0","0","750","0","0","750","0","0","750","0","0","750","0","0","750","0","0","750","0","0","750","0","0","750","0","0","750","0","0","750","0","0","750","0","0","750","0","0","750","0","0","750","0","0","750","0","0","750","0","0","750","0","0","750","0","0","750","0","0","750","0","0","750","0","0","750","0","0","750","0","0","750","0","0","750","0","0","750","0","0","750","0","0","750","0","0","750","0","0","750","0","0","750","0","0","750","0","0","750","0","0","750","0","0","750","0","0","750","0","0","750","0","0","750","0","0","750","0","0","750","0","0","750","0","0","750","0","0","750","0","0"
,"751","0","0","751","0","0","751","0","0","751","0","0","751","0","0","751","0","0","751","0","0","751","0","0","751","0","0","751","0","0","751","0","0","751","0","0","751","0","0","751","0","0","751","0","0","751","0","0","751","0","0","751","0","0","751","0","0","751","0","0","751","0","0","751","0","0","751","0","0","751","0","0","751","0","0","751","0","0","751","0","0","751","0","0","751","0","0","751","0","0","751","0","0","751","0","0","751","0","0","751","0","0","751","0","0","751","0","0","751","0","0","751","0","0","751","0","0","751","0","0","751","0","0","751","0","0","751","0","0","751","0","0","751","0","0","751","0","0","751","0","0","751","0","0","751","0","0","751","0","0","751","0","0","751","0","0","751","0","0","751","0","0","751","0","0","751","0","0","751","0","0","751","0","0","751","0","0","751","0","0"
,"752","0","0","752","0","0","752","0","0","752","0","0","752","0","0","752","0","0","752","0","0","752","0","0","752","0","0","752","0","0","752","0","0","752","0","0","752","0","0","752","0","0","752","0","0","752","0","0","752","0","0","752","0","0","752","0","0","752","0","0","752","0","0","752","0","0","752","0","0","752","0","0","752","0","0","752","0","0","752","0","0","752","0","0","752","0","0","752","0","0","752","0","0","752","0","0","752","0","0","752","0","0","752","0","0","752","0","0","752","0","0","752","0","0","752","0","0","752","0","0","752","0","0","752","0","0","752","0","0","752","0","0","752","0","0","752","0","0","752","0","0","752","0","0","752","0","0","752","0","0","752","0","0","752","0","0","752","0","0","752","0","0","752","0","0","752","0","0","752","0","0","752","0","0","752","0","0","752","0","0"
,"753","0","0","753","0","0","753","0","0","753","0","0","753","0","0","753","0","0","753","0","0","753","0","0","753","0","0","753","0","0","753","0","0","753","0","0","753","0","0","753","0","0","753","0","0","753","0","0","753","0","0","753","0","0","753","0","0","753","0","0","753","0","0","753","0","0","753","0","0","753","0","0","753","0","0","753","0","0","753","0","0","753","0","0","753","0","0","753","0","0","753","0","0","753","0","0","753","0","0","753","0","0","753","0","0","753","0","0","753","0","0","753","0","0","753","0","0","753","0","0","753","0","0","753","0","0","753","0","0","753","0","0","753","0","0","753","0","0","753","0","0","753","0","0","753","0","0","753","0","0","753","0","0","753","0","0","753","0","0","753","0","0","753","0","0","753","0","0","753","0","0","753","0","0","753","0","0","753","0","0"
,"754","0","0","754","0","0","754","0","0","754","0","0","754","0","0","754","0","0","754","0","0","754","0","0","754","0","0","754","0","0","754","0","0","754","0","0","754","0","0","754","0","0","754","0","0","754","0","0","754","0","0","754","0","0","754","0","0","754","0","0","754","0","0","754","0","0","754","0","0","754","0","0","754","0","0","754","0","0","754","0","0","754","0","0","754","0","0","754","0","0","754","0","0","754","0","0","754","0","0","754","0","0","754","0","0","754","0","0","754","0","0","754","0","0","754","0","0","754","0","0","754","0","0","754","0","0","754","0","0","754","0","0","754","0","0","754","0","0","754","0","0","754","0","0","754","0","0","754","0","0","754","0","0","754","0","0","754","0","0","754","0","0","754","0","0","754","0","0","754","0","0","754","0","0","754","0","0","754","0","0"
,"755","0","0","755","0","0","755","0","0","755","0","0","755","0","0","755","0","0","755","0","0","755","0","0","755","0","0","755","0","0","755","0","0","755","0","0","755","0","0","755","0","0","755","0","0","755","0","0","755","0","0","755","0","0","755","0","0","755","0","0","755","0","0","755","0","0","755","0","0","755","0","0","755","0","0","755","0","0","755","0","0","755","0","0","755","0","0","755","0","0","755","0","0","755","0","0","755","0","0","755","0","0","755","0","0","755","0","0","755","0","0","755","0","0","755","0","0","755","0","0","755","0","0","755","0","0","755","0","0","755","0","0","755","0","0","755","0","0","755","0","0","755","0","0","755","0","0","755","0","0","755","0","0","755","0","0","755","0","0","755","0","0","755","0","0","755","0","0","755","0","0","755","0","0","755","0","0","755","0","0"
,"756","0","0","756","0","0","756","0","0","756","0","0","756","0","0","756","0","0","756","0","0","756","0","0","756","0","0","756","0","0","756","0","0","756","0","0","756","0","0","756","0","0","756","0","0","756","0","0","756","0","0","756","0","0","756","0","0","756","0","0","756","0","0","756","0","0","756","0","0","756","0","0","756","0","0","756","0","0","756","0","0","756","0","0","756","0","0","756","0","0","756","0","0","756","0","0","756","0","0","756","0","0","756","0","0","756","0","0","756","0","0","756","0","0","756","0","0","756","0","0","756","0","0","756","0","0","756","0","0","756","0","0","756","0","0","756","0","0","756","0","0","756","0","0","756","0","0","756","0","0","756","0","0","756","0","0","756","0","0","756","0","0","756","0","0","756","0","0","756","0","0","756","0","0","756","0","0","756","0","0"
,"757","0","0","757","0","0","757","0","0","757","0","0","757","0","0","757","0","0","757","0","0","757","0","0","757","0","0","757","0","0","757","0","0","757","0","0","757","0","0","757","0","0","757","0","0","757","0","0","757","0","0","757","0","0","757","0","0","757","0","0","757","0","0","757","0","0","757","0","0","757","0","0","757","0","0","757","0","0","757","0","0","757","0","0","757","0","0","757","0","0","757","0","0","757","0","0","757","0","0","757","0","0","757","0","0","757","0","0","757","0","0","757","0","0","757","0","0","757","0","0","757","0","0","757","0","0","757","0","0","757","0","0","757","0","0","757","0","0","757","0","0","757","0","0","757","0","0","757","0","0","757","0","0","757","0","0","757","0","0","757","0","0","757","0","0","757","0","0","757","0","0","757","0","0","757","0","0","757","0","0"
,"758","0","0","758","0","0","758","0","0","758","0","0","758","0","0","758","0","0","758","0","0","758","0","0","758","0","0","758","0","0","758","0","0","758","0","0","758","0","0","758","0","0","758","0","0","758","0","0","758","0","0","758","0","0","758","0","0","758","0","0","758","0","0","758","0","0","758","0","0","758","0","0","758","0","0","758","0","0","758","0","0","758","0","0","758","0","0","758","0","0","758","0","0","758","0","0","758","0","0","758","0","0","758","0","0","758","0","0","758","0","0","758","0","0","758","0","0","758","0","0","758","0","0","758","0","0","758","0","0","758","0","0","758","0","0","758","0","0","758","0","0","758","0","0","758","0","0","758","0","0","758","0","0","758","0","0","758","0","0","758","0","0","758","0","0","758","0","0","758","0","0","758","0","0","758","0","0","758","0","0"
,"759","0","0","759","0","0","759","0","0","759","0","0","759","0","0","759","0","0","759","0","0","759","0","0","759","0","0","759","0","0","759","0","0","759","0","0","759","0","0","759","0","0","759","0","0","759","0","0","759","0","0","759","0","0","759","0","0","759","0","0","759","0","0","759","0","0","759","0","0","759","0","0","759","0","0","759","0","0","759","0","0","759","0","0","759","0","0","759","0","0","759","0","0","759","0","0","759","0","0","759","0","0","759","0","0","759","0","0","759","0","0","759","0","0","759","0","0","759","0","0","759","0","0","759","0","0","759","0","0","759","0","0","759","0","0","759","0","0","759","0","0","759","0","0","759","0","0","759","0","0","759","0","0","759","0","0","759","0","0","759","0","0","759","0","0","759","0","0","759","0","0","759","0","0","759","0","0","759","0","0"
,"760","0","0","760","0","0","760","0","0","760","0","0","760","0","0","760","0","0","760","0","0","760","0","0","760","0","0","760","0","0","760","0","0","760","0","0","760","0","0","760","0","0","760","0","0","760","0","0","760","0","0","760","0","0","760","0","0","760","0","0","760","0","0","760","0","0","760","0","0","760","0","0","760","0","0","760","0","0","760","0","0","760","0","0","760","0","0","760","0","0","760","0","0","760","0","0","760","0","0","760","0","0","760","0","0","760","0","0","760","0","0","760","0","0","760","0","0","760","0","0","760","0","0","760","0","0","760","0","0","760","0","0","760","0","0","760","0","0","760","0","0","760","0","0","760","0","0","760","0","0","760","0","0","760","0","0","760","0","0","760","0","0","760","0","0","760","0","0","760","0","0","760","0","0","760","0","0","760","0","0"
,"761","0","0","761","0","0","761","0","0","761","0","0","761","0","0","761","0","0","761","0","0","761","0","0","761","0","0","761","0","0","761","0","0","761","0","0","761","0","0","761","0","0","761","0","0","761","0","0","761","0","0","761","0","0","761","0","0","761","0","0","761","0","0","761","0","0","761","0","0","761","0","0","761","0","0","761","0","0","761","0","0","761","0","0","761","0","0","761","0","0","761","0","0","761","0","0","761","0","0","761","0","0","761","0","0","761","0","0","761","0","0","761","0","0","761","0","0","761","0","0","761","0","0","761","0","0","761","0","0","761","0","0","761","0","0","761","0","0","761","0","0","761","0","0","761","0","0","761","0","0","761","0","0","761","0","0","761","0","0","761","0","0","761","0","0","761","0","0","761","0","0","761","0","0","761","0","0","761","0","0"
,"762","0","0","762","0","0","762","0","0","762","0","0","762","0","0","762","0","0","762","0","0","762","0","0","762","0","0","762","0","0","762","0","0","762","0","0","762","0","0","762","0","0","762","0","0","762","0","0","762","0","0","762","0","0","762","0","0","762","0","0","762","0","0","762","0","0","762","0","0","762","0","0","762","0","0","762","0","0","762","0","0","762","0","0","762","0","0","762","0","0","762","0","0","762","0","0","762","0","0","762","0","0","762","0","0","762","0","0","762","0","0","762","0","0","762","0","0","762","0","0","762","0","0","762","0","0","762","0","0","762","0","0","762","0","0","762","0","0","762","0","0","762","0","0","762","0","0","762","0","0","762","0","0","762","0","0","762","0","0","762","0","0","762","0","0","762","0","0","762","0","0","762","0","0","762","0","0","762","0","0"
,"763","0","0","763","0","0","763","0","0","763","0","0","763","0","0","763","0","0","763","0","0","763","0","0","763","0","0","763","0","0","763","0","0","763","0","0","763","0","0","763","0","0","763","0","0","763","0","0","763","0","0","763","0","0","763","0","0","763","0","0","763","0","0","763","0","0","763","0","0","763","0","0","763","0","0","763","0","0","763","0","0","763","0","0","763","0","0","763","0","0","763","0","0","763","0","0","763","0","0","763","0","0","763","0","0","763","0","0","763","0","0","763","0","0","763","0","0","763","0","0","763","0","0","763","0","0","763","0","0","763","0","0","763","0","0","763","0","0","763","0","0","763","0","0","763","0","0","763","0","0","763","0","0","763","0","0","763","0","0","763","0","0","763","0","0","763","0","0","763","0","0","763","0","0","763","0","0","763","0","0"
,"764","0","0","764","0","0","764","0","0","764","0","0","764","0","0","764","0","0","764","0","0","764","0","0","764","0","0","764","0","0","764","0","0","764","0","0","764","0","0","764","0","0","764","0","0","764","0","0","764","0","0","764","0","0","764","0","0","764","0","0","764","0","0","764","0","0","764","0","0","764","0","0","764","0","0","764","0","0","764","0","0","764","0","0","764","0","0","764","0","0","764","0","0","764","0","0","764","0","0","764","0","0","764","0","0","764","0","0","764","0","0","764","0","0","764","0","0","764","0","0","764","0","0","764","0","0","764","0","0","764","0","0","764","0","0","764","0","0","764","0","0","764","0","0","764","0","0","764","0","0","764","0","0","764","0","0","764","0","0","764","0","0","764","0","0","764","0","0","764","0","0","764","0","0","764","0","0","764","0","0"
,"765","0","0","765","0","0","765","0","0","765","0","0","765","0","0","765","0","0","765","0","0","765","0","0","765","0","0","765","0","0","765","0","0","765","0","0","765","0","0","765","0","0","765","0","0","765","0","0","765","0","0","765","0","0","765","0","0","765","0","0","765","0","0","765","0","0","765","0","0","765","0","0","765","0","0","765","0","0","765","0","0","765","0","0","765","0","0","765","0","0","765","0","0","765","0","0","765","0","0","765","0","0","765","0","0","765","0","0","765","0","0","765","0","0","765","0","0","765","0","0","765","0","0","765","0","0","765","0","0","765","0","0","765","0","0","765","0","0","765","0","0","765","0","0","765","0","0","765","0","0","765","0","0","765","0","0","765","0","0","765","0","0","765","0","0","765","0","0","765","0","0","765","0","0","765","0","0","765","0","0"
,"766","0","0","766","0","0","766","0","0","766","0","0","766","0","0","766","0","0","766","0","0","766","0","0","766","0","0","766","0","0","766","0","0","766","0","0","766","0","0","766","0","0","766","0","0","766","0","0","766","0","0","766","0","0","766","0","0","766","0","0","766","0","0","766","0","0","766","0","0","766","0","0","766","0","0","766","0","0","766","0","0","766","0","0","766","0","0","766","0","0","766","0","0","766","0","0","766","0","0","766","0","0","766","0","0","766","0","0","766","0","0","766","0","0","766","0","0","766","0","0","766","0","0","766","0","0","766","0","0","766","0","0","766","0","0","766","0","0","766","0","0","766","0","0","766","0","0","766","0","0","766","0","0","766","0","0","766","0","0","766","0","0","766","0","0","766","0","0","766","0","0","766","0","0","766","0","0","766","0","0"
,"767","0","0","767","0","0","767","0","0","767","0","0","767","0","0","767","0","0","767","0","0","767","0","0","767","0","0","767","0","0","767","0","0","767","0","0","767","0","0","767","0","0","767","0","0","767","0","0","767","0","0","767","0","0","767","0","0","767","0","0","767","0","0","767","0","0","767","0","0","767","0","0","767","0","0","767","0","0","767","0","0","767","0","0","767","0","0","767","0","0","767","0","0","767","0","0","767","0","0","767","0","0","767","0","0","767","0","0","767","0","0","767","0","0","767","0","0","767","0","0","767","0","0","767","0","0","767","0","0","767","0","0","767","0","0","767","0","0","767","0","0","767","0","0","767","0","0","767","0","0","767","0","0","767","0","0","767","0","0","767","0","0","767","0","0","767","0","0","767","0","0","767","0","0","767","0","0","767","0","0"
,"768","0","0","768","0","0","768","0","0","768","0","0","768","0","0","768","0","0","768","0","0","768","0","0","768","0","0","768","0","0","768","0","0","768","0","0","768","0","0","768","0","0","768","0","0","768","0","0","768","0","0","768","0","0","768","0","0","768","0","0","768","0","0","768","0","0","768","0","0","768","0","0","768","0","0","768","0","0","768","0","0","768","0","0","768","0","0","768","0","0","768","0","0","768","0","0","768","0","0","768","0","0","768","0","0","768","0","0","768","0","0","768","0","0","768","0","0","768","0","0","768","0","0","768","0","0","768","0","0","768","0","0","768","0","0","768","0","0","768","0","0","768","0","0","768","0","0","768","0","0","768","0","0","768","0","0","768","0","0","768","0","0","768","0","0","768","0","0","768","0","0","768","0","0","768","0","0","768","0","0"
,"769","0","0","769","0","0","769","0","0","769","0","0","769","0","0","769","0","0","769","0","0","769","0","0","769","0","0","769","0","0","769","0","0","769","0","0","769","0","0","769","0","0","769","0","0","769","0","0","769","0","0","769","0","0","769","0","0","769","0","0","769","0","0","769","0","0","769","0","0","769","0","0","769","0","0","769","0","0","769","0","0","769","0","0","769","0","0","769","0","0","769","0","0","769","0","0","769","0","0","769","0","0","769","0","0","769","0","0","769","0","0","769","0","0","769","0","0","769","0","0","769","0","0","769","0","0","769","0","0","769","0","0","769","0","0","769","0","0","769","0","0","769","0","0","769","0","0","769","0","0","769","0","0","769","0","0","769","0","0","769","0","0","769","0","0","769","0","0","769","0","0","769","0","0","769","0","0","769","0","0"
,"770","0","0","770","0","0","770","0","0","770","0","0","770","0","0","770","0","0","770","0","0","770","0","0","770","0","0","770","0","0","770","0","0","770","0","0","770","0","0","770","0","0","770","0","0","770","0","0","770","0","0","770","0","0","770","0","0","770","0","0","770","0","0","770","0","0","770","0","0","770","0","0","770","0","0","770","0","0","770","0","0","770","0","0","770","0","0","770","0","0","770","0","0","770","0","0","770","0","0","770","0","0","770","0","0","770","0","0","770","0","0","770","0","0","770","0","0","770","0","0","770","0","0","770","0","0","770","0","0","770","0","0","770","0","0","770","0","0","770","0","0","770","0","0","770","0","0","770","0","0","770","0","0","770","0","0","770","0","0","770","0","0","770","0","0","770","0","0","770","0","0","770","0","0","770","0","0","770","0","0"
,"771","0","0","771","0","0","771","0","0","771","0","0","771","0","0","771","0","0","771","0","0","771","0","0","771","0","0","771","0","0","771","0","0","771","0","0","771","0","0","771","0","0","771","0","0","771","0","0","771","0","0","771","0","0","771","0","0","771","0","0","771","0","0","771","0","0","771","0","0","771","0","0","771","0","0","771","0","0","771","0","0","771","0","0","771","0","0","771","0","0","771","0","0","771","0","0","771","0","0","771","0","0","771","0","0","771","0","0","771","0","0","771","0","0","771","0","0","771","0","0","771","0","0","771","0","0","771","0","0","771","0","0","771","0","0","771","0","0","771","0","0","771","0","0","771","0","0","771","0","0","771","0","0","771","0","0","771","0","0","771","0","0","771","0","0","771","0","0","771","0","0","771","0","0","771","0","0","771","0","0"
,"772","0","0","772","0","0","772","0","0","772","0","0","772","0","0","772","0","0","772","0","0","772","0","0","772","0","0","772","0","0","772","0","0","772","0","0","772","0","0","772","0","0","772","0","0","772","0","0","772","0","0","772","0","0","772","0","0","772","0","0","772","0","0","772","0","0","772","0","0","772","0","0","772","0","0","772","0","0","772","0","0","772","0","0","772","0","0","772","0","0","772","0","0","772","0","0","772","0","0","772","0","0","772","0","0","772","0","0","772","0","0","772","0","0","772","0","0","772","0","0","772","0","0","772","0","0","772","0","0","772","0","0","772","0","0","772","0","0","772","0","0","772","0","0","772","0","0","772","0","0","772","0","0","772","0","0","772","0","0","772","0","0","772","0","0","772","0","0","772","0","0","772","0","0","772","0","0","772","0","0"
,"773","0","0","773","0","0","773","0","0","773","0","0","773","0","0","773","0","0","773","0","0","773","0","0","773","0","0","773","0","0","773","0","0","773","0","0","773","0","0","773","0","0","773","0","0","773","0","0","773","0","0","773","0","0","773","0","0","773","0","0","773","0","0","773","0","0","773","0","0","773","0","0","773","0","0","773","0","0","773","0","0","773","0","0","773","0","0","773","0","0","773","0","0","773","0","0","773","0","0","773","0","0","773","0","0","773","0","0","773","0","0","773","0","0","773","0","0","773","0","0","773","0","0","773","0","0","773","0","0","773","0","0","773","0","0","773","0","0","773","0","0","773","0","0","773","0","0","773","0","0","773","0","0","773","0","0","773","0","0","773","0","0","773","0","0","773","0","0","773","0","0","773","0","0","773","0","0","773","0","0"
,"774","0","0","774","0","0","774","0","0","774","0","0","774","0","0","774","0","0","774","0","0","774","0","0","774","0","0","774","0","0","774","0","0","774","0","0","774","0","0","774","0","0","774","0","0","774","0","0","774","0","0","774","0","0","774","0","0","774","0","0","774","0","0","774","0","0","774","0","0","774","0","0","774","0","0","774","0","0","774","0","0","774","0","0","774","0","0","774","0","0","774","0","0","774","0","0","774","0","0","774","0","0","774","0","0","774","0","0","774","0","0","774","0","0","774","0","0","774","0","0","774","0","0","774","0","0","774","0","0","774","0","0","774","0","0","774","0","0","774","0","0","774","0","0","774","0","0","774","0","0","774","0","0","774","0","0","774","0","0","774","0","0","774","0","0","774","0","0","774","0","0","774","0","0","774","0","0","774","0","0"
,"775","0","0","775","0","0","775","0","0","775","0","0","775","0","0","775","0","0","775","0","0","775","0","0","775","0","0","775","0","0","775","0","0","775","0","0","775","0","0","775","0","0","775","0","0","775","0","0","775","0","0","775","0","0","775","0","0","775","0","0","775","0","0","775","0","0","775","0","0","775","0","0","775","0","0","775","0","0","775","0","0","775","0","0","775","0","0","775","0","0","775","0","0","775","0","0","775","0","0","775","0","0","775","0","0","775","0","0","775","0","0","775","0","0","775","0","0","775","0","0","775","0","0","775","0","0","775","0","0","775","0","0","775","0","0","775","0","0","775","0","0","775","0","0","775","0","0","775","0","0","775","0","0","775","0","0","775","0","0","775","0","0","775","0","0","775","0","0","775","0","0","775","0","0","775","0","0","775","0","0"
,"776","0","0","776","0","0","776","0","0","776","0","0","776","0","0","776","0","0","776","0","0","776","0","0","776","0","0","776","0","0","776","0","0","776","0","0","776","0","0","776","0","0","776","0","0","776","0","0","776","0","0","776","0","0","776","0","0","776","0","0","776","0","0","776","0","0","776","0","0","776","0","0","776","0","0","776","0","0","776","0","0","776","0","0","776","0","0","776","0","0","776","0","0","776","0","0","776","0","0","776","0","0","776","0","0","776","0","0","776","0","0","776","0","0","776","0","0","776","0","0","776","0","0","776","0","0","776","0","0","776","0","0","776","0","0","776","0","0","776","0","0","776","0","0","776","0","0","776","0","0","776","0","0","776","0","0","776","0","0","776","0","0","776","0","0","776","0","0","776","0","0","776","0","0","776","0","0","776","0","0"
,"777","0","0","777","0","0","777","0","0","777","0","0","777","0","0","777","0","0","777","0","0","777","0","0","777","0","0","777","0","0","777","0","0","777","0","0","777","0","0","777","0","0","777","0","0","777","0","0","777","0","0","777","0","0","777","0","0","777","0","0","777","0","0","777","0","0","777","0","0","777","0","0","777","0","0","777","0","0","777","0","0","777","0","0","777","0","0","777","0","0","777","0","0","777","0","0","777","0","0","777","0","0","777","0","0","777","0","0","777","0","0","777","0","0","777","0","0","777","0","0","777","0","0","777","0","0","777","0","0","777","0","0","777","0","0","777","0","0","777","0","0","777","0","0","777","0","0","777","0","0","777","0","0","777","0","0","777","0","0","777","0","0","777","0","0","777","0","0","777","0","0","777","0","0","777","0","0","777","0","0"
,"778","0","0","778","0","0","778","0","0","778","0","0","778","0","0","778","0","0","778","0","0","778","0","0","778","0","0","778","0","0","778","0","0","778","0","0","778","0","0","778","0","0","778","0","0","778","0","0","778","0","0","778","0","0","778","0","0","778","0","0","778","0","0","778","0","0","778","0","0","778","0","0","778","0","0","778","0","0","778","0","0","778","0","0","778","0","0","778","0","0","778","0","0","778","0","0","778","0","0","778","0","0","778","0","0","778","0","0","778","0","0","778","0","0","778","0","0","778","0","0","778","0","0","778","0","0","778","0","0","778","0","0","778","0","0","778","0","0","778","0","0","778","0","0","778","0","0","778","0","0","778","0","0","778","0","0","778","0","0","778","0","0","778","0","0","778","0","0","778","0","0","778","0","0","778","0","0","778","0","0"
,"779","0","0","779","0","0","779","0","0","779","0","0","779","0","0","779","0","0","779","0","0","779","0","0","779","0","0","779","0","0","779","0","0","779","0","0","779","0","0","779","0","0","779","0","0","779","0","0","779","0","0","779","0","0","779","0","0","779","0","0","779","0","0","779","0","0","779","0","0","779","0","0","779","0","0","779","0","0","779","0","0","779","0","0","779","0","0","779","0","0","779","0","0","779","0","0","779","0","0","779","0","0","779","0","0","779","0","0","779","0","0","779","0","0","779","0","0","779","0","0","779","0","0","779","0","0","779","0","0","779","0","0","779","0","0","779","0","0","779","0","0","779","0","0","779","0","0","779","0","0","779","0","0","779","0","0","779","0","0","779","0","0","779","0","0","779","0","0","779","0","0","779","0","0","779","0","0","779","0","0"
,"780","0","0","780","0","0","780","0","0","780","0","0","780","0","0","780","0","0","780","0","0","780","0","0","780","0","0","780","0","0","780","0","0","780","0","0","780","0","0","780","0","0","780","0","0","780","0","0","780","0","0","780","0","0","780","0","0","780","0","0","780","0","0","780","0","0","780","0","0","780","0","0","780","0","0","780","0","0","780","0","0","780","0","0","780","0","0","780","0","0","780","0","0","780","0","0","780","0","0","780","0","0","780","0","0","780","0","0","780","0","0","780","0","0","780","0","0","780","0","0","780","0","0","780","0","0","780","0","0","780","0","0","780","0","0","780","0","0","780","0","0","780","0","0","780","0","0","780","0","0","780","0","0","780","0","0","780","0","0","780","0","0","780","0","0","780","0","0","780","0","0","780","0","0","780","0","0","780","0","0"
,"781","0","0","781","0","0","781","0","0","781","0","0","781","0","0","781","0","0","781","0","0","781","0","0","781","0","0","781","0","0","781","0","0","781","0","0","781","0","0","781","0","0","781","0","0","781","0","0","781","0","0","781","0","0","781","0","0","781","0","0","781","0","0","781","0","0","781","0","0","781","0","0","781","0","0","781","0","0","781","0","0","781","0","0","781","0","0","781","0","0","781","0","0","781","0","0","781","0","0","781","0","0","781","0","0","781","0","0","781","0","0","781","0","0","781","0","0","781","0","0","781","0","0","781","0","0","781","0","0","781","0","0","781","0","0","781","0","0","781","0","0","781","0","0","781","0","0","781","0","0","781","0","0","781","0","0","781","0","0","781","0","0","781","0","0","781","0","0","781","0","0","781","0","0","781","0","0","781","0","0"
,"782","0","0","782","0","0","782","0","0","782","0","0","782","0","0","782","0","0","782","0","0","782","0","0","782","0","0","782","0","0","782","0","0","782","0","0","782","0","0","782","0","0","782","0","0","782","0","0","782","0","0","782","0","0","782","0","0","782","0","0","782","0","0","782","0","0","782","0","0","782","0","0","782","0","0","782","0","0","782","0","0","782","0","0","782","0","0","782","0","0","782","0","0","782","0","0","782","0","0","782","0","0","782","0","0","782","0","0","782","0","0","782","0","0","782","0","0","782","0","0","782","0","0","782","0","0","782","0","0","782","0","0","782","0","0","782","0","0","782","0","0","782","0","0","782","0","0","782","0","0","782","0","0","782","0","0","782","0","0","782","0","0","782","0","0","782","0","0","782","0","0","782","0","0","782","0","0","782","0","0"
,"783","0","0","783","0","0","783","0","0","783","0","0","783","0","0","783","0","0","783","0","0","783","0","0","783","0","0","783","0","0","783","0","0","783","0","0","783","0","0","783","0","0","783","0","0","783","0","0","783","0","0","783","0","0","783","0","0","783","0","0","783","0","0","783","0","0","783","0","0","783","0","0","783","0","0","783","0","0","783","0","0","783","0","0","783","0","0","783","0","0","783","0","0","783","0","0","783","0","0","783","0","0","783","0","0","783","0","0","783","0","0","783","0","0","783","0","0","783","0","0","783","0","0","783","0","0","783","0","0","783","0","0","783","0","0","783","0","0","783","0","0","783","0","0","783","0","0","783","0","0","783","0","0","783","0","0","783","0","0","783","0","0","783","0","0","783","0","0","783","0","0","783","0","0","783","0","0","783","0","0"
,"784","0","0","784","0","0","784","0","0","784","0","0","784","0","0","784","0","0","784","0","0","784","0","0","784","0","0","784","0","0","784","0","0","784","0","0","784","0","0","784","0","0","784","0","0","784","0","0","784","0","0","784","0","0","784","0","0","784","0","0","784","0","0","784","0","0","784","0","0","784","0","0","784","0","0","784","0","0","784","0","0","784","0","0","784","0","0","784","0","0","784","0","0","784","0","0","784","0","0","784","0","0","784","0","0","784","0","0","784","0","0","784","0","0","784","0","0","784","0","0","784","0","0","784","0","0","784","0","0","784","0","0","784","0","0","784","0","0","784","0","0","784","0","0","784","0","0","784","0","0","784","0","0","784","0","0","784","0","0","784","0","0","784","0","0","784","0","0","784","0","0","784","0","0","784","0","0","784","0","0"
,"785","0","0","785","0","0","785","0","0","785","0","0","785","0","0","785","0","0","785","0","0","785","0","0","785","0","0","785","0","0","785","0","0","785","0","0","785","0","0","785","0","0","785","0","0","785","0","0","785","0","0","785","0","0","785","0","0","785","0","0","785","0","0","785","0","0","785","0","0","785","0","0","785","0","0","785","0","0","785","0","0","785","0","0","785","0","0","785","0","0","785","0","0","785","0","0","785","0","0","785","0","0","785","0","0","785","0","0","785","0","0","785","0","0","785","0","0","785","0","0","785","0","0","785","0","0","785","0","0","785","0","0","785","0","0","785","0","0","785","0","0","785","0","0","785","0","0","785","0","0","785","0","0","785","0","0","785","0","0","785","0","0","785","0","0","785","0","0","785","0","0","785","0","0","785","0","0","785","0","0"
,"786","0","0","786","0","0","786","0","0","786","0","0","786","0","0","786","0","0","786","0","0","786","0","0","786","0","0","786","0","0","786","0","0","786","0","0","786","0","0","786","0","0","786","0","0","786","0","0","786","0","0","786","0","0","786","0","0","786","0","0","786","0","0","786","0","0","786","0","0","786","0","0","786","0","0","786","0","0","786","0","0","786","0","0","786","0","0","786","0","0","786","0","0","786","0","0","786","0","0","786","0","0","786","0","0","786","0","0","786","0","0","786","0","0","786","0","0","786","0","0","786","0","0","786","0","0","786","0","0","786","0","0","786","0","0","786","0","0","786","0","0","786","0","0","786","0","0","786","0","0","786","0","0","786","0","0","786","0","0","786","0","0","786","0","0","786","0","0","786","0","0","786","0","0","786","0","0","786","0","0"
,"787","0","0","787","0","0","787","0","0","787","0","0","787","0","0","787","0","0","787","0","0","787","0","0","787","0","0","787","0","0","787","0","0","787","0","0","787","0","0","787","0","0","787","0","0","787","0","0","787","0","0","787","0","0","787","0","0","787","0","0","787","0","0","787","0","0","787","0","0","787","0","0","787","0","0","787","0","0","787","0","0","787","0","0","787","0","0","787","0","0","787","0","0","787","0","0","787","0","0","787","0","0","787","0","0","787","0","0","787","0","0","787","0","0","787","0","0","787","0","0","787","0","0","787","0","0","787","0","0","787","0","0","787","0","0","787","0","0","787","0","0","787","0","0","787","0","0","787","0","0","787","0","0","787","0","0","787","0","0","787","0","0","787","0","0","787","0","0","787","0","0","787","0","0","787","0","0","787","0","0"
,"788","0","0","788","0","0","788","0","0","788","0","0","788","0","0","788","0","0","788","0","0","788","0","0","788","0","0","788","0","0","788","0","0","788","0","0","788","0","0","788","0","0","788","0","0","788","0","0","788","0","0","788","0","0","788","0","0","788","0","0","788","0","0","788","0","0","788","0","0","788","0","0","788","0","0","788","0","0","788","0","0","788","0","0","788","0","0","788","0","0","788","0","0","788","0","0","788","0","0","788","0","0","788","0","0","788","0","0","788","0","0","788","0","0","788","0","0","788","0","0","788","0","0","788","0","0","788","0","0","788","0","0","788","0","0","788","0","0","788","0","0","788","0","0","788","0","0","788","0","0","788","0","0","788","0","0","788","0","0","788","0","0","788","0","0","788","0","0","788","0","0","788","0","0","788","0","0","788","0","0"
,"789","0","0","789","0","0","789","0","0","789","0","0","789","0","0","789","0","0","789","0","0","789","0","0","789","0","0","789","0","0","789","0","0","789","0","0","789","0","0","789","0","0","789","0","0","789","0","0","789","0","0","789","0","0","789","0","0","789","0","0","789","0","0","789","0","0","789","0","0","789","0","0","789","0","0","789","0","0","789","0","0","789","0","0","789","0","0","789","0","0","789","0","0","789","0","0","789","0","0","789","0","0","789","0","0","789","0","0","789","0","0","789","0","0","789","0","0","789","0","0","789","0","0","789","0","0","789","0","0","789","0","0","789","0","0","789","0","0","789","0","0","789","0","0","789","0","0","789","0","0","789","0","0","789","0","0","789","0","0","789","0","0","789","0","0","789","0","0","789","0","0","789","0","0","789","0","0","789","0","0"
,"790","0","0","790","0","0","790","0","0","790","0","0","790","0","0","790","0","0","790","0","0","790","0","0","790","0","0","790","0","0","790","0","0","790","0","0","790","0","0","790","0","0","790","0","0","790","0","0","790","0","0","790","0","0","790","0","0","790","0","0","790","0","0","790","0","0","790","0","0","790","0","0","790","0","0","790","0","0","790","0","0","790","0","0","790","0","0","790","0","0","790","0","0","790","0","0","790","0","0","790","0","0","790","0","0","790","0","0","790","0","0","790","0","0","790","0","0","790","0","0","790","0","0","790","0","0","790","0","0","790","0","0","790","0","0","790","0","0","790","0","0","790","0","0","790","0","0","790","0","0","790","0","0","790","0","0","790","0","0","790","0","0","790","0","0","790","0","0","790","0","0","790","0","0","790","0","0","790","0","0"
,"791","0","0","791","0","0","791","0","0","791","0","0","791","0","0","791","0","0","791","0","0","791","0","0","791","0","0","791","0","0","791","0","0","791","0","0","791","0","0","791","0","0","791","0","0","791","0","0","791","0","0","791","0","0","791","0","0","791","0","0","791","0","0","791","0","0","791","0","0","791","0","0","791","0","0","791","0","0","791","0","0","791","0","0","791","0","0","791","0","0","791","0","0","791","0","0","791","0","0","791","0","0","791","0","0","791","0","0","791","0","0","791","0","0","791","0","0","791","0","0","791","0","0","791","0","0","791","0","0","791","0","0","791","0","0","791","0","0","791","0","0","791","0","0","791","0","0","791","0","0","791","0","0","791","0","0","791","0","0","791","0","0","791","0","0","791","0","0","791","0","0","791","0","0","791","0","0","791","0","0"
,"792","0","0","792","0","0","792","0","0","792","0","0","792","0","0","792","0","0","792","0","0","792","0","0","792","0","0","792","0","0","792","0","0","792","0","0","792","0","0","792","0","0","792","0","0","792","0","0","792","0","0","792","0","0","792","0","0","792","0","0","792","0","0","792","0","0","792","0","0","792","0","0","792","0","0","792","0","0","792","0","0","792","0","0","792","0","0","792","0","0","792","0","0","792","0","0","792","0","0","792","0","0","792","0","0","792","0","0","792","0","0","792","0","0","792","0","0","792","0","0","792","0","0","792","0","0","792","0","0","792","0","0","792","0","0","792","0","0","792","0","0","792","0","0","792","0","0","792","0","0","792","0","0","792","0","0","792","0","0","792","0","0","792","0","0","792","0","0","792","0","0","792","0","0","792","0","0","792","0","0"
,"793","0","0","793","0","0","793","0","0","793","0","0","793","0","0","793","0","0","793","0","0","793","0","0","793","0","0","793","0","0","793","0","0","793","0","0","793","0","0","793","0","0","793","0","0","793","0","0","793","0","0","793","0","0","793","0","0","793","0","0","793","0","0","793","0","0","793","0","0","793","0","0","793","0","0","793","0","0","793","0","0","793","0","0","793","0","0","793","0","0","793","0","0","793","0","0","793","0","0","793","0","0","793","0","0","793","0","0","793","0","0","793","0","0","793","0","0","793","0","0","793","0","0","793","0","0","793","0","0","793","0","0","793","0","0","793","0","0","793","0","0","793","0","0","793","0","0","793","0","0","793","0","0","793","0","0","793","0","0","793","0","0","793","0","0","793","0","0","793","0","0","793","0","0","793","0","0","793","0","0"
,"794","0","0","794","0","0","794","0","0","794","0","0","794","0","0","794","0","0","794","0","0","794","0","0","794","0","0","794","0","0","794","0","0","794","0","0","794","0","0","794","0","0","794","0","0","794","0","0","794","0","0","794","0","0","794","0","0","794","0","0","794","0","0","794","0","0","794","0","0","794","0","0","794","0","0","794","0","0","794","0","0","794","0","0","794","0","0","794","0","0","794","0","0","794","0","0","794","0","0","794","0","0","794","0","0","794","0","0","794","0","0","794","0","0","794","0","0","794","0","0","794","0","0","794","0","0","794","0","0","794","0","0","794","0","0","794","0","0","794","0","0","794","0","0","794","0","0","794","0","0","794","0","0","794","0","0","794","0","0","794","0","0","794","0","0","794","0","0","794","0","0","794","0","0","794","0","0","794","0","0"
,"795","0","0","795","0","0","795","0","0","795","0","0","795","0","0","795","0","0","795","0","0","795","0","0","795","0","0","795","0","0","795","0","0","795","0","0","795","0","0","795","0","0","795","0","0","795","0","0","795","0","0","795","0","0","795","0","0","795","0","0","795","0","0","795","0","0","795","0","0","795","0","0","795","0","0","795","0","0","795","0","0","795","0","0","795","0","0","795","0","0","795","0","0","795","0","0","795","0","0","795","0","0","795","0","0","795","0","0","795","0","0","795","0","0","795","0","0","795","0","0","795","0","0","795","0","0","795","0","0","795","0","0","795","0","0","795","0","0","795","0","0","795","0","0","795","0","0","795","0","0","795","0","0","795","0","0","795","0","0","795","0","0","795","0","0","795","0","0","795","0","0","795","0","0","795","0","0","795","0","0"
,"796","0","0","796","0","0","796","0","0","796","0","0","796","0","0","796","0","0","796","0","0","796","0","0","796","0","0","796","0","0","796","0","0","796","0","0","796","0","0","796","0","0","796","0","0","796","0","0","796","0","0","796","0","0","796","0","0","796","0","0","796","0","0","796","0","0","796","0","0","796","0","0","796","0","0","796","0","0","796","0","0","796","0","0","796","0","0","796","0","0","796","0","0","796","0","0","796","0","0","796","0","0","796","0","0","796","0","0","796","0","0","796","0","0","796","0","0","796","0","0","796","0","0","796","0","0","796","0","0","796","0","0","796","0","0","796","0","0","796","0","0","796","0","0","796","0","0","796","0","0","796","0","0","796","0","0","796","0","0","796","0","0","796","0","0","796","0","0","796","0","0","796","0","0","796","0","0","796","0","0"
,"797","0","0","797","0","0","797","0","0","797","0","0","797","0","0","797","0","0","797","0","0","797","0","0","797","0","0","797","0","0","797","0","0","797","0","0","797","0","0","797","0","0","797","0","0","797","0","0","797","0","0","797","0","0","797","0","0","797","0","0","797","0","0","797","0","0","797","0","0","797","0","0","797","0","0","797","0","0","797","0","0","797","0","0","797","0","0","797","0","0","797","0","0","797","0","0","797","0","0","797","0","0","797","0","0","797","0","0","797","0","0","797","0","0","797","0","0","797","0","0","797","0","0","797","0","0","797","0","0","797","0","0","797","0","0","797","0","0","797","0","0","797","0","0","797","0","0","797","0","0","797","0","0","797","0","0","797","0","0","797","0","0","797","0","0","797","0","0","797","0","0","797","0","0","797","0","0","797","0","0"
,"798","0","0","798","0","0","798","0","0","798","0","0","798","0","0","798","0","0","798","0","0","798","0","0","798","0","0","798","0","0","798","0","0","798","0","0","798","0","0","798","0","0","798","0","0","798","0","0","798","0","0","798","0","0","798","0","0","798","0","0","798","0","0","798","0","0","798","0","0","798","0","0","798","0","0","798","0","0","798","0","0","798","0","0","798","0","0","798","0","0","798","0","0","798","0","0","798","0","0","798","0","0","798","0","0","798","0","0","798","0","0","798","0","0","798","0","0","798","0","0","798","0","0","798","0","0","798","0","0","798","0","0","798","0","0","798","0","0","798","0","0","798","0","0","798","0","0","798","0","0","798","0","0","798","0","0","798","0","0","798","0","0","798","0","0","798","0","0","798","0","0","798","0","0","798","0","0","798","0","0"
,"799","0","0","799","0","0","799","0","0","799","0","0","799","0","0","799","0","0","799","0","0","799","0","0","799","0","0","799","0","0","799","0","0","799","0","0","799","0","0","799","0","0","799","0","0","799","0","0","799","0","0","799","0","0","799","0","0","799","0","0","799","0","0","799","0","0","799","0","0","799","0","0","799","0","0","799","0","0","799","0","0","799","0","0","799","0","0","799","0","0","799","0","0","799","0","0","799","0","0","799","0","0","799","0","0","799","0","0","799","0","0","799","0","0","799","0","0","799","0","0","799","0","0","799","0","0","799","0","0","799","0","0","799","0","0","799","0","0","799","0","0","799","0","0","799","0","0","799","0","0","799","0","0","799","0","0","799","0","0","799","0","0","799","0","0","799","0","0","799","0","0","799","0","0","799","0","0","799","0","0"
,"800","0","0","800","0","0","800","0","0","800","0","0","800","0","0","800","0","0","800","0","0","800","0","0","800","0","0","800","0","0","800","0","0","800","0","0","800","0","0","800","0","0","800","0","0","800","0","0","800","0","0","800","0","0","800","0","0","800","0","0","800","0","0","800","0","0","800","0","0","800","0","0","800","0","0","800","0","0","800","0","0","800","0","0","800","0","0","800","0","0","800","0","0","800","0","0","800","0","0","800","0","0","800","0","0","800","0","0","800","0","0","800","0","0","800","0","0","800","0","0","800","0","0","800","0","0","800","0","0","800","0","0","800","0","0","800","0","0","800","0","0","800","0","0","800","0","0","800","0","0","800","0","0","800","0","0","800","0","0","800","0","0","800","0","0","800","0","0","800","0","0","800","0","0","800","0","0","800","0","0"
,"801","0","0","801","0","0","801","0","0","801","0","0","801","0","0","801","0","0","801","0","0","801","0","0","801","0","0","801","0","0","801","0","0","801","0","0","801","0","0","801","0","0","801","0","0","801","0","0","801","0","0","801","0","0","801","0","0","801","0","0","801","0","0","801","0","0","801","0","0","801","0","0","801","0","0","801","0","0","801","0","0","801","0","0","801","0","0","801","0","0","801","0","0","801","0","0","801","0","0","801","0","0","801","0","0","801","0","0","801","0","0","801","0","0","801","0","0","801","0","0","801","0","0","801","0","0","801","0","0","801","0","0","801","0","0","801","0","0","801","0","0","801","0","0","801","0","0","801","0","0","801","0","0","801","0","0","801","0","0","801","0","0","801","0","0","801","0","0","801","0","0","801","0","0","801","0","0","801","0","0"
,"802","0","0","802","0","0","802","0","0","802","0","0","802","0","0","802","0","0","802","0","0","802","0","0","802","0","0","802","0","0","802","0","0","802","0","0","802","0","0","802","0","0","802","0","0","802","0","0","802","0","0","802","0","0","802","0","0","802","0","0","802","0","0","802","0","0","802","0","0","802","0","0","802","0","0","802","0","0","802","0","0","802","0","0","802","0","0","802","0","0","802","0","0","802","0","0","802","0","0","802","0","0","802","0","0","802","0","0","802","0","0","802","0","0","802","0","0","802","0","0","802","0","0","802","0","0","802","0","0","802","0","0","802","0","0","802","0","0","802","0","0","802","0","0","802","0","0","802","0","0","802","0","0","802","0","0","802","0","0","802","0","0","802","0","0","802","0","0","802","0","0","802","0","0","802","0","0","802","0","0"
,"803","0","0","803","0","0","803","0","0","803","0","0","803","0","0","803","0","0","803","0","0","803","0","0","803","0","0","803","0","0","803","0","0","803","0","0","803","0","0","803","0","0","803","0","0","803","0","0","803","0","0","803","0","0","803","0","0","803","0","0","803","0","0","803","0","0","803","0","0","803","0","0","803","0","0","803","0","0","803","0","0","803","0","0","803","0","0","803","0","0","803","0","0","803","0","0","803","0","0","803","0","0","803","0","0","803","0","0","803","0","0","803","0","0","803","0","0","803","0","0","803","0","0","803","0","0","803","0","0","803","0","0","803","0","0","803","0","0","803","0","0","803","0","0","803","0","0","803","0","0","803","0","0","803","0","0","803","0","0","803","0","0","803","0","0","803","0","0","803","0","0","803","0","0","803","0","0","803","0","0"
,"804","0","0","804","0","0","804","0","0","804","0","0","804","0","0","804","0","0","804","0","0","804","0","0","804","0","0","804","0","0","804","0","0","804","0","0","804","0","0","804","0","0","804","0","0","804","0","0","804","0","0","804","0","0","804","0","0","804","0","0","804","0","0","804","0","0","804","0","0","804","0","0","804","0","0","804","0","0","804","0","0","804","0","0","804","0","0","804","0","0","804","0","0","804","0","0","804","0","0","804","0","0","804","0","0","804","0","0","804","0","0","804","0","0","804","0","0","804","0","0","804","0","0","804","0","0","804","0","0","804","0","0","804","0","0","804","0","0","804","0","0","804","0","0","804","0","0","804","0","0","804","0","0","804","0","0","804","0","0","804","0","0","804","0","0","804","0","0","804","0","0","804","0","0","804","0","0","804","0","0"
,"805","0","0","805","0","0","805","0","0","805","0","0","805","0","0","805","0","0","805","0","0","805","0","0","805","0","0","805","0","0","805","0","0","805","0","0","805","0","0","805","0","0","805","0","0","805","0","0","805","0","0","805","0","0","805","0","0","805","0","0","805","0","0","805","0","0","805","0","0","805","0","0","805","0","0","805","0","0","805","0","0","805","0","0","805","0","0","805","0","0","805","0","0","805","0","0","805","0","0","805","0","0","805","0","0","805","0","0","805","0","0","805","0","0","805","0","0","805","0","0","805","0","0","805","0","0","805","0","0","805","0","0","805","0","0","805","0","0","805","0","0","805","0","0","805","0","0","805","0","0","805","0","0","805","0","0","805","0","0","805","0","0","805","0","0","805","0","0","805","0","0","805","0","0","805","0","0","805","0","0"
,"806","0","0","806","0","0","806","0","0","806","0","0","806","0","0","806","0","0","806","0","0","806","0","0","806","0","0","806","0","0","806","0","0","806","0","0","806","0","0","806","0","0","806","0","0","806","0","0","806","0","0","806","0","0","806","0","0","806","0","0","806","0","0","806","0","0","806","0","0","806","0","0","806","0","0","806","0","0","806","0","0","806","0","0","806","0","0","806","0","0","806","0","0","806","0","0","806","0","0","806","0","0","806","0","0","806","0","0","806","0","0","806","0","0","806","0","0","806","0","0","806","0","0","806","0","0","806","0","0","806","0","0","806","0","0","806","0","0","806","0","0","806","0","0","806","0","0","806","0","0","806","0","0","806","0","0","806","0","0","806","0","0","806","0","0","806","0","0","806","0","0","806","0","0","806","0","0","806","0","0"
,"807","0","0","807","0","0","807","0","0","807","0","0","807","0","0","807","0","0","807","0","0","807","0","0","807","0","0","807","0","0","807","0","0","807","0","0","807","0","0","807","0","0","807","0","0","807","0","0","807","0","0","807","0","0","807","0","0","807","0","0","807","0","0","807","0","0","807","0","0","807","0","0","807","0","0","807","0","0","807","0","0","807","0","0","807","0","0","807","0","0","807","0","0","807","0","0","807","0","0","807","0","0","807","0","0","807","0","0","807","0","0","807","0","0","807","0","0","807","0","0","807","0","0","807","0","0","807","0","0","807","0","0","807","0","0","807","0","0","807","0","0","807","0","0","807","0","0","807","0","0","807","0","0","807","0","0","807","0","0","807","0","0","807","0","0","807","0","0","807","0","0","807","0","0","807","0","0","807","0","0"
,"808","0","0","808","0","0","808","0","0","808","0","0","808","0","0","808","0","0","808","0","0","808","0","0","808","0","0","808","0","0","808","0","0","808","0","0","808","0","0","808","0","0","808","0","0","808","0","0","808","0","0","808","0","0","808","0","0","808","0","0","808","0","0","808","0","0","808","0","0","808","0","0","808","0","0","808","0","0","808","0","0","808","0","0","808","0","0","808","0","0","808","0","0","808","0","0","808","0","0","808","0","0","808","0","0","808","0","0","808","0","0","808","0","0","808","0","0","808","0","0","808","0","0","808","0","0","808","0","0","808","0","0","808","0","0","808","0","0","808","0","0","808","0","0","808","0","0","808","0","0","808","0","0","808","0","0","808","0","0","808","0","0","808","0","0","808","0","0","808","0","0","808","0","0","808","0","0","808","0","0"
,"809","0","0","809","0","0","809","0","0","809","0","0","809","0","0","809","0","0","809","0","0","809","0","0","809","0","0","809","0","0","809","0","0","809","0","0","809","0","0","809","0","0","809","0","0","809","0","0","809","0","0","809","0","0","809","0","0","809","0","0","809","0","0","809","0","0","809","0","0","809","0","0","809","0","0","809","0","0","809","0","0","809","0","0","809","0","0","809","0","0","809","0","0","809","0","0","809","0","0","809","0","0","809","0","0","809","0","0","809","0","0","809","0","0","809","0","0","809","0","0","809","0","0","809","0","0","809","0","0","809","0","0","809","0","0","809","0","0","809","0","0","809","0","0","809","0","0","809","0","0","809","0","0","809","0","0","809","0","0","809","0","0","809","0","0","809","0","0","809","0","0","809","0","0","809","0","0","809","0","0"
,"810","0","0","810","0","0","810","0","0","810","0","0","810","0","0","810","0","0","810","0","0","810","0","0","810","0","0","810","0","0","810","0","0","810","0","0","810","0","0","810","0","0","810","0","0","810","0","0","810","0","0","810","0","0","810","0","0","810","0","0","810","0","0","810","0","0","810","0","0","810","0","0","810","0","0","810","0","0","810","0","0","810","0","0","810","0","0","810","0","0","810","0","0","810","0","0","810","0","0","810","0","0","810","0","0","810","0","0","810","0","0","810","0","0","810","0","0","810","0","0","810","0","0","810","0","0","810","0","0","810","0","0","810","0","0","810","0","0","810","0","0","810","0","0","810","0","0","810","0","0","810","0","0","810","0","0","810","0","0","810","0","0","810","0","0","810","0","0","810","0","0","810","0","0","810","0","0","810","0","0"
,"811","0","0","811","0","0","811","0","0","811","0","0","811","0","0","811","0","0","811","0","0","811","0","0","811","0","0","811","0","0","811","0","0","811","0","0","811","0","0","811","0","0","811","0","0","811","0","0","811","0","0","811","0","0","811","0","0","811","0","0","811","0","0","811","0","0","811","0","0","811","0","0","811","0","0","811","0","0","811","0","0","811","0","0","811","0","0","811","0","0","811","0","0","811","0","0","811","0","0","811","0","0","811","0","0","811","0","0","811","0","0","811","0","0","811","0","0","811","0","0","811","0","0","811","0","0","811","0","0","811","0","0","811","0","0","811","0","0","811","0","0","811","0","0","811","0","0","811","0","0","811","0","0","811","0","0","811","0","0","811","0","0","811","0","0","811","0","0","811","0","0","811","0","0","811","0","0","811","0","0"
,"812","0","0","812","0","0","812","0","0","812","0","0","812","0","0","812","0","0","812","0","0","812","0","0","812","0","0","812","0","0","812","0","0","812","0","0","812","0","0","812","0","0","812","0","0","812","0","0","812","0","0","812","0","0","812","0","0","812","0","0","812","0","0","812","0","0","812","0","0","812","0","0","812","0","0","812","0","0","812","0","0","812","0","0","812","0","0","812","0","0","812","0","0","812","0","0","812","0","0","812","0","0","812","0","0","812","0","0","812","0","0","812","0","0","812","0","0","812","0","0","812","0","0","812","0","0","812","0","0","812","0","0","812","0","0","812","0","0","812","0","0","812","0","0","812","0","0","812","0","0","812","0","0","812","0","0","812","0","0","812","0","0","812","0","0","812","0","0","812","0","0","812","0","0","812","0","0","812","0","0"
,"813","0","0","813","0","0","813","0","0","813","0","0","813","0","0","813","0","0","813","0","0","813","0","0","813","0","0","813","0","0","813","0","0","813","0","0","813","0","0","813","0","0","813","0","0","813","0","0","813","0","0","813","0","0","813","0","0","813","0","0","813","0","0","813","0","0","813","0","0","813","0","0","813","0","0","813","0","0","813","0","0","813","0","0","813","0","0","813","0","0","813","0","0","813","0","0","813","0","0","813","0","0","813","0","0","813","0","0","813","0","0","813","0","0","813","0","0","813","0","0","813","0","0","813","0","0","813","0","0","813","0","0","813","0","0","813","0","0","813","0","0","813","0","0","813","0","0","813","0","0","813","0","0","813","0","0","813","0","0","813","0","0","813","0","0","813","0","0","813","0","0","813","0","0","813","0","0","813","0","0"
,"814","0","0","814","0","0","814","0","0","814","0","0","814","0","0","814","0","0","814","0","0","814","0","0","814","0","0","814","0","0","814","0","0","814","0","0","814","0","0","814","0","0","814","0","0","814","0","0","814","0","0","814","0","0","814","0","0","814","0","0","814","0","0","814","0","0","814","0","0","814","0","0","814","0","0","814","0","0","814","0","0","814","0","0","814","0","0","814","0","0","814","0","0","814","0","0","814","0","0","814","0","0","814","0","0","814","0","0","814","0","0","814","0","0","814","0","0","814","0","0","814","0","0","814","0","0","814","0","0","814","0","0","814","0","0","814","0","0","814","0","0","814","0","0","814","0","0","814","0","0","814","0","0","814","0","0","814","0","0","814","0","0","814","0","0","814","0","0","814","0","0","814","0","0","814","0","0","814","0","0"
,"815","0","0","815","0","0","815","0","0","815","0","0","815","0","0","815","0","0","815","0","0","815","0","0","815","0","0","815","0","0","815","0","0","815","0","0","815","0","0","815","0","0","815","0","0","815","0","0","815","0","0","815","0","0","815","0","0","815","0","0","815","0","0","815","0","0","815","0","0","815","0","0","815","0","0","815","0","0","815","0","0","815","0","0","815","0","0","815","0","0","815","0","0","815","0","0","815","0","0","815","0","0","815","0","0","815","0","0","815","0","0","815","0","0","815","0","0","815","0","0","815","0","0","815","0","0","815","0","0","815","0","0","815","0","0","815","0","0","815","0","0","815","0","0","815","0","0","815","0","0","815","0","0","815","0","0","815","0","0","815","0","0","815","0","0","815","0","0","815","0","0","815","0","0","815","0","0","815","0","0"
,"816","0","0","816","0","0","816","0","0","816","0","0","816","0","0","816","0","0","816","0","0","816","0","0","816","0","0","816","0","0","816","0","0","816","0","0","816","0","0","816","0","0","816","0","0","816","0","0","816","0","0","816","0","0","816","0","0","816","0","0","816","0","0","816","0","0","816","0","0","816","0","0","816","0","0","816","0","0","816","0","0","816","0","0","816","0","0","816","0","0","816","0","0","816","0","0","816","0","0","816","0","0","816","0","0","816","0","0","816","0","0","816","0","0","816","0","0","816","0","0","816","0","0","816","0","0","816","0","0","816","0","0","816","0","0","816","0","0","816","0","0","816","0","0","816","0","0","816","0","0","816","0","0","816","0","0","816","0","0","816","0","0","816","0","0","816","0","0","816","0","0","816","0","0","816","0","0","816","0","0"
,"817","0","0","817","0","0","817","0","0","817","0","0","817","0","0","817","0","0","817","0","0","817","0","0","817","0","0","817","0","0","817","0","0","817","0","0","817","0","0","817","0","0","817","0","0","817","0","0","817","0","0","817","0","0","817","0","0","817","0","0","817","0","0","817","0","0","817","0","0","817","0","0","817","0","0","817","0","0","817","0","0","817","0","0","817","0","0","817","0","0","817","0","0","817","0","0","817","0","0","817","0","0","817","0","0","817","0","0","817","0","0","817","0","0","817","0","0","817","0","0","817","0","0","817","0","0","817","0","0","817","0","0","817","0","0","817","0","0","817","0","0","817","0","0","817","0","0","817","0","0","817","0","0","817","0","0","817","0","0","817","0","0","817","0","0","817","0","0","817","0","0","817","0","0","817","0","0","817","0","0"
,"818","0","0","818","0","0","818","0","0","818","0","0","818","0","0","818","0","0","818","0","0","818","0","0","818","0","0","818","0","0","818","0","0","818","0","0","818","0","0","818","0","0","818","0","0","818","0","0","818","0","0","818","0","0","818","0","0","818","0","0","818","0","0","818","0","0","818","0","0","818","0","0","818","0","0","818","0","0","818","0","0","818","0","0","818","0","0","818","0","0","818","0","0","818","0","0","818","0","0","818","0","0","818","0","0","818","0","0","818","0","0","818","0","0","818","0","0","818","0","0","818","0","0","818","0","0","818","0","0","818","0","0","818","0","0","818","0","0","818","0","0","818","0","0","818","0","0","818","0","0","818","0","0","818","0","0","818","0","0","818","0","0","818","0","0","818","0","0","818","0","0","818","0","0","818","0","0","818","0","0"
,"819","0","0","819","0","0","819","0","0","819","0","0","819","0","0","819","0","0","819","0","0","819","0","0","819","0","0","819","0","0","819","0","0","819","0","0","819","0","0","819","0","0","819","0","0","819","0","0","819","0","0","819","0","0","819","0","0","819","0","0","819","0","0","819","0","0","819","0","0","819","0","0","819","0","0","819","0","0","819","0","0","819","0","0","819","0","0","819","0","0","819","0","0","819","0","0","819","0","0","819","0","0","819","0","0","819","0","0","819","0","0","819","0","0","819","0","0","819","0","0","819","0","0","819","0","0","819","0","0","819","0","0","819","0","0","819","0","0","819","0","0","819","0","0","819","0","0","819","0","0","819","0","0","819","0","0","819","0","0","819","0","0","819","0","0","819","0","0","819","0","0","819","0","0","819","0","0","819","0","0"
,"820","0","0","820","0","0","820","0","0","820","0","0","820","0","0","820","0","0","820","0","0","820","0","0","820","0","0","820","0","0","820","0","0","820","0","0","820","0","0","820","0","0","820","0","0","820","0","0","820","0","0","820","0","0","820","0","0","820","0","0","820","0","0","820","0","0","820","0","0","820","0","0","820","0","0","820","0","0","820","0","0","820","0","0","820","0","0","820","0","0","820","0","0","820","0","0","820","0","0","820","0","0","820","0","0","820","0","0","820","0","0","820","0","0","820","0","0","820","0","0","820","0","0","820","0","0","820","0","0","820","0","0","820","0","0","820","0","0","820","0","0","820","0","0","820","0","0","820","0","0","820","0","0","820","0","0","820","0","0","820","0","0","820","0","0","820","0","0","820","0","0","820","0","0","820","0","0","820","0","0"
,"821","0","0","821","0","0","821","0","0","821","0","0","821","0","0","821","0","0","821","0","0","821","0","0","821","0","0","821","0","0","821","0","0","821","0","0","821","0","0","821","0","0","821","0","0","821","0","0","821","0","0","821","0","0","821","0","0","821","0","0","821","0","0","821","0","0","821","0","0","821","0","0","821","0","0","821","0","0","821","0","0","821","0","0","821","0","0","821","0","0","821","0","0","821","0","0","821","0","0","821","0","0","821","0","0","821","0","0","821","0","0","821","0","0","821","0","0","821","0","0","821","0","0","821","0","0","821","0","0","821","0","0","821","0","0","821","0","0","821","0","0","821","0","0","821","0","0","821","0","0","821","0","0","821","0","0","821","0","0","821","0","0","821","0","0","821","0","0","821","0","0","821","0","0","821","0","0","821","0","0"
,"822","0","0","822","0","0","822","0","0","822","0","0","822","0","0","822","0","0","822","0","0","822","0","0","822","0","0","822","0","0","822","0","0","822","0","0","822","0","0","822","0","0","822","0","0","822","0","0","822","0","0","822","0","0","822","0","0","822","0","0","822","0","0","822","0","0","822","0","0","822","0","0","822","0","0","822","0","0","822","0","0","822","0","0","822","0","0","822","0","0","822","0","0","822","0","0","822","0","0","822","0","0","822","0","0","822","0","0","822","0","0","822","0","0","822","0","0","822","0","0","822","0","0","822","0","0","822","0","0","822","0","0","822","0","0","822","0","0","822","0","0","822","0","0","822","0","0","822","0","0","822","0","0","822","0","0","822","0","0","822","0","0","822","0","0","822","0","0","822","0","0","822","0","0","822","0","0","822","0","0"
,"823","0","0","823","0","0","823","0","0","823","0","0","823","0","0","823","0","0","823","0","0","823","0","0","823","0","0","823","0","0","823","0","0","823","0","0","823","0","0","823","0","0","823","0","0","823","0","0","823","0","0","823","0","0","823","0","0","823","0","0","823","0","0","823","0","0","823","0","0","823","0","0","823","0","0","823","0","0","823","0","0","823","0","0","823","0","0","823","0","0","823","0","0","823","0","0","823","0","0","823","0","0","823","0","0","823","0","0","823","0","0","823","0","0","823","0","0","823","0","0","823","0","0","823","0","0","823","0","0","823","0","0","823","0","0","823","0","0","823","0","0","823","0","0","823","0","0","823","0","0","823","0","0","823","0","0","823","0","0","823","0","0","823","0","0","823","0","0","823","0","0","823","0","0","823","0","0","823","0","0"
,"824","0","0","824","0","0","824","0","0","824","0","0","824","0","0","824","0","0","824","0","0","824","0","0","824","0","0","824","0","0","824","0","0","824","0","0","824","0","0","824","0","0","824","0","0","824","0","0","824","0","0","824","0","0","824","0","0","824","0","0","824","0","0","824","0","0","824","0","0","824","0","0","824","0","0","824","0","0","824","0","0","824","0","0","824","0","0","824","0","0","824","0","0","824","0","0","824","0","0","824","0","0","824","0","0","824","0","0","824","0","0","824","0","0","824","0","0","824","0","0","824","0","0","824","0","0","824","0","0","824","0","0","824","0","0","824","0","0","824","0","0","824","0","0","824","0","0","824","0","0","824","0","0","824","0","0","824","0","0","824","0","0","824","0","0","824","0","0","824","0","0","824","0","0","824","0","0","824","0","0"
,"825","0","0","825","0","0","825","0","0","825","0","0","825","0","0","825","0","0","825","0","0","825","0","0","825","0","0","825","0","0","825","0","0","825","0","0","825","0","0","825","0","0","825","0","0","825","0","0","825","0","0","825","0","0","825","0","0","825","0","0","825","0","0","825","0","0","825","0","0","825","0","0","825","0","0","825","0","0","825","0","0","825","0","0","825","0","0","825","0","0","825","0","0","825","0","0","825","0","0","825","0","0","825","0","0","825","0","0","825","0","0","825","0","0","825","0","0","825","0","0","825","0","0","825","0","0","825","0","0","825","0","0","825","0","0","825","0","0","825","0","0","825","0","0","825","0","0","825","0","0","825","0","0","825","0","0","825","0","0","825","0","0","825","0","0","825","0","0","825","0","0","825","0","0","825","0","0","825","0","0"
,"826","0","0","826","0","0","826","0","0","826","0","0","826","0","0","826","0","0","826","0","0","826","0","0","826","0","0","826","0","0","826","0","0","826","0","0","826","0","0","826","0","0","826","0","0","826","0","0","826","0","0","826","0","0","826","0","0","826","0","0","826","0","0","826","0","0","826","0","0","826","0","0","826","0","0","826","0","0","826","0","0","826","0","0","826","0","0","826","0","0","826","0","0","826","0","0","826","0","0","826","0","0","826","0","0","826","0","0","826","0","0","826","0","0","826","0","0","826","0","0","826","0","0","826","0","0","826","0","0","826","0","0","826","0","0","826","0","0","826","0","0","826","0","0","826","0","0","826","0","0","826","0","0","826","0","0","826","0","0","826","0","0","826","0","0","826","0","0","826","0","0","826","0","0","826","0","0","826","0","0"
,"827","0","0","827","0","0","827","0","0","827","0","0","827","0","0","827","0","0","827","0","0","827","0","0","827","0","0","827","0","0","827","0","0","827","0","0","827","0","0","827","0","0","827","0","0","827","0","0","827","0","0","827","0","0","827","0","0","827","0","0","827","0","0","827","0","0","827","0","0","827","0","0","827","0","0","827","0","0","827","0","0","827","0","0","827","0","0","827","0","0","827","0","0","827","0","0","827","0","0","827","0","0","827","0","0","827","0","0","827","0","0","827","0","0","827","0","0","827","0","0","827","0","0","827","0","0","827","0","0","827","0","0","827","0","0","827","0","0","827","0","0","827","0","0","827","0","0","827","0","0","827","0","0","827","0","0","827","0","0","827","0","0","827","0","0","827","0","0","827","0","0","827","0","0","827","0","0","827","0","0"
,"828","0","0","828","0","0","828","0","0","828","0","0","828","0","0","828","0","0","828","0","0","828","0","0","828","0","0","828","0","0","828","0","0","828","0","0","828","0","0","828","0","0","828","0","0","828","0","0","828","0","0","828","0","0","828","0","0","828","0","0","828","0","0","828","0","0","828","0","0","828","0","0","828","0","0","828","0","0","828","0","0","828","0","0","828","0","0","828","0","0","828","0","0","828","0","0","828","0","0","828","0","0","828","0","0","828","0","0","828","0","0","828","0","0","828","0","0","828","0","0","828","0","0","828","0","0","828","0","0","828","0","0","828","0","0","828","0","0","828","0","0","828","0","0","828","0","0","828","0","0","828","0","0","828","0","0","828","0","0","828","0","0","828","0","0","828","0","0","828","0","0","828","0","0","828","0","0","828","0","0"
,"829","0","0","829","0","0","829","0","0","829","0","0","829","0","0","829","0","0","829","0","0","829","0","0","829","0","0","829","0","0","829","0","0","829","0","0","829","0","0","829","0","0","829","0","0","829","0","0","829","0","0","829","0","0","829","0","0","829","0","0","829","0","0","829","0","0","829","0","0","829","0","0","829","0","0","829","0","0","829","0","0","829","0","0","829","0","0","829","0","0","829","0","0","829","0","0","829","0","0","829","0","0","829","0","0","829","0","0","829","0","0","829","0","0","829","0","0","829","0","0","829","0","0","829","0","0","829","0","0","829","0","0","829","0","0","829","0","0","829","0","0","829","0","0","829","0","0","829","0","0","829","0","0","829","0","0","829","0","0","829","0","0","829","0","0","829","0","0","829","0","0","829","0","0","829","0","0","829","0","0"
,"830","0","0","830","0","0","830","0","0","830","0","0","830","0","0","830","0","0","830","0","0","830","0","0","830","0","0","830","0","0","830","0","0","830","0","0","830","0","0","830","0","0","830","0","0","830","0","0","830","0","0","830","0","0","830","0","0","830","0","0","830","0","0","830","0","0","830","0","0","830","0","0","830","0","0","830","0","0","830","0","0","830","0","0","830","0","0","830","0","0","830","0","0","830","0","0","830","0","0","830","0","0","830","0","0","830","0","0","830","0","0","830","0","0","830","0","0","830","0","0","830","0","0","830","0","0","830","0","0","830","0","0","830","0","0","830","0","0","830","0","0","830","0","0","830","0","0","830","0","0","830","0","0","830","0","0","830","0","0","830","0","0","830","0","0","830","0","0","830","0","0","830","0","0","830","0","0","830","0","0"
,"831","0","0","831","0","0","831","0","0","831","0","0","831","0","0","831","0","0","831","0","0","831","0","0","831","0","0","831","0","0","831","0","0","831","0","0","831","0","0","831","0","0","831","0","0","831","0","0","831","0","0","831","0","0","831","0","0","831","0","0","831","0","0","831","0","0","831","0","0","831","0","0","831","0","0","831","0","0","831","0","0","831","0","0","831","0","0","831","0","0","831","0","0","831","0","0","831","0","0","831","0","0","831","0","0","831","0","0","831","0","0","831","0","0","831","0","0","831","0","0","831","0","0","831","0","0","831","0","0","831","0","0","831","0","0","831","0","0","831","0","0","831","0","0","831","0","0","831","0","0","831","0","0","831","0","0","831","0","0","831","0","0","831","0","0","831","0","0","831","0","0","831","0","0","831","0","0","831","0","0"
,"832","0","0","832","0","0","832","0","0","832","0","0","832","0","0","832","0","0","832","0","0","832","0","0","832","0","0","832","0","0","832","0","0","832","0","0","832","0","0","832","0","0","832","0","0","832","0","0","832","0","0","832","0","0","832","0","0","832","0","0","832","0","0","832","0","0","832","0","0","832","0","0","832","0","0","832","0","0","832","0","0","832","0","0","832","0","0","832","0","0","832","0","0","832","0","0","832","0","0","832","0","0","832","0","0","832","0","0","832","0","0","832","0","0","832","0","0","832","0","0","832","0","0","832","0","0","832","0","0","832","0","0","832","0","0","832","0","0","832","0","0","832","0","0","832","0","0","832","0","0","832","0","0","832","0","0","832","0","0","832","0","0","832","0","0","832","0","0","832","0","0","832","0","0","832","0","0","832","0","0"
,"833","0","0","833","0","0","833","0","0","833","0","0","833","0","0","833","0","0","833","0","0","833","0","0","833","0","0","833","0","0","833","0","0","833","0","0","833","0","0","833","0","0","833","0","0","833","0","0","833","0","0","833","0","0","833","0","0","833","0","0","833","0","0","833","0","0","833","0","0","833","0","0","833","0","0","833","0","0","833","0","0","833","0","0","833","0","0","833","0","0","833","0","0","833","0","0","833","0","0","833","0","0","833","0","0","833","0","0","833","0","0","833","0","0","833","0","0","833","0","0","833","0","0","833","0","0","833","0","0","833","0","0","833","0","0","833","0","0","833","0","0","833","0","0","833","0","0","833","0","0","833","0","0","833","0","0","833","0","0","833","0","0","833","0","0","833","0","0","833","0","0","833","0","0","833","0","0","833","0","0"
,"834","0","0","834","0","0","834","0","0","834","0","0","834","0","0","834","0","0","834","0","0","834","0","0","834","0","0","834","0","0","834","0","0","834","0","0","834","0","0","834","0","0","834","0","0","834","0","0","834","0","0","834","0","0","834","0","0","834","0","0","834","0","0","834","0","0","834","0","0","834","0","0","834","0","0","834","0","0","834","0","0","834","0","0","834","0","0","834","0","0","834","0","0","834","0","0","834","0","0","834","0","0","834","0","0","834","0","0","834","0","0","834","0","0","834","0","0","834","0","0","834","0","0","834","0","0","834","0","0","834","0","0","834","0","0","834","0","0","834","0","0","834","0","0","834","0","0","834","0","0","834","0","0","834","0","0","834","0","0","834","0","0","834","0","0","834","0","0","834","0","0","834","0","0","834","0","0","834","0","0"
