"BehaviorSpace results (NetLogo 7.0.2)","Spreadsheet version 2.0"
"Altruistic 11_04nlogox.nlogox"
"Altruism_Mortality"
"12/04/2025 15:11:06:418 -0500"
"min-pxcor","max-pxcor","min-pycor","max-pycor"
"-16","16","-16","16"
"[run number]","1","1","1","2","2","2","3","3","3","4","4","4","5","5","5","6","6","6","7","7","7","8","8","8","9","9","9","10","10","10","11","11","11","12","12","12","13","13","13","14","14","14","15","15","15","16","16","16","17","17","17","18","18","18","19","19","19","20","20","20","21","21","21","22","22","22","23","23","23","24","24","24","25","25","25","26","26","26","27","27","27","28","28","28","29","29","29","30","30","30","31","31","31","32","32","32","33","33","33","34","34","34","35","35","35","36","36","36","37","37","37","38","38","38","39","39","39","40","40","40","41","41","41","42","42","42","43","43","43","44","44","44","45","45","45","46","46","46","47","47","47","48","48","48","49","49","49","50","50","50","51","51","51","52","52","52","53","53","53","54","54","54","55","55","55","56","56","56","57","57","57","58","58","58","59","59","59","60","60","60"
"ode-mode","false",,,"false",,,"false",,,"false",,,"false",,,"false",,,"false",,,"false",,,"false",,,"false",,,"false",,,"false",,,"false",,,"false",,,"false",,,"false",,,"false",,,"false",,,"false",,,"false",,,"false",,,"false",,,"false",,,"false",,,"false",,,"false",,,"false",,,"false",,,"false",,,"false",,,"false",,,"false",,,"false",,,"false",,,"false",,,"false",,,"false",,,"false",,,"false",,,"false",,,"false",,,"false",,,"false",,,"false",,,"false",,,"false",,,"false",,,"false",,,"false",,,"false",,,"false",,,"false",,,"false",,,"false",,,"false",,,"false",,,"false",,,"false",,,"false",,,"false",,
"grass-on","true",,,"true",,,"true",,,"true",,,"true",,,"true",,,"true",,,"true",,,"true",,,"true",,,"true",,,"true",,,"true",,,"true",,,"true",,,"true",,,"true",,,"true",,,"true",,,"true",,,"true",,,"true",,,"true",,,"true",,,"true",,,"true",,,"true",,,"true",,,"true",,,"true",,,"true",,,"true",,,"true",,,"true",,,"true",,,"true",,,"true",,,"true",,,"true",,,"true",,,"true",,,"true",,,"true",,,"true",,,"true",,,"true",,,"true",,,"true",,,"true",,,"true",,,"true",,,"true",,,"true",,,"true",,,"true",,,"true",,,"true",,,"true",,,"true",,,"true",,
"starvation-on","true",,,"true",,,"true",,,"true",,,"true",,,"true",,,"true",,,"true",,,"true",,,"true",,,"true",,,"true",,,"true",,,"true",,,"true",,,"true",,,"true",,,"true",,,"true",,,"true",,,"true",,,"true",,,"true",,,"true",,,"true",,,"true",,,"true",,,"true",,,"true",,,"true",,,"true",,,"true",,,"true",,,"true",,,"true",,,"true",,,"true",,,"true",,,"true",,,"true",,,"true",,,"true",,,"true",,,"true",,,"true",,,"true",,,"true",,,"true",,,"true",,,"true",,,"true",,,"true",,,"true",,,"true",,,"true",,,"true",,,"true",,,"true",,,"true",,,"true",,
"aging-on","true",,,"true",,,"true",,,"true",,,"true",,,"true",,,"true",,,"true",,,"true",,,"true",,,"true",,,"true",,,"true",,,"true",,,"true",,,"true",,,"true",,,"true",,,"true",,,"true",,,"true",,,"true",,,"true",,,"true",,,"true",,,"true",,,"true",,,"true",,,"true",,,"true",,,"true",,,"true",,,"true",,,"true",,,"true",,,"true",,,"true",,,"true",,,"true",,,"true",,,"true",,,"true",,,"true",,,"true",,,"true",,,"true",,,"true",,,"true",,,"true",,,"true",,,"true",,,"true",,,"true",,,"true",,,"true",,,"true",,,"true",,,"true",,,"true",,,"true",,
"random-death-on","true",,,"true",,,"true",,,"true",,,"true",,,"true",,,"true",,,"true",,,"true",,,"true",,,"true",,,"true",,,"true",,,"true",,,"true",,,"true",,,"true",,,"true",,,"true",,,"true",,,"true",,,"true",,,"true",,,"true",,,"true",,,"true",,,"true",,,"true",,,"true",,,"true",,,"true",,,"true",,,"true",,,"true",,,"true",,,"true",,,"true",,,"true",,,"true",,,"true",,,"true",,,"true",,,"true",,,"true",,,"true",,,"true",,,"true",,,"true",,,"true",,,"true",,,"true",,,"true",,,"true",,,"true",,,"true",,,"true",,,"true",,,"true",,,"true",,,"true",,
"dominant-on","true",,,"true",,,"true",,,"true",,,"true",,,"true",,,"true",,,"true",,,"true",,,"true",,,"true",,,"true",,,"true",,,"true",,,"true",,,"true",,,"true",,,"true",,,"true",,,"true",,,"true",,,"true",,,"true",,,"true",,,"true",,,"true",,,"true",,,"true",,,"true",,,"true",,,"true",,,"true",,,"true",,,"true",,,"true",,,"true",,,"true",,,"true",,,"true",,,"true",,,"true",,,"true",,,"true",,,"true",,,"true",,,"true",,,"true",,,"true",,,"true",,,"true",,,"true",,,"true",,,"true",,,"true",,,"true",,,"true",,,"true",,,"true",,,"true",,,"true",,
"perfect-discrimination-on","true",,,"true",,,"true",,,"true",,,"true",,,"true",,,"true",,,"true",,,"true",,,"true",,,"true",,,"true",,,"true",,,"true",,,"true",,,"true",,,"true",,,"true",,,"true",,,"true",,,"true",,,"true",,,"true",,,"true",,,"true",,,"true",,,"true",,,"true",,,"true",,,"true",,,"true",,,"true",,,"true",,,"true",,,"true",,,"true",,,"true",,,"true",,,"true",,,"true",,,"true",,,"true",,,"true",,,"true",,,"true",,,"true",,,"true",,,"true",,,"true",,,"true",,,"true",,,"true",,,"true",,,"true",,,"true",,,"true",,,"true",,,"true",,,"true",,,"true",,
"initial-population","100",,,"100",,,"100",,,"100",,,"100",,,"100",,,"100",,,"100",,,"100",,,"100",,,"100",,,"100",,,"100",,,"100",,,"100",,,"100",,,"100",,,"100",,,"100",,,"100",,,"100",,,"100",,,"100",,,"100",,,"100",,,"100",,,"100",,,"100",,,"100",,,"100",,,"100",,,"100",,,"100",,,"100",,,"100",,,"100",,,"100",,,"100",,,"100",,,"100",,,"100",,,"100",,,"100",,,"100",,,"100",,,"100",,,"100",,,"100",,,"100",,,"100",,,"100",,,"100",,,"100",,,"100",,,"100",,,"100",,,"100",,,"100",,,"100",,,"100",,
"birth-rate","0.1",,,"0.1",,,"0.1",,,"0.1",,,"0.1",,,"0.1",,,"0.1",,,"0.1",,,"0.1",,,"0.1",,,"0.1",,,"0.1",,,"0.1",,,"0.1",,,"0.1",,,"0.1",,,"0.1",,,"0.1",,,"0.1",,,"0.1",,,"0.1",,,"0.1",,,"0.1",,,"0.1",,,"0.1",,,"0.1",,,"0.1",,,"0.1",,,"0.1",,,"0.1",,,"0.1",,,"0.1",,,"0.1",,,"0.1",,,"0.1",,,"0.1",,,"0.1",,,"0.1",,,"0.1",,,"0.1",,,"0.1",,,"0.1",,,"0.1",,,"0.1",,,"0.1",,,"0.1",,,"0.1",,,"0.1",,,"0.1",,,"0.1",,,"0.1",,,"0.1",,,"0.1",,,"0.1",,,"0.1",,,"0.1",,,"0.1",,,"0.1",,,"0.1",,,"0.1",,
"metabolic-rate","0.08",,,"0.08",,,"0.08",,,"0.08",,,"0.08",,,"0.08",,,"0.08",,,"0.08",,,"0.08",,,"0.08",,,"0.08",,,"0.08",,,"0.08",,,"0.08",,,"0.08",,,"0.08",,,"0.08",,,"0.08",,,"0.08",,,"0.08",,,"0.08",,,"0.08",,,"0.08",,,"0.08",,,"0.08",,,"0.08",,,"0.08",,,"0.08",,,"0.08",,,"0.08",,,"0.08",,,"0.08",,,"0.08",,,"0.08",,,"0.08",,,"0.08",,,"0.08",,,"0.08",,,"0.08",,,"0.08",,,"0.08",,,"0.08",,,"0.08",,,"0.08",,,"0.08",,,"0.08",,,"0.08",,,"0.08",,,"0.08",,,"0.08",,,"0.08",,,"0.08",,,"0.08",,,"0.08",,,"0.08",,,"0.08",,,"0.08",,,"0.08",,,"0.08",,,"0.08",,
"move-cost","0.03",,,"0.03",,,"0.03",,,"0.03",,,"0.03",,,"0.03",,,"0.03",,,"0.03",,,"0.03",,,"0.03",,,"0.03",,,"0.03",,,"0.03",,,"0.03",,,"0.03",,,"0.03",,,"0.03",,,"0.03",,,"0.03",,,"0.03",,,"0.03",,,"0.03",,,"0.03",,,"0.03",,,"0.03",,,"0.03",,,"0.03",,,"0.03",,,"0.03",,,"0.03",,,"0.03",,,"0.03",,,"0.03",,,"0.03",,,"0.03",,,"0.03",,,"0.03",,,"0.03",,,"0.03",,,"0.03",,,"0.03",,,"0.03",,,"0.03",,,"0.03",,,"0.03",,,"0.03",,,"0.03",,,"0.03",,,"0.03",,,"0.03",,,"0.03",,,"0.03",,,"0.03",,,"0.03",,,"0.03",,,"0.03",,,"0.03",,,"0.03",,,"0.03",,,"0.03",,
"reproduction-cost","1",,,"1",,,"1",,,"1",,,"1",,,"1",,,"1",,,"1",,,"1",,,"1",,,"1",,,"1",,,"1",,,"1",,,"1",,,"1",,,"1",,,"1",,,"1",,,"1",,,"1",,,"1",,,"1",,,"1",,,"1",,,"1",,,"1",,,"1",,,"1",,,"1",,,"1",,,"1",,,"1",,,"1",,,"1",,,"1",,,"1",,,"1",,,"1",,,"1",,,"1",,,"1",,,"1",,,"1",,,"1",,,"1",,,"1",,,"1",,,"1",,,"1",,,"1",,,"1",,,"1",,,"1",,,"1",,,"1",,,"1",,,"1",,,"1",,,"1",,
"reproduction-min-energy","3",,,"3",,,"3",,,"3",,,"3",,,"3",,,"3",,,"3",,,"3",,,"3",,,"3",,,"3",,,"3",,,"3",,,"3",,,"3",,,"3",,,"3",,,"3",,,"3",,,"3",,,"3",,,"3",,,"3",,,"3",,,"3",,,"3",,,"3",,,"3",,,"3",,,"3",,,"3",,,"3",,,"3",,,"3",,,"3",,,"3",,,"3",,,"3",,,"3",,,"3",,,"3",,,"3",,,"3",,,"3",,,"3",,,"3",,,"3",,,"3",,,"3",,,"3",,,"3",,,"3",,,"3",,,"3",,,"3",,,"3",,,"3",,,"3",,,"3",,
"time-step","0.6",,,"0.6",,,"0.6",,,"0.6",,,"0.6",,,"0.6",,,"0.6",,,"0.6",,,"0.6",,,"0.6",,,"0.6",,,"0.6",,,"0.6",,,"0.6",,,"0.6",,,"0.6",,,"0.6",,,"0.6",,,"0.6",,,"0.6",,,"0.6",,,"0.6",,,"0.6",,,"0.6",,,"0.6",,,"0.6",,,"0.6",,,"0.6",,,"0.6",,,"0.6",,,"0.6",,,"0.6",,,"0.6",,,"0.6",,,"0.6",,,"0.6",,,"0.6",,,"0.6",,,"0.6",,,"0.6",,,"0.6",,,"0.6",,,"0.6",,,"0.6",,,"0.6",,,"0.6",,,"0.6",,,"0.6",,,"0.6",,,"0.6",,,"0.6",,,"0.6",,,"0.6",,,"0.6",,,"0.6",,,"0.6",,,"0.6",,,"0.6",,,"0.6",,,"0.6",,
"altruism-energy","false",,,"false",,,"false",,,"false",,,"false",,,"false",,,"false",,,"false",,,"false",,,"false",,,"false",,,"false",,,"false",,,"false",,,"false",,,"false",,,"false",,,"false",,,"false",,,"false",,,"false",,,"false",,,"false",,,"false",,,"false",,,"false",,,"false",,,"false",,,"false",,,"false",,,"false",,,"false",,,"false",,,"false",,,"false",,,"false",,,"false",,,"false",,,"false",,,"false",,,"false",,,"false",,,"false",,,"false",,,"false",,,"false",,,"false",,,"false",,,"false",,,"false",,,"false",,,"false",,,"false",,,"false",,,"false",,,"false",,,"false",,,"false",,,"false",,,"false",,
"altruism-mortality","true",,,"true",,,"true",,,"true",,,"true",,,"true",,,"true",,,"true",,,"true",,,"true",,,"true",,,"true",,,"true",,,"true",,,"true",,,"true",,,"true",,,"true",,,"true",,,"true",,,"true",,,"true",,,"true",,,"true",,,"true",,,"true",,,"true",,,"true",,,"true",,,"true",,,"true",,,"true",,,"true",,,"true",,,"true",,,"true",,,"true",,,"true",,,"true",,,"true",,,"true",,,"true",,,"true",,,"true",,,"true",,,"true",,,"true",,,"true",,,"true",,,"true",,,"true",,,"true",,,"true",,,"true",,,"true",,,"true",,,"true",,,"true",,,"true",,,"true",,
"altruism-reproduction","false",,,"false",,,"false",,,"false",,,"false",,,"false",,,"false",,,"false",,,"false",,,"false",,,"false",,,"false",,,"false",,,"false",,,"false",,,"false",,,"false",,,"false",,,"false",,,"false",,,"false",,,"false",,,"false",,,"false",,,"false",,,"false",,,"false",,,"false",,,"false",,,"false",,,"false",,,"false",,,"false",,,"false",,,"false",,,"false",,,"false",,,"false",,,"false",,,"false",,,"false",,,"false",,,"false",,,"false",,,"false",,,"false",,,"false",,,"false",,,"false",,,"false",,,"false",,,"false",,,"false",,,"false",,,"false",,,"false",,,"false",,,"false",,,"false",,,"false",,
"altruist-death-penalty","0.1",,,"0.1",,,"0.1",,,"0.1",,,"0.1",,,"0.1",,,"0.1",,,"0.1",,,"0.1",,,"0.1",,,"0.1",,,"0.1",,,"0.1",,,"0.1",,,"0.1",,,"0.1",,,"0.1",,,"0.1",,,"0.1",,,"0.1",,,"0.1",,,"0.1",,,"0.1",,,"0.1",,,"0.1",,,"0.1",,,"0.1",,,"0.1",,,"0.1",,,"0.1",,,"0.3",,,"0.3",,,"0.3",,,"0.3",,,"0.3",,,"0.3",,,"0.3",,,"0.3",,,"0.3",,,"0.3",,,"0.3",,,"0.3",,,"0.3",,,"0.3",,,"0.3",,,"0.3",,,"0.3",,,"0.3",,,"0.3",,,"0.3",,,"0.3",,,"0.3",,,"0.3",,,"0.3",,,"0.3",,,"0.3",,,"0.3",,,"0.3",,,"0.3",,,"0.3",,
"altruists-cost","0",,,"0",,,"0",,,"0",,,"0",,,"0",,,"0",,,"0",,,"0",,,"0",,,"0",,,"0",,,"0",,,"0",,,"0",,,"0",,,"0",,,"0",,,"0",,,"0",,,"0",,,"0",,,"0",,,"0",,,"0",,,"0",,,"0",,,"0",,,"0",,,"0",,,"0",,,"0",,,"0",,,"0",,,"0",,,"0",,,"0",,,"0",,,"0",,,"0",,,"0",,,"0",,,"0",,,"0",,,"0",,,"0",,,"0",,,"0",,,"0",,,"0",,,"0",,,"0",,,"0",,,"0",,,"0",,,"0",,,"0",,,"0",,,"0",,,"0",,
"recipients-benefit","0",,,"0",,,"0",,,"0",,,"0",,,"0",,,"0",,,"0",,,"0",,,"0",,,"0",,,"0",,,"0",,,"0",,,"0",,,"0",,,"0",,,"0",,,"0",,,"0",,,"0",,,"0",,,"0",,,"0",,,"0",,,"0",,,"0",,,"0",,,"0",,,"0",,,"0",,,"0",,,"0",,,"0",,,"0",,,"0",,,"0",,,"0",,,"0",,,"0",,,"0",,,"0",,,"0",,,"0",,,"0",,,"0",,,"0",,,"0",,,"0",,,"0",,,"0",,,"0",,,"0",,,"0",,,"0",,,"0",,,"0",,,"0",,,"0",,,"0",,
"[reporter]","[step]","A-allele-proportion","total-population","[step]","A-allele-proportion","total-population","[step]","A-allele-proportion","total-population","[step]","A-allele-proportion","total-population","[step]","A-allele-proportion","total-population","[step]","A-allele-proportion","total-population","[step]","A-allele-proportion","total-population","[step]","A-allele-proportion","total-population","[step]","A-allele-proportion","total-population","[step]","A-allele-proportion","total-population","[step]","A-allele-proportion","total-population","[step]","A-allele-proportion","total-population","[step]","A-allele-proportion","total-population","[step]","A-allele-proportion","total-population","[step]","A-allele-proportion","total-population","[step]","A-allele-proportion","total-population","[step]","A-allele-proportion","total-population","[step]","A-allele-proportion","total-population","[step]","A-allele-proportion","total-population","[step]","A-allele-proportion","total-population","[step]","A-allele-proportion","total-population","[step]","A-allele-proportion","total-population","[step]","A-allele-proportion","total-population","[step]","A-allele-proportion","total-population","[step]","A-allele-proportion","total-population","[step]","A-allele-proportion","total-population","[step]","A-allele-proportion","total-population","[step]","A-allele-proportion","total-population","[step]","A-allele-proportion","total-population","[step]","A-allele-proportion","total-population","[step]","A-allele-proportion","total-population","[step]","A-allele-proportion","total-population","[step]","A-allele-proportion","total-population","[step]","A-allele-proportion","total-population","[step]","A-allele-proportion","total-population","[step]","A-allele-proportion","total-population","[step]","A-allele-proportion","total-population","[step]","A-allele-proportion","total-population","[step]","A-allele-proportion","total-population","[step]","A-allele-proportion","total-population","[step]","A-allele-proportion","total-population","[step]","A-allele-proportion","total-population","[step]","A-allele-proportion","total-population","[step]","A-allele-proportion","total-population","[step]","A-allele-proportion","total-population","[step]","A-allele-proportion","total-population","[step]","A-allele-proportion","total-population","[step]","A-allele-proportion","total-population","[step]","A-allele-proportion","total-population","[step]","A-allele-proportion","total-population","[step]","A-allele-proportion","total-population","[step]","A-allele-proportion","total-population","[step]","A-allele-proportion","total-population","[step]","A-allele-proportion","total-population","[step]","A-allele-proportion","total-population","[step]","A-allele-proportion","total-population","[step]","A-allele-proportion","total-population","[step]","A-allele-proportion","total-population","[step]","A-allele-proportion","total-population","[step]","A-allele-proportion","total-population"
"[final]","834","0","0","834","0","0","834","0","0","834","0","0","834","0","0","834","0","0","834","0","0","834","0","0","834","0","0","834","0","0","834","0","0","834","0","0","834","0","0","834","0","0","834","0","0","834","0","0","834","0","0","834","0","0","834","0","0","834","0","0","834","0","0","834","0","0","834","0","0","834","0","0","834","0","0","834","0","0","834","0","0","834","0","0","834","0","0","834","0","0","834","0","0","834","0","0","834","0","0","834","0","0","834","0","0","834","0","0","834","0","0","834","0","0","834","0","0","834","0","0","834","0","0","834","0","0","834","0","0","834","0","0","834","0","0","834","0","0","834","0","0","834","0","0","834","0","0","834","0","0","834","0","0","834","0","0","834","0","0","834","0","0","834","0","0","834","0","0","834","0","0","834","0","0","834","0","0","834","0","0"
"[min]","0","0","0","0","0","0","0","0","0","0","0","0","0","0","0","0","0","0","0","0","0","0","0","0","0","0","0","0","0","0","0","0","0","0","0","0","0","0","0","0","0","0","0","0","0","0","0","0","0","0","0","0","0","0","0","0","0","0","0","0","0","0","0","0","0","0","0","0","0","0","0","0","0","0","0","0","0","0","0","0","0","0","0","0","0","0","0","0","0","0","0","0","0","0","0","0","0","0","0","0","0","0","0","0","0","0","0","0","0","0","0","0","0","0","0","0","0","0","0","0","0","0","0","0","0","0","0","0","0","0","0","0","0","0","0","0","0","0","0","0","0","0","0","0","0","0","0","0","0","0","0","0","0","0","0","0","0","0","0","0","0","0","0","0","0","0","0","0","0","0","0","0","0","0","0","0","0","0","0","0"
"[max]","834","0.5753424657534246","101","834","0.6666666666666666","100","834","0.5072463768115942","100","834","1","101","834","0.5","100","834","0.6097560975609756","100","834","0.5229885057471264","102","834","0.8","101","834","0.5","100","834","0.5","101","834","0.75","100","834","0.49489795918367346","100","834","1","100","834","0.5364583333333334","100","834","0.6666666666666666","101","834","0.5454545454545454","101","834","0.5447761194029851","100","834","0.5","101","834","0.5202702702702703","100","834","1","101","834","0.5","100","834","0.520618556701031","100","834","0.75","101","834","0.5483870967741935","103","834","1","102","834","0.615","100","834","0.5408163265306123","100","834","0.75","100","834","0.5238095238095238","105","834","0.8333333333333334","100","834","1","101","834","0.7142857142857143","100","834","0.45918367346938777","100","834","0.75","100","834","0.47","100","834","0.575","100","834","0.5","100","834","0.5","100","834","0.515","100","834","0.5202020202020202","100","834","0.5","101","834","0.41","100","834","0.5114942528735632","102","834","0.5434782608695652","100","834","0.75","100","834","0.5","101","834","0.75","100","834","0.75","100","834","0.56","100","834","0.5","100","834","0.5172413793103449","100","834","1","101","834","0.47","100","834","0.5","100","834","0.53125","100","834","0.52","101","834","0.5050505050505051","100","834","0.5","100","834","0.6039603960396039","101","834","0.5","101"
"[mean]","417","0.1688540651636126","13.994011976047904","417","0.18487409817235326","11.548502994011976","417","0.12519288342790114","13.62754491017964","417","0.16504018489481911","13.093413173652694","417","0.13723236715738268","13.574850299401197","417","0.20103480130141074","13.494610778443114","417","0.16971081230991775","16.24670658682635","417","0.19169187352030323","12.316167664670658","417","0.12701283678555036","13.416766467065868","417","0.1288205507255668","14.64191616766467","417","0.2174661280913126","13.817964071856288","417","0.11231884093955194","14.401197604790418","417","0.250290951914637","15.22994011976048","417","0.19226272492360935","14.861077844311378","417","0.15717501987480595","13.692215568862276","417","0.16269324578916203","14.574850299401197","417","0.12820841566614224","11.979640718562875","417","0.123724418190408","14.135329341317366","417","0.1630726359108342","14.384431137724551","417","0.220038603058553","14.031137724550899","417","0.11216827830855619","14.705389221556887","417","0.17404560548797504","14.155688622754491","417","0.19628249005297527","17.1185628742515","417","0.13119699731536985","13.746107784431137","417","0.20647908462925854","14.132934131736526","417","0.1386787494689823","14.78682634730539","417","0.18129033564268546","12.865868263473054","417","0.1636113763595734","13.589221556886228","417","0.16771751737942142","14.409580838323354","417","0.22615561494360753","13.073053892215569","417","0.2722025347120886","11.908982035928144","417","0.17057614793228248","11.661077844311377","417","0.10758685408726208","12.925748502994011","417","0.1677573787746311","10.384431137724551","417","0.07760007760923222","10.91497005988024","417","0.09423427479553463","9.934131736526947","417","0.11190668549484276","11.717365269461078","417","0.08719024789741402","9.738922155688623","417","0.12516456905044332","11.620359281437127","417","0.11197304897325051","11.736526946107784","417","0.1148955087777446","12.160479041916167","417","0.06363211681546002","11.386826347305389","417","0.08743186625765308","10.498203592814372","417","0.13618430919719993","11.055089820359282","417","0.12032566150979608","9.98443113772455","417","0.14109953274975082","11.177245508982036","417","0.1291653085080251","11.602395209580838","417","0.19718799469468912","11.125748502994012","417","0.11691592373384074","8.908982035928144","417","0.1487507098164038","10.063473053892215","417","0.16651027113865785","9.815568862275448","417","0.14316238937992945","12.110179640718563","417","0.10244940588085794","10.997604790419162","417","0.17432168521364058","11.239520958083832","417","0.1157053759318898","12.003592814371258","417","0.1263448884381355","12.480239520958083","417","0.09607418464069266","10.310179640718562","417","0.13364622302945123","11.510179640718563","417","0.10889904623072559","9.138922155688622","417","0.10403083442277736","10.868263473053892"
"[total steps]","834","834","834","834","834","834","834","834","834","834","834","834","834","834","834","834","834","834","834","834","834","834","834","834","834","834","834","834","834","834","834","834","834","834","834","834","834","834","834","834","834","834","834","834","834","834","834","834","834","834","834","834","834","834","834","834","834","834","834","834","834","834","834","834","834","834","834","834","834","834","834","834","834","834","834","834","834","834","834","834","834","834","834","834","834","834","834","834","834","834","834","834","834","834","834","834","834","834","834","834","834","834","834","834","834","834","834","834","834","834","834","834","834","834","834","834","834","834","834","834","834","834","834","834","834","834","834","834","834","834","834","834","834","834","834","834","834","834","834","834","834","834","834","834","834","834","834","834","834","834","834","834","834","834","834","834","834","834","834","834","834","834","834","834","834","834","834","834","834","834","834","834","834","834","834","834","834","834","834","834"

"[all run data]","[step]","A-allele-proportion","total-population","[step]","A-allele-proportion","total-population","[step]","A-allele-proportion","total-population","[step]","A-allele-proportion","total-population","[step]","A-allele-proportion","total-population","[step]","A-allele-proportion","total-population","[step]","A-allele-proportion","total-population","[step]","A-allele-proportion","total-population","[step]","A-allele-proportion","total-population","[step]","A-allele-proportion","total-population","[step]","A-allele-proportion","total-population","[step]","A-allele-proportion","total-population","[step]","A-allele-proportion","total-population","[step]","A-allele-proportion","total-population","[step]","A-allele-proportion","total-population","[step]","A-allele-proportion","total-population","[step]","A-allele-proportion","total-population","[step]","A-allele-proportion","total-population","[step]","A-allele-proportion","total-population","[step]","A-allele-proportion","total-population","[step]","A-allele-proportion","total-population","[step]","A-allele-proportion","total-population","[step]","A-allele-proportion","total-population","[step]","A-allele-proportion","total-population","[step]","A-allele-proportion","total-population","[step]","A-allele-proportion","total-population","[step]","A-allele-proportion","total-population","[step]","A-allele-proportion","total-population","[step]","A-allele-proportion","total-population","[step]","A-allele-proportion","total-population","[step]","A-allele-proportion","total-population","[step]","A-allele-proportion","total-population","[step]","A-allele-proportion","total-population","[step]","A-allele-proportion","total-population","[step]","A-allele-proportion","total-population","[step]","A-allele-proportion","total-population","[step]","A-allele-proportion","total-population","[step]","A-allele-proportion","total-population","[step]","A-allele-proportion","total-population","[step]","A-allele-proportion","total-population","[step]","A-allele-proportion","total-population","[step]","A-allele-proportion","total-population","[step]","A-allele-proportion","total-population","[step]","A-allele-proportion","total-population","[step]","A-allele-proportion","total-population","[step]","A-allele-proportion","total-population","[step]","A-allele-proportion","total-population","[step]","A-allele-proportion","total-population","[step]","A-allele-proportion","total-population","[step]","A-allele-proportion","total-population","[step]","A-allele-proportion","total-population","[step]","A-allele-proportion","total-population","[step]","A-allele-proportion","total-population","[step]","A-allele-proportion","total-population","[step]","A-allele-proportion","total-population","[step]","A-allele-proportion","total-population","[step]","A-allele-proportion","total-population","[step]","A-allele-proportion","total-population","[step]","A-allele-proportion","total-population","[step]","A-allele-proportion","total-population"
,"0","0.535","100","0","0.515","100","0","0.465","100","0","0.525","100","0","0.44","100","0","0.565","100","0","0.505","100","0","0.53","100","0","0.495","100","0","0.47","100","0","0.565","100","0","0.485","100","0","0.53","100","0","0.52","100","0","0.42","100","0","0.445","100","0","0.51","100","0","0.49","100","0","0.515","100","0","0.5","100","0","0.46","100","0","0.52","100","0","0.515","100","0","0.545","100","0","0.52","100","0","0.615","100","0","0.535","100","0","0.52","100","0","0.52","100","0","0.545","100","0","0.515","100","0","0.52","100","0","0.455","100","0","0.485","100","0","0.47","100","0","0.575","100","0","0.48","100","0","0.49","100","0","0.515","100","0","0.52","100","0","0.48","100","0","0.41","100","0","0.505","100","0","0.535","100","0","0.485","100","0","0.47","100","0","0.42","100","0","0.54","100","0","0.56","100","0","0.475","100","0","0.495","100","0","0.505","100","0","0.47","100","0","0.485","100","0","0.53","100","0","0.52","100","0","0.495","100","0","0.475","100","0","0.6","100","0","0.425","100"
,"1","0.5346534653465347","101","1","0.5050505050505051","99","1","0.46464646464646464","99","1","0.5099009900990099","101","1","0.4393939393939394","99","1","0.5714285714285714","98","1","0.505","100","1","0.53","100","1","0.495","100","1","0.47","100","1","0.56","100","1","0.485","100","1","0.5252525252525253","99","1","0.5204081632653061","98","1","0.41089108910891087","101","1","0.445","100","1","0.5050505050505051","99","1","0.4900990099009901","101","1","0.5151515151515151","99","1","0.5","101","1","0.46464646464646464","99","1","0.5153061224489796","98","1","0.515","100","1","0.545","100","1","0.5198019801980198","101","1","0.6071428571428571","98","1","0.5353535353535354","99","1","0.52","100","1","0.5196078431372549","102","1","0.5404040404040404","99","1","0.5148514851485149","101","1","0.52","100","1","0.45918367346938777","98","1","0.47959183673469385","98","1","0.45918367346938777","98","1","0.5729166666666666","96","1","0.4744897959183674","98","1","0.49","100","1","0.515","100","1","0.5202020202020202","99","1","0.48","100","1","0.40816326530612246","98","1","0.5049019607843137","102","1","0.535","100","1","0.47474747474747475","99","1","0.47","100","1","0.42","100","1","0.546875","96","1","0.5555555555555556","99","1","0.475","100","1","0.49","100","1","0.5","101","1","0.4696969696969697","99","1","0.48","100","1","0.525","100","1","0.5148514851485149","101","1","0.5050505050505051","99","1","0.46","100","1","0.6039603960396039","101","1","0.42","100"
,"2","0.535","100","2","0.5050505050505051","99","2","0.46","100","2","0.5099009900990099","101","2","0.4387755102040816","98","2","0.5707070707070707","99","2","0.5","102","2","0.5297029702970297","101","2","0.485","100","2","0.47029702970297027","101","2","0.555","100","2","0.485","100","2","0.5303030303030303","99","2","0.520618556701031","97","2","0.40594059405940597","101","2","0.4504950495049505","101","2","0.5051020408163265","98","2","0.4900990099009901","101","2","0.5153061224489796","98","2","0.5","98","2","0.4642857142857143","98","2","0.520618556701031","97","2","0.505","100","2","0.5454545454545454","99","2","0.5245098039215687","102","2","0.6030927835051546","97","2","0.5357142857142857","98","2","0.5153061224489796","98","2","0.5238095238095238","105","2","0.5364583333333334","96","2","0.515","100","2","0.5103092783505154","97","2","0.4587628865979381","97","2","0.4791666666666667","96","2","0.4639175257731959","97","2","0.5729166666666666","96","2","0.46464646464646464","99","2","0.4897959183673469","98","2","0.5051020408163265","98","2","0.5103092783505154","97","2","0.4752475247524752","101","2","0.39690721649484534","97","2","0.51010101010101","99","2","0.5412371134020618","97","2","0.4690721649484536","97","2","0.47474747474747475","99","2","0.41","100","2","0.5421052631578948","95","2","0.555","100","2","0.47","100","2","0.494949494949495","99","2","0.4898989898989899","99","2","0.47","100","2","0.475","100","2","0.5306122448979592","98","2","0.515","100","2","0.49473684210526314","95","2","0.455","100","2","0.601010101010101","99","2","0.4207920792079208","101"
,"3","0.5303030303030303","99","3","0.5051020408163265","98","3","0.4642857142857143","98","3","0.51","100","3","0.4329896907216495","97","3","0.5707070707070707","99","3","0.5099009900990099","101","3","0.53","100","3","0.4797979797979798","99","3","0.47029702970297027","101","3","0.5515463917525774","97","3","0.4797979797979798","99","3","0.5309278350515464","97","3","0.5255102040816326","98","3","0.41","100","3","0.445","100","3","0.5","96","3","0.4948453608247423","97","3","0.5104166666666666","96","3","0.5","96","3","0.46938775510204084","98","3","0.520618556701031","97","3","0.505","100","3","0.545","100","3","0.52","100","3","0.5969387755102041","98","3","0.5303030303030303","99","3","0.515625","96","3","0.5194174757281553","103","3","0.5364583333333334","96","3","0.515","100","3","0.5105263157894737","95","3","0.453125","96","3","0.478494623655914","93","3","0.453125","96","3","0.5729166666666666","96","3","0.4744897959183674","98","3","0.4845360824742268","97","3","0.5051546391752577","97","3","0.5104166666666666","96","3","0.47959183673469385","98","3","0.39893617021276595","94","3","0.5051020408163265","98","3","0.5412371134020618","97","3","0.46842105263157896","95","3","0.47474747474747475","99","3","0.41836734693877553","98","3","0.5425531914893617","94","3","0.5561224489795918","98","3","0.4690721649484536","97","3","0.4898989898989899","99","3","0.49","100","3","0.4639175257731959","97","3","0.46842105263157896","95","3","0.5309278350515464","97","3","0.5102040816326531","98","3","0.48936170212765956","94","3","0.45454545454545453","99","3","0.5927835051546392","97","3","0.4030612244897959","98"
,"4","0.5303030303030303","99","4","0.5051020408163265","98","4","0.46464646464646464","99","4","0.51","100","4","0.4375","96","4","0.5520833333333334","96","4","0.505","100","4","0.5309278350515464","97","4","0.4845360824742268","97","4","0.47029702970297027","101","4","0.5520833333333334","96","4","0.4846938775510204","98","4","0.5268817204301075","93","4","0.5309278350515464","97","4","0.41414141414141414","99","4","0.44554455445544555","101","4","0.5053191489361702","94","4","0.4947916666666667","96","4","0.515625","96","4","0.5","90","4","0.4639175257731959","97","4","0.5103092783505154","97","4","0.5","101","4","0.5445544554455446","101","4","0.5148514851485149","101","4","0.6082474226804123","97","4","0.5353535353535354","99","4","0.5105263157894737","95","4","0.5192307692307693","104","4","0.5364583333333334","96","4","0.515","100","4","0.5052083333333334","96","4","0.44565217391304346","92","4","0.47282608695652173","92","4","0.45789473684210524","95","4","0.5645161290322581","93","4","0.4742268041237113","97","4","0.4791666666666667","96","4","0.5","98","4","0.510752688172043","93","4","0.4791666666666667","96","4","0.39893617021276595","94","4","0.5051546391752577","97","4","0.5421052631578948","95","4","0.46842105263157896","95","4","0.4801980198019802","101","4","0.41836734693877553","98","4","0.5421052631578948","95","4","0.5567010309278351","97","4","0.45918367346938777","98","4","0.4897959183673469","98","4","0.4897959183673469","98","4","0.4627659574468085","94","4","0.4673913043478261","92","4","0.53125","96","4","0.5103092783505154","97","4","0.489247311827957","93","4","0.46464646464646464","99","4","0.5885416666666666","96","4","0.4020618556701031","97"
,"5","0.5357142857142857","98","5","0.5051020408163265","98","5","0.46938775510204084","98","5","0.5148514851485149","101","5","0.4375","96","5","0.5585106382978723","94","5","0.505","100","5","0.531578947368421","95","5","0.4845360824742268","97","5","0.465","100","5","0.5578947368421052","95","5","0.4897959183673469","98","5","0.5268817204301075","93","5","0.5364583333333334","96","5","0.41","100","5","0.445","100","5","0.5053763440860215","93","5","0.4838709677419355","93","5","0.5157894736842106","95","5","0.5","90","5","0.4642857142857143","98","5","0.5106382978723404","94","5","0.5050505050505051","99","5","0.5445544554455446","101","5","0.5148514851485149","101","5","0.6052631578947368","95","5","0.5408163265306123","98","5","0.5105263157894737","95","5","0.5048543689320388","103","5","0.532608695652174","92","5","0.5102040816326531","98","5","0.5161290322580645","93","5","0.42934782608695654","92","5","0.46703296703296704","91","5","0.4574468085106383","94","5","0.5645161290322581","93","5","0.4739583333333333","96","5","0.4627659574468085","94","5","0.5051020408163265","98","5","0.5164835164835165","91","5","0.47368421052631576","95","5","0.39893617021276595","94","5","0.5106382978723404","94","5","0.5425531914893617","94","5","0.46808510638297873","94","5","0.475","100","5","0.41836734693877553","98","5","0.5434782608695652","92","5","0.5572916666666666","96","5","0.44623655913978494","93","5","0.4789473684210526","95","5","0.4845360824742268","97","5","0.4631578947368421","95","5","0.46703296703296704","91","5","0.5257731958762887","97","5","0.5052083333333334","96","5","0.48333333333333334","90","5","0.45918367346938777","98","5","0.5904255319148937","94","5","0.3958333333333333","96"
,"6","0.5364583333333334","96","6","0.5052083333333334","96","6","0.4639175257731959","97","6","0.51010101010101","99","6","0.4381443298969072","97","6","0.5597826086956522","92","6","0.5052083333333334","96","6","0.531578947368421","95","6","0.484375","96","6","0.4587628865979381","97","6","0.553763440860215","93","6","0.4897959183673469","98","6","0.5268817204301075","93","6","0.531578947368421","95","6","0.41414141414141414","99","6","0.44554455445544555","101","6","0.5","92","6","0.48936170212765956","94","6","0.5159574468085106","94","6","0.5","90","6","0.4631578947368421","95","6","0.5106382978723404","94","6","0.5050505050505051","99","6","0.5388349514563107","103","6","0.5151515151515151","99","6","0.6052631578947368","95","6","0.5357142857142857","98","6","0.5052083333333334","96","6","0.5048543689320388","103","6","0.532608695652174","92","6","0.5052631578947369","95","6","0.5217391304347826","92","6","0.43333333333333335","90","6","0.4606741573033708","89","6","0.45698924731182794","93","6","0.554945054945055","91","6","0.46808510638297873","94","6","0.45698924731182794","93","6","0.5","96","6","0.5166666666666667","90","6","0.4734042553191489","94","6","0.3978494623655914","93","6","0.5108695652173914","92","6","0.5434782608695652","92","6","0.4602272727272727","88","6","0.4744897959183674","98","6","0.4175257731958763","97","6","0.5439560439560439","91","6","0.5531914893617021","94","6","0.44565217391304346","92","6","0.4789473684210526","95","6","0.484375","96","6","0.4574468085106383","94","6","0.4666666666666667","90","6","0.5210526315789473","95","6","0.5052631578947369","95","6","0.48295454545454547","88","6","0.45918367346938777","98","6","0.5860215053763441","93","6","0.39361702127659576","94"
,"7","0.5364583333333334","96","7","0.510752688172043","93","7","0.4639175257731959","97","7","0.51010101010101","99","7","0.43157894736842106","95","7","0.5591397849462365","93","7","0.5052083333333334","96","7","0.531578947368421","95","7","0.48404255319148937","94","7","0.4583333333333333","96","7","0.543010752688172","93","7","0.4897959183673469","98","7","0.5268817204301075","93","7","0.531578947368421","95","7","0.41919191919191917","99","7","0.4329896907216495","97","7","0.5","91","7","0.47802197802197804","91","7","0.5","90","7","0.5","90","7","0.4631578947368421","95","7","0.510752688172043","93","7","0.5050505050505051","99","7","0.5441176470588235","102","7","0.5153061224489796","98","7","0.6052631578947368","95","7","0.5212765957446809","94","7","0.5052083333333334","96","7","0.5048543689320388","103","7","0.5274725274725275","91","7","0.5053191489361702","94","7","0.5277777777777778","90","7","0.43258426966292135","89","7","0.4606741573033708","89","7","0.4574468085106383","94","7","0.550561797752809","89","7","0.4631578947368421","95","7","0.45604395604395603","91","7","0.5","97","7","0.5112359550561798","89","7","0.4739583333333333","96","7","0.3978494623655914","93","7","0.5108695652173914","92","7","0.5434782608695652","92","7","0.45930232558139533","86","7","0.4742268041237113","97","7","0.4095744680851064","94","7","0.5489130434782609","92","7","0.553763440860215","93","7","0.43956043956043955","91","7","0.4787234042553192","94","7","0.483695652173913","92","7","0.45161290322580644","93","7","0.4659090909090909","88","7","0.5105263157894737","95","7","0.5052631578947369","95","7","0.48295454545454547","88","7","0.46464646464646464","99","7","0.5851063829787234","94","7","0.39361702127659576","94"
,"8","0.5372340425531915","94","8","0.510752688172043","93","8","0.4631578947368421","95","8","0.51010101010101","99","8","0.43548387096774194","93","8","0.5698924731182796","93","8","0.5053763440860215","93","8","0.5319148936170213","94","8","0.48404255319148937","94","8","0.4583333333333333","96","8","0.5372340425531915","94","8","0.49489795918367346","98","8","0.5268817204301075","93","8","0.532258064516129","93","8","0.42424242424242425","99","8","0.4292929292929293","99","8","0.5055555555555555","90","8","0.4782608695652174","92","8","0.5","90","8","0.4945054945054945","91","8","0.45263157894736844","95","8","0.510752688172043","93","8","0.4947916666666667","96","8","0.54","100","8","0.5153061224489796","98","8","0.601063829787234","94","8","0.521505376344086","93","8","0.5","94","8","0.515","100","8","0.5274725274725275","91","8","0.5053191489361702","94","8","0.5277777777777778","90","8","0.43103448275862066","87","8","0.4606741573033708","89","8","0.44505494505494503","91","8","0.5517241379310345","87","8","0.46236559139784944","93","8","0.45604395604395603","91","8","0.4947916666666667","96","8","0.5114942528735632","87","8","0.4789473684210526","95","8","0.3978494623655914","93","8","0.5111111111111111","90","8","0.5340909090909091","88","8","0.4523809523809524","84","8","0.4789473684210526","95","8","0.4032258064516129","93","8","0.5388888888888889","90","8","0.554945054945055","91","8","0.43333333333333335","90","8","0.4782608695652174","92","8","0.4835164835164835","91","8","0.4438202247191011","89","8","0.4659090909090909","88","8","0.5106382978723404","94","8","0.5104166666666666","96","8","0.48333333333333334","90","8","0.46875","96","8","0.5860215053763441","93","8","0.3858695652173913","92"
,"9","0.5372340425531915","94","9","0.510989010989011","91","9","0.46842105263157896","95","9","0.5153061224489796","98","9","0.4308510638297872","94","9","0.5652173913043478","92","9","0.5105263157894737","95","9","0.5319148936170213","94","9","0.4789473684210526","95","9","0.4521276595744681","94","9","0.5372340425531915","94","9","0.49489795918367346","98","9","0.5268817204301075","93","9","0.532258064516129","93","9","0.42346938775510207","98","9","0.4336734693877551","98","9","0.5054945054945055","91","9","0.4725274725274725","91","9","0.5056179775280899","89","9","0.4945054945054945","91","9","0.45263157894736844","95","9","0.5054347826086957","92","9","0.4896907216494845","97","9","0.5353535353535354","99","9","0.5103092783505154","97","9","0.601063829787234","94","9","0.5217391304347826","92","9","0.5053763440860215","93","9","0.515","100","9","0.5274725274725275","91","9","0.5105263157894737","95","9","0.5271739130434783","92","9","0.43103448275862066","87","9","0.46703296703296704","91","9","0.4444444444444444","90","9","0.5402298850574713","87","9","0.46774193548387094","93","9","0.45555555555555555","90","9","0.4948453608247423","97","9","0.5114942528735632","87","9","0.478494623655914","93","9","0.4","95","9","0.5112359550561798","89","9","0.5344827586206896","87","9","0.45180722891566266","83","9","0.4731182795698925","93","9","0.3956043956043956","91","9","0.5340909090909091","88","9","0.5454545454545454","88","9","0.43333333333333335","90","9","0.4782608695652174","92","9","0.4782608695652174","92","9","0.4482758620689655","87","9","0.4659090909090909","88","9","0.5106382978723404","94","9","0.5051546391752577","97","9","0.47752808988764045","89","9","0.4574468085106383","94","9","0.5833333333333334","90","9","0.3806818181818182","88"
,"10","0.5372340425531915","94","10","0.510989010989011","91","10","0.46842105263157896","95","10","0.5051020408163265","98","10","0.43548387096774194","93","10","0.5659340659340659","91","10","0.5052631578947369","95","10","0.5319148936170213","94","10","0.4787234042553192","94","10","0.45604395604395603","91","10","0.5376344086021505","93","10","0.49489795918367346","98","10","0.526595744680851","94","10","0.526595744680851","94","10","0.425","100","10","0.4375","96","10","0.5170454545454546","88","10","0.478494623655914","93","10","0.5056179775280899","89","10","0.4945054945054945","91","10","0.453125","96","10","0.5054347826086957","92","10","0.49473684210526314","95","10","0.54","100","10","0.5103092783505154","97","10","0.601063829787234","94","10","0.5217391304347826","92","10","0.5053763440860215","93","10","0.51010101010101","99","10","0.5277777777777778","90","10","0.5053191489361702","94","10","0.5333333333333333","90","10","0.43023255813953487","86","10","0.45555555555555555","90","10","0.4444444444444444","90","10","0.5454545454545454","88","10","0.46153846153846156","91","10","0.45555555555555555","90","10","0.4946808510638298","94","10","0.5116279069767442","86","10","0.4734042553191489","94","10","0.39893617021276595","94","10","0.5114942528735632","87","10","0.5344827586206896","87","10","0.44375","80","10","0.46153846153846156","91","10","0.39204545454545453","88","10","0.5340909090909091","88","10","0.5465116279069767","86","10","0.43820224719101125","89","10","0.4725274725274725","91","10","0.47282608695652173","92","10","0.4476744186046512","86","10","0.46551724137931033","87","10","0.5108695652173914","92","10","0.5053763440860215","93","10","0.47126436781609193","87","10","0.45604395604395603","91","10","0.5879120879120879","91","10","0.3806818181818182","88"
,"11","0.5376344086021505","93","11","0.5112359550561798","89","11","0.4734042553191489","94","11","0.51010101010101","99","11","0.43548387096774194","93","11","0.5722222222222222","90","11","0.5106382978723404","94","11","0.5319148936170213","94","11","0.48404255319148937","94","11","0.46629213483146065","89","11","0.5319148936170213","94","11","0.4896907216494845","97","11","0.5271739130434783","92","11","0.526595744680851","94","11","0.41836734693877553","98","11","0.4479166666666667","96","11","0.5114942528735632","87","11","0.4782608695652174","92","11","0.5056179775280899","89","11","0.5","88","11","0.4521276595744681","94","11","0.49444444444444446","90","11","0.4891304347826087","92","11","0.54","100","11","0.5104166666666666","96","11","0.5967741935483871","93","11","0.521505376344086","93","11","0.5","93","11","0.5102040816326531","98","11","0.5227272727272727","88","11","0.5053191489361702","94","11","0.5393258426966292","89","11","0.43023255813953487","86","11","0.45555555555555555","90","11","0.4367816091954023","87","11","0.5411764705882353","85","11","0.46153846153846156","91","11","0.45555555555555555","90","11","0.489247311827957","93","11","0.5113636363636364","88","11","0.47368421052631576","95","11","0.39893617021276595","94","11","0.5","85","11","0.5352941176470588","85","11","0.43670886075949367","79","11","0.46153846153846156","91","11","0.3953488372093023","86","11","0.5294117647058824","85","11","0.5476190476190477","84","11","0.4425287356321839","87","11","0.46629213483146065","89","11","0.4722222222222222","90","11","0.45294117647058824","85","11","0.46511627906976744","86","11","0.5054945054945055","91","11","0.5053763440860215","93","11","0.4659090909090909","88","11","0.45555555555555555","90","11","0.5869565217391305","92","11","0.3793103448275862","87"
,"12","0.5380434782608695","92","12","0.5113636363636364","88","12","0.47282608695652173","92","12","0.5","96","12","0.43333333333333335","90","12","0.5722222222222222","90","12","0.5105263157894737","95","12","0.532258064516129","93","12","0.4782608695652174","92","12","0.4602272727272727","88","12","0.5319148936170213","94","12","0.4734042553191489","94","12","0.5271739130434783","92","12","0.5268817204301075","93","12","0.4263157894736842","95","12","0.44680851063829785","94","12","0.5058823529411764","85","12","0.4782608695652174","92","12","0.5056179775280899","89","12","0.5","88","12","0.4635416666666667","96","12","0.49444444444444446","90","12","0.48333333333333334","90","12","0.54","100","12","0.5106382978723404","94","12","0.592391304347826","92","12","0.5164835164835165","91","12","0.5053763440860215","93","12","0.5052083333333334","96","12","0.5172413793103449","87","12","0.5053763440860215","93","12","0.5402298850574713","87","12","0.43529411764705883","85","12","0.4550561797752809","89","12","0.4367816091954023","87","12","0.5411764705882353","85","12","0.45555555555555555","90","12","0.45555555555555555","90","12","0.489247311827957","93","12","0.5057471264367817","87","12","0.4734042553191489","94","12","0.3924731182795699","93","12","0.4879518072289157","83","12","0.5297619047619048","84","12","0.43037974683544306","79","12","0.46153846153846156","91","12","0.38823529411764707","85","12","0.5294117647058824","85","12","0.55","80","12","0.43529411764705883","85","12","0.46111111111111114","90","12","0.4722222222222222","90","12","0.4470588235294118","85","12","0.46511627906976744","86","12","0.5111111111111111","90","12","0.4946236559139785","93","12","0.4642857142857143","84","12","0.45555555555555555","90","12","0.5777777777777777","90","12","0.3793103448275862","87"
,"13","0.5333333333333333","90","13","0.5174418604651163","86","13","0.47282608695652173","92","13","0.5052631578947369","95","13","0.43956043956043955","91","13","0.5722222222222222","90","13","0.5105263157894737","95","13","0.532258064516129","93","13","0.4782608695652174","92","13","0.4606741573033708","89","13","0.532258064516129","93","13","0.4734042553191489","94","13","0.5271739130434783","92","13","0.5222222222222223","90","13","0.42021276595744683","94","13","0.45161290322580644","93","13","0.5058823529411764","85","13","0.48404255319148937","94","13","0.5","90","13","0.5056179775280899","89","13","0.4635416666666667","96","13","0.4943181818181818","88","13","0.4835164835164835","91","13","0.54","100","13","0.5105263157894737","95","13","0.592391304347826","92","13","0.5163043478260869","92","13","0.5054347826086957","92","13","0.5052083333333334","96","13","0.5113636363636364","88","13","0.5054347826086957","92","13","0.5402298850574713","87","13","0.43529411764705883","85","13","0.45454545454545453","88","13","0.4367816091954023","87","13","0.5357142857142857","84","13","0.449438202247191","89","13","0.45108695652173914","92","13","0.489247311827957","93","13","0.49411764705882355","85","13","0.46808510638297873","94","13","0.37790697674418605","86","13","0.46875","80","13","0.5297619047619048","84","13","0.43037974683544306","79","13","0.46111111111111114","90","13","0.38823529411764707","85","13","0.5294117647058824","85","13","0.5569620253164557","79","13","0.43529411764705883","85","13","0.46551724137931033","87","13","0.46629213483146065","89","13","0.4523809523809524","84","13","0.4583333333333333","84","13","0.5057471264367817","87","13","0.5","92","13","0.4647058823529412","85","13","0.449438202247191","89","13","0.5804597701149425","87","13","0.37790697674418605","86"
,"14","0.5393258426966292","89","14","0.5060240963855421","83","14","0.47282608695652173","92","14","0.5052631578947369","95","14","0.43820224719101125","89","14","0.5722222222222222","90","14","0.5105263157894737","95","14","0.532258064516129","93","14","0.47802197802197804","91","14","0.46551724137931033","87","14","0.5271739130434783","92","14","0.4731182795698925","93","14","0.5271739130434783","92","14","0.5224719101123596","89","14","0.42021276595744683","94","14","0.44565217391304346","92","14","0.5117647058823529","85","14","0.4895833333333333","96","14","0.4943820224719101","89","14","0.5056179775280899","89","14","0.4635416666666667","96","14","0.4943181818181818","88","14","0.4891304347826087","92","14","0.5357142857142857","98","14","0.5053763440860215","93","14","0.5879120879120879","91","14","0.5166666666666667","90","14","0.5","92","14","0.49473684210526314","95","14","0.5116279069767442","86","14","0.5111111111111111","90","14","0.5348837209302325","86","14","0.43902439024390244","82","14","0.4540229885057471","87","14","0.4367816091954023","87","14","0.5304878048780488","82","14","0.44886363636363635","88","14","0.449438202247191","89","14","0.4946808510638298","94","14","0.49411764705882355","85","14","0.45604395604395603","91","14","0.3693181818181818","88","14","0.4620253164556962","79","14","0.5304878048780488","82","14","0.42948717948717946","78","14","0.4550561797752809","89","14","0.3869047619047619","84","14","0.5246913580246914","81","14","0.5526315789473685","76","14","0.43529411764705883","85","14","0.46629213483146065","89","14","0.4659090909090909","88","14","0.4418604651162791","86","14","0.45180722891566266","83","14","0.5057471264367817","87","14","0.5","92","14","0.4642857142857143","84","14","0.44886363636363635","88","14","0.5872093023255814","86","14","0.3764705882352941","85"
,"15","0.5397727272727273","88","15","0.5","82","15","0.47282608695652173","92","15","0.5052631578947369","95","15","0.43820224719101125","89","15","0.5674157303370787","89","15","0.5105263157894737","95","15","0.5388888888888889","90","15","0.47191011235955055","89","15","0.46551724137931033","87","15","0.5166666666666667","90","15","0.4731182795698925","93","15","0.532967032967033","91","15","0.5224719101123596","89","15","0.42021276595744683","94","15","0.45604395604395603","91","15","0.5172413793103449","87","15","0.4895833333333333","96","15","0.4943820224719101","89","15","0.5056818181818182","88","15","0.4690721649484536","97","15","0.4943181818181818","88","15","0.4888888888888889","90","15","0.546875","96","15","0.5053763440860215","93","15","0.5869565217391305","92","15","0.5112359550561798","89","15","0.49444444444444446","90","15","0.49473684210526314","95","15","0.5176470588235295","85","15","0.5108695652173914","92","15","0.5402298850574713","87","15","0.4382716049382716","81","15","0.45977011494252873","87","15","0.4397590361445783","83","15","0.5246913580246914","81","15","0.4476744186046512","86","15","0.45054945054945056","91","15","0.48863636363636365","88","15","0.5","86","15","0.46111111111111114","90","15","0.36904761904761907","84","15","0.4620253164556962","79","15","0.53125","80","15","0.42857142857142855","77","15","0.4540229885057471","87","15","0.38235294117647056","85","15","0.5240963855421686","83","15","0.5584415584415584","77","15","0.4329268292682927","82","15","0.47023809523809523","84","15","0.47191011235955055","89","15","0.4470588235294118","85","15","0.45121951219512196","82","15","0.5","88","15","0.4946808510638298","94","15","0.4642857142857143","84","15","0.4482758620689655","87","15","0.5882352941176471","85","15","0.3719512195121951","82"
,"16","0.5397727272727273","88","16","0.5","82","16","0.47802197802197804","91","16","0.5053763440860215","93","16","0.4431818181818182","88","16","0.5617977528089888","89","16","0.5106382978723404","94","16","0.5454545454545454","88","16","0.4777777777777778","90","16","0.46551724137931033","87","16","0.5166666666666667","90","16","0.48404255319148937","94","16","0.5274725274725275","91","16","0.5224719101123596","89","16","0.42021276595744683","94","16","0.46153846153846156","91","16","0.5172413793103449","87","16","0.4896907216494845","97","16","0.489010989010989","91","16","0.5056818181818182","88","16","0.4690721649484536","97","16","0.4943181818181818","88","16","0.4888888888888889","90","16","0.5416666666666666","96","16","0.5053191489361702","94","16","0.5879120879120879","91","16","0.5113636363636364","88","16","0.48863636363636365","88","16","0.5","94","16","0.5232558139534884","86","16","0.510989010989011","91","16","0.5294117647058824","85","16","0.4375","80","16","0.45977011494252873","87","16","0.43209876543209874","81","16","0.525","80","16","0.4329268292682927","82","16","0.4438202247191011","89","16","0.4887640449438202","89","16","0.49404761904761907","84","16","0.4606741573033708","89","16","0.36904761904761907","84","16","0.46153846153846156","78","16","0.53125","80","16","0.42857142857142855","77","16","0.4540229885057471","87","16","0.3765432098765432","81","16","0.5443037974683544","79","16","0.5592105263157895","76","16","0.4329268292682927","82","16","0.46987951807228917","83","16","0.46111111111111114","90","16","0.45180722891566266","83","16","0.45121951219512196","82","16","0.5","86","16","0.4946236559139785","93","16","0.463855421686747","83","16","0.4470588235294118","85","16","0.5882352941176471","85","16","0.35802469135802467","81"
,"17","0.5459770114942529","87","17","0.5","82","17","0.47802197802197804","91","17","0.5053191489361702","94","17","0.4425287356321839","87","17","0.5625","88","17","0.510752688172043","93","17","0.5459770114942529","87","17","0.47191011235955055","89","17","0.4602272727272727","88","17","0.5166666666666667","90","17","0.48404255319148937","94","17","0.5217391304347826","92","17","0.5277777777777778","90","17","0.42473118279569894","93","17","0.46111111111111114","90","17","0.5174418604651163","86","17","0.484375","96","17","0.49444444444444446","90","17","0.5056818181818182","88","17","0.46875","96","17","0.4887640449438202","89","17","0.48314606741573035","89","17","0.5473684210526316","95","17","0.5","93","17","0.5879120879120879","91","17","0.5113636363636364","88","17","0.4943820224719101","89","17","0.5","94","17","0.5232558139534884","86","17","0.5224719101123596","89","17","0.5297619047619048","84","17","0.43670886075949367","79","17","0.45977011494252873","87","17","0.42592592592592593","81","17","0.5308641975308642","81","17","0.4375","80","17","0.4438202247191011","89","17","0.48255813953488375","86","17","0.49404761904761907","84","17","0.45977011494252873","87","17","0.3630952380952381","84","17","0.45454545454545453","77","17","0.53125","80","17","0.42857142857142855","77","17","0.45294117647058824","85","17","0.375","80","17","0.5443037974683544","79","17","0.5592105263157895","76","17","0.4166666666666667","78","17","0.4819277108433735","83","17","0.46551724137931033","87","17","0.45180722891566266","83","17","0.4444444444444444","81","17","0.5","86","17","0.5","93","17","0.46987951807228917","83","17","0.4470588235294118","85","17","0.5843373493975904","83","17","0.35802469135802467","81"
,"18","0.5454545454545454","88","18","0.5","82","18","0.4777777777777778","90","18","0.5053191489361702","94","18","0.4425287356321839","87","18","0.5625","88","18","0.5163043478260869","92","18","0.5406976744186046","86","18","0.47191011235955055","89","18","0.4606741573033708","89","18","0.5168539325842697","89","18","0.4789473684210526","95","18","0.5384615384615384","91","18","0.5280898876404494","89","18","0.42473118279569894","93","18","0.46111111111111114","90","18","0.5174418604651163","86","18","0.4947916666666667","96","18","0.4943181818181818","88","18","0.5112359550561798","89","18","0.4583333333333333","96","18","0.4887640449438202","89","18","0.48314606741573035","89","18","0.5483870967741935","93","18","0.5054347826086957","92","18","0.5879120879120879","91","18","0.5170454545454546","88","18","0.5","90","18","0.4946236559139785","93","18","0.5294117647058824","85","18","0.5174418604651163","86","18","0.5297619047619048","84","18","0.43125","80","18","0.45180722891566266","83","18","0.41875","80","18","0.5256410256410257","78","18","0.43670886075949367","79","18","0.4438202247191011","89","18","0.4885057471264368","87","18","0.4939759036144578","83","18","0.45977011494252873","87","18","0.3630952380952381","84","18","0.45394736842105265","76","18","0.5316455696202531","79","18","0.42857142857142855","77","18","0.45294117647058824","85","18","0.375","80","18","0.5448717948717948","78","18","0.5533333333333333","75","18","0.40789473684210525","76","18","0.4878048780487805","82","18","0.4588235294117647","85","18","0.4451219512195122","82","18","0.44375","80","18","0.5","86","18","0.489010989010989","91","18","0.4691358024691358","81","18","0.4457831325301205","83","18","0.5792682926829268","82","18","0.3597560975609756","82"
,"19","0.5465116279069767","86","19","0.49375","80","19","0.47191011235955055","89","19","0.5053191489361702","94","19","0.4425287356321839","87","19","0.5561797752808989","89","19","0.510989010989011","91","19","0.5406976744186046","86","19","0.4722222222222222","90","19","0.4606741573033708","89","19","0.5170454545454546","88","19","0.48404255319148937","94","19","0.5434782608695652","92","19","0.5274725274725275","91","19","0.41935483870967744","93","19","0.4550561797752809","89","19","0.5178571428571429","84","19","0.5","96","19","0.5","87","19","0.5056818181818182","88","19","0.4631578947368421","95","19","0.4887640449438202","89","19","0.48314606741573035","89","19","0.5388888888888889","90","19","0.5053763440860215","93","19","0.5879120879120879","91","19","0.5170454545454546","88","19","0.5","90","19","0.4946808510638298","94","19","0.5294117647058824","85","19","0.5172413793103449","87","19","0.5240963855421686","83","19","0.43125","80","19","0.44936708860759494","79","19","0.4166666666666667","78","19","0.525974025974026","77","19","0.43670886075949367","79","19","0.4431818181818182","88","19","0.4764705882352941","85","19","0.5","83","19","0.4588235294117647","85","19","0.35714285714285715","84","19","0.4589041095890411","73","19","0.525974025974026","77","19","0.42567567567567566","74","19","0.45294117647058824","85","19","0.37341772151898733","79","19","0.5506329113924051","79","19","0.5533333333333333","75","19","0.40789473684210525","76","19","0.48148148148148145","81","19","0.4588235294117647","85","19","0.4451219512195122","82","19","0.44375","80","19","0.5","85","19","0.489010989010989","91","19","0.4691358024691358","81","19","0.4457831325301205","83","19","0.5792682926829268","82","19","0.35802469135802467","81"
,"20","0.5421686746987951","83","20","0.49375","80","20","0.47191011235955055","89","20","0.5052631578947369","95","20","0.4418604651162791","86","20","0.5574712643678161","87","20","0.5054945054945055","91","20","0.5352941176470588","85","20","0.4722222222222222","90","20","0.4606741573033708","89","20","0.5176470588235295","85","20","0.478494623655914","93","20","0.5434782608695652","92","20","0.5222222222222223","90","20","0.42391304347826086","92","20","0.45555555555555555","90","20","0.5178571428571429","84","20","0.5","96","20","0.5","85","20","0.5","87","20","0.45161290322580644","93","20","0.4945652173913043","92","20","0.48314606741573035","89","20","0.5397727272727273","88","20","0.5053763440860215","93","20","0.5934065934065934","91","20","0.5113636363636364","88","20","0.5","90","20","0.5055555555555555","90","20","0.5294117647058824","85","20","0.5117647058823529","85","20","0.5182926829268293","82","20","0.43125","80","20","0.44936708860759494","79","20","0.4166666666666667","78","20","0.52","75","20","0.43670886075949367","79","20","0.4425287356321839","87","20","0.47093023255813954","86","20","0.5","82","20","0.4583333333333333","84","20","0.35714285714285715","84","20","0.4589041095890411","73","20","0.52","75","20","0.42567567567567566","74","20","0.4451219512195122","82","20","0.3717948717948718","78","20","0.5448717948717948","78","20","0.547945205479452","73","20","0.3918918918918919","74","20","0.48125","80","20","0.4588235294117647","85","20","0.4451219512195122","82","20","0.44936708860759494","79","20","0.49390243902439024","82","20","0.489010989010989","91","20","0.4691358024691358","81","20","0.4444444444444444","81","20","0.5802469135802469","81","20","0.3625","80"
,"21","0.5487804878048781","82","21","0.4936708860759494","79","21","0.47191011235955055","89","21","0.5054347826086957","92","21","0.4418604651162791","86","21","0.5568181818181818","88","21","0.5108695652173914","92","21","0.5357142857142857","84","21","0.4777777777777778","90","21","0.4606741573033708","89","21","0.5176470588235295","85","21","0.478494623655914","93","21","0.5439560439560439","91","21","0.5222222222222223","90","21","0.42777777777777776","90","21","0.4476744186046512","86","21","0.5180722891566265","83","21","0.5","96","21","0.5","85","21","0.5058139534883721","86","21","0.45054945054945056","91","21","0.4945652173913043","92","21","0.48333333333333334","90","21","0.5344827586206896","87","21","0.5","92","21","0.5888888888888889","90","21","0.5113636363636364","88","21","0.5","90","21","0.5113636363636364","88","21","0.5357142857142857","84","21","0.5120481927710844","83","21","0.5182926829268293","82","21","0.43125","80","21","0.4423076923076923","78","21","0.4155844155844156","77","21","0.5202702702702703","74","21","0.4358974358974359","78","21","0.4418604651162791","86","21","0.4764705882352941","85","21","0.5060975609756098","82","21","0.4578313253012048","83","21","0.35542168674698793","83","21","0.4589041095890411","73","21","0.5205479452054794","73","21","0.42567567567567566","74","21","0.4506172839506173","81","21","0.37662337662337664","77","21","0.538961038961039","77","21","0.5563380281690141","71","21","0.3972602739726027","73","21","0.48026315789473684","76","21","0.45180722891566266","83","21","0.4444444444444444","81","21","0.45","80","21","0.49390243902439024","82","21","0.4943181818181818","88","21","0.4634146341463415","82","21","0.43902439024390244","82","21","0.5769230769230769","78","21","0.36075949367088606","79"
,"22","0.5487804878048781","82","22","0.4936708860759494","79","22","0.47191011235955055","89","22","0.5054945054945055","91","22","0.44642857142857145","84","22","0.5568181818181818","88","22","0.5106382978723404","94","22","0.5294117647058824","85","22","0.4722222222222222","90","22","0.4550561797752809","89","22","0.5178571428571429","84","22","0.483695652173913","92","22","0.55","90","22","0.5224719101123596","89","22","0.42777777777777776","90","22","0.4540229885057471","87","22","0.5120481927710844","83","22","0.5","96","22","0.5058139534883721","86","22","0.5116279069767442","86","22","0.45604395604395603","91","22","0.489010989010989","91","22","0.483695652173913","92","22","0.5340909090909091","88","22","0.5","93","22","0.5842696629213483","89","22","0.5113636363636364","88","22","0.5","90","22","0.5056179775280899","89","22","0.5352941176470588","85","22","0.5060240963855421","83","22","0.5185185185185185","81","22","0.43125","80","22","0.4407894736842105","76","22","0.4155844155844156","77","22","0.5135135135135135","74","22","0.43670886075949367","79","22","0.4411764705882353","85","22","0.47619047619047616","84","22","0.5061728395061729","81","22","0.4506172839506173","81","22","0.345679012345679","81","22","0.4589041095890411","73","22","0.5205479452054794","73","22","0.4178082191780822","73","22","0.44375","80","22","0.37662337662337664","77","22","0.54","75","22","0.5434782608695652","69","22","0.3972602739726027","73","22","0.4868421052631579","76","22","0.45121951219512196","82","22","0.44375","80","22","0.45","80","22","0.49390243902439024","82","22","0.5","87","22","0.4567901234567901","81","22","0.4444444444444444","81","22","0.5769230769230769","78","22","0.35714285714285715","77"
,"23","0.5487804878048781","82","23","0.487012987012987","77","23","0.4715909090909091","88","23","0.5054945054945055","91","23","0.4523809523809524","84","23","0.5416666666666666","84","23","0.521978021978022","91","23","0.5235294117647059","85","23","0.47752808988764045","89","23","0.4550561797752809","89","23","0.5290697674418605","86","23","0.483695652173913","92","23","0.5449438202247191","89","23","0.5227272727272727","88","23","0.42777777777777776","90","23","0.4540229885057471","87","23","0.5121951219512195","82","23","0.48936170212765956","94","23","0.5","85","23","0.5116279069767442","86","23","0.45555555555555555","90","23","0.4945652173913043","92","23","0.4782608695652174","92","23","0.5287356321839081","87","23","0.5","90","23","0.5862068965517241","87","23","0.5113636363636364","88","23","0.5","91","23","0.5112359550561798","89","23","0.5297619047619048","84","23","0.5","83","23","0.5185185185185185","81","23","0.43125","80","23","0.4391891891891892","74","23","0.40789473684210525","76","23","0.5138888888888888","72","23","0.4358974358974359","78","23","0.44642857142857145","84","23","0.4764705882352941","85","23","0.5061728395061729","81","23","0.4382716049382716","81","23","0.345679012345679","81","23","0.45774647887323944","71","23","0.5140845070422535","71","23","0.4178082191780822","73","23","0.44871794871794873","78","23","0.375","76","23","0.5405405405405406","74","23","0.5357142857142857","70","23","0.3972602739726027","73","23","0.4866666666666667","75","23","0.4506172839506173","81","23","0.44375","80","23","0.44871794871794873","78","23","0.4876543209876543","81","23","0.4941860465116279","86","23","0.4567901234567901","81","23","0.4444444444444444","81","23","0.577922077922078","77","23","0.35064935064935066","77"
,"24","0.5542168674698795","83","24","0.48","75","24","0.4715909090909091","88","24","0.5054945054945055","91","24","0.4523809523809524","84","24","0.5416666666666666","84","24","0.5161290322580645","93","24","0.5176470588235295","85","24","0.4777777777777778","90","24","0.44886363636363635","88","24","0.5238095238095238","84","24","0.47802197802197804","91","24","0.55","90","24","0.5224719101123596","89","24","0.42777777777777776","90","24","0.45348837209302323","86","24","0.5125","80","24","0.4842105263157895","95","24","0.5060240963855421","83","24","0.5116279069767442","86","24","0.45","90","24","0.4945652173913043","92","24","0.4725274725274725","91","24","0.5287356321839081","87","24","0.5","89","24","0.5862068965517241","87","24","0.5174418604651163","86","24","0.5","89","24","0.5056179775280899","89","24","0.5294117647058824","85","24","0.5","83","24","0.50625","80","24","0.43670886075949367","79","24","0.42857142857142855","70","24","0.4230769230769231","78","24","0.5138888888888888","72","24","0.4266666666666667","75","24","0.4457831325301205","83","24","0.47023809523809523","84","24","0.5061728395061729","81","24","0.44936708860759494","79","24","0.345679012345679","81","24","0.4652777777777778","72","24","0.5142857142857142","70","24","0.4178082191780822","73","24","0.45454545454545453","77","24","0.3717948717948718","78","24","0.5405405405405406","74","24","0.5220588235294118","68","24","0.410958904109589","73","24","0.4866666666666667","75","24","0.45","80","24","0.4430379746835443","79","24","0.44805194805194803","77","24","0.47468354430379744","79","24","0.4819277108433735","83","24","0.45569620253164556","79","24","0.44375","80","24","0.569620253164557","79","24","0.35526315789473684","76"
,"25","0.5595238095238095","84","25","0.4866666666666667","75","25","0.47093023255813954","86","25","0.5111111111111111","90","25","0.4523809523809524","84","25","0.5411764705882353","85","25","0.5217391304347826","92","25","0.5178571428571429","84","25","0.4673913043478261","92","25","0.4602272727272727","88","25","0.5235294117647059","85","25","0.4887640449438202","89","25","0.5449438202247191","89","25","0.5227272727272727","88","25","0.42777777777777776","90","25","0.45348837209302323","86","25","0.5189873417721519","79","25","0.4842105263157895","95","25","0.5060240963855421","83","25","0.5057471264367817","87","25","0.45454545454545453","88","25","0.4945652173913043","92","25","0.47282608695652173","92","25","0.5287356321839081","87","25","0.5","89","25","0.5862068965517241","87","25","0.5174418604651163","86","25","0.5056818181818182","88","25","0.5056818181818182","88","25","0.5294117647058824","85","25","0.5","80","25","0.50625","80","25","0.4358974358974359","78","25","0.42857142857142855","70","25","0.41333333333333333","75","25","0.5138888888888888","72","25","0.42105263157894735","76","25","0.44375","80","25","0.46987951807228917","83","25","0.5061728395061729","81","25","0.45625","80","25","0.35","80","25","0.45774647887323944","71","25","0.5214285714285715","70","25","0.4154929577464789","71","25","0.4551282051282051","78","25","0.37341772151898733","79","25","0.5416666666666666","72","25","0.5220588235294118","68","25","0.4014084507042254","71","25","0.4788732394366197","71","25","0.44936708860759494","79","25","0.44871794871794873","78","25","0.44871794871794873","78","25","0.4810126582278481","79","25","0.47560975609756095","82","25","0.4551282051282051","78","25","0.44375","80","25","0.5714285714285714","77","25","0.35333333333333333","75"
,"26","0.5542168674698795","83","26","0.4866666666666667","75","26","0.47126436781609193","87","26","0.5054945054945055","91","26","0.4451219512195122","82","26","0.5416666666666666","84","26","0.5217391304347826","92","26","0.5235294117647059","85","26","0.4782608695652174","92","26","0.45454545454545453","88","26","0.5235294117647059","85","26","0.49444444444444446","90","26","0.5459770114942529","87","26","0.5227272727272727","88","26","0.42134831460674155","89","26","0.45348837209302323","86","26","0.5194805194805194","77","26","0.4842105263157895","95","26","0.5060240963855421","83","26","0.5057471264367817","87","26","0.45977011494252873","87","26","0.4888888888888889","90","26","0.4777777777777778","90","26","0.5297619047619048","84","26","0.5","90","26","0.5823529411764706","85","26","0.5178571428571429","84","26","0.5056818181818182","88","26","0.5057471264367817","87","26","0.5294117647058824","85","26","0.5","80","26","0.50625","80","26","0.43670886075949367","79","26","0.44029850746268656","67","26","0.42","75","26","0.5071428571428571","70","26","0.4266666666666667","75","26","0.4382716049382716","81","26","0.46987951807228917","83","26","0.5","79","26","0.44871794871794873","78","26","0.34810126582278483","79","26","0.45714285714285713","70","26","0.5140845070422535","71","26","0.40714285714285714","70","26","0.4605263157894737","76","26","0.36363636363636365","77","26","0.5422535211267606","71","26","0.5220588235294118","68","26","0.39855072463768115","69","26","0.4855072463768116","69","26","0.44936708860759494","79","26","0.4407894736842105","76","26","0.44871794871794873","78","26","0.4805194805194805","77","26","0.4691358024691358","81","26","0.45569620253164556","79","26","0.4506172839506173","81","26","0.5723684210526315","76","26","0.35333333333333333","75"
,"27","0.5555555555555556","81","27","0.4864864864864865","74","27","0.47093023255813954","86","27","0.5054347826086957","92","27","0.4451219512195122","82","27","0.536144578313253","83","27","0.5166666666666667","90","27","0.5297619047619048","84","27","0.4725274725274725","91","27","0.45454545454545453","88","27","0.5180722891566265","83","27","0.49444444444444446","90","27","0.5459770114942529","87","27","0.5227272727272727","88","27","0.42045454545454547","88","27","0.4588235294117647","85","27","0.5194805194805194","77","27","0.4842105263157895","95","27","0.5060975609756098","82","27","0.5","87","27","0.4588235294117647","85","27","0.4943820224719101","89","27","0.4777777777777778","90","27","0.5297619047619048","84","27","0.5056179775280899","89","27","0.5823529411764706","85","27","0.5178571428571429","84","27","0.5058823529411764","85","27","0.4941860465116279","86","27","0.5240963855421686","83","27","0.5","80","27","0.5125","80","27","0.43670886075949367","79","27","0.4307692307692308","65","27","0.4189189189189189","74","27","0.5144927536231884","69","27","0.4178082191780822","73","27","0.4430379746835443","79","27","0.46987951807228917","83","27","0.5063291139240507","79","27","0.45454545454545453","77","27","0.34810126582278483","79","27","0.45714285714285713","70","27","0.5140845070422535","71","27","0.40714285714285714","70","27","0.4520547945205479","73","27","0.3618421052631579","76","27","0.5486111111111112","72","27","0.5220588235294118","68","27","0.39855072463768115","69","27","0.5","69","27","0.44871794871794873","78","27","0.4407894736842105","76","27","0.4407894736842105","76","27","0.48026315789473684","76","27","0.4691358024691358","81","27","0.44936708860759494","79","27","0.44936708860759494","79","27","0.5608108108108109","74","27","0.3581081081081081","74"
,"28","0.5617283950617284","81","28","0.48","75","28","0.47093023255813954","86","28","0.5054945054945055","91","28","0.4634146341463415","82","28","0.5304878048780488","82","28","0.5168539325842697","89","28","0.5297619047619048","84","28","0.4725274725274725","91","28","0.4482758620689655","87","28","0.5060240963855421","83","28","0.49444444444444446","90","28","0.5397727272727273","88","28","0.5166666666666667","90","28","0.41379310344827586","87","28","0.4588235294117647","85","28","0.5194805194805194","77","28","0.4842105263157895","95","28","0.50625","80","28","0.5","87","28","0.4583333333333333","84","28","0.4943820224719101","89","28","0.4725274725274725","91","28","0.5352941176470588","85","28","0.5","91","28","0.572289156626506","83","28","0.5120481927710844","83","28","0.5060240963855421","83","28","0.5","85","28","0.5238095238095238","84","28","0.5","79","28","0.5125","80","28","0.4358974358974359","78","28","0.4307692307692308","65","28","0.4178082191780822","73","28","0.5070422535211268","71","28","0.4189189189189189","74","28","0.4342105263157895","76","28","0.4691358024691358","81","28","0.5","76","28","0.45394736842105265","76","28","0.35625","80","28","0.45714285714285713","70","28","0.5144927536231884","69","28","0.40714285714285714","70","28","0.45","70","28","0.3618421052631579","76","28","0.5422535211267606","71","28","0.5220588235294118","68","28","0.39285714285714285","70","28","0.5","69","28","0.44936708860759494","79","28","0.43333333333333335","75","28","0.4407894736842105","76","28","0.4805194805194805","77","28","0.46296296296296297","81","28","0.44936708860759494","79","28","0.44936708860759494","79","28","0.5616438356164384","73","28","0.36","75"
,"29","0.5617283950617284","81","29","0.48","75","29","0.47093023255813954","86","29","0.5","92","29","0.4634146341463415","82","29","0.5301204819277109","83","29","0.5229885057471264","87","29","0.5301204819277109","83","29","0.4725274725274725","91","29","0.45348837209302323","86","29","0.5123456790123457","81","29","0.49444444444444446","90","29","0.5459770114942529","87","29","0.5227272727272727","88","29","0.41379310344827586","87","29","0.4588235294117647","85","29","0.5192307692307693","78","29","0.4842105263157895","95","29","0.5061728395061729","81","29","0.4943181818181818","88","29","0.4647058823529412","85","29","0.4885057471264368","87","29","0.4673913043478261","92","29","0.5297619047619048","84","29","0.5113636363636364","88","29","0.572289156626506","83","29","0.5060975609756098","82","29","0.5060240963855421","83","29","0.49411764705882355","85","29","0.5238095238095238","84","29","0.4935897435897436","78","29","0.5125","80","29","0.43506493506493504","77","29","0.4307692307692308","65","29","0.4166666666666667","72","29","0.5071428571428571","70","29","0.4178082191780822","73","29","0.4342105263157895","76","29","0.47468354430379744","79","29","0.5","76","29","0.44666666666666666","75","29","0.35443037974683544","79","29","0.45714285714285713","70","29","0.5144927536231884","69","29","0.40441176470588236","68","29","0.44285714285714284","70","29","0.36","75","29","0.5422535211267606","71","29","0.5227272727272727","66","29","0.3897058823529412","68","29","0.5","69","29","0.44375","80","29","0.43243243243243246","74","29","0.4407894736842105","76","29","0.474025974025974","77","29","0.46835443037974683","79","29","0.44936708860759494","79","29","0.4551282051282051","78","29","0.5625","72","29","0.35526315789473684","76"
,"30","0.5625","80","30","0.4805194805194805","77","30","0.47093023255813954","86","30","0.5","92","30","0.4634146341463415","82","30","0.536144578313253","83","30","0.5174418604651163","86","30","0.5180722891566265","83","30","0.4666666666666667","90","30","0.45348837209302323","86","30","0.51875","80","30","0.48295454545454547","88","30","0.5459770114942529","87","30","0.5172413793103449","87","30","0.4186046511627907","86","30","0.4647058823529412","85","30","0.5192307692307693","78","30","0.48404255319148937","94","30","0.5121951219512195","82","30","0.4943181818181818","88","30","0.4647058823529412","85","30","0.4885057471264368","87","30","0.4725274725274725","91","30","0.5357142857142857","84","30","0.4943181818181818","88","30","0.573170731707317","82","30","0.5","83","30","0.49382716049382713","81","30","0.4939759036144578","83","30","0.5235294117647059","85","30","0.4934210526315789","76","30","0.50625","80","30","0.4342105263157895","76","30","0.4375","64","30","0.4166666666666667","72","30","0.5072463768115942","69","30","0.410958904109589","73","30","0.4342105263157895","76","30","0.474025974025974","77","30","0.5","76","30","0.4391891891891892","74","30","0.35443037974683544","79","30","0.45714285714285713","70","30","0.5144927536231884","69","30","0.40441176470588236","68","30","0.44285714285714284","70","30","0.3581081081081081","74","30","0.5422535211267606","71","30","0.5307692307692308","65","30","0.3880597014925373","67","30","0.5073529411764706","68","30","0.44375","80","30","0.43243243243243246","74","30","0.4383561643835616","73","30","0.474025974025974","77","30","0.4675324675324675","77","30","0.4423076923076923","78","30","0.4551282051282051","78","30","0.5714285714285714","70","30","0.3581081081081081","74"
,"31","0.5632911392405063","79","31","0.4805194805194805","77","31","0.4764705882352941","85","31","0.5","90","31","0.4634146341463415","82","31","0.5476190476190477","84","31","0.5174418604651163","86","31","0.5119047619047619","84","31","0.4666666666666667","90","31","0.45348837209302323","86","31","0.5185185185185185","81","31","0.47701149425287354","87","31","0.5454545454545454","88","31","0.5176470588235295","85","31","0.41379310344827586","87","31","0.4642857142857143","84","31","0.5192307692307693","78","31","0.48404255319148937","94","31","0.5126582278481012","79","31","0.4943820224719101","89","31","0.4647058823529412","85","31","0.4883720930232558","86","31","0.4666666666666667","90","31","0.5301204819277109","83","31","0.4943181818181818","88","31","0.5647058823529412","85","31","0.5060975609756098","82","31","0.49382716049382713","81","31","0.4939759036144578","83","31","0.5301204819277109","83","31","0.4934210526315789","76","31","0.5","78","31","0.43333333333333335","75","31","0.4435483870967742","62","31","0.4142857142857143","70","31","0.5","68","31","0.410958904109589","73","31","0.44594594594594594","74","31","0.474025974025974","77","31","0.4930555555555556","72","31","0.44","75","31","0.36","75","31","0.45714285714285713","70","31","0.5144927536231884","69","31","0.4076923076923077","65","31","0.44285714285714284","70","31","0.3581081081081081","74","31","0.5422535211267606","71","31","0.5317460317460317","63","31","0.3880597014925373","67","31","0.5","65","31","0.43670886075949367","79","31","0.4246575342465753","73","31","0.4444444444444444","72","31","0.46794871794871795","78","31","0.4675324675324675","77","31","0.4473684210526316","76","31","0.4551282051282051","78","31","0.572463768115942","69","31","0.3561643835616438","73"
,"32","0.569620253164557","79","32","0.4805194805194805","77","32","0.4759036144578313","83","32","0.5056179775280899","89","32","0.4573170731707317","82","32","0.5308641975308642","81","32","0.5174418604651163","86","32","0.5172413793103449","87","32","0.47191011235955055","89","32","0.4583333333333333","84","32","0.5185185185185185","81","32","0.48214285714285715","84","32","0.5517241379310345","87","32","0.5232558139534884","86","32","0.41379310344827586","87","32","0.4642857142857143","84","32","0.5189873417721519","79","32","0.4734042553191489","94","32","0.5128205128205128","78","32","0.4942528735632184","87","32","0.4583333333333333","84","32","0.48823529411764705","85","32","0.4666666666666667","90","32","0.5297619047619048","84","32","0.4942528735632184","87","32","0.5714285714285714","84","32","0.5060975609756098","82","32","0.4875","80","32","0.4939759036144578","83","32","0.5297619047619048","84","32","0.4935064935064935","77","32","0.506578947368421","76","32","0.43333333333333335","75","32","0.43333333333333335","60","32","0.4154929577464789","71","32","0.5","68","32","0.4154929577464789","71","32","0.4305555555555556","72","32","0.47368421052631576","76","32","0.4791666666666667","72","32","0.44","75","32","0.36","75","32","0.4492753623188406","69","32","0.5214285714285715","70","32","0.4140625","64","32","0.44285714285714284","70","32","0.3561643835616438","73","32","0.5352112676056338","71","32","0.5403225806451613","62","32","0.3880597014925373","67","32","0.5","64","32","0.4375","80","32","0.4246575342465753","73","32","0.43243243243243246","74","32","0.48","75","32","0.46710526315789475","76","32","0.44","75","32","0.45569620253164556","79","32","0.5661764705882353","68","32","0.3561643835616438","73"
,"33","0.56875","80","33","0.474025974025974","77","33","0.4759036144578313","83","33","0.5058139534883721","86","33","0.46296296296296297","81","33","0.5301204819277109","83","33","0.5176470588235295","85","33","0.5116279069767442","86","33","0.4666666666666667","90","33","0.4583333333333333","84","33","0.5185185185185185","81","33","0.4695121951219512","82","33","0.5517241379310345","87","33","0.5178571428571429","84","33","0.41379310344827586","87","33","0.4642857142857143","84","33","0.525","80","33","0.46842105263157896","95","33","0.5128205128205128","78","33","0.49411764705882355","85","33","0.4451219512195122","82","33","0.4819277108433735","83","33","0.46153846153846156","91","33","0.5238095238095238","84","33","0.5","88","33","0.5714285714285714","84","33","0.5","81","33","0.49375","80","33","0.4876543209876543","81","33","0.5294117647058824","85","33","0.4934210526315789","76","33","0.512987012987013","77","33","0.43333333333333335","75","33","0.4322033898305085","59","33","0.40714285714285714","70","33","0.5","67","33","0.4154929577464789","71","33","0.4305555555555556","72","33","0.47333333333333333","75","33","0.4861111111111111","72","33","0.44","75","33","0.3581081081081081","74","33","0.44285714285714284","70","33","0.5144927536231884","69","33","0.42063492063492064","63","33","0.44285714285714284","70","33","0.3357142857142857","70","33","0.5362318840579711","69","33","0.5403225806451613","62","33","0.39705882352941174","68","33","0.5079365079365079","63","33","0.4375","80","33","0.4246575342465753","73","33","0.4375","72","33","0.4797297297297297","74","33","0.46621621621621623","74","33","0.4391891891891892","74","33","0.4551282051282051","78","33","0.5606060606060606","66","33","0.3561643835616438","73"
,"34","0.56875","80","34","0.48026315789473684","76","34","0.4759036144578313","83","34","0.5","86","34","0.46296296296296297","81","34","0.53125","80","34","0.5176470588235295","85","34","0.5176470588235295","85","34","0.47191011235955055","89","34","0.4578313253012048","83","34","0.51875","80","34","0.46296296296296297","81","34","0.5523255813953488","86","34","0.5178571428571429","84","34","0.42771084337349397","83","34","0.463855421686747","83","34","0.525","80","34","0.4635416666666667","96","34","0.5064935064935064","77","34","0.49411764705882355","85","34","0.4451219512195122","82","34","0.4819277108433735","83","34","0.47191011235955055","89","34","0.524390243902439","82","34","0.5","85","34","0.5714285714285714","84","34","0.5","80","34","0.49375","80","34","0.4876543209876543","81","34","0.5304878048780488","82","34","0.487012987012987","77","34","0.512987012987013","77","34","0.43333333333333335","75","34","0.4224137931034483","58","34","0.40441176470588236","68","34","0.5","66","34","0.4142857142857143","70","34","0.4142857142857143","70","34","0.46621621621621623","74","34","0.49295774647887325","71","34","0.4315068493150685","73","34","0.3581081081081081","74","34","0.4492753623188406","69","34","0.5144927536231884","69","34","0.41935483870967744","62","34","0.44285714285714284","70","34","0.32857142857142857","70","34","0.5357142857142857","70","34","0.5403225806451613","62","34","0.40298507462686567","67","34","0.5079365079365079","63","34","0.43670886075949367","79","34","0.4236111111111111","72","34","0.4357142857142857","70","34","0.4726027397260274","73","34","0.4652777777777778","72","34","0.4383561643835616","73","34","0.4473684210526316","76","34","0.5396825396825397","63","34","0.3581081081081081","74"
,"35","0.56875","80","35","0.48","75","35","0.4759036144578313","83","35","0.5","84","35","0.46296296296296297","81","35","0.53125","80","35","0.5176470588235295","85","35","0.5121951219512195","82","35","0.4772727272727273","88","35","0.4382716049382716","81","35","0.51875","80","35","0.4573170731707317","82","35","0.5568181818181818","88","35","0.5178571428571429","84","35","0.42771084337349397","83","35","0.4578313253012048","83","35","0.5256410256410257","78","35","0.4731182795698925","93","35","0.512987012987013","77","35","0.4880952380952381","84","35","0.44375","80","35","0.47560975609756095","82","35","0.4722222222222222","90","35","0.5301204819277109","83","35","0.5","85","35","0.5662650602409639","83","35","0.5","79","35","0.49375","80","35","0.49375","80","35","0.5304878048780488","82","35","0.48717948717948717","78","35","0.5131578947368421","76","35","0.43333333333333335","75","35","0.41228070175438597","57","35","0.39855072463768115","69","35","0.5","66","35","0.41304347826086957","69","35","0.41044776119402987","67","35","0.4666666666666667","75","35","0.4928571428571429","70","35","0.4236111111111111","72","35","0.3581081081081081","74","35","0.4485294117647059","68","35","0.5147058823529411","68","35","0.4166666666666667","60","35","0.4420289855072464","69","35","0.32857142857142857","70","35","0.5294117647058824","68","35","0.5403225806451613","62","35","0.40298507462686567","67","35","0.5161290322580645","62","35","0.44375","80","35","0.4236111111111111","72","35","0.43478260869565216","69","35","0.4722222222222222","72","35","0.4652777777777778","72","35","0.4383561643835616","73","35","0.4473684210526316","76","35","0.5241935483870968","62","35","0.3581081081081081","74"
,"36","0.5625","80","36","0.4794520547945205","73","36","0.47619047619047616","84","36","0.5","85","36","0.46296296296296297","81","36","0.5308641975308642","81","36","0.5178571428571429","84","36","0.5185185185185185","81","36","0.4764705882352941","85","36","0.4382716049382716","81","36","0.51875","80","36","0.4567901234567901","81","36","0.5581395348837209","86","36","0.5176470588235295","85","36","0.4268292682926829","82","36","0.4642857142857143","84","36","0.5256410256410257","78","36","0.4731182795698925","93","36","0.52","75","36","0.4879518072289157","83","36","0.4430379746835443","79","36","0.47560975609756095","82","36","0.4722222222222222","90","36","0.5119047619047619","84","36","0.5","83","36","0.5662650602409639","83","36","0.5","79","36","0.49375","80","36","0.49382716049382713","81","36","0.5370370370370371","81","36","0.48026315789473684","76","36","0.5202702702702703","74","36","0.4276315789473684","76","36","0.41228070175438597","57","36","0.4117647058823529","68","36","0.5075757575757576","66","36","0.4142857142857143","70","36","0.40625","64","36","0.4589041095890411","73","36","0.4928571428571429","70","36","0.4225352112676056","71","36","0.3581081081081081","74","36","0.44029850746268656","67","36","0.5147058823529411","68","36","0.4262295081967213","61","36","0.4411764705882353","68","36","0.32857142857142857","70","36","0.5298507462686567","67","36","0.5403225806451613","62","36","0.39552238805970147","67","36","0.5161290322580645","62","36","0.4430379746835443","79","36","0.4225352112676056","71","36","0.43478260869565216","69","36","0.4722222222222222","72","36","0.4583333333333333","72","36","0.4383561643835616","73","36","0.43333333333333335","75","36","0.5166666666666667","60","36","0.3611111111111111","72"
,"37","0.5641025641025641","78","37","0.4794520547945205","73","37","0.47619047619047616","84","37","0.5","84","37","0.45569620253164556","79","37","0.5375","80","37","0.5178571428571429","84","37","0.5185185185185185","81","37","0.4764705882352941","85","37","0.4382716049382716","81","37","0.5125","80","37","0.4567901234567901","81","37","0.5581395348837209","86","37","0.5176470588235295","85","37","0.43125","80","37","0.45625","80","37","0.525974025974026","77","37","0.4725274725274725","91","37","0.5202702702702703","74","37","0.4879518072289157","83","37","0.44936708860759494","79","37","0.48125","80","37","0.46703296703296704","91","37","0.5185185185185185","81","37","0.5","83","37","0.5595238095238095","84","37","0.5","78","37","0.4878048780487805","82","37","0.5","78","37","0.5365853658536586","82","37","0.4866666666666667","75","37","0.5135135135135135","74","37","0.4266666666666667","75","37","0.41228070175438597","57","37","0.4090909090909091","66","37","0.5074626865671642","67","37","0.4142857142857143","70","37","0.40625","64","37","0.4507042253521127","71","37","0.4925373134328358","67","37","0.4225352112676056","71","37","0.3581081081081081","74","37","0.4338235294117647","68","37","0.5149253731343284","67","37","0.425","60","37","0.4411764705882353","68","37","0.32857142857142857","70","37","0.5307692307692308","65","37","0.5333333333333333","60","37","0.3923076923076923","65","37","0.5161290322580645","62","37","0.4423076923076923","78","37","0.42142857142857143","70","37","0.43478260869565216","69","37","0.4726027397260274","73","37","0.4583333333333333","72","37","0.43661971830985913","71","37","0.4236111111111111","72","37","0.5086206896551724","58","37","0.36619718309859156","71"
,"38","0.5733333333333334","75","38","0.47183098591549294","71","38","0.4764705882352941","85","38","0.5","84","38","0.45569620253164556","79","38","0.5370370370370371","81","38","0.5180722891566265","83","38","0.5185185185185185","81","38","0.4819277108433735","83","38","0.43670886075949367","79","38","0.5125","80","38","0.45625","80","38","0.5581395348837209","86","38","0.5238095238095238","84","38","0.44155844155844154","77","38","0.45625","80","38","0.525974025974026","77","38","0.4666666666666667","90","38","0.5133333333333333","75","38","0.4879518072289157","83","38","0.4423076923076923","78","38","0.48148148148148145","81","38","0.46111111111111114","90","38","0.5253164556962026","79","38","0.4939759036144578","83","38","0.5609756097560976","82","38","0.5","79","38","0.4878048780487805","82","38","0.5128205128205128","78","38","0.5365853658536586","82","38","0.4726027397260274","73","38","0.5067567567567568","74","38","0.4266666666666667","75","38","0.4090909090909091","55","38","0.4090909090909091","66","38","0.5074626865671642","67","38","0.41911764705882354","68","38","0.4126984126984127","63","38","0.4507042253521127","71","38","0.4925373134328358","67","38","0.42142857142857143","70","38","0.3561643835616438","73","38","0.4338235294117647","68","38","0.5149253731343284","67","38","0.4262295081967213","61","38","0.4393939393939394","66","38","0.3235294117647059","68","38","0.5307692307692308","65","38","0.5333333333333333","60","38","0.3923076923076923","65","38","0.5166666666666667","60","38","0.4423076923076923","78","38","0.42142857142857143","70","38","0.43478260869565216","69","38","0.4726027397260274","73","38","0.4647887323943662","71","38","0.43478260869565216","69","38","0.4154929577464789","71","38","0.5087719298245614","57","38","0.36428571428571427","70"
,"39","0.5743243243243243","74","39","0.4791666666666667","72","39","0.48148148148148145","81","39","0.5","84","39","0.45569620253164556","79","39","0.5379746835443038","79","39","0.5180722891566265","83","39","0.5125","80","39","0.4819277108433735","83","39","0.4375","80","39","0.5126582278481012","79","39","0.45569620253164556","79","39","0.5581395348837209","86","39","0.5235294117647059","85","39","0.44155844155844154","77","39","0.45625","80","39","0.5131578947368421","76","39","0.4666666666666667","90","39","0.5135135135135135","74","39","0.4817073170731707","82","39","0.43506493506493504","77","39","0.4817073170731707","82","39","0.46111111111111114","90","39","0.5256410256410257","78","39","0.4880952380952381","84","39","0.5617283950617284","81","39","0.5","78","39","0.4876543209876543","81","39","0.5064102564102564","78","39","0.536144578313253","83","39","0.47297297297297297","74","39","0.5136986301369864","73","39","0.4266666666666667","75","39","0.4090909090909091","55","39","0.4090909090909091","66","39","0.5074626865671642","67","39","0.4318181818181818","66","39","0.40476190476190477","63","39","0.4411764705882353","68","39","0.49242424242424243","66","39","0.42028985507246375","69","39","0.3472222222222222","72","39","0.4166666666666667","66","39","0.5151515151515151","66","39","0.4166666666666667","60","39","0.4307692307692308","65","39","0.3235294117647059","68","39","0.5307692307692308","65","39","0.5333333333333333","60","39","0.4015151515151515","66","39","0.5084745762711864","59","39","0.43506493506493504","77","39","0.42142857142857143","70","39","0.43478260869565216","69","39","0.47183098591549294","71","39","0.4642857142857143","70","39","0.43478260869565216","69","39","0.4166666666666667","72","39","0.5086206896551724","58","39","0.36428571428571427","70"
,"40","0.5753424657534246","73","40","0.4788732394366197","71","40","0.475","80","40","0.5","84","40","0.4625","80","40","0.5379746835443038","79","40","0.5180722891566265","83","40","0.51875","80","40","0.46987951807228917","83","40","0.4375","80","40","0.5126582278481012","79","40","0.45569620253164556","79","40","0.5574712643678161","87","40","0.5174418604651163","86","40","0.4342105263157895","76","40","0.45625","80","40","0.5066666666666667","75","40","0.47191011235955055","89","40","0.5068493150684932","73","40","0.4876543209876543","81","40","0.43506493506493504","77","40","0.48148148148148145","81","40","0.4606741573033708","89","40","0.5324675324675324","77","40","0.49404761904761907","84","40","0.5609756097560976","82","40","0.5","77","40","0.4876543209876543","81","40","0.5064935064935064","77","40","0.5365853658536586","82","40","0.4722222222222222","72","40","0.5208333333333334","72","40","0.42567567567567566","74","40","0.4074074074074074","54","40","0.4076923076923077","65","40","0.5075757575757576","66","40","0.4307692307692308","65","40","0.4112903225806452","62","40","0.4338235294117647","68","40","0.49242424242424243","66","40","0.4117647058823529","68","40","0.3472222222222222","72","40","0.4166666666666667","66","40","0.5076923076923077","65","40","0.4166666666666667","60","40","0.4375","64","40","0.3283582089552239","67","40","0.5307692307692308","65","40","0.5338983050847458","59","40","0.3923076923076923","65","40","0.5084745762711864","59","40","0.4342105263157895","76","40","0.4338235294117647","68","40","0.43283582089552236","67","40","0.47058823529411764","68","40","0.4632352941176471","68","40","0.43478260869565216","69","40","0.4166666666666667","72","40","0.5","56","40","0.36619718309859156","71"
,"41","0.5753424657534246","73","41","0.4788732394366197","71","41","0.4817073170731707","82","41","0.5","83","41","0.46296296296296297","81","41","0.54375","80","41","0.5123456790123457","81","41","0.5189873417721519","79","41","0.4695121951219512","82","41","0.4375","80","41","0.5064102564102564","78","41","0.4551282051282051","78","41","0.5581395348837209","86","41","0.5229885057471264","87","41","0.4266666666666667","75","41","0.44936708860759494","79","41","0.5066666666666667","75","41","0.4715909090909091","88","41","0.5068493150684932","73","41","0.4876543209876543","81","41","0.4358974358974359","78","41","0.48148148148148145","81","41","0.4606741573033708","89","41","0.5324675324675324","77","41","0.4939759036144578","83","41","0.5609756097560976","82","41","0.5067567567567568","74","41","0.4876543209876543","81","41","0.5064935064935064","77","41","0.5432098765432098","81","41","0.4657534246575342","73","41","0.5205479452054794","73","41","0.42567567567567566","74","41","0.4074074074074074","54","41","0.4076923076923077","65","41","0.5075757575757576","66","41","0.4296875","64","41","0.4","60","41","0.4318181818181818","66","41","0.49264705882352944","68","41","0.4057971014492754","69","41","0.35","70","41","0.4166666666666667","66","41","0.5076923076923077","65","41","0.4067796610169492","59","41","0.4444444444444444","63","41","0.33088235294117646","68","41","0.5307692307692308","65","41","0.5338983050847458","59","41","0.3939393939393939","66","41","0.5084745762711864","59","41","0.43333333333333335","75","41","0.4338235294117647","68","41","0.43283582089552236","67","41","0.47058823529411764","68","41","0.4632352941176471","68","41","0.4253731343283582","67","41","0.4166666666666667","72","41","0.4909090909090909","55","41","0.36428571428571427","70"
,"42","0.5743243243243243","74","42","0.4788732394366197","71","42","0.48125","80","42","0.5061728395061729","81","42","0.4625","80","42","0.5384615384615384","78","42","0.5123456790123457","81","42","0.525974025974026","77","42","0.46153846153846156","78","42","0.4451219512195122","82","42","0.5","77","42","0.46","75","42","0.5581395348837209","86","42","0.5114942528735632","87","42","0.4266666666666667","75","42","0.44936708860759494","79","42","0.5067567567567568","74","42","0.4715909090909091","88","42","0.5068493150684932","73","42","0.4875","80","42","0.4407894736842105","76","42","0.48125","80","42","0.4606741573033708","89","42","0.5333333333333333","75","42","0.5","84","42","0.5609756097560976","82","42","0.5","75","42","0.4876543209876543","81","42","0.5131578947368421","76","42","0.5365853658536586","82","42","0.46621621621621623","74","42","0.5205479452054794","73","42","0.42567567567567566","74","42","0.40384615384615385","52","42","0.4076923076923077","65","42","0.5075757575757576","66","42","0.4296875","64","42","0.4","60","42","0.4318181818181818","66","42","0.5","67","42","0.4117647058823529","68","42","0.35","70","42","0.4166666666666667","66","42","0.5076923076923077","65","42","0.4067796610169492","59","42","0.4444444444444444","63","42","0.3409090909090909","66","42","0.5303030303030303","66","42","0.5338983050847458","59","42","0.3939393939393939","66","42","0.5169491525423728","59","42","0.43243243243243246","74","42","0.4166666666666667","66","42","0.4411764705882353","68","42","0.47058823529411764","68","42","0.4632352941176471","68","42","0.4318181818181818","66","42","0.4225352112676056","71","42","0.49038461538461536","52","42","0.3591549295774648","71"
,"43","0.5694444444444444","72","43","0.4857142857142857","70","43","0.4810126582278481","79","43","0.4935064935064935","77","43","0.45569620253164556","79","43","0.5384615384615384","78","43","0.5123456790123457","81","43","0.5133333333333333","75","43","0.461038961038961","77","43","0.4451219512195122","82","43","0.5","78","43","0.4605263157894737","76","43","0.5625","88","43","0.5174418604651163","86","43","0.43333333333333335","75","43","0.4423076923076923","78","43","0.5","71","43","0.4715909090909091","88","43","0.5069444444444444","72","43","0.4936708860759494","79","43","0.4342105263157895","76","43","0.48125","80","43","0.4606741573033708","89","43","0.527027027027027","74","43","0.49382716049382713","81","43","0.5609756097560976","82","43","0.5","71","43","0.4817073170731707","82","43","0.5131578947368421","76","43","0.54375","80","43","0.46621621621621623","74","43","0.5138888888888888","72","43","0.4178082191780822","73","43","0.40384615384615385","52","43","0.4076923076923077","65","43","0.5076923076923077","65","43","0.42857142857142855","63","43","0.4","60","43","0.4307692307692308","65","43","0.49242424242424243","66","43","0.4117647058823529","68","43","0.34782608695652173","69","43","0.4166666666666667","66","43","0.5","63","43","0.4067796610169492","59","43","0.45161290322580644","62","43","0.328125","64","43","0.5303030303030303","66","43","0.5258620689655172","58","43","0.3939393939393939","66","43","0.5169491525423728","59","43","0.4189189189189189","74","43","0.4166666666666667","66","43","0.4411764705882353","68","43","0.47058823529411764","68","43","0.4632352941176471","68","43","0.4296875","64","43","0.4225352112676056","71","43","0.4803921568627451","51","43","0.3582089552238806","67"
,"44","0.5704225352112676","71","44","0.49242424242424243","66","44","0.4810126582278481","79","44","0.4935064935064935","77","44","0.45569620253164556","79","44","0.538961038961039","77","44","0.5123456790123457","81","44","0.5133333333333333","75","44","0.46710526315789475","76","44","0.4451219512195122","82","44","0.506578947368421","76","44","0.46","75","44","0.5625","88","44","0.5176470588235295","85","44","0.43333333333333335","75","44","0.4342105263157895","76","44","0.5069444444444444","72","44","0.4715909090909091","88","44","0.5069444444444444","72","44","0.4936708860759494","79","44","0.43243243243243246","74","44","0.47435897435897434","78","44","0.4606741573033708","89","44","0.5202702702702703","74","44","0.4936708860759494","79","44","0.5602409638554217","83","44","0.5","71","44","0.4817073170731707","82","44","0.512987012987013","77","44","0.5370370370370371","81","44","0.4583333333333333","72","44","0.5140845070422535","71","44","0.4166666666666667","72","44","0.4019607843137255","51","44","0.40625","64","44","0.5076923076923077","65","44","0.4296875","64","44","0.38333333333333336","60","44","0.4393939393939394","66","44","0.4921875","64","44","0.42142857142857143","70","44","0.34782608695652173","69","44","0.4166666666666667","66","44","0.49206349206349204","63","44","0.39655172413793105","58","44","0.45161290322580644","62","44","0.3253968253968254","63","44","0.5298507462686567","67","44","0.5363636363636364","55","44","0.3939393939393939","66","44","0.5169491525423728","59","44","0.4178082191780822","73","44","0.421875","64","44","0.43283582089552236","67","44","0.47058823529411764","68","44","0.45652173913043476","69","44","0.42063492063492064","63","44","0.4225352112676056","71","44","0.4803921568627451","51","44","0.3582089552238806","67"
,"45","0.5704225352112676","71","45","0.49242424242424243","66","45","0.4810126582278481","79","45","0.4935064935064935","77","45","0.44871794871794873","78","45","0.5379746835443038","79","45","0.50625","80","45","0.5135135135135135","74","45","0.4605263157894737","76","45","0.4451219512195122","82","45","0.5064935064935064","77","45","0.46","75","45","0.5611111111111111","90","45","0.5176470588235295","85","45","0.42567567567567566","74","45","0.4342105263157895","76","45","0.5136986301369864","73","45","0.46629213483146065","89","45","0.5","72","45","0.4935897435897436","78","45","0.43243243243243246","74","45","0.48026315789473684","76","45","0.4602272727272727","88","45","0.512987012987013","77","45","0.4936708860759494","79","45","0.5617283950617284","81","45","0.5","71","45","0.4876543209876543","81","45","0.512987012987013","77","45","0.5370370370370371","81","45","0.44366197183098594","71","45","0.5071428571428571","70","45","0.4166666666666667","72","45","0.41","50","45","0.40625","64","45","0.5076923076923077","65","45","0.42063492063492064","63","45","0.3793103448275862","58","45","0.4393939393939394","66","45","0.4921875","64","45","0.4117647058823529","68","45","0.34782608695652173","69","45","0.4296875","64","45","0.5","61","45","0.39655172413793105","58","45","0.45161290322580644","62","45","0.3253968253968254","63","45","0.5303030303030303","66","45","0.5363636363636364","55","45","0.3828125","64","45","0.5169491525423728","59","45","0.4097222222222222","72","45","0.421875","64","45","0.43283582089552236","67","45","0.47761194029850745","67","45","0.45652173913043476","69","45","0.42063492063492064","63","45","0.4225352112676056","71","45","0.4803921568627451","51","45","0.3582089552238806","67"
,"46","0.5704225352112676","71","46","0.4846153846153846","65","46","0.4805194805194805","77","46","0.4934210526315789","76","46","0.44871794871794873","78","46","0.538961038961039","77","46","0.50625","80","46","0.5138888888888888","72","46","0.46","75","46","0.4451219512195122","82","46","0.5197368421052632","76","46","0.46621621621621623","74","46","0.5568181818181818","88","46","0.5238095238095238","84","46","0.4246575342465753","73","46","0.4342105263157895","76","46","0.5069444444444444","72","46","0.46629213483146065","89","46","0.5","72","46","0.5","77","46","0.43333333333333335","75","46","0.4797297297297297","74","46","0.46551724137931033","87","46","0.5131578947368421","76","46","0.4935897435897436","78","46","0.55625","80","46","0.5","72","46","0.49375","80","46","0.5133333333333333","75","46","0.5493827160493827","81","46","0.45","70","46","0.5071428571428571","70","46","0.4154929577464789","71","46","0.41","50","46","0.3968253968253968","63","46","0.5076923076923077","65","46","0.4296875","64","46","0.3793103448275862","58","46","0.43846153846153846","65","46","0.4921875","64","46","0.417910447761194","67","46","0.35074626865671643","67","46","0.4296875","64","46","0.5","61","46","0.39473684210526316","57","46","0.45161290322580644","62","46","0.3253968253968254","63","46","0.5227272727272727","66","46","0.5363636363636364","55","46","0.390625","64","46","0.5172413793103449","58","46","0.4154929577464789","71","46","0.4112903225806452","62","46","0.43283582089552236","67","46","0.47761194029850745","67","46","0.45652173913043476","69","46","0.42063492063492064","63","46","0.4154929577464789","71","46","0.49","50","46","0.35507246376811596","69"
,"47","0.5704225352112676","71","47","0.4921875","64","47","0.487012987012987","77","47","0.4934210526315789","76","47","0.44871794871794873","78","47","0.5466666666666666","75","47","0.50625","80","47","0.5211267605633803","71","47","0.4605263157894737","76","47","0.4444444444444444","81","47","0.52","75","47","0.4657534246575342","73","47","0.5568181818181818","88","47","0.5238095238095238","84","47","0.4246575342465753","73","47","0.44","75","47","0.5069444444444444","72","47","0.4659090909090909","88","47","0.4859154929577465","71","47","0.5","77","47","0.43333333333333335","75","47","0.4797297297297297","74","47","0.4659090909090909","88","47","0.5064935064935064","77","47","0.4935897435897436","78","47","0.5555555555555556","81","47","0.5071428571428571","70","47","0.49375","80","47","0.5131578947368421","76","47","0.54375","80","47","0.4357142857142857","70","47","0.5","66","47","0.4142857142857143","70","47","0.41","50","47","0.39344262295081966","61","47","0.5076923076923077","65","47","0.4296875","64","47","0.37719298245614036","57","47","0.43846153846153846","65","47","0.49206349206349204","63","47","0.4296875","64","47","0.35074626865671643","67","47","0.42857142857142855","63","47","0.5","61","47","0.39473684210526316","57","47","0.45901639344262296","61","47","0.33064516129032256","62","47","0.5227272727272727","66","47","0.5363636363636364","55","47","0.390625","64","47","0.5087719298245614","57","47","0.40714285714285714","70","47","0.4098360655737705","61","47","0.43283582089552236","67","47","0.4846153846153846","65","47","0.45652173913043476","69","47","0.42063492063492064","63","47","0.41304347826086957","69","47","0.49","50","47","0.35507246376811596","69"
,"48","0.5694444444444444","72","48","0.484375","64","48","0.48026315789473684","76","48","0.5","75","48","0.44871794871794873","78","48","0.5466666666666666","75","48","0.5","79","48","0.5211267605633803","71","48","0.45454545454545453","77","48","0.4444444444444444","81","48","0.52","75","48","0.4657534246575342","73","48","0.5632183908045977","87","48","0.5240963855421686","83","48","0.4246575342465753","73","48","0.44","75","48","0.5136986301369864","73","48","0.4659090909090909","88","48","0.4857142857142857","70","48","0.4934210526315789","76","48","0.43333333333333335","75","48","0.4864864864864865","74","48","0.47126436781609193","87","48","0.49333333333333335","75","48","0.4935897435897436","78","48","0.5632911392405063","79","48","0.5069444444444444","72","48","0.49375","80","48","0.512987012987013","77","48","0.5443037974683544","79","48","0.43661971830985913","71","48","0.5074626865671642","67","48","0.4142857142857143","70","48","0.3979591836734694","49","48","0.4","60","48","0.5","64","48","0.4365079365079365","63","48","0.37719298245614036","57","48","0.4375","64","48","0.5","64","48","0.4296875","64","48","0.3484848484848485","66","48","0.4444444444444444","63","48","0.49166666666666664","60","48","0.39655172413793105","58","48","0.46774193548387094","62","48","0.3360655737704918","61","48","0.5227272727272727","66","48","0.5370370370370371","54","48","0.38095238095238093","63","48","0.5","56","48","0.4142857142857143","70","48","0.4067796610169492","59","48","0.42424242424242425","66","48","0.4846153846153846","65","48","0.45652173913043476","69","48","0.4016393442622951","61","48","0.4076923076923077","65","48","0.4897959183673469","49","48","0.35074626865671643","67"
,"49","0.5694444444444444","72","49","0.47619047619047616","63","49","0.4805194805194805","77","49","0.5","75","49","0.44805194805194803","77","49","0.5466666666666666","75","49","0.5","79","49","0.5140845070422535","71","49","0.4605263157894737","76","49","0.45","80","49","0.52","75","49","0.4583333333333333","72","49","0.5617977528089888","89","49","0.524390243902439","82","49","0.4246575342465753","73","49","0.44","75","49","0.5069444444444444","72","49","0.46511627906976744","86","49","0.49295774647887325","71","49","0.4934210526315789","76","49","0.42567567567567566","74","49","0.4863013698630137","73","49","0.47093023255813954","86","49","0.4868421052631579","76","49","0.5","79","49","0.5625","80","49","0.5","69","49","0.48717948717948717","78","49","0.512987012987013","77","49","0.5443037974683544","79","49","0.43661971830985913","71","49","0.5","65","49","0.4142857142857143","70","49","0.3958333333333333","48","49","0.3898305084745763","59","49","0.5","64","49","0.4365079365079365","63","49","0.37719298245614036","57","49","0.4375","64","49","0.49206349206349204","63","49","0.4296875","64","49","0.3484848484848485","66","49","0.43548387096774194","62","49","0.49137931034482757","58","49","0.39655172413793105","58","49","0.4609375","64","49","0.3416666666666667","60","49","0.515625","64","49","0.5370370370370371","54","49","0.375","60","49","0.5","56","49","0.40714285714285714","70","49","0.4067796610169492","59","49","0.421875","64","49","0.484375","64","49","0.4485294117647059","68","49","0.4","60","49","0.4015151515151515","66","49","0.4897959183673469","49","49","0.35074626865671643","67"
,"50","0.5694444444444444","72","50","0.4838709677419355","62","50","0.4805194805194805","77","50","0.5","75","50","0.44805194805194803","77","50","0.5540540540540541","74","50","0.5","81","50","0.5138888888888888","72","50","0.4605263157894737","76","50","0.45","80","50","0.5263157894736842","76","50","0.4583333333333333","72","50","0.5632183908045977","87","50","0.524390243902439","82","50","0.43243243243243246","74","50","0.44594594594594594","74","50","0.5068493150684932","73","50","0.46511627906976744","86","50","0.4857142857142857","70","50","0.5","75","50","0.42","75","50","0.4859154929577465","71","50","0.47093023255813954","86","50","0.4868421052631579","76","50","0.4935064935064935","77","50","0.5625","80","50","0.5","69","50","0.48717948717948717","78","50","0.5063291139240507","79","50","0.5454545454545454","77","50","0.4357142857142857","70","50","0.5074626865671642","67","50","0.4142857142857143","70","50","0.3979591836734694","49","50","0.38596491228070173","57","50","0.5","65","50","0.4444444444444444","63","50","0.375","56","50","0.4375","64","50","0.48412698412698413","63","50","0.42857142857142855","63","50","0.35384615384615387","65","50","0.43548387096774194","62","50","0.49137931034482757","58","50","0.39655172413793105","58","50","0.4603174603174603","63","50","0.3474576271186441","59","50","0.5153846153846153","65","50","0.5384615384615384","52","50","0.3728813559322034","59","50","0.4909090909090909","55","50","0.41304347826086957","69","50","0.40350877192982454","57","50","0.421875","64","50","0.484375","64","50","0.44029850746268656","67","50","0.3898305084745763","59","50","0.4166666666666667","66","50","0.49","50","50","0.3484848484848485","66"
,"51","0.5694444444444444","72","51","0.4838709677419355","62","51","0.48026315789473684","76","51","0.5068493150684932","73","51","0.4473684210526316","76","51","0.5540540540540541","74","51","0.49375","80","51","0.5214285714285715","70","51","0.4551282051282051","78","51","0.44871794871794873","78","51","0.5263157894736842","76","51","0.4583333333333333","72","51","0.5647058823529412","85","51","0.524390243902439","82","51","0.4166666666666667","72","51","0.4383561643835616","73","51","0.5140845070422535","71","51","0.46511627906976744","86","51","0.4859154929577465","71","51","0.4934210526315789","76","51","0.4178082191780822","73","51","0.4785714285714286","70","51","0.47093023255813954","86","51","0.4868421052631579","76","51","0.4935064935064935","77","51","0.5632911392405063","79","51","0.5073529411764706","68","51","0.48717948717948717","78","51","0.5192307692307693","78","51","0.5454545454545454","77","51","0.45","70","51","0.5075757575757576","66","51","0.4057971014492754","69","51","0.3958333333333333","48","51","0.38596491228070173","57","51","0.5","65","51","0.4365079365079365","63","51","0.38181818181818183","55","51","0.4365079365079365","63","51","0.4838709677419355","62","51","0.40625","64","51","0.35384615384615387","65","51","0.43548387096774194","62","51","0.49137931034482757","58","51","0.39473684210526316","57","51","0.45161290322580644","62","51","0.3448275862068966","58","51","0.5238095238095238","63","51","0.5102040816326531","49","51","0.3706896551724138","58","51","0.48148148148148145","54","51","0.4117647058823529","68","51","0.40350877192982454","57","51","0.41935483870967744","62","51","0.484375","64","51","0.44029850746268656","67","51","0.3898305084745763","59","51","0.40441176470588236","68","51","0.49","50","51","0.35384615384615387","65"
,"52","0.5694444444444444","72","52","0.4838709677419355","62","52","0.48026315789473684","76","52","0.5136986301369864","73","52","0.44155844155844154","77","52","0.5547945205479452","73","52","0.4936708860759494","79","52","0.5214285714285715","70","52","0.4533333333333333","75","52","0.4551282051282051","78","52","0.5263157894736842","76","52","0.4507042253521127","71","52","0.5647058823529412","85","52","0.524390243902439","82","52","0.4154929577464789","71","52","0.4383561643835616","73","52","0.5142857142857142","70","52","0.4523809523809524","84","52","0.4788732394366197","71","52","0.49324324324324326","74","52","0.4166666666666667","72","52","0.4785714285714286","70","52","0.4647058823529412","85","52","0.4868421052631579","76","52","0.4935064935064935","77","52","0.5632911392405063","79","52","0.5074626865671642","67","52","0.487012987012987","77","52","0.512987012987013","77","52","0.551948051948052","77","52","0.4485294117647059","68","52","0.5074626865671642","67","52","0.4","70","52","0.3979591836734694","49","52","0.38596491228070173","57","52","0.5","65","52","0.42857142857142855","63","52","0.38181818181818183","55","52","0.4365079365079365","63","52","0.484375","64","52","0.4112903225806452","62","52","0.35384615384615387","65","52","0.43548387096774194","62","52","0.49122807017543857","57","52","0.40350877192982454","57","52","0.45161290322580644","62","52","0.3508771929824561","57","52","0.5327868852459017","61","52","0.5102040816326531","49","52","0.3644067796610169","59","52","0.4716981132075472","53","52","0.4117647058823529","68","52","0.40350877192982454","57","52","0.41935483870967744","62","52","0.4765625","64","52","0.4420289855072464","69","52","0.39655172413793105","58","52","0.4090909090909091","66","52","0.49","50","52","0.34375","64"
,"53","0.5633802816901409","71","53","0.4838709677419355","62","53","0.47333333333333333","75","53","0.5214285714285715","70","53","0.4407894736842105","76","53","0.5547945205479452","73","53","0.4875","80","53","0.5140845070422535","71","53","0.4527027027027027","74","53","0.4551282051282051","78","53","0.5263157894736842","76","53","0.4507042253521127","71","53","0.5581395348837209","86","53","0.524390243902439","82","53","0.4154929577464789","71","53","0.4305555555555556","72","53","0.5142857142857142","70","53","0.4523809523809524","84","53","0.4791666666666667","72","53","0.49324324324324326","74","53","0.4189189189189189","74","53","0.4782608695652174","69","53","0.46511627906976744","86","53","0.4868421052631579","76","53","0.49333333333333335","75","53","0.5632911392405063","79","53","0.5","66","53","0.487012987012987","77","53","0.512987012987013","77","53","0.54","75","53","0.44029850746268656","67","53","0.5","66","53","0.391304347826087","69","53","0.3854166666666667","48","53","0.38596491228070173","57","53","0.49206349206349204","63","53","0.43846153846153846","65","53","0.38181818181818183","55","53","0.43548387096774194","62","53","0.48412698412698413","63","53","0.4098360655737705","61","53","0.3515625","64","53","0.43548387096774194","62","53","0.49122807017543857","57","53","0.40350877192982454","57","53","0.4444444444444444","63","53","0.3508771929824561","57","53","0.5333333333333333","60","53","0.5104166666666666","48","53","0.3620689655172414","58","53","0.46296296296296297","54","53","0.40298507462686567","67","53","0.4051724137931034","58","53","0.4098360655737705","61","53","0.4765625","64","53","0.4338235294117647","68","53","0.39655172413793105","58","53","0.4076923076923077","65","53","0.5","49","53","0.3412698412698413","63"
,"54","0.5625","72","54","0.4918032786885246","61","54","0.4797297297297297","74","54","0.5144927536231884","69","54","0.4527027027027027","74","54","0.5555555555555556","72","54","0.4875","80","54","0.5140845070422535","71","54","0.4513888888888889","72","54","0.4407894736842105","76","54","0.5263157894736842","76","54","0.4507042253521127","71","54","0.5581395348837209","86","54","0.5120481927710844","83","54","0.4166666666666667","72","54","0.4305555555555556","72","54","0.5217391304347826","69","54","0.4523809523809524","84","54","0.4791666666666667","72","54","0.49324324324324326","74","54","0.4189189189189189","74","54","0.4714285714285714","70","54","0.45977011494252873","87","54","0.4868421052631579","76","54","0.49333333333333335","75","54","0.5625","80","54","0.4925373134328358","67","54","0.4868421052631579","76","54","0.52","75","54","0.541095890410959","73","54","0.4393939393939394","66","54","0.5","65","54","0.391304347826087","69","54","0.3854166666666667","48","54","0.38596491228070173","57","54","0.49206349206349204","63","54","0.4296875","64","54","0.37962962962962965","54","54","0.4344262295081967","61","54","0.48412698412698413","63","54","0.4166666666666667","60","54","0.3492063492063492","63","54","0.4344262295081967","61","54","0.49122807017543857","57","54","0.40350877192982454","57","54","0.45081967213114754","61","54","0.3508771929824561","57","54","0.5333333333333333","60","54","0.5104166666666666","48","54","0.3620689655172414","58","54","0.4636363636363636","55","54","0.4090909090909091","66","54","0.41228070175438597","57","54","0.4098360655737705","61","54","0.4765625","64","54","0.44029850746268656","67","54","0.39473684210526316","57","54","0.4076923076923077","65","54","0.4895833333333333","48","54","0.33064516129032256","62"
,"55","0.5625","72","55","0.49166666666666664","60","55","0.4868421052631579","76","55","0.5147058823529411","68","55","0.4527027027027027","74","55","0.547945205479452","73","55","0.4876543209876543","81","55","0.5205479452054794","73","55","0.4513888888888889","72","55","0.43243243243243246","74","55","0.5263157894736842","76","55","0.44285714285714284","70","55","0.5581395348837209","86","55","0.5246913580246914","81","55","0.4166666666666667","72","55","0.4295774647887324","71","55","0.5217391304347826","69","55","0.45180722891566266","83","55","0.47183098591549294","71","55","0.49324324324324326","74","55","0.4178082191780822","73","55","0.463768115942029","69","55","0.46511627906976744","86","55","0.487012987012987","77","55","0.49324324324324326","74","55","0.5632911392405063","79","55","0.4925373134328358","67","55","0.49324324324324326","74","55","0.5133333333333333","75","55","0.541095890410959","73","55","0.4393939393939394","66","55","0.5","65","55","0.3897058823529412","68","55","0.3854166666666667","48","55","0.38596491228070173","57","55","0.49206349206349204","63","55","0.42857142857142855","63","55","0.37962962962962965","54","55","0.43333333333333335","60","55","0.48412698412698413","63","55","0.425","60","55","0.3548387096774194","62","55","0.43333333333333335","60","55","0.49107142857142855","56","55","0.40350877192982454","57","55","0.45081967213114754","61","55","0.3508771929824561","57","55","0.5333333333333333","60","55","0.5102040816326531","49","55","0.3620689655172414","58","55","0.4636363636363636","55","55","0.4090909090909091","66","55","0.4107142857142857","56","55","0.4098360655737705","61","55","0.4765625","64","55","0.4253731343283582","67","55","0.39473684210526316","57","55","0.4076923076923077","65","55","0.48936170212765956","47","55","0.33064516129032256","62"
,"56","0.5616438356164384","73","56","0.49166666666666664","60","56","0.4866666666666667","75","56","0.5147058823529411","68","56","0.4452054794520548","73","56","0.547945205479452","73","56","0.4876543209876543","81","56","0.5138888888888888","72","56","0.4513888888888889","72","56","0.4246575342465753","73","56","0.5324675324675324","77","56","0.44285714285714284","70","56","0.5574712643678161","87","56","0.5246913580246914","81","56","0.4166666666666667","72","56","0.4295774647887324","71","56","0.5220588235294118","68","56","0.4523809523809524","84","56","0.4785714285714286","70","56","0.4931506849315068","73","56","0.4178082191780822","73","56","0.47101449275362317","69","56","0.47058823529411764","85","56","0.4866666666666667","75","56","0.49324324324324326","74","56","0.5641025641025641","78","56","0.4925373134328358","67","56","0.4794520547945205","73","56","0.5131578947368421","76","56","0.5342465753424658","73","56","0.4393939393939394","66","56","0.5","66","56","0.3880597014925373","67","56","0.3854166666666667","48","56","0.38596491228070173","57","56","0.49193548387096775","62","56","0.41935483870967744","62","56","0.37962962962962965","54","56","0.43333333333333335","60","56","0.4838709677419355","62","56","0.425","60","56","0.3524590163934426","61","56","0.43333333333333335","60","56","0.49107142857142855","56","56","0.40350877192982454","57","56","0.4583333333333333","60","56","0.3508771929824561","57","56","0.5254237288135594","59","56","0.5","48","56","0.3620689655172414","58","56","0.4636363636363636","55","56","0.4090909090909091","66","56","0.4107142857142857","56","56","0.4098360655737705","61","56","0.46875","64","56","0.4318181818181818","66","56","0.39285714285714285","56","56","0.40476190476190477","63","56","0.4891304347826087","46","56","0.32786885245901637","61"
,"57","0.5625","72","57","0.49166666666666664","60","57","0.4866666666666667","75","57","0.5149253731343284","67","57","0.4444444444444444","72","57","0.547945205479452","73","57","0.48148148148148145","81","57","0.5144927536231884","69","57","0.45714285714285713","70","57","0.4236111111111111","72","57","0.5263157894736842","76","57","0.4492753623188406","69","57","0.5581395348837209","86","57","0.5304878048780488","82","57","0.4166666666666667","72","57","0.4295774647887324","71","57","0.5373134328358209","67","57","0.45180722891566266","83","57","0.4782608695652174","69","57","0.4931506849315068","73","57","0.4236111111111111","72","57","0.47101449275362317","69","57","0.47058823529411764","85","57","0.4866666666666667","75","57","0.49324324324324326","74","57","0.564935064935065","77","57","0.4846153846153846","65","57","0.4861111111111111","72","57","0.5131578947368421","76","57","0.5342465753424658","73","57","0.4444444444444444","63","57","0.5","63","57","0.3939393939393939","66","57","0.39361702127659576","47","57","0.38596491228070173","57","57","0.4830508474576271","59","57","0.41935483870967744","62","57","0.36792452830188677","53","57","0.43333333333333335","60","57","0.4838709677419355","62","57","0.425","60","57","0.3524590163934426","61","57","0.43333333333333335","60","57","0.4824561403508772","57","57","0.4107142857142857","56","57","0.46551724137931033","58","57","0.34545454545454546","55","57","0.5172413793103449","58","57","0.5","47","57","0.35344827586206895","58","57","0.4642857142857143","56","57","0.41044776119402987","67","57","0.4","55","57","0.4032258064516129","62","57","0.4596774193548387","62","57","0.4318181818181818","66","57","0.39285714285714285","56","57","0.40476190476190477","63","57","0.48863636363636365","44","57","0.3103448275862069","58"
,"58","0.5625","72","58","0.49166666666666664","60","58","0.49333333333333335","75","58","0.5149253731343284","67","58","0.4583333333333333","72","58","0.547945205479452","73","58","0.48148148148148145","81","58","0.5144927536231884","69","58","0.45714285714285713","70","58","0.4236111111111111","72","58","0.5263157894736842","76","58","0.45","70","58","0.5529411764705883","85","58","0.5304878048780488","82","58","0.410958904109589","73","58","0.4295774647887324","71","58","0.5441176470588235","68","58","0.44642857142857145","84","58","0.47794117647058826","68","58","0.4930555555555556","72","58","0.4236111111111111","72","58","0.47101449275362317","69","58","0.47023809523809523","84","58","0.4863013698630137","73","58","0.49324324324324326","74","58","0.564935064935065","77","58","0.484375","64","58","0.4859154929577465","71","58","0.512987012987013","77","58","0.5273972602739726","73","58","0.4435483870967742","62","58","0.5","63","58","0.3939393939393939","66","58","0.39361702127659576","47","58","0.3888888888888889","54","58","0.4830508474576271","59","58","0.4180327868852459","61","58","0.36792452830188677","53","58","0.43333333333333335","60","58","0.4838709677419355","62","58","0.425","60","58","0.3474576271186441","59","58","0.43333333333333335","60","58","0.48214285714285715","56","58","0.42105263157894735","57","58","0.46551724137931033","58","58","0.3490566037735849","53","58","0.5175438596491229","57","58","0.5","47","58","0.35714285714285715","56","58","0.46296296296296297","54","58","0.41044776119402987","67","58","0.4","55","58","0.4032258064516129","62","58","0.4596774193548387","62","58","0.4453125","64","58","0.39285714285714285","56","58","0.4016393442622951","61","58","0.48863636363636365","44","58","0.3103448275862069","58"
,"59","0.5633802816901409","71","59","0.49166666666666664","60","59","0.49324324324324326","74","59","0.5075757575757576","66","59","0.4513888888888889","72","59","0.5555555555555556","72","59","0.4810126582278481","79","59","0.5144927536231884","69","59","0.45714285714285713","70","59","0.4236111111111111","72","59","0.5263157894736842","76","59","0.4420289855072464","69","59","0.5517241379310345","87","59","0.5240963855421686","83","59","0.410958904109589","73","59","0.4295774647887324","71","59","0.5441176470588235","68","59","0.45180722891566266","83","59","0.47794117647058826","68","59","0.49295774647887325","71","59","0.4246575342465753","73","59","0.47101449275362317","69","59","0.4764705882352941","85","59","0.4863013698630137","73","59","0.49324324324324326","74","59","0.5657894736842105","76","59","0.484375","64","59","0.4782608695652174","69","59","0.52","75","59","0.5337837837837838","74","59","0.4435483870967742","62","59","0.5","63","59","0.3939393939393939","66","59","0.39361702127659576","47","59","0.3888888888888889","54","59","0.4830508474576271","59","59","0.4166666666666667","60","59","0.36","50","59","0.43333333333333335","60","59","0.475","60","59","0.425","60","59","0.3448275862068966","58","59","0.4491525423728814","59","59","0.48214285714285715","56","59","0.4107142857142857","56","59","0.46551724137931033","58","59","0.34615384615384615","52","59","0.509090909090909","55","59","0.5","45","59","0.35714285714285715","56","59","0.4636363636363636","55","59","0.4","65","59","0.4","55","59","0.4","60","59","0.4596774193548387","62","59","0.4453125","64","59","0.39285714285714285","56","59","0.4","60","59","0.48863636363636365","44","59","0.3103448275862069","58"
,"60","0.5633802816901409","71","60","0.49166666666666664","60","60","0.4931506849315068","73","60","0.5","66","60","0.45714285714285713","70","60","0.5492957746478874","71","60","0.4876543209876543","81","60","0.5142857142857142","70","60","0.45714285714285713","70","60","0.4236111111111111","72","60","0.5333333333333333","75","60","0.43661971830985913","71","60","0.5535714285714286","84","60","0.5238095238095238","84","60","0.410958904109589","73","60","0.4375","72","60","0.5447761194029851","67","60","0.4444444444444444","81","60","0.47794117647058826","68","60","0.4928571428571429","70","60","0.42142857142857143","70","60","0.47101449275362317","69","60","0.4764705882352941","85","60","0.4863013698630137","73","60","0.4931506849315068","73","60","0.5657894736842105","76","60","0.484375","64","60","0.47761194029850745","67","60","0.5066666666666667","75","60","0.5277777777777778","72","60","0.44166666666666665","60","60","0.4918032786885246","61","60","0.3939393939393939","66","60","0.3804347826086957","46","60","0.37962962962962965","54","60","0.4830508474576271","59","60","0.4","60","60","0.36","50","60","0.425","60","60","0.47540983606557374","61","60","0.425","60","60","0.34210526315789475","57","60","0.4406779661016949","59","60","0.48214285714285715","56","60","0.4107142857142857","56","60","0.45614035087719296","57","60","0.34615384615384615","52","60","0.509090909090909","55","60","0.48863636363636365","44","60","0.35714285714285715","56","60","0.4636363636363636","55","60","0.4","65","60","0.4","55","60","0.3983050847457627","59","60","0.45901639344262296","61","60","0.4453125","64","60","0.38181818181818183","55","60","0.4","60","60","0.48863636363636365","44","60","0.3103448275862069","58"
,"61","0.5642857142857143","70","61","0.49166666666666664","60","61","0.4930555555555556","72","61","0.49230769230769234","65","61","0.45714285714285713","70","61","0.5434782608695652","69","61","0.4875","80","61","0.5144927536231884","69","61","0.45714285714285713","70","61","0.4236111111111111","72","61","0.5273972602739726","73","61","0.42857142857142855","70","61","0.5476190476190477","84","61","0.5301204819277109","83","61","0.4097222222222222","72","61","0.4375","72","61","0.5447761194029851","67","61","0.43670886075949367","79","61","0.47101449275362317","69","61","0.49324324324324326","74","61","0.42142857142857143","70","61","0.47794117647058826","68","61","0.4764705882352941","85","61","0.4797297297297297","74","61","0.4931506849315068","73","61","0.5666666666666667","75","61","0.484375","64","61","0.48507462686567165","67","61","0.5","75","61","0.5277777777777778","72","61","0.4426229508196721","61","61","0.4918032786885246","61","61","0.3880597014925373","67","61","0.3804347826086957","46","61","0.37962962962962965","54","61","0.47413793103448276","58","61","0.4067796610169492","59","61","0.3645833333333333","48","61","0.4396551724137931","58","61","0.4745762711864407","59","61","0.425","60","61","0.34210526315789475","57","61","0.4406779661016949","59","61","0.48214285714285715","56","61","0.4107142857142857","56","61","0.45535714285714285","56","61","0.3431372549019608","51","61","0.509090909090909","55","61","0.4880952380952381","42","61","0.36607142857142855","56","61","0.46296296296296297","54","61","0.4032258064516129","62","61","0.4","55","61","0.3983050847457627","59","61","0.45901639344262296","61","61","0.4453125","64","61","0.38392857142857145","56","61","0.3879310344827586","58","61","0.4888888888888889","45","61","0.3103448275862069","58"
,"62","0.5579710144927537","69","62","0.4830508474576271","59","62","0.5","70","62","0.4921875","64","62","0.45652173913043476","69","62","0.5434782608695652","69","62","0.4873417721518987","79","62","0.5144927536231884","69","62","0.45714285714285713","70","62","0.4236111111111111","72","62","0.5277777777777778","72","62","0.4338235294117647","68","62","0.5476190476190477","84","62","0.524390243902439","82","62","0.4178082191780822","73","62","0.43661971830985913","71","62","0.5447761194029851","67","62","0.42857142857142855","77","62","0.4855072463768116","69","62","0.4864864864864865","74","62","0.42142857142857143","70","62","0.47761194029850745","67","62","0.4764705882352941","85","62","0.4726027397260274","73","62","0.4930555555555556","72","62","0.5675675675675675","74","62","0.484375","64","62","0.49264705882352944","68","62","0.5","74","62","0.528169014084507","71","62","0.44166666666666665","60","62","0.49166666666666664","60","62","0.3880597014925373","67","62","0.3804347826086957","46","62","0.37962962962962965","54","62","0.4649122807017544","57","62","0.3983050847457627","59","62","0.3617021276595745","47","62","0.4375","56","62","0.46551724137931033","58","62","0.40350877192982454","57","62","0.3482142857142857","56","62","0.4482758620689655","58","62","0.48214285714285715","56","62","0.4166666666666667","54","62","0.45454545454545453","55","62","0.34615384615384615","52","62","0.509090909090909","55","62","0.4880952380952381","42","62","0.35454545454545455","55","62","0.46296296296296297","54","62","0.4032258064516129","62","62","0.39622641509433965","53","62","0.3983050847457627","59","62","0.4435483870967742","62","62","0.4453125","64","62","0.38596491228070173","57","62","0.3879310344827586","58","62","0.4888888888888889","45","62","0.3157894736842105","57"
,"63","0.5597014925373134","67","63","0.49166666666666664","60","63","0.5","70","63","0.49206349206349204","63","63","0.45652173913043476","69","63","0.5434782608695652","69","63","0.4935897435897436","78","63","0.5144927536231884","69","63","0.45714285714285713","70","63","0.4295774647887324","71","63","0.5277777777777778","72","63","0.4338235294117647","68","63","0.5481927710843374","83","63","0.5185185185185185","81","63","0.4178082191780822","73","63","0.43661971830985913","71","63","0.5384615384615384","65","63","0.4276315789473684","76","63","0.4928571428571429","70","63","0.4794520547945205","73","63","0.42142857142857143","70","63","0.47761194029850745","67","63","0.47674418604651164","86","63","0.4726027397260274","73","63","0.4930555555555556","72","63","0.5675675675675675","74","63","0.484375","64","63","0.4925373134328358","67","63","0.5066666666666667","75","63","0.528169014084507","71","63","0.4224137931034483","58","63","0.4915254237288136","59","63","0.3880597014925373","67","63","0.3804347826086957","46","63","0.37962962962962965","54","63","0.45454545454545453","55","63","0.39344262295081966","61","63","0.3617021276595745","47","63","0.43636363636363634","55","63","0.4642857142857143","56","63","0.40350877192982454","57","63","0.3482142857142857","56","63","0.4482758620689655","58","63","0.48214285714285715","56","63","0.4166666666666667","54","63","0.44339622641509435","53","63","0.3431372549019608","51","63","0.5","54","63","0.4880952380952381","42","63","0.3482142857142857","56","63","0.46296296296296297","54","63","0.4098360655737705","61","63","0.3942307692307692","52","63","0.4090909090909091","55","63","0.4435483870967742","62","63","0.4461538461538462","65","63","0.375","56","63","0.38181818181818183","55","63","0.4883720930232558","43","63","0.3125","56"
,"64","0.5588235294117647","68","64","0.4915254237288136","59","64","0.5","70","64","0.49206349206349204","63","64","0.45588235294117646","68","64","0.5514705882352942","68","64","0.487012987012987","77","64","0.5073529411764706","68","64","0.4492753623188406","69","64","0.4295774647887324","71","64","0.5285714285714286","70","64","0.4338235294117647","68","64","0.5481927710843374","83","64","0.5185185185185185","81","64","0.4189189189189189","74","64","0.43661971830985913","71","64","0.5238095238095238","63","64","0.410958904109589","73","64","0.4785714285714286","70","64","0.4722222222222222","72","64","0.41911764705882354","68","64","0.47761194029850745","67","64","0.47674418604651164","86","64","0.4726027397260274","73","64","0.49295774647887325","71","64","0.5616438356164384","73","64","0.49206349206349204","63","64","0.4925373134328358","67","64","0.5066666666666667","75","64","0.528169014084507","71","64","0.42105263157894735","57","64","0.4915254237288136","59","64","0.39552238805970147","67","64","0.37777777777777777","45","64","0.37962962962962965","54","64","0.45454545454545453","55","64","0.39344262295081966","61","64","0.3617021276595745","47","64","0.43636363636363634","55","64","0.4727272727272727","55","64","0.40350877192982454","57","64","0.34545454545454546","55","64","0.4482758620689655","58","64","0.48214285714285715","56","64","0.41509433962264153","53","64","0.4326923076923077","52","64","0.33","50","64","0.5094339622641509","53","64","0.4883720930232558","43","64","0.3482142857142857","56","64","0.46296296296296297","54","64","0.4098360655737705","61","64","0.3942307692307692","52","64","0.4090909090909091","55","64","0.4435483870967742","62","64","0.4461538461538462","65","64","0.36792452830188677","53","64","0.38181818181818183","55","64","0.4880952380952381","42","64","0.3125","56"
,"65","0.5588235294117647","68","65","0.5","58","65","0.5","69","65","0.49206349206349204","63","65","0.45652173913043476","69","65","0.5514705882352942","68","65","0.48","75","65","0.5073529411764706","68","65","0.4492753623188406","69","65","0.4295774647887324","71","65","0.5217391304347826","69","65","0.4338235294117647","68","65","0.5481927710843374","83","65","0.5185185185185185","81","65","0.4166666666666667","72","65","0.4375","72","65","0.5245901639344263","61","65","0.410958904109589","73","65","0.4788732394366197","71","65","0.47101449275362317","69","65","0.42028985507246375","69","65","0.47761194029850745","67","65","0.47674418604651164","86","65","0.4791666666666667","72","65","0.49295774647887325","71","65","0.5625","72","65","0.4838709677419355","62","65","0.4925373134328358","67","65","0.5131578947368421","76","65","0.528169014084507","71","65","0.41818181818181815","55","65","0.4915254237288136","59","65","0.3880597014925373","67","65","0.37777777777777777","45","65","0.37962962962962965","54","65","0.45454545454545453","55","65","0.4","60","65","0.358695652173913","46","65","0.43636363636363634","55","65","0.4727272727272727","55","65","0.40350877192982454","57","65","0.34545454545454546","55","65","0.45614035087719296","57","65","0.4732142857142857","56","65","0.41346153846153844","52","65","0.4326923076923077","52","65","0.33","50","65","0.5094339622641509","53","65","0.4883720930232558","43","65","0.3482142857142857","56","65","0.45098039215686275","51","65","0.4067796610169492","59","65","0.4019607843137255","51","65","0.4090909090909091","55","65","0.4444444444444444","63","65","0.44696969696969696","66","65","0.36792452830188677","53","65","0.38181818181818183","55","65","0.4880952380952381","42","65","0.3125","56"
,"66","0.5588235294117647","68","66","0.4915254237288136","59","66","0.5072463768115942","69","66","0.49206349206349204","63","66","0.47101449275362317","69","66","0.5507246376811594","69","66","0.4797297297297297","74","66","0.5073529411764706","68","66","0.4492753623188406","69","66","0.4305555555555556","72","66","0.5298507462686567","67","66","0.4338235294117647","68","66","0.5487804878048781","82","66","0.5061728395061729","81","66","0.4166666666666667","72","66","0.44285714285714284","70","66","0.5245901639344263","61","66","0.4154929577464789","71","66","0.4714285714285714","70","66","0.47101449275362317","69","66","0.4264705882352941","68","66","0.47761194029850745","67","66","0.47058823529411764","85","66","0.4791666666666667","72","66","0.4861111111111111","72","66","0.5633802816901409","71","66","0.48360655737704916","61","66","0.48484848484848486","66","66","0.5066666666666667","75","66","0.5289855072463768","69","66","0.4166666666666667","54","66","0.49137931034482757","58","66","0.38461538461538464","65","66","0.37777777777777777","45","66","0.37962962962962965","54","66","0.45454545454545453","55","66","0.4","60","66","0.375","44","66","0.43636363636363634","55","66","0.4727272727272727","55","66","0.40350877192982454","57","66","0.34545454545454546","55","66","0.45614035087719296","57","66","0.4818181818181818","55","66","0.41346153846153844","52","66","0.4326923076923077","52","66","0.33","50","66","0.5094339622641509","53","66","0.4883720930232558","43","66","0.3482142857142857","56","66","0.47","50","66","0.4067796610169492","59","66","0.4","50","66","0.4074074074074074","54","66","0.4444444444444444","63","66","0.4461538461538462","65","66","0.36792452830188677","53","66","0.38181818181818183","55","66","0.47560975609756095","41","66","0.3125","56"
,"67","0.5588235294117647","68","67","0.4915254237288136","59","67","0.5","70","67","0.49206349206349204","63","67","0.47058823529411764","68","67","0.5441176470588235","68","67","0.4652777777777778","72","67","0.5","67","67","0.45588235294117646","68","67","0.4295774647887324","71","67","0.5298507462686567","67","67","0.4338235294117647","68","67","0.5493827160493827","81","67","0.5063291139240507","79","67","0.4166666666666667","72","67","0.4492753623188406","69","67","0.525","60","67","0.4154929577464789","71","67","0.4714285714285714","70","67","0.47101449275362317","69","67","0.43283582089552236","67","67","0.48484848484848486","66","67","0.47058823529411764","85","67","0.4791666666666667","72","67","0.49295774647887325","71","67","0.5625","72","67","0.48360655737704916","61","67","0.48484848484848486","66","67","0.5066666666666667","75","67","0.5294117647058824","68","67","0.4166666666666667","54","67","0.4915254237288136","59","67","0.38461538461538464","65","67","0.3804347826086957","46","67","0.37962962962962965","54","67","0.4537037037037037","54","67","0.4051724137931034","58","67","0.375","44","67","0.43636363636363634","55","67","0.4727272727272727","55","67","0.39655172413793105","58","67","0.34545454545454546","55","67","0.45454545454545453","55","67","0.4818181818181818","55","67","0.41346153846153844","52","67","0.4411764705882353","51","67","0.33","50","67","0.5094339622641509","53","67","0.4883720930232558","43","67","0.33636363636363636","55","67","0.48","50","67","0.39655172413793105","58","67","0.4","50","67","0.4056603773584906","53","67","0.4435483870967742","62","67","0.4453125","64","67","0.37254901960784315","51","67","0.38181818181818183","55","67","0.4625","40","67","0.3125","56"
,"68","0.5588235294117647","68","68","0.5","58","68","0.5072463768115942","69","68","0.4838709677419355","62","68","0.4701492537313433","67","68","0.5378787878787878","66","68","0.4652777777777778","72","68","0.5","66","68","0.45588235294117646","68","68","0.4295774647887324","71","68","0.5367647058823529","68","68","0.4411764705882353","68","68","0.5432098765432098","81","68","0.5125","80","68","0.4084507042253521","71","68","0.45588235294117646","68","68","0.5163934426229508","61","68","0.4154929577464789","71","68","0.4714285714285714","70","68","0.4626865671641791","67","68","0.4264705882352941","68","68","0.48484848484848486","66","68","0.47619047619047616","84","68","0.4863013698630137","73","68","0.4794520547945205","73","68","0.5555555555555556","72","68","0.48360655737704916","61","68","0.48484848484848486","66","68","0.5136986301369864","73","68","0.5294117647058824","68","68","0.41818181818181815","55","68","0.49137931034482757","58","68","0.38461538461538464","65","68","0.375","44","68","0.36792452830188677","53","68","0.46153846153846156","52","68","0.4051724137931034","58","68","0.38095238095238093","42","68","0.43859649122807015","57","68","0.4722222222222222","54","68","0.375","56","68","0.35185185185185186","54","68","0.45454545454545453","55","68","0.4818181818181818","55","68","0.4117647058823529","51","68","0.4411764705882353","51","68","0.33","50","68","0.5094339622641509","53","68","0.4878048780487805","41","68","0.32407407407407407","54","68","0.48","50","68","0.39655172413793105","58","68","0.4117647058823529","51","68","0.4056603773584906","53","68","0.4435483870967742","62","68","0.453125","64","68","0.37254901960784315","51","68","0.37962962962962965","54","68","0.4625","40","68","0.3181818181818182","55"
,"69","0.5579710144927537","69","69","0.5","58","69","0.5","70","69","0.4838709677419355","62","69","0.4701492537313433","67","69","0.5454545454545454","66","69","0.4652777777777778","72","69","0.5","65","69","0.45588235294117646","68","69","0.427536231884058","69","69","0.5303030303030303","66","69","0.4338235294117647","68","69","0.54375","80","69","0.5126582278481012","79","69","0.4097222222222222","72","69","0.45","70","69","0.5163934426229508","61","69","0.42142857142857143","70","69","0.4642857142857143","70","69","0.47058823529411764","68","69","0.4264705882352941","68","69","0.48484848484848486","66","69","0.47058823529411764","85","69","0.4859154929577465","71","69","0.49295774647887325","71","69","0.5625","72","69","0.48360655737704916","61","69","0.48484848484848486","66","69","0.5136986301369864","73","69","0.5298507462686567","67","69","0.41818181818181815","55","69","0.49137931034482757","58","69","0.3888888888888889","63","69","0.375","44","69","0.36792452830188677","53","69","0.45098039215686275","51","69","0.40350877192982454","57","69","0.3780487804878049","41","69","0.44642857142857145","56","69","0.4722222222222222","54","69","0.375","56","69","0.33962264150943394","53","69","0.45454545454545453","55","69","0.4818181818181818","55","69","0.4117647058823529","51","69","0.4411764705882353","51","69","0.33","50","69","0.5094339622641509","53","69","0.4878048780487805","41","69","0.32407407407407407","54","69","0.46875","48","69","0.39655172413793105","58","69","0.4117647058823529","51","69","0.4056603773584906","53","69","0.4435483870967742","62","69","0.4444444444444444","63","69","0.375","48","69","0.37962962962962965","54","69","0.4625","40","69","0.3148148148148148","54"
,"70","0.5514705882352942","68","70","0.5","58","70","0.5","70","70","0.4838709677419355","62","70","0.47794117647058826","68","70","0.5454545454545454","66","70","0.4652777777777778","72","70","0.4921875","64","70","0.45588235294117646","68","70","0.427536231884058","69","70","0.5307692307692308","65","70","0.4338235294117647","68","70","0.5448717948717948","78","70","0.5126582278481012","79","70","0.4097222222222222","72","70","0.45588235294117646","68","70","0.5083333333333333","60","70","0.4117647058823529","68","70","0.4642857142857143","70","70","0.4696969696969697","66","70","0.4264705882352941","68","70","0.48484848484848486","66","70","0.47023809523809523","84","70","0.4859154929577465","71","70","0.49295774647887325","71","70","0.5563380281690141","71","70","0.48333333333333334","60","70","0.48484848484848486","66","70","0.5136986301369864","73","70","0.5303030303030303","66","70","0.41509433962264153","53","70","0.49137931034482757","58","70","0.4016393442622951","61","70","0.375","44","70","0.36792452830188677","53","70","0.45","50","70","0.41818181818181815","55","70","0.3780487804878049","41","70","0.44642857142857145","56","70","0.4722222222222222","54","70","0.375","56","70","0.33962264150943394","53","70","0.45454545454545453","55","70","0.4818181818181818","55","70","0.4","50","70","0.4411764705882353","51","70","0.33","50","70","0.5094339622641509","53","70","0.4878048780487805","41","70","0.32075471698113206","53","70","0.46875","48","70","0.40350877192982454","57","70","0.4117647058823529","51","70","0.4056603773584906","53","70","0.4426229508196721","61","70","0.4435483870967742","62","70","0.375","48","70","0.37962962962962965","54","70","0.4625","40","70","0.3148148148148148","54"
,"71","0.5522388059701493","67","71","0.4827586206896552","58","71","0.5","70","71","0.4838709677419355","62","71","0.4621212121212121","66","71","0.5454545454545454","66","71","0.4652777777777778","72","71","0.49206349206349204","63","71","0.4552238805970149","67","71","0.41911764705882354","68","71","0.5390625","64","71","0.4253731343283582","67","71","0.5448717948717948","78","71","0.5066666666666667","75","71","0.4014084507042254","71","71","0.45588235294117646","68","71","0.5083333333333333","60","71","0.4090909090909091","66","71","0.4722222222222222","72","71","0.4696969696969697","66","71","0.43478260869565216","69","71","0.4852941176470588","68","71","0.47023809523809523","84","71","0.4861111111111111","72","71","0.49295774647887325","71","71","0.5563380281690141","71","71","0.48333333333333334","60","71","0.4701492537313433","67","71","0.5136986301369864","73","71","0.5384615384615384","65","71","0.41509433962264153","53","71","0.49107142857142855","56","71","0.4016393442622951","61","71","0.375","44","71","0.36792452830188677","53","71","0.45","50","71","0.42857142857142855","56","71","0.3780487804878049","41","71","0.44642857142857145","56","71","0.4722222222222222","54","71","0.36792452830188677","53","71","0.33962264150943394","53","71","0.45454545454545453","55","71","0.4818181818181818","55","71","0.4","50","71","0.4411764705882353","51","71","0.3163265306122449","49","71","0.5094339622641509","53","71","0.4878048780487805","41","71","0.330188679245283","53","71","0.4574468085106383","47","71","0.40350877192982454","57","71","0.42","50","71","0.41346153846153844","52","71","0.44166666666666665","60","71","0.4435483870967742","62","71","0.375","48","71","0.36792452830188677","53","71","0.4625","40","71","0.3018867924528302","53"
,"72","0.5606060606060606","66","72","0.49122807017543857","57","72","0.5","68","72","0.4838709677419355","62","72","0.4621212121212121","66","72","0.5476190476190477","63","72","0.4652777777777778","72","72","0.49206349206349204","63","72","0.46153846153846156","65","72","0.41911764705882354","68","72","0.5390625","64","72","0.4253731343283582","67","72","0.5506329113924051","79","72","0.5066666666666667","75","72","0.40714285714285714","70","72","0.45588235294117646","68","72","0.5083333333333333","60","72","0.40298507462686567","67","72","0.4647887323943662","71","72","0.4696969696969697","66","72","0.43478260869565216","69","72","0.4852941176470588","68","72","0.47023809523809523","84","72","0.4722222222222222","72","72","0.49295774647887325","71","72","0.5555555555555556","72","72","0.48333333333333334","60","72","0.4772727272727273","66","72","0.5211267605633803","71","72","0.5307692307692308","65","72","0.41346153846153844","52","72","0.49107142857142855","56","72","0.4","60","72","0.37209302325581395","43","72","0.36538461538461536","52","72","0.45","50","72","0.42727272727272725","55","72","0.3780487804878049","41","72","0.44642857142857145","56","72","0.46226415094339623","53","72","0.3557692307692308","52","72","0.33962264150943394","53","72","0.45454545454545453","55","72","0.4818181818181818","55","72","0.4","50","72","0.4423076923076923","52","72","0.3163265306122449","49","72","0.5098039215686274","51","72","0.4878048780487805","41","72","0.3333333333333333","51","72","0.45555555555555555","45","72","0.4","55","72","0.4270833333333333","48","72","0.41346153846153844","52","72","0.42105263157894735","57","72","0.43333333333333335","60","72","0.375","48","72","0.36792452830188677","53","72","0.4625","40","72","0.3018867924528302","53"
,"73","0.5606060606060606","66","73","0.4818181818181818","55","73","0.5","68","73","0.47540983606557374","61","73","0.45384615384615384","65","73","0.5476190476190477","63","73","0.4657534246575342","73","73","0.49193548387096775","62","73","0.46153846153846156","65","73","0.41911764705882354","68","73","0.5390625","64","73","0.417910447761194","67","73","0.5328947368421053","76","73","0.5133333333333333","75","73","0.40714285714285714","70","73","0.4626865671641791","67","73","0.5083333333333333","60","73","0.40298507462686567","67","73","0.4647887323943662","71","73","0.4701492537313433","67","73","0.4338235294117647","68","73","0.4782608695652174","69","73","0.47058823529411764","85","73","0.4785714285714286","70","73","0.4857142857142857","70","73","0.5563380281690141","71","73","0.49137931034482757","58","73","0.47692307692307695","65","73","0.5071428571428571","70","73","0.53125","64","73","0.4056603773584906","53","73","0.49107142857142855","56","73","0.4","60","73","0.38636363636363635","44","73","0.36538461538461536","52","73","0.4479166666666667","48","73","0.42727272727272725","55","73","0.3780487804878049","41","73","0.44545454545454544","55","73","0.4519230769230769","52","73","0.3557692307692308","52","73","0.33962264150943394","53","73","0.45454545454545453","55","73","0.48148148148148145","54","73","0.3877551020408163","49","73","0.4423076923076923","52","73","0.3125","48","73","0.5098039215686274","51","73","0.4878048780487805","41","73","0.33","50","73","0.45555555555555555","45","73","0.4","55","73","0.425531914893617","47","73","0.41346153846153844","52","73","0.4224137931034483","58","73","0.4322033898305085","59","73","0.375","48","73","0.36792452830188677","53","73","0.4625","40","73","0.3018867924528302","53"
,"74","0.5692307692307692","65","74","0.4818181818181818","55","74","0.4925373134328358","67","74","0.4661016949152542","59","74","0.45384615384615384","65","74","0.5564516129032258","62","74","0.4652777777777778","72","74","0.49193548387096775","62","74","0.46153846153846156","65","74","0.41911764705882354","68","74","0.5390625","64","74","0.4253731343283582","67","74","0.5328947368421053","76","74","0.5067567567567568","74","74","0.4117647058823529","68","74","0.4621212121212121","66","74","0.49137931034482757","58","74","0.3880597014925373","67","74","0.45774647887323944","71","74","0.4696969696969697","66","74","0.4264705882352941","68","74","0.4696969696969697","66","74","0.47058823529411764","85","74","0.47183098591549294","71","74","0.4857142857142857","70","74","0.5563380281690141","71","74","0.49137931034482757","58","74","0.46875","64","74","0.5144927536231884","69","74","0.53125","64","74","0.4","50","74","0.48214285714285715","56","74","0.3898305084745763","59","74","0.38636363636363635","44","74","0.3627450980392157","51","74","0.4479166666666667","48","74","0.42727272727272725","55","74","0.3780487804878049","41","74","0.44545454545454544","55","74","0.4519230769230769","52","74","0.3557692307692308","52","74","0.33962264150943394","53","74","0.4537037037037037","54","74","0.4716981132075472","53","74","0.3877551020408163","49","74","0.4423076923076923","52","74","0.30612244897959184","49","74","0.5192307692307693","52","74","0.4878048780487805","41","74","0.3229166666666667","48","74","0.4431818181818182","44","74","0.4074074074074074","54","74","0.425531914893617","47","74","0.4117647058823529","51","74","0.4107142857142857","56","74","0.4322033898305085","59","74","0.3723404255319149","47","74","0.375","52","74","0.4625","40","74","0.3018867924528302","53"
,"75","0.5692307692307692","65","75","0.4818181818181818","55","75","0.49264705882352944","68","75","0.4661016949152542","59","75","0.453125","64","75","0.5564516129032258","62","75","0.4652777777777778","72","75","0.48333333333333334","60","75","0.46153846153846156","65","75","0.42028985507246375","69","75","0.5317460317460317","63","75","0.4253731343283582","67","75","0.5328947368421053","76","75","0.5","73","75","0.41911764705882354","68","75","0.45454545454545453","66","75","0.49137931034482757","58","75","0.38636363636363635","66","75","0.4652777777777778","72","75","0.4696969696969697","66","75","0.4253731343283582","67","75","0.46923076923076923","65","75","0.47023809523809523","84","75","0.4788732394366197","71","75","0.4855072463768116","69","75","0.5563380281690141","71","75","0.49122807017543857","57","75","0.46875","64","75","0.5151515151515151","66","75","0.53125","64","75","0.4019607843137255","51","75","0.48214285714285715","56","75","0.3879310344827586","58","75","0.38636363636363635","44","75","0.36","50","75","0.4479166666666667","48","75","0.42592592592592593","54","75","0.3780487804878049","41","75","0.4351851851851852","54","75","0.4519230769230769","52","75","0.3557692307692308","52","75","0.33962264150943394","53","75","0.4537037037037037","54","75","0.46153846153846156","52","75","0.3877551020408163","49","75","0.4411764705882353","51","75","0.3020833333333333","48","75","0.5192307692307693","52","75","0.5","40","75","0.3229166666666667","48","75","0.42857142857142855","42","75","0.4074074074074074","54","75","0.4148936170212766","47","75","0.4117647058823529","51","75","0.4107142857142857","56","75","0.43103448275862066","58","75","0.3723404255319149","47","75","0.38235294117647056","51","75","0.4625","40","75","0.2980769230769231","52"
,"76","0.5615384615384615","65","76","0.4818181818181818","55","76","0.49264705882352944","68","76","0.4482758620689655","58","76","0.4444444444444444","63","76","0.5564516129032258","62","76","0.4652777777777778","72","76","0.48333333333333334","60","76","0.4621212121212121","66","76","0.41911764705882354","68","76","0.5241935483870968","62","76","0.4253731343283582","67","76","0.5333333333333333","75","76","0.5","72","76","0.417910447761194","67","76","0.4609375","64","76","0.48148148148148145","54","76","0.38636363636363635","66","76","0.4647887323943662","71","76","0.4696969696969697","66","76","0.4253731343283582","67","76","0.46875","64","76","0.4642857142857143","84","76","0.4857142857142857","70","76","0.49264705882352944","68","76","0.5563380281690141","71","76","0.49122807017543857","57","76","0.46875","64","76","0.5","64","76","0.53125","64","76","0.4019607843137255","51","76","0.4818181818181818","55","76","0.3879310344827586","58","76","0.38636363636363635","44","76","0.36","50","76","0.45652173913043476","46","76","0.41509433962264153","53","76","0.3780487804878049","41","76","0.4230769230769231","52","76","0.4519230769230769","52","76","0.3490566037735849","53","76","0.33962264150943394","53","76","0.4537037037037037","54","76","0.46078431372549017","51","76","0.3854166666666667","48","76","0.4411764705882353","51","76","0.3020833333333333","48","76","0.5192307692307693","52","76","0.5","40","76","0.32978723404255317","47","76","0.42857142857142855","42","76","0.4090909090909091","55","76","0.4148936170212766","47","76","0.4117647058823529","51","76","0.4090909090909091","55","76","0.43859649122807015","57","76","0.375","48","76","0.38","50","76","0.47435897435897434","39","76","0.2980769230769231","52"
,"77","0.5546875","64","77","0.4727272727272727","55","77","0.4925373134328358","67","77","0.4473684210526316","57","77","0.4444444444444444","63","77","0.5564516129032258","62","77","0.4652777777777778","72","77","0.4830508474576271","59","77","0.4609375","64","77","0.4090909090909091","66","77","0.5241935483870968","62","77","0.4253731343283582","67","77","0.5405405405405406","74","77","0.5","72","77","0.417910447761194","67","77","0.4596774193548387","62","77","0.4811320754716981","53","77","0.38636363636363635","66","77","0.45652173913043476","69","77","0.4696969696969697","66","77","0.41911764705882354","68","77","0.47619047619047616","63","77","0.4642857142857143","84","77","0.4857142857142857","70","77","0.4925373134328358","67","77","0.5563380281690141","71","77","0.49122807017543857","57","77","0.46923076923076923","65","77","0.5","64","77","0.53125","64","77","0.4019607843137255","51","77","0.4818181818181818","55","77","0.38596491228070173","57","77","0.38372093023255816","43","77","0.36","50","77","0.4444444444444444","45","77","0.41509433962264153","53","77","0.3780487804878049","41","77","0.4230769230769231","52","77","0.46078431372549017","51","77","0.3490566037735849","53","77","0.33962264150943394","53","77","0.4537037037037037","54","77","0.46078431372549017","51","77","0.3854166666666667","48","77","0.4411764705882353","51","77","0.3020833333333333","48","77","0.5196078431372549","51","77","0.5","40","77","0.32608695652173914","46","77","0.42857142857142855","42","77","0.4056603773584906","53","77","0.4148936170212766","47","77","0.4117647058823529","51","77","0.38461538461538464","52","77","0.43859649122807015","57","77","0.3723404255319149","47","77","0.37755102040816324","49","77","0.4594594594594595","37","77","0.2980769230769231","52"
,"78","0.5476190476190477","63","78","0.4722222222222222","54","78","0.4925373134328358","67","78","0.45689655172413796","58","78","0.4444444444444444","63","78","0.5555555555555556","63","78","0.4652777777777778","72","78","0.4830508474576271","59","78","0.4609375","64","78","0.4090909090909091","66","78","0.5245901639344263","61","78","0.4253731343283582","67","78","0.547945205479452","73","78","0.49295774647887325","71","78","0.417910447761194","67","78","0.4523809523809524","63","78","0.4811320754716981","53","78","0.390625","64","78","0.45652173913043476","69","78","0.4772727272727273","66","78","0.4117647058823529","68","78","0.47580645161290325","62","78","0.4642857142857143","84","78","0.4857142857142857","70","78","0.4846153846153846","65","78","0.5571428571428572","70","78","0.49122807017543857","57","78","0.47619047619047616","63","78","0.5","64","78","0.5317460317460317","63","78","0.4019607843137255","51","78","0.4818181818181818","55","78","0.38596491228070173","57","78","0.38372093023255816","43","78","0.35714285714285715","49","78","0.4431818181818182","44","78","0.41509433962264153","53","78","0.3780487804878049","41","78","0.4230769230769231","52","78","0.46078431372549017","51","78","0.3490566037735849","53","78","0.33962264150943394","53","78","0.44339622641509435","53","78","0.46875","48","78","0.3854166666666667","48","78","0.4411764705882353","51","78","0.3020833333333333","48","78","0.5102040816326531","49","78","0.5","40","78","0.32608695652173914","46","78","0.4418604651162791","43","78","0.4019607843137255","51","78","0.4148936170212766","47","78","0.42","50","78","0.38","50","78","0.43859649122807015","57","78","0.3723404255319149","47","78","0.3645833333333333","48","78","0.4583333333333333","36","78","0.29","50"
,"79","0.5491803278688525","61","79","0.4811320754716981","53","79","0.4925373134328358","67","79","0.4473684210526316","57","79","0.43548387096774194","62","79","0.5564516129032258","62","79","0.4652777777777778","72","79","0.49122807017543857","57","79","0.4772727272727273","66","79","0.4090909090909091","66","79","0.5333333333333333","60","79","0.4253731343283582","67","79","0.547945205479452","73","79","0.49295774647887325","71","79","0.417910447761194","67","79","0.4596774193548387","62","79","0.4811320754716981","53","79","0.3968253968253968","63","79","0.45714285714285713","70","79","0.46875","64","79","0.40298507462686567","67","79","0.47580645161290325","62","79","0.4647058823529412","85","79","0.4859154929577465","71","79","0.4846153846153846","65","79","0.5507246376811594","69","79","0.49122807017543857","57","79","0.48412698412698413","63","79","0.5","65","79","0.53125","64","79","0.40384615384615385","52","79","0.48148148148148145","54","79","0.38596491228070173","57","79","0.38372093023255816","43","79","0.35714285714285715","49","79","0.45348837209302323","43","79","0.41818181818181815","55","79","0.3780487804878049","41","79","0.40384615384615385","52","79","0.45","50","79","0.3490566037735849","53","79","0.3269230769230769","52","79","0.4326923076923077","52","79","0.4574468085106383","47","79","0.39361702127659576","47","79","0.45098039215686275","51","79","0.2826086956521739","46","79","0.5102040816326531","49","79","0.48717948717948717","39","79","0.3068181818181818","44","79","0.4418604651162791","43","79","0.39622641509433965","53","79","0.4148936170212766","47","79","0.42","50","79","0.38","50","79","0.43859649122807015","57","79","0.3723404255319149","47","79","0.3723404255319149","47","79","0.4583333333333333","36","79","0.29","50"
,"80","0.5416666666666666","60","80","0.4811320754716981","53","80","0.48484848484848486","66","80","0.42727272727272725","55","80","0.43548387096774194","62","80","0.5416666666666666","60","80","0.4652777777777778","72","80","0.49122807017543857","57","80","0.48507462686567165","67","80","0.4153846153846154","65","80","0.5333333333333333","60","80","0.4253731343283582","67","80","0.5416666666666666","72","80","0.49295774647887325","71","80","0.417910447761194","67","80","0.45081967213114754","61","80","0.4811320754716981","53","80","0.390625","64","80","0.45714285714285713","70","80","0.47619047619047616","63","80","0.4090909090909091","66","80","0.4672131147540984","61","80","0.47058823529411764","85","80","0.4859154929577465","71","80","0.4765625","64","80","0.5633802816901409","71","80","0.49122807017543857","57","80","0.48360655737704916","61","80","0.5","65","80","0.5317460317460317","63","80","0.4019607843137255","51","80","0.48148148148148145","54","80","0.3728813559322034","59","80","0.38372093023255816","43","80","0.3541666666666667","48","80","0.4642857142857143","42","80","0.4339622641509434","53","80","0.3780487804878049","41","80","0.40384615384615385","52","80","0.4387755102040816","49","80","0.3490566037735849","53","80","0.3269230769230769","52","80","0.4326923076923077","52","80","0.4574468085106383","47","80","0.40217391304347827","46","80","0.44","50","80","0.26136363636363635","44","80","0.5104166666666666","48","80","0.48717948717948717","39","80","0.3068181818181818","44","80","0.4523809523809524","42","80","0.3942307692307692","52","80","0.4148936170212766","47","80","0.41836734693877553","49","80","0.38","50","80","0.43859649122807015","57","80","0.3723404255319149","47","80","0.3723404255319149","47","80","0.4583333333333333","36","80","0.29","50"
,"81","0.5416666666666666","60","81","0.47115384615384615","52","81","0.48484848484848486","66","81","0.42727272727272725","55","81","0.43548387096774194","62","81","0.5338983050847458","59","81","0.4652777777777778","72","81","0.5","56","81","0.4772727272727273","66","81","0.4126984126984127","63","81","0.5333333333333333","60","81","0.4264705882352941","68","81","0.5422535211267606","71","81","0.4928571428571429","70","81","0.42424242424242425","66","81","0.43548387096774194","62","81","0.4811320754716981","53","81","0.38461538461538464","65","81","0.45714285714285713","70","81","0.484375","64","81","0.4090909090909091","66","81","0.4603174603174603","63","81","0.46987951807228917","83","81","0.5","71","81","0.47692307692307695","65","81","0.5507246376811594","69","81","0.49122807017543857","57","81","0.48360655737704916","61","81","0.5","65","81","0.5317460317460317","63","81","0.4","50","81","0.48148148148148145","54","81","0.3728813559322034","59","81","0.38372093023255816","43","81","0.3541666666666667","48","81","0.45121951219512196","41","81","0.4444444444444444","54","81","0.3780487804878049","41","81","0.40384615384615385","52","81","0.4375","48","81","0.3490566037735849","53","81","0.330188679245283","53","81","0.4326923076923077","52","81","0.4574468085106383","47","81","0.40217391304347827","46","81","0.44","50","81","0.26136363636363635","44","81","0.5104166666666666","48","81","0.4868421052631579","38","81","0.313953488372093","43","81","0.4523809523809524","42","81","0.3942307692307692","52","81","0.4148936170212766","47","81","0.40625","48","81","0.37755102040816324","49","81","0.43859649122807015","57","81","0.34444444444444444","45","81","0.3645833333333333","48","81","0.4583333333333333","36","81","0.2857142857142857","49"
,"82","0.5333333333333333","60","82","0.4811320754716981","53","82","0.48484848484848486","66","82","0.42727272727272725","55","82","0.43548387096774194","62","82","0.5338983050847458","59","82","0.4652777777777778","72","82","0.5","56","82","0.4765625","64","82","0.4140625","64","82","0.5333333333333333","60","82","0.4253731343283582","67","82","0.5434782608695652","69","82","0.49295774647887325","71","82","0.421875","64","82","0.44166666666666665","60","82","0.49074074074074076","54","82","0.38461538461538464","65","82","0.463768115942029","69","82","0.4765625","64","82","0.41044776119402987","67","82","0.4672131147540984","61","82","0.47560975609756095","82","82","0.4927536231884058","69","82","0.484375","64","82","0.5441176470588235","68","82","0.5","56","82","0.48360655737704916","61","82","0.5","65","82","0.5403225806451613","62","82","0.4","50","82","0.48148148148148145","54","82","0.36666666666666664","60","82","0.38095238095238093","42","82","0.3541666666666667","48","82","0.45121951219512196","41","82","0.4444444444444444","54","82","0.3780487804878049","41","82","0.40384615384615385","52","82","0.4375","48","82","0.3490566037735849","53","82","0.330188679245283","53","82","0.4326923076923077","52","82","0.44565217391304346","46","82","0.40217391304347827","46","82","0.44","50","82","0.26136363636363635","44","82","0.5104166666666666","48","82","0.4868421052631579","38","82","0.313953488372093","43","82","0.4523809523809524","42","82","0.39215686274509803","51","82","0.4166666666666667","48","82","0.40625","48","82","0.37755102040816324","49","82","0.43859649122807015","57","82","0.34444444444444444","45","82","0.3723404255319149","47","82","0.4583333333333333","36","82","0.2857142857142857","49"
,"83","0.559322033898305","59","83","0.49038461538461536","52","83","0.48484848484848486","66","83","0.42727272727272725","55","83","0.4262295081967213","61","83","0.5338983050847458","59","83","0.4652777777777778","72","83","0.5","54","83","0.4765625","64","83","0.4140625","64","83","0.5338983050847458","59","83","0.42424242424242425","66","83","0.5367647058823529","68","83","0.49295774647887325","71","83","0.421875","64","83","0.44166666666666665","60","83","0.49056603773584906","53","83","0.38461538461538464","65","83","0.4701492537313433","67","83","0.47619047619047616","63","83","0.40441176470588236","68","83","0.475","60","83","0.47530864197530864","81","83","0.49264705882352944","68","83","0.484375","64","83","0.5441176470588235","68","83","0.5","56","83","0.48360655737704916","61","83","0.5","65","83","0.5403225806451613","62","83","0.4","50","83","0.48148148148148145","54","83","0.375","60","83","0.3780487804878049","41","83","0.35714285714285715","49","83","0.45121951219512196","41","83","0.4339622641509434","53","83","0.3875","40","83","0.4056603773584906","53","83","0.43617021276595747","47","83","0.35185185185185186","54","83","0.330188679245283","53","83","0.4326923076923077","52","83","0.4444444444444444","45","83","0.40217391304347827","46","83","0.44","50","83","0.26136363636363635","44","83","0.5104166666666666","48","83","0.4868421052631579","38","83","0.2976190476190476","42","83","0.4523809523809524","42","83","0.38461538461538464","52","83","0.4148936170212766","47","83","0.39361702127659576","47","83","0.37755102040816324","49","83","0.43859649122807015","57","83","0.3409090909090909","44","83","0.3723404255319149","47","83","0.4583333333333333","36","83","0.28125","48"
,"84","0.55","60","84","0.49038461538461536","52","84","0.47692307692307695","65","84","0.42727272727272725","55","84","0.42063492063492064","63","84","0.5350877192982456","57","84","0.4652777777777778","72","84","0.5","54","84","0.4765625","64","84","0.42063492063492064","63","84","0.5258620689655172","58","84","0.43283582089552236","67","84","0.5367647058823529","68","84","0.4927536231884058","69","84","0.4230769230769231","65","84","0.44166666666666665","60","84","0.49038461538461536","52","84","0.3828125","64","84","0.4696969696969697","66","84","0.4765625","64","84","0.4015151515151515","66","84","0.4661016949152542","59","84","0.47560975609756095","82","84","0.5","68","84","0.47692307692307695","65","84","0.5373134328358209","67","84","0.509090909090909","55","84","0.48333333333333334","60","84","0.5078125","64","84","0.5403225806451613","62","84","0.3979591836734694","49","84","0.4811320754716981","53","84","0.375","60","84","0.3780487804878049","41","84","0.3541666666666667","48","84","0.45121951219512196","41","84","0.4339622641509434","53","84","0.3875","40","84","0.40384615384615385","52","84","0.425531914893617","47","84","0.3490566037735849","53","84","0.3235294117647059","51","84","0.43137254901960786","51","84","0.4444444444444444","45","84","0.40217391304347827","46","84","0.4387755102040816","49","84","0.26136363636363635","44","84","0.5104166666666666","48","84","0.5","39","84","0.2976190476190476","42","84","0.4523809523809524","42","84","0.38461538461538464","52","84","0.4148936170212766","47","84","0.39361702127659576","47","84","0.375","48","84","0.4375","56","84","0.3409090909090909","44","84","0.3723404255319149","47","84","0.4714285714285714","35","84","0.2826086956521739","46"
,"85","0.5491803278688525","61","85","0.49038461538461536","52","85","0.47692307692307695","65","85","0.42592592592592593","54","85","0.42063492063492064","63","85","0.5350877192982456","57","85","0.4652777777777778","72","85","0.5","54","85","0.46825396825396826","63","85","0.42063492063492064","63","85","0.5258620689655172","58","85","0.42424242424242425","66","85","0.5373134328358209","67","85","0.4927536231884058","69","85","0.4153846153846154","65","85","0.4491525423728814","59","85","0.49038461538461536","52","85","0.3888888888888889","63","85","0.47761194029850745","67","85","0.4765625","64","85","0.4","65","85","0.4661016949152542","59","85","0.4691358024691358","81","85","0.5","68","85","0.484375","64","85","0.5373134328358209","67","85","0.509090909090909","55","85","0.4745762711864407","59","85","0.5078125","64","85","0.5403225806451613","62","85","0.40625","48","85","0.4811320754716981","53","85","0.375","60","85","0.38095238095238093","42","85","0.3541666666666667","48","85","0.45121951219512196","41","85","0.4230769230769231","52","85","0.3875","40","85","0.4019607843137255","51","85","0.425531914893617","47","85","0.3490566037735849","53","85","0.3235294117647059","51","85","0.4387755102040816","49","85","0.4444444444444444","45","85","0.40217391304347827","46","85","0.4387755102040816","49","85","0.26136363636363635","44","85","0.5","47","85","0.4868421052631579","38","85","0.3125","40","85","0.4523809523809524","42","85","0.37254901960784315","51","85","0.4148936170212766","47","85","0.39361702127659576","47","85","0.375","48","85","0.4375","56","85","0.3372093023255814","43","85","0.3695652173913043","46","85","0.4714285714285714","35","85","0.28888888888888886","45"
,"86","0.5483870967741935","62","86","0.49038461538461536","52","86","0.484375","64","86","0.42592592592592593","54","86","0.4274193548387097","62","86","0.5350877192982456","57","86","0.4657534246575342","73","86","0.5","54","86","0.46774193548387094","62","86","0.41935483870967744","62","86","0.5258620689655172","58","86","0.417910447761194","67","86","0.5373134328358209","67","86","0.5","67","86","0.4126984126984127","63","86","0.4491525423728814","59","86","0.49038461538461536","52","86","0.3888888888888889","63","86","0.4772727272727273","66","86","0.48412698412698413","63","86","0.390625","64","86","0.4661016949152542","59","86","0.45454545454545453","77","86","0.5072463768115942","69","86","0.484375","64","86","0.5373134328358209","67","86","0.509090909090909","55","86","0.475","60","86","0.5078125","64","86","0.5409836065573771","61","86","0.40425531914893614","47","86","0.4811320754716981","53","86","0.3728813559322034","59","86","0.38095238095238093","42","86","0.3541666666666667","48","86","0.45121951219512196","41","86","0.4230769230769231","52","86","0.3875","40","86","0.4019607843137255","51","86","0.42391304347826086","46","86","0.3490566037735849","53","86","0.33","50","86","0.4387755102040816","49","86","0.43478260869565216","46","86","0.40217391304347827","46","86","0.4387755102040816","49","86","0.25555555555555554","45","86","0.5","47","86","0.4868421052631579","38","86","0.32051282051282054","39","86","0.4523809523809524","42","86","0.37254901960784315","51","86","0.41304347826086957","46","86","0.39361702127659576","47","86","0.375","48","86","0.43636363636363634","55","86","0.3333333333333333","42","86","0.3695652173913043","46","86","0.4714285714285714","35","86","0.2840909090909091","44"
,"87","0.5416666666666666","60","87","0.5","51","87","0.49206349206349204","63","87","0.4230769230769231","52","87","0.4274193548387097","62","87","0.5350877192982456","57","87","0.46621621621621623","74","87","0.49056603773584906","53","87","0.46774193548387094","62","87","0.41935483870967744","62","87","0.5254237288135594","59","87","0.417910447761194","67","87","0.5367647058823529","68","87","0.5","64","87","0.4126984126984127","63","87","0.4482758620689655","58","87","0.49038461538461536","52","87","0.390625","64","87","0.47692307692307695","65","87","0.47580645161290325","62","87","0.3888888888888889","63","87","0.4661016949152542","59","87","0.45394736842105265","76","87","0.5","68","87","0.47692307692307695","65","87","0.546875","64","87","0.509090909090909","55","87","0.475","60","87","0.5078125","64","87","0.5409836065573771","61","87","0.41304347826086957","46","87","0.4811320754716981","53","87","0.3620689655172414","58","87","0.38095238095238093","42","87","0.35106382978723405","47","87","0.43902439024390244","41","87","0.4230769230769231","52","87","0.3875","40","87","0.4019607843137255","51","87","0.4148936170212766","47","87","0.3490566037735849","53","87","0.32653061224489793","49","87","0.4387755102040816","49","87","0.43478260869565216","46","87","0.4111111111111111","45","87","0.4387755102040816","49","87","0.25609756097560976","41","87","0.5","47","87","0.4868421052631579","38","87","0.32894736842105265","38","87","0.4523809523809524","42","87","0.37","50","87","0.41304347826086957","46","87","0.391304347826087","46","87","0.375","48","87","0.43636363636363634","55","87","0.3333333333333333","42","87","0.3695652173913043","46","87","0.4714285714285714","35","87","0.2840909090909091","44"
,"88","0.5508474576271186","59","88","0.5","51","88","0.49206349206349204","63","88","0.4215686274509804","51","88","0.4274193548387097","62","88","0.5350877192982456","57","88","0.46621621621621623","74","88","0.5","52","88","0.45901639344262296","61","88","0.41935483870967744","62","88","0.5254237288135594","59","88","0.4166666666666667","66","88","0.5373134328358209","67","88","0.5","64","88","0.4112903225806452","62","88","0.4482758620689655","58","88","0.5","51","88","0.3888888888888889","63","88","0.47692307692307695","65","88","0.47580645161290325","62","88","0.390625","64","88","0.4661016949152542","59","88","0.4594594594594595","74","88","0.4925373134328358","67","88","0.4696969696969697","66","88","0.546875","64","88","0.509090909090909","55","88","0.4672131147540984","61","88","0.5078125","64","88","0.5416666666666666","60","88","0.41304347826086957","46","88","0.4807692307692308","52","88","0.375","56","88","0.38095238095238093","42","88","0.35106382978723405","47","88","0.4375","40","88","0.4230769230769231","52","88","0.3875","40","88","0.4019607843137255","51","88","0.4148936170212766","47","88","0.35185185185185186","54","88","0.3191489361702128","47","88","0.4375","48","88","0.4318181818181818","44","88","0.4111111111111111","45","88","0.4387755102040816","49","88","0.25","40","88","0.4891304347826087","46","88","0.4868421052631579","38","88","0.32432432432432434","37","88","0.45121951219512196","41","88","0.3557692307692308","52","88","0.41304347826086957","46","88","0.391304347826087","46","88","0.3723404255319149","47","88","0.43636363636363634","55","88","0.3333333333333333","42","88","0.37777777777777777","45","88","0.4714285714285714","35","88","0.2840909090909091","44"
,"89","0.543859649122807","57","89","0.5","49","89","0.49206349206349204","63","89","0.4215686274509804","51","89","0.41935483870967744","62","89","0.5344827586206896","58","89","0.46621621621621623","74","89","0.5","51","89","0.45901639344262296","61","89","0.41935483870967744","62","89","0.5175438596491229","57","89","0.4166666666666667","66","89","0.5373134328358209","67","89","0.49206349206349204","63","89","0.42063492063492064","63","89","0.4298245614035088","57","89","0.5","51","89","0.4032258064516129","62","89","0.47692307692307695","65","89","0.47580645161290325","62","89","0.3888888888888889","63","89","0.475","60","89","0.4589041095890411","73","89","0.5","66","89","0.47692307692307695","65","89","0.546875","64","89","0.5092592592592593","54","89","0.4672131147540984","61","89","0.5078125","64","89","0.5431034482758621","58","89","0.41304347826086957","46","89","0.4807692307692308","52","89","0.37272727272727274","55","89","0.38095238095238093","42","89","0.34782608695652173","46","89","0.4125","40","89","0.41509433962264153","53","89","0.3875","40","89","0.4","50","89","0.4270833333333333","48","89","0.35185185185185186","54","89","0.3191489361702128","47","89","0.43617021276595747","47","89","0.4318181818181818","44","89","0.4090909090909091","44","89","0.43617021276595747","47","89","0.25609756097560976","41","89","0.4891304347826087","46","89","0.4864864864864865","37","89","0.32432432432432434","37","89","0.4625","40","89","0.35","50","89","0.40425531914893614","47","89","0.391304347826087","46","89","0.3723404255319149","47","89","0.43636363636363634","55","89","0.34146341463414637","41","89","0.37777777777777777","45","89","0.4714285714285714","35","89","0.29069767441860467","43"
,"90","0.543859649122807","57","90","0.5106382978723404","47","90","0.49206349206349204","63","90","0.4215686274509804","51","90","0.41935483870967744","62","90","0.5350877192982456","57","90","0.46621621621621623","74","90","0.5","51","90","0.45901639344262296","61","90","0.39344262295081966","61","90","0.5175438596491229","57","90","0.4166666666666667","66","90","0.5367647058823529","68","90","0.49206349206349204","63","90","0.4140625","64","90","0.43636363636363634","55","90","0.49","50","90","0.4","60","90","0.4765625","64","90","0.47580645161290325","62","90","0.3888888888888889","63","90","0.475","60","90","0.45774647887323944","71","90","0.5","64","90","0.47692307692307695","65","90","0.546875","64","90","0.5092592592592593","54","90","0.4672131147540984","61","90","0.5080645161290323","62","90","0.543859649122807","57","90","0.41304347826086957","46","90","0.4807692307692308","52","90","0.37272727272727274","55","90","0.38095238095238093","42","90","0.34782608695652173","46","90","0.42105263157894735","38","90","0.4215686274509804","51","90","0.3875","40","90","0.3979591836734694","49","90","0.4148936170212766","47","90","0.35185185185185186","54","90","0.3191489361702128","47","90","0.43478260869565216","46","90","0.42045454545454547","44","90","0.4069767441860465","43","90","0.44680851063829785","47","90","0.25","40","90","0.4891304347826087","46","90","0.4722222222222222","36","90","0.32432432432432434","37","90","0.46153846153846156","39","90","0.35","50","90","0.40425531914893614","47","90","0.391304347826087","46","90","0.3723404255319149","47","90","0.43636363636363634","55","90","0.3375","40","90","0.37777777777777777","45","90","0.4714285714285714","35","90","0.29545454545454547","44"
,"91","0.5357142857142857","56","91","0.5106382978723404","47","91","0.49206349206349204","63","91","0.4215686274509804","51","91","0.4262295081967213","61","91","0.5446428571428571","56","91","0.4726027397260274","73","91","0.5","51","91","0.45901639344262296","61","91","0.39166666666666666","60","91","0.5258620689655172","58","91","0.417910447761194","67","91","0.5441176470588235","68","91","0.49206349206349204","63","91","0.4153846153846154","65","91","0.43636363636363634","55","91","0.49","50","91","0.4","60","91","0.47692307692307695","65","91","0.47540983606557374","61","91","0.3888888888888889","63","91","0.475","60","91","0.45774647887323944","71","91","0.5","64","91","0.4696969696969697","66","91","0.5476190476190477","63","91","0.5094339622641509","53","91","0.4672131147540984","61","91","0.5081967213114754","61","91","0.543859649122807","57","91","0.4","45","91","0.4807692307692308","52","91","0.37272727272727274","55","91","0.36585365853658536","41","91","0.34782608695652173","46","91","0.42105263157894735","38","91","0.4215686274509804","51","91","0.38461538461538464","39","91","0.3958333333333333","48","91","0.4148936170212766","47","91","0.3584905660377358","53","91","0.30851063829787234","47","91","0.43333333333333335","45","91","0.42045454545454547","44","91","0.4090909090909091","44","91","0.44565217391304346","46","91","0.25","40","91","0.4891304347826087","46","91","0.4722222222222222","36","91","0.32432432432432434","37","91","0.46153846153846156","39","91","0.3431372549019608","51","91","0.40217391304347827","46","91","0.391304347826087","46","91","0.3723404255319149","47","91","0.43636363636363634","55","91","0.3375","40","91","0.37777777777777777","45","91","0.4714285714285714","35","91","0.29545454545454547","44"
,"92","0.5462962962962963","54","92","0.5106382978723404","47","92","0.49193548387096775","62","92","0.4215686274509804","51","92","0.4262295081967213","61","92","0.5545454545454546","55","92","0.47333333333333333","75","92","0.51","50","92","0.45901639344262296","61","92","0.3898305084745763","59","92","0.5258620689655172","58","92","0.417910447761194","67","92","0.5373134328358209","67","92","0.48360655737704916","61","92","0.4153846153846154","65","92","0.43636363636363634","55","92","0.4897959183673469","49","92","0.38596491228070173","57","92","0.48412698412698413","63","92","0.47540983606557374","61","92","0.3870967741935484","62","92","0.475","60","92","0.45774647887323944","71","92","0.5","64","92","0.4696969696969697","66","92","0.5483870967741935","62","92","0.5096153846153846","52","92","0.47580645161290325","62","92","0.5080645161290323","62","92","0.5446428571428571","56","92","0.40217391304347827","46","92","0.4807692307692308","52","92","0.36607142857142855","56","92","0.36585365853658536","41","92","0.34782608695652173","46","92","0.42105263157894735","38","92","0.4230769230769231","52","92","0.3815789473684211","38","92","0.3958333333333333","48","92","0.4148936170212766","47","92","0.3557692307692308","52","92","0.30434782608695654","46","92","0.4318181818181818","44","92","0.4186046511627907","43","92","0.4069767441860465","43","92","0.45555555555555555","45","92","0.25","40","92","0.4787234042553192","47","92","0.4722222222222222","36","92","0.32432432432432434","37","92","0.46153846153846156","39","92","0.336734693877551","49","92","0.4111111111111111","45","92","0.391304347826087","46","92","0.3723404255319149","47","92","0.4528301886792453","53","92","0.3375","40","92","0.375","44","92","0.4714285714285714","35","92","0.29545454545454547","44"
,"93","0.5454545454545454","55","93","0.5106382978723404","47","93","0.48360655737704916","61","93","0.4215686274509804","51","93","0.423728813559322","59","93","0.5462962962962963","54","93","0.4797297297297297","74","93","0.51","50","93","0.4666666666666667","60","93","0.3898305084745763","59","93","0.5344827586206896","58","93","0.4090909090909091","66","93","0.5303030303030303","66","93","0.48360655737704916","61","93","0.42063492063492064","63","93","0.4375","56","93","0.4897959183673469","49","93","0.38596491228070173","57","93","0.47580645161290325","62","93","0.47540983606557374","61","93","0.3870967741935484","62","93","0.475","60","93","0.45774647887323944","71","93","0.5","64","93","0.4696969696969697","66","93","0.5483870967741935","62","93","0.5096153846153846","52","93","0.4672131147540984","61","93","0.5","61","93","0.5446428571428571","56","93","0.4148936170212766","47","93","0.4807692307692308","52","93","0.36363636363636365","55","93","0.36585365853658536","41","93","0.3333333333333333","45","93","0.42105263157894735","38","93","0.4230769230769231","52","93","0.3783783783783784","37","93","0.3958333333333333","48","93","0.40217391304347827","46","93","0.3557692307692308","52","93","0.30851063829787234","47","93","0.4418604651162791","43","93","0.4186046511627907","43","93","0.4069767441860465","43","93","0.45555555555555555","45","93","0.25","40","93","0.4891304347826087","46","93","0.4722222222222222","36","93","0.32432432432432434","37","93","0.46153846153846156","39","93","0.336734693877551","49","93","0.4111111111111111","45","93","0.391304347826087","46","93","0.3723404255319149","47","93","0.46153846153846156","52","93","0.3375","40","93","0.375","44","93","0.4714285714285714","35","93","0.3","45"
,"94","0.5446428571428571","56","94","0.5","46","94","0.48333333333333334","60","94","0.4230769230769231","52","94","0.423728813559322","59","94","0.5454545454545454","55","94","0.4866666666666667","75","94","0.5204081632653061","49","94","0.4666666666666667","60","94","0.37719298245614036","57","94","0.5344827586206896","58","94","0.4090909090909091","66","94","0.5307692307692308","65","94","0.48360655737704916","61","94","0.42063492063492064","63","94","0.4298245614035088","57","94","0.48936170212765956","47","94","0.38596491228070173","57","94","0.48360655737704916","61","94","0.475","60","94","0.3870967741935484","62","94","0.4745762711864407","59","94","0.45714285714285713","70","94","0.5","64","94","0.4701492537313433","67","94","0.5483870967741935","62","94","0.5188679245283019","53","94","0.4666666666666667","60","94","0.5083333333333333","60","94","0.5446428571428571","56","94","0.41304347826086957","46","94","0.4807692307692308","52","94","0.37037037037037035","54","94","0.36585365853658536","41","94","0.3333333333333333","45","94","0.42105263157894735","38","94","0.42452830188679247","53","94","0.3783783783783784","37","94","0.3958333333333333","48","94","0.3888888888888889","45","94","0.35294117647058826","51","94","0.30851063829787234","47","94","0.4418604651162791","43","94","0.42857142857142855","42","94","0.4069767441860465","43","94","0.45454545454545453","44","94","0.2682926829268293","41","94","0.4891304347826087","46","94","0.4722222222222222","36","94","0.32432432432432434","37","94","0.47368421052631576","38","94","0.32653061224489793","49","94","0.4111111111111111","45","94","0.391304347826087","46","94","0.3723404255319149","47","94","0.47","50","94","0.3375","40","94","0.375","44","94","0.4714285714285714","35","94","0.3068181818181818","44"
,"95","0.5446428571428571","56","95","0.5","46","95","0.48333333333333334","60","95","0.4117647058823529","51","95","0.423728813559322","59","95","0.5454545454545454","55","95","0.4864864864864865","74","95","0.53","50","95","0.4666666666666667","60","95","0.37719298245614036","57","95","0.5344827586206896","58","95","0.4090909090909091","66","95","0.5384615384615384","65","95","0.48360655737704916","61","95","0.42063492063492064","63","95","0.42857142857142855","56","95","0.48936170212765956","47","95","0.38596491228070173","57","95","0.48360655737704916","61","95","0.4745762711864407","59","95","0.38095238095238093","63","95","0.4745762711864407","59","95","0.45652173913043476","69","95","0.5","64","95","0.4696969696969697","66","95","0.5483870967741935","62","95","0.5096153846153846","52","95","0.4666666666666667","60","95","0.5","59","95","0.5377358490566038","53","95","0.4222222222222222","45","95","0.4807692307692308","52","95","0.37037037037037035","54","95","0.36585365853658536","41","95","0.32558139534883723","43","95","0.43243243243243246","37","95","0.4230769230769231","52","95","0.3888888888888889","36","95","0.3958333333333333","48","95","0.3888888888888889","45","95","0.35294117647058826","51","95","0.30851063829787234","47","95","0.4418604651162791","43","95","0.43902439024390244","41","95","0.4069767441860465","43","95","0.45348837209302323","43","95","0.2682926829268293","41","95","0.4891304347826087","46","95","0.4857142857142857","35","95","0.32432432432432434","37","95","0.47297297297297297","37","95","0.32653061224489793","49","95","0.4090909090909091","44","95","0.3888888888888889","45","95","0.3723404255319149","47","95","0.46078431372549017","51","95","0.3333333333333333","39","95","0.37209302325581395","43","95","0.4714285714285714","35","95","0.3068181818181818","44"
,"96","0.5446428571428571","56","96","0.5","46","96","0.4830508474576271","59","96","0.41","50","96","0.43103448275862066","58","96","0.5555555555555556","54","96","0.4794520547945205","73","96","0.5306122448979592","49","96","0.4661016949152542","59","96","0.38392857142857145","56","96","0.5363636363636364","55","96","0.40625","64","96","0.53125","64","96","0.48360655737704916","61","96","0.4112903225806452","62","96","0.41818181818181815","55","96","0.48936170212765956","47","96","0.38596491228070173","57","96","0.48360655737704916","61","96","0.4745762711864407","59","96","0.38095238095238093","63","96","0.4745762711864407","59","96","0.45652173913043476","69","96","0.5","63","96","0.4696969696969697","66","96","0.5483870967741935","62","96","0.5096153846153846","52","96","0.4666666666666667","60","96","0.5","59","96","0.5377358490566038","53","96","0.4222222222222222","45","96","0.49019607843137253","51","96","0.37037037037037035","54","96","0.36585365853658536","41","96","0.32558139534883723","43","96","0.43243243243243246","37","96","0.43","50","96","0.3888888888888889","36","96","0.39361702127659576","47","96","0.3888888888888889","45","96","0.3431372549019608","51","96","0.30851063829787234","47","96","0.4418604651162791","43","96","0.43902439024390244","41","96","0.40476190476190477","42","96","0.45454545454545453","44","96","0.2682926829268293","41","96","0.4777777777777778","45","96","0.47058823529411764","34","96","0.32432432432432434","37","96","0.47297297297297297","37","96","0.32653061224489793","49","96","0.4090909090909091","44","96","0.375","44","96","0.3723404255319149","47","96","0.47","50","96","0.32894736842105265","38","96","0.35714285714285715","42","96","0.4722222222222222","36","96","0.3068181818181818","44"
,"97","0.5446428571428571","56","97","0.5","46","97","0.4830508474576271","59","97","0.41346153846153844","52","97","0.43103448275862066","58","97","0.5555555555555556","54","97","0.4794520547945205","73","97","0.5306122448979592","49","97","0.4661016949152542","59","97","0.38596491228070173","57","97","0.5363636363636364","55","97","0.4076923076923077","65","97","0.53125","64","97","0.4915254237288136","59","97","0.4098360655737705","61","97","0.41818181818181815","55","97","0.4895833333333333","48","97","0.38392857142857145","56","97","0.48333333333333334","60","97","0.46551724137931033","58","97","0.38095238095238093","63","97","0.4745762711864407","59","97","0.4632352941176471","68","97","0.5","64","97","0.4696969696969697","66","97","0.5491803278688525","61","97","0.5098039215686274","51","97","0.4661016949152542","59","97","0.5","59","97","0.5490196078431373","51","97","0.4222222222222222","45","97","0.49019607843137253","51","97","0.37037037037037035","54","97","0.38095238095238093","42","97","0.32558139534883723","43","97","0.4264705882352941","34","97","0.43137254901960786","51","97","0.3888888888888889","36","97","0.39361702127659576","47","97","0.36904761904761907","42","97","0.3431372549019608","51","97","0.30851063829787234","47","97","0.4418604651162791","43","97","0.43902439024390244","41","97","0.3902439024390244","41","97","0.44047619047619047","42","97","0.2682926829268293","41","97","0.46511627906976744","43","97","0.4696969696969697","33","97","0.32432432432432434","37","97","0.47297297297297297","37","97","0.32653061224489793","49","97","0.4090909090909091","44","97","0.375","44","97","0.3723404255319149","47","97","0.46078431372549017","51","97","0.32894736842105265","38","97","0.36585365853658536","41","97","0.4722222222222222","36","97","0.3068181818181818","44"
,"98","0.5446428571428571","56","98","0.4888888888888889","45","98","0.4830508474576271","59","98","0.4117647058823529","51","98","0.42105263157894735","57","98","0.5555555555555556","54","98","0.4794520547945205","73","98","0.53125","48","98","0.4661016949152542","59","98","0.38596491228070173","57","98","0.5370370370370371","54","98","0.4076923076923077","65","98","0.5317460317460317","63","98","0.4915254237288136","59","98","0.4262295081967213","61","98","0.41818181818181815","55","98","0.4895833333333333","48","98","0.38181818181818183","55","98","0.48333333333333334","60","98","0.4649122807017544","57","98","0.38095238095238093","63","98","0.4745762711864407","59","98","0.4626865671641791","67","98","0.5","64","98","0.46923076923076923","65","98","0.55","60","98","0.5192307692307693","52","98","0.45689655172413796","58","98","0.5","58","98","0.5490196078431373","51","98","0.4318181818181818","44","98","0.4897959183673469","49","98","0.37037037037037035","54","98","0.38095238095238093","42","98","0.313953488372093","43","98","0.4264705882352941","34","98","0.43137254901960786","51","98","0.38571428571428573","35","98","0.391304347826087","46","98","0.36904761904761907","42","98","0.3431372549019608","51","98","0.29347826086956524","46","98","0.4418604651162791","43","98","0.43902439024390244","41","98","0.3902439024390244","41","98","0.45121951219512196","41","98","0.27380952380952384","42","98","0.46511627906976744","43","98","0.46875","32","98","0.32432432432432434","37","98","0.4411764705882353","34","98","0.32653061224489793","49","98","0.4090909090909091","44","98","0.375","44","98","0.3723404255319149","47","98","0.46078431372549017","51","98","0.3333333333333333","39","98","0.36585365853658536","41","98","0.45714285714285713","35","98","0.313953488372093","43"
,"99","0.5446428571428571","56","99","0.4888888888888889","45","99","0.48333333333333334","60","99","0.4117647058823529","51","99","0.41964285714285715","56","99","0.5555555555555556","54","99","0.4794520547945205","73","99","0.53125","48","99","0.4661016949152542","59","99","0.38596491228070173","57","99","0.5370370370370371","54","99","0.4140625","64","99","0.5317460317460317","63","99","0.4915254237288136","59","99","0.425","60","99","0.41818181818181815","55","99","0.4895833333333333","48","99","0.38181818181818183","55","99","0.48333333333333334","60","99","0.45454545454545453","55","99","0.38095238095238093","63","99","0.475","60","99","0.4626865671641791","67","99","0.5","65","99","0.46875","64","99","0.5517241379310345","58","99","0.51","50","99","0.45689655172413796","58","99","0.5","56","99","0.56","50","99","0.4318181818181818","44","99","0.5","48","99","0.37037037037037035","54","99","0.3902439024390244","41","99","0.313953488372093","43","99","0.40625","32","99","0.43137254901960786","51","99","0.38571428571428573","35","99","0.3977272727272727","44","99","0.37209302325581395","43","99","0.3431372549019608","51","99","0.29347826086956524","46","99","0.44047619047619047","42","99","0.43902439024390244","41","99","0.3902439024390244","41","99","0.45121951219512196","41","99","0.2682926829268293","41","99","0.46511627906976744","43","99","0.46875","32","99","0.32894736842105265","38","99","0.4393939393939394","33","99","0.3229166666666667","48","99","0.4069767441860465","43","99","0.37209302325581395","43","99","0.3723404255319149","47","99","0.4519230769230769","52","99","0.3194444444444444","36","99","0.3625","40","99","0.45714285714285713","35","99","0.2976190476190476","42"
,"100","0.5526315789473685","57","100","0.4888888888888889","45","100","0.4830508474576271","59","100","0.41","50","100","0.41964285714285715","56","100","0.5545454545454546","55","100","0.4794520547945205","73","100","0.53125","48","100","0.45614035087719296","57","100","0.38596491228070173","57","100","0.5377358490566038","53","100","0.4140625","64","100","0.5317460317460317","63","100","0.49166666666666664","60","100","0.423728813559322","59","100","0.41818181818181815","55","100","0.4895833333333333","48","100","0.38181818181818183","55","100","0.48333333333333334","60","100","0.45454545454545453","55","100","0.38095238095238093","63","100","0.4666666666666667","60","100","0.4626865671641791","67","100","0.5","62","100","0.46875","64","100","0.5517241379310345","58","100","0.51","50","100","0.45689655172413796","58","100","0.5","55","100","0.56","50","100","0.4318181818181818","44","100","0.4897959183673469","49","100","0.37037037037037035","54","100","0.3902439024390244","41","100","0.313953488372093","43","100","0.40625","32","100","0.43137254901960786","51","100","0.375","36","100","0.3977272727272727","44","100","0.375","44","100","0.33653846153846156","52","100","0.29347826086956524","46","100","0.4418604651162791","43","100","0.44047619047619047","42","100","0.375","40","100","0.4625","40","100","0.2682926829268293","41","100","0.46511627906976744","43","100","0.46875","32","100","0.32894736842105265","38","100","0.4393939393939394","33","100","0.3191489361702128","47","100","0.4069767441860465","43","100","0.3780487804878049","41","100","0.3723404255319149","47","100","0.4411764705882353","51","100","0.3194444444444444","36","100","0.3780487804878049","41","100","0.45454545454545453","33","100","0.2976190476190476","42"
,"101","0.5462962962962963","54","101","0.4888888888888889","45","101","0.4830508474576271","59","101","0.41","50","101","0.41964285714285715","56","101","0.5545454545454546","55","101","0.4794520547945205","73","101","0.53125","48","101","0.44642857142857145","56","101","0.39090909090909093","55","101","0.5377358490566038","53","101","0.4140625","64","101","0.5241935483870968","62","101","0.49166666666666664","60","101","0.423728813559322","59","101","0.41818181818181815","55","101","0.4895833333333333","48","101","0.38181818181818183","55","101","0.48333333333333334","60","101","0.45454545454545453","55","101","0.3870967741935484","62","101","0.4649122807017544","57","101","0.47058823529411764","68","101","0.49166666666666664","60","101","0.45161290322580644","62","101","0.5714285714285714","56","101","0.5208333333333334","48","101","0.45689655172413796","58","101","0.5","55","101","0.5588235294117647","51","101","0.4318181818181818","44","101","0.4897959183673469","49","101","0.37037037037037035","54","101","0.3902439024390244","41","101","0.313953488372093","43","101","0.40625","32","101","0.43137254901960786","51","101","0.375","36","101","0.4166666666666667","42","101","0.37209302325581395","43","101","0.33653846153846156","52","101","0.29347826086956524","46","101","0.4418604651162791","43","101","0.44047619047619047","42","101","0.375","40","101","0.4625","40","101","0.2682926829268293","41","101","0.46511627906976744","43","101","0.46875","32","101","0.32432432432432434","37","101","0.4393939393939394","33","101","0.32608695652173914","46","101","0.4069767441860465","43","101","0.3780487804878049","41","101","0.3723404255319149","47","101","0.44","50","101","0.3194444444444444","36","101","0.3780487804878049","41","101","0.453125","32","101","0.3048780487804878","41"
,"102","0.5454545454545454","55","102","0.4888888888888889","45","102","0.4824561403508772","57","102","0.41","50","102","0.41964285714285715","56","102","0.5545454545454546","55","102","0.4794520547945205","73","102","0.53125","48","102","0.4473684210526316","57","102","0.38181818181818183","55","102","0.5377358490566038","53","102","0.4126984126984127","63","102","0.5241935483870968","62","102","0.4918032786885246","61","102","0.4224137931034483","58","102","0.41818181818181815","55","102","0.5108695652173914","46","102","0.37962962962962965","54","102","0.48333333333333334","60","102","0.45454545454545453","55","102","0.3770491803278688","61","102","0.4649122807017544","57","102","0.4626865671641791","67","102","0.49166666666666664","60","102","0.4491525423728814","59","102","0.5740740740740741","54","102","0.5208333333333334","48","102","0.45689655172413796","58","102","0.5","55","102","0.5588235294117647","51","102","0.4318181818181818","44","102","0.4897959183673469","49","102","0.37037037037037035","54","102","0.3902439024390244","41","102","0.313953488372093","43","102","0.40625","32","102","0.43137254901960786","51","102","0.37142857142857144","35","102","0.4146341463414634","41","102","0.37209302325581395","43","102","0.3431372549019608","51","102","0.29347826086956524","46","102","0.4418604651162791","43","102","0.4268292682926829","41","102","0.375","40","102","0.4625","40","102","0.2682926829268293","41","102","0.46511627906976744","43","102","0.46774193548387094","31","102","0.32432432432432434","37","102","0.4393939393939394","33","102","0.32608695652173914","46","102","0.4069767441860465","43","102","0.3780487804878049","41","102","0.3723404255319149","47","102","0.4489795918367347","49","102","0.3194444444444444","36","102","0.375","40","102","0.453125","32","102","0.3048780487804878","41"
,"103","0.5454545454545454","55","103","0.4888888888888889","45","103","0.4818181818181818","55","103","0.41","50","103","0.41964285714285715","56","103","0.5545454545454546","55","103","0.4794520547945205","73","103","0.53125","48","103","0.44642857142857145","56","103","0.38181818181818183","55","103","0.5384615384615384","52","103","0.4112903225806452","62","103","0.5241935483870968","62","103","0.4915254237288136","59","103","0.43103448275862066","58","103","0.41818181818181815","55","103","0.5108695652173914","46","103","0.37962962962962965","54","103","0.48333333333333334","60","103","0.45454545454545453","55","103","0.375","60","103","0.4649122807017544","57","103","0.4626865671641791","67","103","0.5","61","103","0.4396551724137931","58","103","0.5660377358490566","53","103","0.5212765957446809","47","103","0.4661016949152542","59","103","0.5","55","103","0.5588235294117647","51","103","0.44047619047619047","42","103","0.4897959183673469","49","103","0.37735849056603776","53","103","0.3902439024390244","41","103","0.30952380952380953","42","103","0.4032258064516129","31","103","0.42857142857142855","49","103","0.37142857142857144","35","103","0.4146341463414634","41","103","0.37209302325581395","43","103","0.3431372549019608","51","103","0.29347826086956524","46","103","0.4418604651162791","43","103","0.4268292682926829","41","103","0.375","40","103","0.4625","40","103","0.2682926829268293","41","103","0.46511627906976744","43","103","0.46774193548387094","31","103","0.3333333333333333","36","103","0.453125","32","103","0.32608695652173914","46","103","0.39285714285714285","42","103","0.3780487804878049","41","103","0.3723404255319149","47","103","0.45098039215686275","51","103","0.3194444444444444","36","103","0.375","40","103","0.453125","32","103","0.30952380952380953","42"
,"104","0.5454545454545454","55","104","0.47619047619047616","42","104","0.4722222222222222","54","104","0.41","50","104","0.41964285714285715","56","104","0.5545454545454546","55","104","0.4794520547945205","73","104","0.5212765957446809","47","104","0.44545454545454544","55","104","0.38181818181818183","55","104","0.5384615384615384","52","104","0.4083333333333333","60","104","0.5327868852459017","61","104","0.4827586206896552","58","104","0.42857142857142855","56","104","0.41818181818181815","55","104","0.5108695652173914","46","104","0.37735849056603776","53","104","0.48360655737704916","61","104","0.45454545454545453","55","104","0.375","60","104","0.4649122807017544","57","104","0.4621212121212121","66","104","0.4824561403508772","57","104","0.4406779661016949","59","104","0.5576923076923077","52","104","0.5212765957446809","47","104","0.4666666666666667","60","104","0.5","55","104","0.56","50","104","0.44047619047619047","42","104","0.4897959183673469","49","104","0.38461538461538464","52","104","0.3902439024390244","41","104","0.30952380952380953","42","104","0.4032258064516129","31","104","0.42857142857142855","49","104","0.37142857142857144","35","104","0.4146341463414634","41","104","0.38095238095238093","42","104","0.3431372549019608","51","104","0.29347826086956524","46","104","0.45121951219512196","41","104","0.42857142857142855","42","104","0.375","40","104","0.4634146341463415","41","104","0.2682926829268293","41","104","0.4666666666666667","45","104","0.46774193548387094","31","104","0.32857142857142857","35","104","0.453125","32","104","0.32608695652173914","46","104","0.39285714285714285","42","104","0.3780487804878049","41","104","0.3723404255319149","47","104","0.44","50","104","0.3142857142857143","35","104","0.375","40","104","0.453125","32","104","0.3048780487804878","41"
,"105","0.5454545454545454","55","105","0.4883720930232558","43","105","0.46226415094339623","53","105","0.41","50","105","0.41964285714285715","56","105","0.5648148148148148","54","105","0.4722222222222222","72","105","0.5212765957446809","47","105","0.44545454545454544","55","105","0.38181818181818183","55","105","0.5384615384615384","52","105","0.4180327868852459","61","105","0.5333333333333333","60","105","0.4830508474576271","59","105","0.42727272727272725","55","105","0.41818181818181815","55","105","0.5108695652173914","46","105","0.37735849056603776","53","105","0.48360655737704916","61","105","0.45454545454545453","55","105","0.36885245901639346","61","105","0.4649122807017544","57","105","0.4621212121212121","66","105","0.4827586206896552","58","105","0.4396551724137931","58","105","0.5576923076923077","52","105","0.5208333333333334","48","105","0.4666666666666667","60","105","0.5","55","105","0.5490196078431373","51","105","0.44047619047619047","42","105","0.4791666666666667","48","105","0.38461538461538464","52","105","0.3902439024390244","41","105","0.30952380952380953","42","105","0.3793103448275862","29","105","0.42857142857142855","49","105","0.36764705882352944","34","105","0.4125","40","105","0.38095238095238093","42","105","0.3469387755102041","49","105","0.29347826086956524","46","105","0.4375","40","105","0.42857142857142855","42","105","0.375","40","105","0.4634146341463415","41","105","0.275","40","105","0.4659090909090909","44","105","0.45","30","105","0.32857142857142857","35","105","0.46774193548387094","31","105","0.32608695652173914","46","105","0.39285714285714285","42","105","0.3780487804878049","41","105","0.3723404255319149","47","105","0.44","50","105","0.3142857142857143","35","105","0.375","40","105","0.453125","32","105","0.3026315789473684","38"
,"106","0.5454545454545454","55","106","0.4883720930232558","43","106","0.45098039215686275","51","106","0.41836734693877553","49","106","0.4090909090909091","55","106","0.5648148148148148","54","106","0.4652777777777778","72","106","0.5212765957446809","47","106","0.44545454545454544","55","106","0.37962962962962965","54","106","0.5384615384615384","52","106","0.4180327868852459","61","106","0.5258620689655172","58","106","0.4915254237288136","59","106","0.4339622641509434","53","106","0.41818181818181815","55","106","0.5111111111111111","45","106","0.37735849056603776","53","106","0.48360655737704916","61","106","0.45454545454545453","55","106","0.375","60","106","0.4649122807017544","57","106","0.4621212121212121","66","106","0.49107142857142855","56","106","0.43103448275862066","58","106","0.5576923076923077","52","106","0.5208333333333334","48","106","0.4576271186440678","59","106","0.5","55","106","0.56","50","106","0.44047619047619047","42","106","0.4787234042553192","47","106","0.38461538461538464","52","106","0.3902439024390244","41","106","0.30952380952380953","42","106","0.3793103448275862","29","106","0.4166666666666667","48","106","0.36764705882352944","34","106","0.4125","40","106","0.3625","40","106","0.3469387755102041","49","106","0.28888888888888886","45","106","0.4375","40","106","0.42857142857142855","42","106","0.3684210526315789","38","106","0.4634146341463415","41","106","0.275","40","106","0.4659090909090909","44","106","0.45","30","106","0.32857142857142857","35","106","0.46774193548387094","31","106","0.32608695652173914","46","106","0.39285714285714285","42","106","0.3780487804878049","41","106","0.375","48","106","0.43137254901960786","51","106","0.3142857142857143","35","106","0.375","40","106","0.453125","32","106","0.3026315789473684","38"
,"107","0.5462962962962963","54","107","0.4883720930232558","43","107","0.45","50","107","0.42","50","107","0.4166666666666667","54","107","0.5648148148148148","54","107","0.4652777777777778","72","107","0.5212765957446809","47","107","0.44545454545454544","55","107","0.38461538461538464","52","107","0.5384615384615384","52","107","0.4180327868852459","61","107","0.5258620689655172","58","107","0.4915254237288136","59","107","0.4339622641509434","53","107","0.4166666666666667","54","107","0.5","46","107","0.375","52","107","0.48333333333333334","60","107","0.45454545454545453","55","107","0.3770491803278688","61","107","0.4649122807017544","57","107","0.4621212121212121","66","107","0.49107142857142855","56","107","0.4298245614035088","57","107","0.5588235294117647","51","107","0.5208333333333334","48","107","0.45689655172413796","58","107","0.5","55","107","0.56","50","107","0.44047619047619047","42","107","0.4777777777777778","45","107","0.38461538461538464","52","107","0.375","40","107","0.3170731707317073","41","107","0.3793103448275862","29","107","0.4166666666666667","48","107","0.36764705882352944","34","107","0.4125","40","107","0.3625","40","107","0.34375","48","107","0.28888888888888886","45","107","0.4375","40","107","0.42857142857142855","42","107","0.3684210526315789","38","107","0.4634146341463415","41","107","0.2564102564102564","39","107","0.47674418604651164","43","107","0.45","30","107","0.32857142857142857","35","107","0.46774193548387094","31","107","0.32608695652173914","46","107","0.39285714285714285","42","107","0.3780487804878049","41","107","0.3804347826086957","46","107","0.43137254901960786","51","107","0.3142857142857143","35","107","0.3815789473684211","38","107","0.453125","32","107","0.2972972972972973","37"
,"108","0.5480769230769231","52","108","0.4883720930232558","43","108","0.4489795918367347","49","108","0.41836734693877553","49","108","0.4166666666666667","54","108","0.5566037735849056","53","108","0.4647887323943662","71","108","0.5212765957446809","47","108","0.44642857142857145","56","108","0.38235294117647056","51","108","0.5384615384615384","52","108","0.4166666666666667","60","108","0.5263157894736842","57","108","0.4827586206896552","58","108","0.4339622641509434","53","108","0.4166666666666667","54","108","0.5111111111111111","45","108","0.3627450980392157","51","108","0.48333333333333334","60","108","0.45454545454545453","55","108","0.3770491803278688","61","108","0.4649122807017544","57","108","0.4621212121212121","66","108","0.49107142857142855","56","108","0.42857142857142855","56","108","0.5588235294117647","51","108","0.5208333333333334","48","108","0.45535714285714285","56","108","0.5","55","108","0.56","50","108","0.44047619047619047","42","108","0.47674418604651164","43","108","0.3867924528301887","53","108","0.375","40","108","0.3170731707317073","41","108","0.3793103448275862","29","108","0.4166666666666667","48","108","0.36764705882352944","34","108","0.41025641025641024","39","108","0.3375","40","108","0.34375","48","108","0.28888888888888886","45","108","0.425","40","108","0.42857142857142855","42","108","0.3684210526315789","38","108","0.4634146341463415","41","108","0.2625","40","108","0.47674418604651164","43","108","0.45","30","108","0.32857142857142857","35","108","0.46774193548387094","31","108","0.32608695652173914","46","108","0.39285714285714285","42","108","0.3780487804878049","41","108","0.3804347826086957","46","108","0.43137254901960786","51","108","0.3142857142857143","35","108","0.3815789473684211","38","108","0.453125","32","108","0.2972972972972973","37"
,"109","0.5480769230769231","52","109","0.4883720930232558","43","109","0.4489795918367347","49","109","0.4148936170212766","47","109","0.4056603773584906","53","109","0.5686274509803921","51","109","0.4647887323943662","71","109","0.5212765957446809","47","109","0.4444444444444444","54","109","0.38235294117647056","51","109","0.5377358490566038","53","109","0.4166666666666667","60","109","0.5263157894736842","57","109","0.4824561403508772","57","109","0.4339622641509434","53","109","0.4166666666666667","54","109","0.5111111111111111","45","109","0.36538461538461536","52","109","0.48360655737704916","61","109","0.4537037037037037","54","109","0.38333333333333336","60","109","0.4732142857142857","56","109","0.46153846153846156","65","109","0.49107142857142855","56","109","0.42857142857142855","56","109","0.5576923076923077","52","109","0.5208333333333334","48","109","0.45535714285714285","56","109","0.49056603773584906","53","109","0.56","50","109","0.44047619047619047","42","109","0.47674418604651164","43","109","0.3867924528301887","53","109","0.375","40","109","0.32051282051282054","39","109","0.3793103448275862","29","109","0.4166666666666667","48","109","0.37142857142857144","35","109","0.40789473684210525","38","109","0.3375","40","109","0.34375","48","109","0.28888888888888886","45","109","0.425","40","109","0.4268292682926829","41","109","0.3684210526315789","38","109","0.4634146341463415","41","109","0.2625","40","109","0.47674418604651164","43","109","0.45","30","109","0.32857142857142857","35","109","0.46774193548387094","31","109","0.32608695652173914","46","109","0.39285714285714285","42","109","0.3780487804878049","41","109","0.3804347826086957","46","109","0.43137254901960786","51","109","0.3181818181818182","33","109","0.36486486486486486","37","109","0.453125","32","109","0.3157894736842105","38"
,"110","0.5480769230769231","52","110","0.4883720930232558","43","110","0.4375","48","110","0.4148936170212766","47","110","0.4056603773584906","53","110","0.56","50","110","0.4647887323943662","71","110","0.5212765957446809","47","110","0.4444444444444444","54","110","0.38235294117647056","51","110","0.5377358490566038","53","110","0.4152542372881356","59","110","0.5263157894736842","57","110","0.4830508474576271","59","110","0.41509433962264153","53","110","0.4056603773584906","53","110","0.5113636363636364","44","110","0.37254901960784315","51","110","0.4661016949152542","59","110","0.45454545454545453","55","110","0.39166666666666666","60","110","0.4732142857142857","56","110","0.4621212121212121","66","110","0.4818181818181818","55","110","0.4298245614035088","57","110","0.5588235294117647","51","110","0.5208333333333334","48","110","0.46296296296296297","54","110","0.4807692307692308","52","110","0.56","50","110","0.44047619047619047","42","110","0.47674418604651164","43","110","0.38235294117647056","51","110","0.375","40","110","0.32051282051282054","39","110","0.3793103448275862","29","110","0.4148936170212766","47","110","0.37142857142857144","35","110","0.40789473684210525","38","110","0.3375","40","110","0.34375","48","110","0.28888888888888886","45","110","0.41025641025641024","39","110","0.4268292682926829","41","110","0.3684210526315789","38","110","0.4634146341463415","41","110","0.2625","40","110","0.47674418604651164","43","110","0.45","30","110","0.32857142857142857","35","110","0.48333333333333334","30","110","0.33695652173913043","46","110","0.38372093023255816","43","110","0.3780487804878049","41","110","0.3804347826086957","46","110","0.43137254901960786","51","110","0.3181818181818182","33","110","0.36486486486486486","37","110","0.453125","32","110","0.3157894736842105","38"
,"111","0.5490196078431373","51","111","0.4883720930232558","43","111","0.4375","48","111","0.4148936170212766","47","111","0.4056603773584906","53","111","0.56","50","111","0.4642857142857143","70","111","0.5222222222222223","45","111","0.4444444444444444","54","111","0.38235294117647056","51","111","0.5377358490566038","53","111","0.41379310344827586","58","111","0.5263157894736842","57","111","0.4827586206896552","58","111","0.4230769230769231","52","111","0.4056603773584906","53","111","0.5232558139534884","43","111","0.37254901960784315","51","111","0.4661016949152542","59","111","0.45454545454545453","55","111","0.3813559322033898","59","111","0.4732142857142857","56","111","0.46923076923076923","65","111","0.49074074074074076","54","111","0.42727272727272725","55","111","0.5588235294117647","51","111","0.5208333333333334","48","111","0.4423076923076923","52","111","0.4807692307692308","52","111","0.56","50","111","0.44047619047619047","42","111","0.47674418604651164","43","111","0.38235294117647056","51","111","0.375","40","111","0.32051282051282054","39","111","0.3793103448275862","29","111","0.4148936170212766","47","111","0.37142857142857144","35","111","0.40789473684210525","38","111","0.3375","40","111","0.35106382978723405","47","111","0.28888888888888886","45","111","0.42105263157894735","38","111","0.4268292682926829","41","111","0.3717948717948718","39","111","0.4634146341463415","41","111","0.2625","40","111","0.47674418604651164","43","111","0.45","30","111","0.32857142857142857","35","111","0.4827586206896552","29","111","0.33695652173913043","46","111","0.3902439024390244","41","111","0.375","40","111","0.3804347826086957","46","111","0.43137254901960786","51","111","0.3181818181818182","33","111","0.36486486486486486","37","111","0.453125","32","111","0.2972972972972973","37"
,"112","0.5490196078431373","51","112","0.4883720930232558","43","112","0.4387755102040816","49","112","0.4148936170212766","47","112","0.40384615384615385","52","112","0.56","50","112","0.4647887323943662","71","112","0.5222222222222223","45","112","0.4339622641509434","53","112","0.38235294117647056","51","112","0.5377358490566038","53","112","0.40350877192982454","57","112","0.5263157894736842","57","112","0.4827586206896552","58","112","0.4230769230769231","52","112","0.4056603773584906","53","112","0.5232558139534884","43","112","0.37254901960784315","51","112","0.45689655172413796","58","112","0.44339622641509435","53","112","0.39166666666666666","60","112","0.4732142857142857","56","112","0.4621212121212121","66","112","0.5","55","112","0.42727272727272725","55","112","0.5588235294117647","51","112","0.5208333333333334","48","112","0.4423076923076923","52","112","0.4716981132075472","53","112","0.56","50","112","0.4418604651162791","43","112","0.47619047619047616","42","112","0.38235294117647056","51","112","0.375","40","112","0.32051282051282054","39","112","0.3793103448275862","29","112","0.4148936170212766","47","112","0.38235294117647056","34","112","0.3974358974358974","39","112","0.34615384615384615","39","112","0.358695652173913","46","112","0.2840909090909091","44","112","0.42105263157894735","38","112","0.41025641025641024","39","112","0.35135135135135137","37","112","0.4634146341463415","41","112","0.25609756097560976","41","112","0.4880952380952381","42","112","0.4482758620689655","29","112","0.32857142857142857","35","112","0.4827586206896552","29","112","0.3333333333333333","45","112","0.3875","40","112","0.38461538461538464","39","112","0.3804347826086957","46","112","0.44","50","112","0.3181818181818182","33","112","0.36486486486486486","37","112","0.453125","32","112","0.2972972972972973","37"
,"113","0.54","50","113","0.4883720930232558","43","113","0.4387755102040816","49","113","0.41304347826086957","46","113","0.40384615384615385","52","113","0.5510204081632653","49","113","0.4647887323943662","71","113","0.5116279069767442","43","113","0.4444444444444444","54","113","0.38235294117647056","51","113","0.5377358490566038","53","113","0.40350877192982454","57","113","0.5267857142857143","56","113","0.4827586206896552","58","113","0.4230769230769231","52","113","0.4056603773584906","53","113","0.5","42","113","0.37254901960784315","51","113","0.4642857142857143","56","113","0.44339622641509435","53","113","0.3684210526315789","57","113","0.47368421052631576","57","113","0.4621212121212121","66","113","0.4803921568627451","51","113","0.4166666666666667","54","113","0.55","50","113","0.532608695652174","46","113","0.45","50","113","0.4716981132075472","53","113","0.56","50","113","0.4418604651162791","43","113","0.4878048780487805","41","113","0.38235294117647056","51","113","0.358974358974359","39","113","0.32051282051282054","39","113","0.3793103448275862","29","113","0.4166666666666667","48","113","0.38235294117647056","34","113","0.3974358974358974","39","113","0.35526315789473684","38","113","0.3409090909090909","44","113","0.2840909090909091","44","113","0.42105263157894735","38","113","0.40789473684210525","38","113","0.3472222222222222","36","113","0.4625","40","113","0.25609756097560976","41","113","0.4642857142857143","42","113","0.4482758620689655","29","113","0.32857142857142857","35","113","0.4827586206896552","29","113","0.3409090909090909","44","113","0.3875","40","113","0.38461538461538464","39","113","0.3804347826086957","46","113","0.4387755102040816","49","113","0.3088235294117647","34","113","0.36486486486486486","37","113","0.45161290322580644","31","113","0.3026315789473684","38"
,"114","0.5490196078431373","51","114","0.47560975609756095","41","114","0.4387755102040816","49","114","0.41304347826086957","46","114","0.40384615384615385","52","114","0.5625","48","114","0.4583333333333333","72","114","0.5116279069767442","43","114","0.4339622641509434","53","114","0.38235294117647056","51","114","0.5377358490566038","53","114","0.40350877192982454","57","114","0.5267857142857143","56","114","0.48333333333333334","60","114","0.4230769230769231","52","114","0.39814814814814814","54","114","0.5","42","114","0.36538461538461536","52","114","0.4642857142857143","56","114","0.44339622641509435","53","114","0.35454545454545455","55","114","0.47368421052631576","57","114","0.4621212121212121","66","114","0.47115384615384615","52","114","0.4166666666666667","54","114","0.5480769230769231","52","114","0.532608695652174","46","114","0.45918367346938777","49","114","0.4807692307692308","52","114","0.5612244897959183","49","114","0.4418604651162791","43","114","0.4878048780487805","41","114","0.38235294117647056","51","114","0.358974358974359","39","114","0.3157894736842105","38","114","0.3793103448275862","29","114","0.4166666666666667","48","114","0.38235294117647056","34","114","0.3974358974358974","39","114","0.35526315789473684","38","114","0.3409090909090909","44","114","0.2976190476190476","42","114","0.42105263157894735","38","114","0.40789473684210525","38","114","0.3472222222222222","36","114","0.4625","40","114","0.25609756097560976","41","114","0.47560975609756095","41","114","0.4482758620689655","29","114","0.296875","32","114","0.4827586206896552","29","114","0.3409090909090909","44","114","0.3875","40","114","0.38461538461538464","39","114","0.3804347826086957","46","114","0.4387755102040816","49","114","0.3088235294117647","34","114","0.36486486486486486","37","114","0.45161290322580644","31","114","0.2916666666666667","36"
,"115","0.5490196078431373","51","115","0.4625","40","115","0.4387755102040816","49","115","0.41304347826086957","46","115","0.40384615384615385","52","115","0.5625","48","115","0.4583333333333333","72","115","0.5116279069767442","43","115","0.4339622641509434","53","115","0.38235294117647056","51","115","0.5576923076923077","52","115","0.40350877192982454","57","115","0.5267857142857143","56","115","0.4824561403508772","57","115","0.4444444444444444","54","115","0.40384615384615385","52","115","0.5","42","115","0.37254901960784315","51","115","0.4649122807017544","57","115","0.44339622641509435","53","115","0.35454545454545455","55","115","0.47368421052631576","57","115","0.4621212121212121","66","115","0.4716981132075472","53","115","0.4056603773584906","53","115","0.5377358490566038","53","115","0.532608695652174","46","115","0.45918367346938777","49","115","0.4807692307692308","52","115","0.5612244897959183","49","115","0.43333333333333335","45","115","0.4878048780487805","41","115","0.37","50","115","0.358974358974359","39","115","0.3157894736842105","38","115","0.35714285714285715","28","115","0.425531914893617","47","115","0.38235294117647056","34","115","0.3783783783783784","37","115","0.35526315789473684","38","115","0.3409090909090909","44","115","0.2926829268292683","41","115","0.42105263157894735","38","115","0.40789473684210525","38","115","0.3472222222222222","36","115","0.4625","40","115","0.25609756097560976","41","115","0.475","40","115","0.4642857142857143","28","115","0.296875","32","115","0.4827586206896552","29","115","0.3409090909090909","44","115","0.4","40","115","0.38461538461538464","39","115","0.3804347826086957","46","115","0.4375","48","115","0.3181818181818182","33","115","0.36486486486486486","37","115","0.45","30","115","0.2916666666666667","36"
,"116","0.5576923076923077","52","116","0.4625","40","116","0.4387755102040816","49","116","0.4111111111111111","45","116","0.40384615384615385","52","116","0.5612244897959183","49","116","0.4527027027027027","74","116","0.5238095238095238","42","116","0.4339622641509434","53","116","0.38461538461538464","52","116","0.5510204081632653","49","116","0.40350877192982454","57","116","0.5181818181818182","55","116","0.4824561403508772","57","116","0.4339622641509434","53","116","0.4117647058823529","51","116","0.5","42","116","0.37254901960784315","51","116","0.45689655172413796","58","116","0.44339622641509435","53","116","0.3611111111111111","54","116","0.47368421052631576","57","116","0.4626865671641791","67","116","0.46","50","116","0.4056603773584906","53","116","0.5377358490566038","53","116","0.5212765957446809","47","116","0.45918367346938777","49","116","0.4807692307692308","52","116","0.5520833333333334","48","116","0.43333333333333335","45","116","0.4878048780487805","41","116","0.37254901960784315","51","116","0.358974358974359","39","116","0.3108108108108108","37","116","0.35714285714285715","28","116","0.425531914893617","47","116","0.3787878787878788","33","116","0.3783783783783784","37","116","0.35526315789473684","38","116","0.3409090909090909","44","116","0.2875","40","116","0.42105263157894735","38","116","0.40789473684210525","38","116","0.36363636363636365","33","116","0.4625","40","116","0.25609756097560976","41","116","0.475","40","116","0.4642857142857143","28","116","0.296875","32","116","0.4827586206896552","29","116","0.3409090909090909","44","116","0.375","40","116","0.38461538461538464","39","116","0.3888888888888889","45","116","0.4387755102040816","49","116","0.3181818181818182","33","116","0.35526315789473684","38","116","0.45","30","116","0.2916666666666667","36"
,"117","0.5686274509803921","51","117","0.4625","40","117","0.4387755102040816","49","117","0.3953488372093023","43","117","0.40384615384615385","52","117","0.5612244897959183","49","117","0.4594594594594595","74","117","0.5238095238095238","42","117","0.4326923076923077","52","117","0.38235294117647056","51","117","0.5520833333333334","48","117","0.4051724137931034","58","117","0.5181818181818182","55","117","0.48214285714285715","56","117","0.43137254901960786","51","117","0.4230769230769231","52","117","0.5","42","117","0.37254901960784315","51","117","0.45689655172413796","58","117","0.44339622641509435","53","117","0.3611111111111111","54","117","0.47368421052631576","57","117","0.4696969696969697","66","117","0.46","50","117","0.4056603773584906","53","117","0.5377358490566038","53","117","0.5212765957446809","47","117","0.45918367346938777","49","117","0.4807692307692308","52","117","0.5625","48","117","0.42857142857142855","42","117","0.4878048780487805","41","117","0.3673469387755102","49","117","0.358974358974359","39","117","0.3108108108108108","37","117","0.35714285714285715","28","117","0.42391304347826086","46","117","0.3787878787878788","33","117","0.3783783783783784","37","117","0.35526315789473684","38","117","0.32926829268292684","41","117","0.2875","40","117","0.42105263157894735","38","117","0.4189189189189189","37","117","0.359375","32","117","0.46153846153846156","39","117","0.25","42","117","0.47368421052631576","38","117","0.4642857142857143","28","117","0.296875","32","117","0.4827586206896552","29","117","0.3409090909090909","44","117","0.375","40","117","0.38461538461538464","39","117","0.38636363636363635","44","117","0.4387755102040816","49","117","0.3181818181818182","33","117","0.35526315789473684","38","117","0.45","30","117","0.2916666666666667","36"
,"118","0.5686274509803921","51","118","0.4625","40","118","0.4375","48","118","0.3953488372093023","43","118","0.39215686274509803","51","118","0.5612244897959183","49","118","0.45714285714285713","70","118","0.5232558139534884","43","118","0.4326923076923077","52","118","0.38235294117647056","51","118","0.5531914893617021","47","118","0.41379310344827586","58","118","0.5185185185185185","54","118","0.48214285714285715","56","118","0.43137254901960786","51","118","0.4230769230769231","52","118","0.5","42","118","0.37254901960784315","51","118","0.45614035087719296","57","118","0.44339622641509435","53","118","0.3611111111111111","54","118","0.47368421052631576","57","118","0.46923076923076923","65","118","0.4489795918367347","49","118","0.4056603773584906","53","118","0.5377358490566038","53","118","0.5217391304347826","46","118","0.45918367346938777","49","118","0.4807692307692308","52","118","0.5625","48","118","0.43902439024390244","41","118","0.4878048780487805","41","118","0.375","48","118","0.358974358974359","39","118","0.3108108108108108","37","118","0.35714285714285715","28","118","0.42391304347826086","46","118","0.3787878787878788","33","118","0.3783783783783784","37","118","0.35526315789473684","38","118","0.32926829268292684","41","118","0.27631578947368424","38","118","0.4189189189189189","37","118","0.4189189189189189","37","118","0.359375","32","118","0.4605263157894737","38","118","0.25","42","118","0.47297297297297297","37","118","0.4642857142857143","28","118","0.296875","32","118","0.4827586206896552","29","118","0.3409090909090909","44","118","0.38461538461538464","39","118","0.38461538461538464","39","118","0.38636363636363635","44","118","0.4387755102040816","49","118","0.3181818181818182","33","118","0.35135135135135137","37","118","0.4482758620689655","29","118","0.2916666666666667","36"
,"119","0.5686274509803921","51","119","0.4625","40","119","0.4375","48","119","0.39285714285714285","42","119","0.39215686274509803","51","119","0.5612244897959183","49","119","0.4647887323943662","71","119","0.5113636363636364","44","119","0.4326923076923077","52","119","0.38235294117647056","51","119","0.5531914893617021","47","119","0.41379310344827586","58","119","0.5185185185185185","54","119","0.48214285714285715","56","119","0.44","50","119","0.4230769230769231","52","119","0.5","41","119","0.37254901960784315","51","119","0.46551724137931033","58","119","0.44339622641509435","53","119","0.3611111111111111","54","119","0.47368421052631576","57","119","0.46923076923076923","65","119","0.4489795918367347","49","119","0.3867924528301887","53","119","0.5377358490566038","53","119","0.5217391304347826","46","119","0.46875","48","119","0.4803921568627451","51","119","0.5625","48","119","0.45","40","119","0.4880952380952381","42","119","0.391304347826087","46","119","0.358974358974359","39","119","0.3108108108108108","37","119","0.35714285714285715","28","119","0.4222222222222222","45","119","0.36764705882352944","34","119","0.3783783783783784","37","119","0.35526315789473684","38","119","0.32926829268292684","41","119","0.27631578947368424","38","119","0.4189189189189189","37","119","0.4189189189189189","37","119","0.359375","32","119","0.4605263157894737","38","119","0.25","42","119","0.47297297297297297","37","119","0.4642857142857143","28","119","0.296875","32","119","0.4827586206896552","29","119","0.3409090909090909","44","119","0.38461538461538464","39","119","0.38461538461538464","39","119","0.38636363636363635","44","119","0.4387755102040816","49","119","0.296875","32","119","0.35135135135135137","37","119","0.44642857142857145","28","119","0.2916666666666667","36"
,"120","0.5686274509803921","51","120","0.46153846153846156","39","120","0.4375","48","120","0.39285714285714285","42","120","0.39215686274509803","51","120","0.5612244897959183","49","120","0.4714285714285714","70","120","0.5232558139534884","43","120","0.43137254901960786","51","120","0.37962962962962965","54","120","0.5531914893617021","47","120","0.4051724137931034","58","120","0.5188679245283019","53","120","0.48214285714285715","56","120","0.44","50","120","0.42452830188679247","53","120","0.5","41","120","0.37254901960784315","51","120","0.45614035087719296","57","120","0.44339622641509435","53","120","0.34615384615384615","52","120","0.47368421052631576","57","120","0.46923076923076923","65","120","0.4375","48","120","0.39215686274509803","51","120","0.5480769230769231","52","120","0.5222222222222223","45","120","0.46808510638297873","47","120","0.4803921568627451","51","120","0.5625","48","120","0.45","40","120","0.4878048780487805","41","120","0.391304347826087","46","120","0.358974358974359","39","120","0.3108108108108108","37","120","0.35714285714285715","28","120","0.4318181818181818","44","120","0.390625","32","120","0.3783783783783784","37","120","0.35526315789473684","38","120","0.32926829268292684","41","120","0.27631578947368424","38","120","0.4189189189189189","37","120","0.4189189189189189","37","120","0.3484848484848485","33","120","0.4605263157894737","38","120","0.25","42","120","0.47297297297297297","37","120","0.4642857142857143","28","120","0.296875","32","120","0.4827586206896552","29","120","0.34523809523809523","42","120","0.39473684210526316","38","120","0.3815789473684211","38","120","0.3888888888888889","45","120","0.4375","48","120","0.27419354838709675","31","120","0.35135135135135137","37","120","0.44642857142857145","28","120","0.2916666666666667","36"
,"121","0.5686274509803921","51","121","0.47297297297297297","37","121","0.4375","48","121","0.39285714285714285","42","121","0.39","50","121","0.5612244897959183","49","121","0.463768115942029","69","121","0.5238095238095238","42","121","0.43137254901960786","51","121","0.375","52","121","0.5625","48","121","0.39655172413793105","58","121","0.5188679245283019","53","121","0.4824561403508772","57","121","0.44","50","121","0.42452830188679247","53","121","0.5","41","121","0.37","50","121","0.45689655172413796","58","121","0.44339622641509435","53","121","0.34615384615384615","52","121","0.4732142857142857","56","121","0.46923076923076923","65","121","0.425531914893617","47","121","0.39215686274509803","51","121","0.5480769230769231","52","121","0.5340909090909091","44","121","0.46808510638297873","47","121","0.4803921568627451","51","121","0.5531914893617021","47","121","0.45","40","121","0.4875","40","121","0.391304347826087","46","121","0.3625","40","121","0.3108108108108108","37","121","0.35714285714285715","28","121","0.4318181818181818","44","121","0.390625","32","121","0.3783783783783784","37","121","0.35526315789473684","38","121","0.325","40","121","0.28205128205128205","39","121","0.4189189189189189","37","121","0.4189189189189189","37","121","0.34375","32","121","0.4605263157894737","38","121","0.25609756097560976","41","121","0.4722222222222222","36","121","0.4642857142857143","28","121","0.296875","32","121","0.4827586206896552","29","121","0.32926829268292684","41","121","0.39473684210526316","38","121","0.3783783783783784","37","121","0.3888888888888889","45","121","0.44565217391304346","46","121","0.26666666666666666","30","121","0.35135135135135137","37","121","0.44642857142857145","28","121","0.3","35"
,"122","0.5576923076923077","52","122","0.47297297297297297","37","122","0.43617021276595747","47","122","0.39285714285714285","42","122","0.39","50","122","0.5729166666666666","48","122","0.463768115942029","69","122","0.5121951219512195","41","122","0.43137254901960786","51","122","0.39","50","122","0.5625","48","122","0.39285714285714285","56","122","0.5188679245283019","53","122","0.4727272727272727","55","122","0.44","50","122","0.42452830188679247","53","122","0.5","41","122","0.35714285714285715","49","122","0.45454545454545453","55","122","0.44339622641509435","53","122","0.34615384615384615","52","122","0.47368421052631576","57","122","0.46923076923076923","65","122","0.425531914893617","47","122","0.39","50","122","0.5480769230769231","52","122","0.5340909090909091","44","122","0.46808510638297873","47","122","0.4803921568627451","51","122","0.5531914893617021","47","122","0.45","40","122","0.4875","40","122","0.391304347826087","46","122","0.3780487804878049","41","122","0.3026315789473684","38","122","0.35714285714285715","28","122","0.4186046511627907","43","122","0.3939393939393939","33","122","0.3815789473684211","38","122","0.35135135135135137","37","122","0.325","40","122","0.28205128205128205","39","122","0.4189189189189189","37","122","0.4189189189189189","37","122","0.3548387096774194","31","122","0.4605263157894737","38","122","0.25609756097560976","41","122","0.4722222222222222","36","122","0.4642857142857143","28","122","0.3","30","122","0.48214285714285715","28","122","0.325","40","122","0.39473684210526316","38","122","0.35714285714285715","35","122","0.3977272727272727","44","122","0.44565217391304346","46","122","0.25862068965517243","29","122","0.3472222222222222","36","122","0.44642857142857145","28","122","0.3","35"
,"123","0.5588235294117647","51","123","0.47368421052631576","38","123","0.43617021276595747","47","123","0.39285714285714285","42","123","0.40625","48","123","0.5729166666666666","48","123","0.463768115942029","69","123","0.5121951219512195","41","123","0.43137254901960786","51","123","0.39","50","123","0.5625","48","123","0.39285714285714285","56","123","0.5192307692307693","52","123","0.4727272727272727","55","123","0.43137254901960786","51","123","0.42452830188679247","53","123","0.5","42","123","0.35714285714285715","49","123","0.45454545454545453","55","123","0.44339622641509435","53","123","0.34615384615384615","52","123","0.47368421052631576","57","123","0.46923076923076923","65","123","0.42391304347826086","46","123","0.3829787234042553","47","123","0.5480769230769231","52","123","0.5340909090909091","44","123","0.46808510638297873","47","123","0.46078431372549017","51","123","0.5531914893617021","47","123","0.44871794871794873","39","123","0.4875","40","123","0.391304347826087","46","123","0.358974358974359","39","123","0.3026315789473684","38","123","0.37037037037037035","27","123","0.4024390243902439","41","123","0.3939393939393939","33","123","0.3783783783783784","37","123","0.35135135135135137","37","123","0.32051282051282054","39","123","0.28205128205128205","39","123","0.4189189189189189","37","123","0.4189189189189189","37","123","0.3548387096774194","31","123","0.4605263157894737","38","123","0.25609756097560976","41","123","0.4722222222222222","36","123","0.46296296296296297","27","123","0.29310344827586204","29","123","0.4827586206896552","29","123","0.325","40","123","0.39473684210526316","38","123","0.36764705882352944","34","123","0.3953488372093023","43","123","0.4186046511627907","43","123","0.25862068965517243","29","123","0.3472222222222222","36","123","0.44642857142857145","28","123","0.3","35"
,"124","0.5588235294117647","51","124","0.47368421052631576","38","124","0.43617021276595747","47","124","0.39285714285714285","42","124","0.40625","48","124","0.5729166666666666","48","124","0.4632352941176471","68","124","0.5","40","124","0.43137254901960786","51","124","0.3942307692307692","52","124","0.5625","48","124","0.38181818181818183","55","124","0.5192307692307693","52","124","0.48148148148148145","54","124","0.4387755102040816","49","124","0.42452830188679247","53","124","0.5125","40","124","0.35714285714285715","49","124","0.45454545454545453","55","124","0.44339622641509435","53","124","0.34615384615384615","52","124","0.47413793103448276","58","124","0.46923076923076923","65","124","0.42391304347826086","46","124","0.3829787234042553","47","124","0.5392156862745098","51","124","0.5340909090909091","44","124","0.46808510638297873","47","124","0.46078431372549017","51","124","0.5531914893617021","47","124","0.44871794871794873","39","124","0.47435897435897434","39","124","0.391304347826087","46","124","0.34210526315789475","38","124","0.28378378378378377","37","124","0.37037037037037035","27","124","0.40476190476190477","42","124","0.375","32","124","0.3783783783783784","37","124","0.35135135135135137","37","124","0.32051282051282054","39","124","0.2564102564102564","39","124","0.4189189189189189","37","124","0.4305555555555556","36","124","0.3548387096774194","31","124","0.4605263157894737","38","124","0.25609756097560976","41","124","0.4722222222222222","36","124","0.46296296296296297","27","124","0.3","30","124","0.4827586206896552","29","124","0.3333333333333333","39","124","0.39473684210526316","38","124","0.36764705882352944","34","124","0.3953488372093023","43","124","0.4186046511627907","43","124","0.25862068965517243","29","124","0.3472222222222222","36","124","0.44642857142857145","28","124","0.3","35"
,"125","0.5660377358490566","53","125","0.4714285714285714","35","125","0.43617021276595747","47","125","0.4","40","125","0.3979591836734694","49","125","0.574468085106383","47","125","0.4632352941176471","68","125","0.5128205128205128","39","125","0.42","50","125","0.39215686274509803","51","125","0.5625","48","125","0.38181818181818183","55","125","0.5196078431372549","51","125","0.48148148148148145","54","125","0.4387755102040816","49","125","0.42452830188679247","53","125","0.5125","40","125","0.37","50","125","0.45454545454545453","55","125","0.4423076923076923","52","125","0.34615384615384615","52","125","0.47413793103448276","58","125","0.4765625","64","125","0.42391304347826086","46","125","0.3804347826086957","46","125","0.5392156862745098","51","125","0.5340909090909091","44","125","0.46808510638297873","47","125","0.46078431372549017","51","125","0.5531914893617021","47","125","0.44871794871794873","39","125","0.47435897435897434","39","125","0.391304347826087","46","125","0.34210526315789475","38","125","0.2777777777777778","36","125","0.37037037037037035","27","125","0.4024390243902439","41","125","0.375","32","125","0.3783783783783784","37","125","0.35135135135135137","37","125","0.32051282051282054","39","125","0.25","38","125","0.4189189189189189","37","125","0.42857142857142855","35","125","0.3548387096774194","31","125","0.4605263157894737","38","125","0.25609756097560976","41","125","0.45714285714285713","35","125","0.46296296296296297","27","125","0.3","30","125","0.4827586206896552","29","125","0.34210526315789475","38","125","0.39473684210526316","38","125","0.36764705882352944","34","125","0.3953488372093023","43","125","0.4186046511627907","43","125","0.25862068965517243","29","125","0.3472222222222222","36","125","0.44642857142857145","28","125","0.3","35"
,"126","0.5576923076923077","52","126","0.4714285714285714","35","126","0.4222222222222222","45","126","0.4","40","126","0.40625","48","126","0.574468085106383","47","126","0.4626865671641791","67","126","0.5128205128205128","39","126","0.42857142857142855","49","126","0.37735849056603776","53","126","0.5625","48","126","0.37735849056603776","53","126","0.51","50","126","0.49056603773584906","53","126","0.4479166666666667","48","126","0.42452830188679247","53","126","0.5125","40","126","0.3673469387755102","49","126","0.45454545454545453","55","126","0.4411764705882353","51","126","0.34615384615384615","52","126","0.47413793103448276","58","126","0.4765625","64","126","0.42391304347826086","46","126","0.3804347826086957","46","126","0.5392156862745098","51","126","0.5340909090909091","44","126","0.46808510638297873","47","126","0.46","50","126","0.5531914893617021","47","126","0.44871794871794873","39","126","0.47435897435897434","39","126","0.3829787234042553","47","126","0.34615384615384615","39","126","0.2777777777777778","36","126","0.37037037037037035","27","126","0.4024390243902439","41","126","0.375","32","126","0.3815789473684211","38","126","0.35135135135135137","37","126","0.32051282051282054","39","126","0.25","38","126","0.4305555555555556","36","126","0.42857142857142855","35","126","0.3548387096774194","31","126","0.4594594594594595","37","126","0.25","42","126","0.45714285714285713","35","126","0.4807692307692308","26","126","0.3","30","126","0.48214285714285715","28","126","0.34210526315789475","38","126","0.39473684210526316","38","126","0.36764705882352944","34","126","0.3953488372093023","43","126","0.4186046511627907","43","126","0.25862068965517243","29","126","0.3472222222222222","36","126","0.4444444444444444","27","126","0.3","35"
,"127","0.5576923076923077","52","127","0.47058823529411764","34","127","0.4222222222222222","45","127","0.4","40","127","0.40625","48","127","0.5729166666666666","48","127","0.45384615384615384","65","127","0.5128205128205128","39","127","0.42857142857142855","49","127","0.38461538461538464","52","127","0.5638297872340425","47","127","0.37962962962962965","54","127","0.5","49","127","0.5","52","127","0.4489795918367347","49","127","0.42452830188679247","53","127","0.5125","40","127","0.3645833333333333","48","127","0.4537037037037037","54","127","0.4411764705882353","51","127","0.3431372549019608","51","127","0.47413793103448276","58","127","0.48333333333333334","60","127","0.42391304347826086","46","127","0.3804347826086957","46","127","0.5392156862745098","51","127","0.5340909090909091","44","127","0.46808510638297873","47","127","0.46","50","127","0.5531914893617021","47","127","0.44871794871794873","39","127","0.47435897435897434","39","127","0.3888888888888889","45","127","0.34615384615384615","39","127","0.2777777777777778","36","127","0.37037037037037035","27","127","0.3875","40","127","0.3709677419354839","31","127","0.3815789473684211","38","127","0.35135135135135137","37","127","0.32894736842105265","38","127","0.25675675675675674","37","127","0.4305555555555556","36","127","0.42857142857142855","35","127","0.35","30","127","0.4583333333333333","36","127","0.25","42","127","0.4722222222222222","36","127","0.4807692307692308","26","127","0.3","30","127","0.48214285714285715","28","127","0.3333333333333333","36","127","0.39473684210526316","38","127","0.36764705882352944","34","127","0.3953488372093023","43","127","0.4186046511627907","43","127","0.25862068965517243","29","127","0.3472222222222222","36","127","0.4444444444444444","27","127","0.3088235294117647","34"
,"128","0.5588235294117647","51","128","0.47058823529411764","34","128","0.4222222222222222","45","128","0.4","40","128","0.40625","48","128","0.5729166666666666","48","128","0.44696969696969696","66","128","0.5131578947368421","38","128","0.42857142857142855","49","128","0.38461538461538464","52","128","0.5638297872340425","47","128","0.37962962962962965","54","128","0.5","49","128","0.5","51","128","0.4583333333333333","48","128","0.42452830188679247","53","128","0.5128205128205128","39","128","0.358695652173913","46","128","0.4528301886792453","53","128","0.44","50","128","0.3431372549019608","51","128","0.47368421052631576","57","128","0.47413793103448276","58","128","0.4222222222222222","45","128","0.3804347826086957","46","128","0.5480769230769231","52","128","0.5333333333333333","45","128","0.4673913043478261","46","128","0.46","50","128","0.5531914893617021","47","128","0.44871794871794873","39","128","0.47435897435897434","39","128","0.39361702127659576","47","128","0.34615384615384615","39","128","0.2777777777777778","36","128","0.37037037037037035","27","128","0.3875","40","128","0.3709677419354839","31","128","0.3815789473684211","38","128","0.35135135135135137","37","128","0.32894736842105265","38","128","0.25675675675675674","37","128","0.4305555555555556","36","128","0.42857142857142855","35","128","0.35","30","128","0.4583333333333333","36","128","0.25","42","128","0.4722222222222222","36","128","0.4807692307692308","26","128","0.3","30","128","0.48148148148148145","27","128","0.35135135135135137","37","128","0.39473684210526316","38","128","0.36764705882352944","34","128","0.3953488372093023","43","128","0.4090909090909091","44","128","0.25862068965517243","29","128","0.3472222222222222","36","128","0.4444444444444444","27","128","0.3088235294117647","34"
,"129","0.5588235294117647","51","129","0.45714285714285713","35","129","0.4222222222222222","45","129","0.4","40","129","0.40816326530612246","49","129","0.5729166666666666","48","129","0.44696969696969696","66","129","0.5128205128205128","39","129","0.42","50","129","0.37254901960784315","51","129","0.5638297872340425","47","129","0.37962962962962965","54","129","0.5","50","129","0.5","51","129","0.4574468085106383","47","129","0.42452830188679247","53","129","0.5128205128205128","39","129","0.358695652173913","46","129","0.4528301886792453","53","129","0.44","50","129","0.3431372549019608","51","129","0.47368421052631576","57","129","0.47413793103448276","58","129","0.4222222222222222","45","129","0.3804347826086957","46","129","0.5480769230769231","52","129","0.5333333333333333","45","129","0.4673913043478261","46","129","0.46","50","129","0.5531914893617021","47","129","0.45","40","129","0.47435897435897434","39","129","0.391304347826087","46","129","0.35526315789473684","38","129","0.2857142857142857","35","129","0.36538461538461536","26","129","0.3875","40","129","0.3709677419354839","31","129","0.35526315789473684","38","129","0.35135135135135137","37","129","0.32432432432432434","37","129","0.25","38","129","0.4142857142857143","35","129","0.42857142857142855","35","129","0.35","30","129","0.4583333333333333","36","129","0.25609756097560976","41","129","0.4722222222222222","36","129","0.4807692307692308","26","129","0.3","30","129","0.48148148148148145","27","129","0.35135135135135137","37","129","0.3918918918918919","37","129","0.3484848484848485","33","129","0.3953488372093023","43","129","0.40476190476190477","42","129","0.25862068965517243","29","129","0.32857142857142857","35","129","0.4423076923076923","26","129","0.3088235294117647","34"
,"130","0.5588235294117647","51","130","0.4696969696969697","33","130","0.4222222222222222","45","130","0.4","40","130","0.40816326530612246","49","130","0.5729166666666666","48","130","0.44696969696969696","66","130","0.5131578947368421","38","130","0.40816326530612246","49","130","0.37254901960784315","51","130","0.5638297872340425","47","130","0.3867924528301887","53","130","0.4895833333333333","48","130","0.5","51","130","0.4574468085106383","47","130","0.42452830188679247","53","130","0.5131578947368421","38","130","0.358695652173913","46","130","0.4519230769230769","52","130","0.44","50","130","0.3431372549019608","51","130","0.47368421052631576","57","130","0.47413793103448276","58","130","0.4222222222222222","45","130","0.3804347826086957","46","130","0.5480769230769231","52","130","0.5333333333333333","45","130","0.4673913043478261","46","130","0.46","50","130","0.5520833333333334","48","130","0.44871794871794873","39","130","0.4864864864864865","37","130","0.3888888888888889","45","130","0.35526315789473684","38","130","0.2857142857142857","35","130","0.36538461538461536","26","130","0.3875","40","130","0.3709677419354839","31","130","0.35526315789473684","38","130","0.35135135135135137","37","130","0.3333333333333333","36","130","0.25","38","130","0.4142857142857143","35","130","0.42857142857142855","35","130","0.35","30","130","0.4583333333333333","36","130","0.25609756097560976","41","130","0.4722222222222222","36","130","0.4807692307692308","26","130","0.3","30","130","0.46153846153846156","26","130","0.3472222222222222","36","130","0.3918918918918919","37","130","0.3382352941176471","34","130","0.3953488372093023","43","130","0.4024390243902439","41","130","0.25862068965517243","29","130","0.32857142857142857","35","130","0.46","25","130","0.3088235294117647","34"
,"131","0.55","50","131","0.4696969696969697","33","131","0.4222222222222222","45","131","0.4","40","131","0.40816326530612246","49","131","0.5729166666666666","48","131","0.4461538461538462","65","131","0.5128205128205128","39","131","0.40816326530612246","49","131","0.37254901960784315","51","131","0.5638297872340425","47","131","0.375","52","131","0.4895833333333333","48","131","0.5","51","131","0.44565217391304346","46","131","0.41346153846153844","52","131","0.5131578947368421","38","131","0.36363636363636365","44","131","0.4519230769230769","52","131","0.4411764705882353","51","131","0.33653846153846156","52","131","0.47368421052631576","57","131","0.4661016949152542","59","131","0.4222222222222222","45","131","0.37777777777777777","45","131","0.5480769230769231","52","131","0.5340909090909091","44","131","0.4666666666666667","45","131","0.46","50","131","0.5531914893617021","47","131","0.46153846153846156","39","131","0.4861111111111111","36","131","0.38636363636363635","44","131","0.35526315789473684","38","131","0.2777777777777778","36","131","0.36538461538461536","26","131","0.3974358974358974","39","131","0.3709677419354839","31","131","0.33783783783783783","37","131","0.35135135135135137","37","131","0.35135135135135137","37","131","0.25","38","131","0.4142857142857143","35","131","0.42857142857142855","35","131","0.35","30","131","0.4594594594594595","37","131","0.2625","40","131","0.4722222222222222","36","131","0.4807692307692308","26","131","0.3","30","131","0.4791666666666667","24","131","0.3472222222222222","36","131","0.3918918918918919","37","131","0.3382352941176471","34","131","0.3953488372093023","43","131","0.4","40","131","0.25862068965517243","29","131","0.32857142857142857","35","131","0.4583333333333333","24","131","0.3088235294117647","34"
,"132","0.55","50","132","0.4696969696969697","33","132","0.41304347826086957","46","132","0.4","40","132","0.40816326530612246","49","132","0.5851063829787234","47","132","0.4461538461538462","65","132","0.5128205128205128","39","132","0.40625","48","132","0.37254901960784315","51","132","0.5638297872340425","47","132","0.38235294117647056","51","132","0.4895833333333333","48","132","0.5","50","132","0.44565217391304346","46","132","0.41346153846153844","52","132","0.527027027027027","37","132","0.35555555555555557","45","132","0.4519230769230769","52","132","0.4411764705882353","51","132","0.330188679245283","53","132","0.47368421052631576","57","132","0.475","60","132","0.4222222222222222","45","132","0.37777777777777777","45","132","0.5392156862745098","51","132","0.5340909090909091","44","132","0.4666666666666667","45","132","0.46938775510204084","49","132","0.5434782608695652","46","132","0.46153846153846156","39","132","0.4714285714285714","35","132","0.38636363636363635","44","132","0.35526315789473684","38","132","0.2857142857142857","35","132","0.36538461538461536","26","132","0.3974358974358974","39","132","0.35","30","132","0.33783783783783783","37","132","0.35135135135135137","37","132","0.3333333333333333","36","132","0.25","38","132","0.4264705882352941","34","132","0.42857142857142855","35","132","0.3448275862068966","29","132","0.4583333333333333","36","132","0.2625","40","132","0.4722222222222222","36","132","0.4807692307692308","26","132","0.3","30","132","0.4791666666666667","24","132","0.3472222222222222","36","132","0.3888888888888889","36","132","0.3382352941176471","34","132","0.3953488372093023","43","132","0.4","40","132","0.25862068965517243","29","132","0.3088235294117647","34","132","0.4583333333333333","24","132","0.30303030303030304","33"
,"133","0.55","50","133","0.4696969696969697","33","133","0.41304347826086957","46","133","0.3974358974358974","39","133","0.40816326530612246","49","133","0.5851063829787234","47","133","0.44696969696969696","66","133","0.5128205128205128","39","133","0.39361702127659576","47","133","0.37254901960784315","51","133","0.5638297872340425","47","133","0.37","50","133","0.5","49","133","0.4897959183673469","49","133","0.44565217391304346","46","133","0.4117647058823529","51","133","0.527027027027027","37","133","0.35555555555555557","45","133","0.4519230769230769","52","133","0.4411764705882353","51","133","0.33653846153846156","52","133","0.47368421052631576","57","133","0.475","60","133","0.42045454545454547","44","133","0.375","44","133","0.5392156862745098","51","133","0.5340909090909091","44","133","0.4666666666666667","45","133","0.46938775510204084","49","133","0.5434782608695652","46","133","0.46153846153846156","39","133","0.4714285714285714","35","133","0.38636363636363635","44","133","0.35526315789473684","38","133","0.29411764705882354","34","133","0.36538461538461536","26","133","0.3974358974358974","39","133","0.35714285714285715","28","133","0.33783783783783783","37","133","0.3611111111111111","36","133","0.32432432432432434","37","133","0.25","38","133","0.4264705882352941","34","133","0.42857142857142855","35","133","0.3392857142857143","28","133","0.4583333333333333","36","133","0.27631578947368424","38","133","0.4722222222222222","36","133","0.4807692307692308","26","133","0.3","30","133","0.48","25","133","0.3472222222222222","36","133","0.38571428571428573","35","133","0.3333333333333333","33","133","0.3953488372093023","43","133","0.41025641025641024","39","133","0.25862068965517243","29","133","0.3088235294117647","34","133","0.4583333333333333","24","133","0.28125","32"
,"134","0.5416666666666666","48","134","0.4696969696969697","33","134","0.41304347826086957","46","134","0.4125","40","134","0.40816326530612246","49","134","0.5851063829787234","47","134","0.44696969696969696","66","134","0.4864864864864865","37","134","0.391304347826087","46","134","0.37254901960784315","51","134","0.5638297872340425","47","134","0.3673469387755102","49","134","0.5","49","134","0.4897959183673469","49","134","0.44565217391304346","46","134","0.41346153846153844","52","134","0.527027027027027","37","134","0.36363636363636365","44","134","0.46078431372549017","51","134","0.45","50","134","0.33653846153846156","52","134","0.47368421052631576","57","134","0.4830508474576271","59","134","0.42045454545454547","44","134","0.39285714285714285","42","134","0.5288461538461539","52","134","0.5340909090909091","44","134","0.4659090909090909","44","134","0.46938775510204084","49","134","0.5434782608695652","46","134","0.46153846153846156","39","134","0.4714285714285714","35","134","0.38372093023255816","43","134","0.35526315789473684","38","134","0.29411764705882354","34","134","0.36538461538461536","26","134","0.4","40","134","0.35714285714285715","28","134","0.3472222222222222","36","134","0.3611111111111111","36","134","0.3333333333333333","36","134","0.25","38","134","0.42857142857142855","35","134","0.42857142857142855","35","134","0.3333333333333333","27","134","0.4583333333333333","36","134","0.27631578947368424","38","134","0.4722222222222222","36","134","0.4807692307692308","26","134","0.29310344827586204","29","134","0.48","25","134","0.3472222222222222","36","134","0.39705882352941174","34","134","0.3333333333333333","33","134","0.3953488372093023","43","134","0.41025641025641024","39","134","0.25862068965517243","29","134","0.3088235294117647","34","134","0.4583333333333333","24","134","0.2903225806451613","31"
,"135","0.5416666666666666","48","135","0.484375","32","135","0.4111111111111111","45","135","0.4125","40","135","0.40816326530612246","49","135","0.5851063829787234","47","135","0.44696969696969696","66","135","0.4864864864864865","37","135","0.37777777777777777","45","135","0.37254901960784315","51","135","0.5638297872340425","47","135","0.3673469387755102","49","135","0.5","50","135","0.4897959183673469","49","135","0.44565217391304346","46","135","0.41346153846153844","52","135","0.527027027027027","37","135","0.34523809523809523","42","135","0.46078431372549017","51","135","0.45","50","135","0.33653846153846156","52","135","0.47368421052631576","57","135","0.47413793103448276","58","135","0.42045454545454547","44","135","0.39285714285714285","42","135","0.5196078431372549","51","135","0.5340909090909091","44","135","0.4659090909090909","44","135","0.46875","48","135","0.5444444444444444","45","135","0.46153846153846156","39","135","0.47058823529411764","34","135","0.38372093023255816","43","135","0.36486486486486486","37","135","0.29411764705882354","34","135","0.36538461538461536","26","135","0.4","40","135","0.35714285714285715","28","135","0.34285714285714286","35","135","0.3611111111111111","36","135","0.3333333333333333","36","135","0.25","38","135","0.4264705882352941","34","135","0.42857142857142855","35","135","0.3333333333333333","27","135","0.4583333333333333","36","135","0.27631578947368424","38","135","0.4714285714285714","35","135","0.48","25","135","0.2857142857142857","28","135","0.48","25","135","0.35714285714285715","35","135","0.39705882352941174","34","135","0.328125","32","135","0.39285714285714285","42","135","0.39473684210526316","38","135","0.25862068965517243","29","135","0.3088235294117647","34","135","0.4583333333333333","24","135","0.2903225806451613","31"
,"136","0.5416666666666666","48","136","0.484375","32","136","0.4111111111111111","45","136","0.4125","40","136","0.40816326530612246","49","136","0.5851063829787234","47","136","0.44696969696969696","66","136","0.4864864864864865","37","136","0.36363636363636365","44","136","0.37254901960784315","51","136","0.5729166666666666","48","136","0.3673469387755102","49","136","0.5","50","136","0.4897959183673469","49","136","0.4444444444444444","45","136","0.41346153846153844","52","136","0.5277777777777778","36","136","0.3375","40","136","0.47","50","136","0.45098039215686275","51","136","0.33653846153846156","52","136","0.47368421052631576","57","136","0.47368421052631576","57","136","0.42045454545454547","44","136","0.39285714285714285","42","136","0.5096153846153846","52","136","0.5340909090909091","44","136","0.4659090909090909","44","136","0.46875","48","136","0.5340909090909091","44","136","0.46153846153846156","39","136","0.47058823529411764","34","136","0.38372093023255816","43","136","0.36486486486486486","37","136","0.30303030303030304","33","136","0.36538461538461536","26","136","0.3875","40","136","0.35714285714285715","28","136","0.34285714285714286","35","136","0.3611111111111111","36","136","0.3333333333333333","36","136","0.25","38","136","0.421875","32","136","0.4117647058823529","34","136","0.3269230769230769","26","136","0.4583333333333333","36","136","0.27631578947368424","38","136","0.4714285714285714","35","136","0.48","25","136","0.2857142857142857","28","136","0.48","25","136","0.35714285714285715","35","136","0.39705882352941174","34","136","0.328125","32","136","0.39285714285714285","42","136","0.3918918918918919","37","136","0.25862068965517243","29","136","0.3088235294117647","34","136","0.4583333333333333","24","136","0.2903225806451613","31"
,"137","0.53125","48","137","0.484375","32","137","0.4090909090909091","44","137","0.4230769230769231","39","137","0.40625","48","137","0.5851063829787234","47","137","0.44029850746268656","67","137","0.5","36","137","0.36363636363636365","44","137","0.37254901960784315","51","137","0.5729166666666666","48","137","0.3673469387755102","49","137","0.5","50","137","0.4897959183673469","49","137","0.4444444444444444","45","137","0.41346153846153844","52","137","0.5277777777777778","36","137","0.3375","40","137","0.47","50","137","0.4489795918367347","49","137","0.33653846153846156","52","137","0.47368421052631576","57","137","0.4824561403508772","57","137","0.42045454545454547","44","137","0.39285714285714285","42","137","0.5196078431372549","51","137","0.5340909090909091","44","137","0.46511627906976744","43","137","0.4574468085106383","47","137","0.5340909090909091","44","137","0.45","40","137","0.47058823529411764","34","137","0.38372093023255816","43","137","0.36486486486486486","37","137","0.30303030303030304","33","137","0.36538461538461536","26","137","0.3875","40","137","0.35714285714285715","28","137","0.34285714285714286","35","137","0.3611111111111111","36","137","0.34285714285714286","35","137","0.25","38","137","0.421875","32","137","0.42424242424242425","33","137","0.3269230769230769","26","137","0.44285714285714284","35","137","0.27631578947368424","38","137","0.4714285714285714","35","137","0.48","25","137","0.2857142857142857","28","137","0.48","25","137","0.35714285714285715","35","137","0.39705882352941174","34","137","0.328125","32","137","0.4146341463414634","41","137","0.4","35","137","0.25862068965517243","29","137","0.3088235294117647","34","137","0.4583333333333333","24","137","0.296875","32"
,"138","0.5319148936170213","47","138","0.48484848484848486","33","138","0.4090909090909091","44","138","0.4230769230769231","39","138","0.40625","48","138","0.5851063829787234","47","138","0.4318181818181818","66","138","0.5","36","138","0.36363636363636365","44","138","0.37254901960784315","51","138","0.5729166666666666","48","138","0.3673469387755102","49","138","0.4897959183673469","49","138","0.4897959183673469","49","138","0.4431818181818182","44","138","0.41346153846153844","52","138","0.5142857142857142","35","138","0.34615384615384615","39","138","0.47","50","138","0.4479166666666667","48","138","0.3269230769230769","52","138","0.4636363636363636","55","138","0.4824561403508772","57","138","0.42045454545454547","44","138","0.39285714285714285","42","138","0.52","50","138","0.5222222222222223","45","138","0.46511627906976744","43","138","0.4574468085106383","47","138","0.5340909090909091","44","138","0.46153846153846156","39","138","0.48484848484848486","33","138","0.38372093023255816","43","138","0.36486486486486486","37","138","0.30303030303030304","33","138","0.36538461538461536","26","138","0.3815789473684211","38","138","0.35714285714285715","28","138","0.34285714285714286","35","138","0.34285714285714286","35","138","0.34285714285714286","35","138","0.2571428571428571","35","138","0.421875","32","138","0.42424242424242425","33","138","0.3269230769230769","26","138","0.44285714285714284","35","138","0.28205128205128205","39","138","0.4714285714285714","35","138","0.48","25","138","0.2857142857142857","28","138","0.4583333333333333","24","138","0.3484848484848485","33","138","0.3939393939393939","33","138","0.328125","32","138","0.4","40","138","0.4","35","138","0.25925925925925924","27","138","0.3088235294117647","34","138","0.4583333333333333","24","138","0.296875","32"
,"139","0.5217391304347826","46","139","0.48484848484848486","33","139","0.4090909090909091","44","139","0.40789473684210525","38","139","0.40625","48","139","0.5978260869565217","46","139","0.43846153846153846","65","139","0.5","35","139","0.36363636363636365","44","139","0.38461538461538464","52","139","0.5729166666666666","48","139","0.3673469387755102","49","139","0.4897959183673469","49","139","0.4897959183673469","49","139","0.43023255813953487","43","139","0.41346153846153844","52","139","0.5142857142857142","35","139","0.34615384615384615","39","139","0.47","50","139","0.4479166666666667","48","139","0.330188679245283","53","139","0.4636363636363636","55","139","0.4824561403508772","57","139","0.42045454545454547","44","139","0.4024390243902439","41","139","0.5294117647058824","51","139","0.5222222222222223","45","139","0.46511627906976744","43","139","0.4574468085106383","47","139","0.5340909090909091","44","139","0.47368421052631576","38","139","0.48484848484848486","33","139","0.38372093023255816","43","139","0.36486486486486486","37","139","0.30303030303030304","33","139","0.36538461538461536","26","139","0.3815789473684211","38","139","0.35714285714285715","28","139","0.34285714285714286","35","139","0.3333333333333333","36","139","0.34285714285714286","35","139","0.25","34","139","0.421875","32","139","0.421875","32","139","0.3269230769230769","26","139","0.44285714285714284","35","139","0.28205128205128205","39","139","0.4722222222222222","36","139","0.48","25","139","0.2857142857142857","28","139","0.4583333333333333","24","139","0.3484848484848485","33","139","0.3939393939393939","33","139","0.328125","32","139","0.3974358974358974","39","139","0.4","35","139","0.25925925925925924","27","139","0.3088235294117647","34","139","0.4583333333333333","24","139","0.296875","32"
,"140","0.5222222222222223","45","140","0.48484848484848486","33","140","0.4090909090909091","44","140","0.4189189189189189","37","140","0.40425531914893614","47","140","0.5978260869565217","46","140","0.4375","64","140","0.5","35","140","0.36363636363636365","44","140","0.37254901960784315","51","140","0.5729166666666666","48","140","0.3645833333333333","48","140","0.4897959183673469","49","140","0.4897959183673469","49","140","0.42045454545454547","44","140","0.41346153846153844","52","140","0.5142857142857142","35","140","0.34615384615384615","39","140","0.47","50","140","0.4479166666666667","48","140","0.330188679245283","53","140","0.4642857142857143","56","140","0.4824561403508772","57","140","0.42045454545454547","44","140","0.39285714285714285","42","140","0.5192307692307693","52","140","0.5222222222222223","45","140","0.4642857142857143","42","140","0.4666666666666667","45","140","0.5348837209302325","43","140","0.47368421052631576","38","140","0.48484848484848486","33","140","0.38372093023255816","43","140","0.3611111111111111","36","140","0.30303030303030304","33","140","0.36538461538461536","26","140","0.3783783783783784","37","140","0.35185185185185186","27","140","0.35294117647058826","34","140","0.3333333333333333","36","140","0.34285714285714286","35","140","0.25","34","140","0.421875","32","140","0.421875","32","140","0.3269230769230769","26","140","0.44285714285714284","35","140","0.28205128205128205","39","140","0.4722222222222222","36","140","0.48","25","140","0.29310344827586204","29","140","0.4583333333333333","24","140","0.34375","32","140","0.3939393939393939","33","140","0.328125","32","140","0.3974358974358974","39","140","0.4","35","140","0.25925925925925924","27","140","0.3088235294117647","34","140","0.4583333333333333","24","140","0.296875","32"
,"141","0.5222222222222223","45","141","0.48484848484848486","33","141","0.4090909090909091","44","141","0.4189189189189189","37","141","0.40425531914893614","47","141","0.6","45","141","0.4375","64","141","0.5","35","141","0.37209302325581395","43","141","0.38461538461538464","52","141","0.5729166666666666","48","141","0.3645833333333333","48","141","0.4897959183673469","49","141","0.4895833333333333","48","141","0.4069767441860465","43","141","0.4215686274509804","51","141","0.5142857142857142","35","141","0.34615384615384615","39","141","0.47","50","141","0.4479166666666667","48","141","0.330188679245283","53","141","0.4642857142857143","56","141","0.49107142857142855","56","141","0.43023255813953487","43","141","0.4024390243902439","41","141","0.5192307692307693","52","141","0.5222222222222223","45","141","0.4880952380952381","42","141","0.4666666666666667","45","141","0.5238095238095238","42","141","0.47368421052631576","38","141","0.48484848484848486","33","141","0.38372093023255816","43","141","0.3611111111111111","36","141","0.296875","32","141","0.36538461538461536","26","141","0.375","36","141","0.35185185185185186","27","141","0.35294117647058826","34","141","0.3333333333333333","36","141","0.35294117647058826","34","141","0.25","34","141","0.421875","32","141","0.421875","32","141","0.3269230769230769","26","141","0.44285714285714284","35","141","0.28205128205128205","39","141","0.4714285714285714","35","141","0.48","25","141","0.29310344827586204","29","141","0.4583333333333333","24","141","0.36363636363636365","33","141","0.3939393939393939","33","141","0.328125","32","141","0.3815789473684211","38","141","0.4142857142857143","35","141","0.25925925925925924","27","141","0.3088235294117647","34","141","0.4583333333333333","24","141","0.296875","32"
,"142","0.5113636363636364","44","142","0.46875","32","142","0.4090909090909091","44","142","0.4189189189189189","37","142","0.40217391304347827","46","142","0.6","45","142","0.4444444444444444","63","142","0.5","33","142","0.37209302325581395","43","142","0.38461538461538464","52","142","0.5729166666666666","48","142","0.3645833333333333","48","142","0.4897959183673469","49","142","0.4895833333333333","48","142","0.4069767441860465","43","142","0.4215686274509804","51","142","0.5142857142857142","35","142","0.34615384615384615","39","142","0.45918367346938777","49","142","0.4479166666666667","48","142","0.3333333333333333","51","142","0.4636363636363636","55","142","0.4824561403508772","57","142","0.42857142857142855","42","142","0.4024390243902439","41","142","0.51","50","142","0.5222222222222223","45","142","0.4878048780487805","41","142","0.4666666666666667","45","142","0.5121951219512195","41","142","0.47297297297297297","37","142","0.48484848484848486","33","142","0.38372093023255816","43","142","0.3611111111111111","36","142","0.2878787878787879","33","142","0.34","25","142","0.375","36","142","0.35185185185185186","27","142","0.35294117647058826","34","142","0.3333333333333333","36","142","0.35294117647058826","34","142","0.25","34","142","0.4032258064516129","31","142","0.421875","32","142","0.3269230769230769","26","142","0.4411764705882353","34","142","0.28205128205128205","39","142","0.4714285714285714","35","142","0.48","25","142","0.29310344827586204","29","142","0.4583333333333333","24","142","0.36363636363636365","33","142","0.3939393939393939","33","142","0.328125","32","142","0.3815789473684211","38","142","0.4142857142857143","35","142","0.25925925925925924","27","142","0.3088235294117647","34","142","0.4583333333333333","24","142","0.296875","32"
,"143","0.5111111111111111","45","143","0.46875","32","143","0.39285714285714285","42","143","0.4027777777777778","36","143","0.3888888888888889","45","143","0.6","45","143","0.4444444444444444","63","143","0.5","33","143","0.37209302325581395","43","143","0.39","50","143","0.5612244897959183","49","143","0.3645833333333333","48","143","0.4897959183673469","49","143","0.4895833333333333","48","143","0.4069767441860465","43","143","0.4215686274509804","51","143","0.5142857142857142","35","143","0.34615384615384615","39","143","0.45918367346938777","49","143","0.4479166666666667","48","143","0.33","50","143","0.46296296296296297","54","143","0.48148148148148145","54","143","0.4268292682926829","41","143","0.4024390243902439","41","143","0.51","50","143","0.5222222222222223","45","143","0.4875","40","143","0.4666666666666667","45","143","0.5121951219512195","41","143","0.47297297297297297","37","143","0.48484848484848486","33","143","0.38372093023255816","43","143","0.3611111111111111","36","143","0.25806451612903225","31","143","0.34","25","143","0.375","36","143","0.35185185185185186","27","143","0.35294117647058826","34","143","0.3333333333333333","36","143","0.35294117647058826","34","143","0.24285714285714285","35","143","0.4032258064516129","31","143","0.4032258064516129","31","143","0.3269230769230769","26","143","0.4411764705882353","34","143","0.28205128205128205","39","143","0.4714285714285714","35","143","0.48","25","143","0.29310344827586204","29","143","0.4583333333333333","24","143","0.36363636363636365","33","143","0.3939393939393939","33","143","0.328125","32","143","0.3815789473684211","38","143","0.4142857142857143","35","143","0.25925925925925924","27","143","0.3088235294117647","34","143","0.4583333333333333","24","143","0.296875","32"
,"144","0.5","45","144","0.46875","32","144","0.39285714285714285","42","144","0.4027777777777778","36","144","0.3977272727272727","44","144","0.6046511627906976","43","144","0.4444444444444444","63","144","0.5","33","144","0.37209302325581395","43","144","0.4148936170212766","47","144","0.5612244897959183","49","144","0.3645833333333333","48","144","0.4897959183673469","49","144","0.4782608695652174","46","144","0.4069767441860465","43","144","0.4215686274509804","51","144","0.5","34","144","0.34615384615384615","39","144","0.45918367346938777","49","144","0.4479166666666667","48","144","0.33","50","144","0.4519230769230769","52","144","0.49056603773584906","53","144","0.4268292682926829","41","144","0.4024390243902439","41","144","0.51","50","144","0.5222222222222223","45","144","0.4875","40","144","0.4666666666666667","45","144","0.5121951219512195","41","144","0.47297297297297297","37","144","0.46875","32","144","0.38372093023255816","43","144","0.3611111111111111","36","144","0.25806451612903225","31","144","0.34","25","144","0.375","36","144","0.35185185185185186","27","144","0.35294117647058826","34","144","0.3333333333333333","36","144","0.3484848484848485","33","144","0.24285714285714285","35","144","0.4032258064516129","31","144","0.4032258064516129","31","144","0.3269230769230769","26","144","0.4411764705882353","34","144","0.275","40","144","0.47058823529411764","34","144","0.48","25","144","0.29310344827586204","29","144","0.45652173913043476","23","144","0.36363636363636365","33","144","0.3939393939393939","33","144","0.328125","32","144","0.3783783783783784","37","144","0.39705882352941174","34","144","0.25925925925925924","27","144","0.3142857142857143","35","144","0.4583333333333333","24","144","0.296875","32"
,"145","0.5","45","145","0.46875","32","145","0.39285714285714285","42","145","0.4027777777777778","36","145","0.3977272727272727","44","145","0.6097560975609756","41","145","0.45161290322580644","62","145","0.5","33","145","0.37209302325581395","43","145","0.4148936170212766","47","145","0.5625","48","145","0.3645833333333333","48","145","0.5","50","145","0.4782608695652174","46","145","0.4069767441860465","43","145","0.41836734693877553","49","145","0.5","34","145","0.34615384615384615","39","145","0.46","50","145","0.4479166666666667","48","145","0.3333333333333333","48","145","0.46","50","145","0.4807692307692308","52","145","0.425","40","145","0.4125","40","145","0.5098039215686274","51","145","0.5222222222222223","45","145","0.4875","40","145","0.4659090909090909","44","145","0.5121951219512195","41","145","0.4722222222222222","36","145","0.46875","32","145","0.38372093023255816","43","145","0.3611111111111111","36","145","0.25806451612903225","31","145","0.34","25","145","0.375","36","145","0.35185185185185186","27","145","0.3484848484848485","33","145","0.3333333333333333","36","145","0.35294117647058826","34","145","0.24285714285714285","35","145","0.4032258064516129","31","145","0.4032258064516129","31","145","0.3269230769230769","26","145","0.42857142857142855","35","145","0.28205128205128205","39","145","0.4696969696969697","33","145","0.48","25","145","0.2857142857142857","28","145","0.45652173913043476","23","145","0.36363636363636365","33","145","0.3939393939393939","33","145","0.328125","32","145","0.3783783783783784","37","145","0.39705882352941174","34","145","0.25","26","145","0.3142857142857143","35","145","0.4583333333333333","24","145","0.296875","32"
,"146","0.5108695652173914","46","146","0.46875","32","146","0.39285714285714285","42","146","0.4","35","146","0.3977272727272727","44","146","0.6097560975609756","41","146","0.45","60","146","0.515625","32","146","0.37209302325581395","43","146","0.40217391304347827","46","146","0.5625","48","146","0.3645833333333333","48","146","0.5","50","146","0.4782608695652174","46","146","0.4069767441860465","43","146","0.41836734693877553","49","146","0.5","34","146","0.34615384615384615","39","146","0.46","50","146","0.4479166666666667","48","146","0.336734693877551","49","146","0.46","50","146","0.4807692307692308","52","146","0.4146341463414634","41","146","0.4125","40","146","0.5098039215686274","51","146","0.5222222222222223","45","146","0.4875","40","146","0.4659090909090909","44","146","0.525","40","146","0.4722222222222222","36","146","0.46875","32","146","0.38095238095238093","42","146","0.3611111111111111","36","146","0.26666666666666666","30","146","0.34","25","146","0.375","36","146","0.35185185185185186","27","146","0.3387096774193548","31","146","0.3333333333333333","36","146","0.35294117647058826","34","146","0.24285714285714285","35","146","0.4032258064516129","31","146","0.4032258064516129","31","146","0.3269230769230769","26","146","0.42857142857142855","35","146","0.28205128205128205","39","146","0.453125","32","146","0.48","25","146","0.2857142857142857","28","146","0.45652173913043476","23","146","0.36363636363636365","33","146","0.3939393939393939","33","146","0.3181818181818182","33","146","0.3783783783783784","37","146","0.39705882352941174","34","146","0.25","26","146","0.3142857142857143","35","146","0.4583333333333333","24","146","0.3064516129032258","31"
,"147","0.5","43","147","0.46774193548387094","31","147","0.39285714285714285","42","147","0.4","35","147","0.4069767441860465","43","147","0.6097560975609756","41","147","0.45","60","147","0.515625","32","147","0.38095238095238093","42","147","0.40217391304347827","46","147","0.574468085106383","47","147","0.3645833333333333","48","147","0.4897959183673469","49","147","0.4777777777777778","45","147","0.40476190476190477","42","147","0.41836734693877553","49","147","0.5","34","147","0.34615384615384615","39","147","0.46","50","147","0.44680851063829785","47","147","0.336734693877551","49","147","0.4583333333333333","48","147","0.4807692307692308","52","147","0.4","40","147","0.4125","40","147","0.5098039215686274","51","147","0.5222222222222223","45","147","0.4875","40","147","0.4659090909090909","44","147","0.525","40","147","0.4411764705882353","34","147","0.46875","32","147","0.36585365853658536","41","147","0.37142857142857144","35","147","0.26666666666666666","30","147","0.34","25","147","0.375","36","147","0.35185185185185186","27","147","0.3387096774193548","31","147","0.3333333333333333","36","147","0.35294117647058826","34","147","0.24285714285714285","35","147","0.4032258064516129","31","147","0.4032258064516129","31","147","0.3269230769230769","26","147","0.42857142857142855","35","147","0.275","40","147","0.453125","32","147","0.48","25","147","0.2857142857142857","28","147","0.45652173913043476","23","147","0.36363636363636365","33","147","0.3939393939393939","33","147","0.3181818181818182","33","147","0.3783783783783784","37","147","0.39705882352941174","34","147","0.25","26","147","0.3142857142857143","35","147","0.4583333333333333","24","147","0.3064516129032258","31"
,"148","0.5","43","148","0.46551724137931033","29","148","0.39285714285714285","42","148","0.4","35","148","0.4069767441860465","43","148","0.6097560975609756","41","148","0.45","60","148","0.515625","32","148","0.3875","40","148","0.40217391304347827","46","148","0.574468085106383","47","148","0.3645833333333333","48","148","0.4897959183673469","49","148","0.46511627906976744","43","148","0.4","40","148","0.41836734693877553","49","148","0.48484848484848486","33","148","0.34210526315789475","38","148","0.46","50","148","0.44680851063829785","47","148","0.336734693877551","49","148","0.4583333333333333","48","148","0.49","50","148","0.3974358974358974","39","148","0.4125","40","148","0.5098039215686274","51","148","0.5222222222222223","45","148","0.4875","40","148","0.4659090909090909","44","148","0.525","40","148","0.4393939393939394","33","148","0.46875","32","148","0.36585365853658536","41","148","0.375","36","148","0.26666666666666666","30","148","0.3333333333333333","24","148","0.375","36","148","0.34","25","148","0.3387096774193548","31","148","0.3333333333333333","36","148","0.34285714285714286","35","148","0.24285714285714285","35","148","0.4032258064516129","31","148","0.4032258064516129","31","148","0.3269230769230769","26","148","0.42857142857142855","35","148","0.275","40","148","0.453125","32","148","0.48","25","148","0.2962962962962963","27","148","0.4318181818181818","22","148","0.36363636363636365","33","148","0.3939393939393939","33","148","0.3181818181818182","33","148","0.3783783783783784","37","148","0.39705882352941174","34","148","0.25","26","148","0.3333333333333333","33","148","0.4583333333333333","24","148","0.31666666666666665","30"
,"149","0.5","43","149","0.4642857142857143","28","149","0.4024390243902439","41","149","0.3888888888888889","36","149","0.4069767441860465","43","149","0.6097560975609756","41","149","0.45","60","149","0.515625","32","149","0.3875","40","149","0.40217391304347827","46","149","0.5652173913043478","46","149","0.3723404255319149","47","149","0.4897959183673469","49","149","0.47619047619047616","42","149","0.4","40","149","0.41836734693877553","49","149","0.48484848484848486","33","149","0.34210526315789475","38","149","0.46","50","149","0.44680851063829785","47","149","0.336734693877551","49","149","0.4583333333333333","48","149","0.49","50","149","0.3974358974358974","39","149","0.4125","40","149","0.5098039215686274","51","149","0.5222222222222223","45","149","0.4875","40","149","0.4659090909090909","44","149","0.525","40","149","0.4375","32","149","0.46875","32","149","0.36585365853658536","41","149","0.37142857142857144","35","149","0.26666666666666666","30","149","0.3333333333333333","24","149","0.38571428571428573","35","149","0.34","25","149","0.3387096774193548","31","149","0.3333333333333333","36","149","0.34285714285714286","35","149","0.24285714285714285","35","149","0.4032258064516129","31","149","0.4032258064516129","31","149","0.3269230769230769","26","149","0.42857142857142855","35","149","0.28205128205128205","39","149","0.453125","32","149","0.48","25","149","0.3076923076923077","26","149","0.4318181818181818","22","149","0.36363636363636365","33","149","0.3939393939393939","33","149","0.3181818181818182","33","149","0.3783783783783784","37","149","0.39705882352941174","34","149","0.25","26","149","0.34375","32","149","0.4583333333333333","24","149","0.31666666666666665","30"
,"150","0.5","43","150","0.4642857142857143","28","150","0.4024390243902439","41","150","0.3888888888888889","36","150","0.4069767441860465","43","150","0.5975609756097561","41","150","0.45","60","150","0.515625","32","150","0.3875","40","150","0.40217391304347827","46","150","0.5777777777777777","45","150","0.375","48","150","0.4897959183673469","49","150","0.47619047619047616","42","150","0.3974358974358974","39","150","0.41836734693877553","49","150","0.48484848484848486","33","150","0.34210526315789475","38","150","0.45918367346938777","49","150","0.44680851063829785","47","150","0.336734693877551","49","150","0.4583333333333333","48","150","0.47959183673469385","49","150","0.3974358974358974","39","150","0.3974358974358974","39","150","0.5098039215686274","51","150","0.5222222222222223","45","150","0.47435897435897434","39","150","0.4659090909090909","44","150","0.525","40","150","0.4375","32","150","0.46875","32","150","0.36585365853658536","41","150","0.37142857142857144","35","150","0.26666666666666666","30","150","0.32","25","150","0.38235294117647056","34","150","0.34","25","150","0.3387096774193548","31","150","0.3333333333333333","36","150","0.34285714285714286","35","150","0.24285714285714285","35","150","0.4032258064516129","31","150","0.4032258064516129","31","150","0.3269230769230769","26","150","0.4411764705882353","34","150","0.28205128205128205","39","150","0.453125","32","150","0.48","25","150","0.3125","24","150","0.4318181818181818","22","150","0.36363636363636365","33","150","0.3939393939393939","33","150","0.3181818181818182","33","150","0.3783783783783784","37","150","0.3787878787878788","33","150","0.25","26","150","0.34375","32","150","0.45652173913043476","23","150","0.31666666666666665","30"
,"151","0.5","43","151","0.4642857142857143","28","151","0.4024390243902439","41","151","0.3888888888888889","36","151","0.40476190476190477","42","151","0.5975609756097561","41","151","0.45","60","151","0.515625","32","151","0.38461538461538464","39","151","0.40217391304347827","46","151","0.5777777777777777","45","151","0.3723404255319149","47","151","0.4897959183673469","49","151","0.47619047619047616","42","151","0.3974358974358974","39","151","0.41836734693877553","49","151","0.48484848484848486","33","151","0.34210526315789475","38","151","0.45918367346938777","49","151","0.4583333333333333","48","151","0.3333333333333333","48","151","0.4583333333333333","48","151","0.47959183673469385","49","151","0.39473684210526316","38","151","0.3974358974358974","39","151","0.5","50","151","0.5113636363636364","44","151","0.47435897435897434","39","151","0.45348837209302323","43","151","0.525","40","151","0.4375","32","151","0.46875","32","151","0.36585365853658536","41","151","0.36764705882352944","34","151","0.26666666666666666","30","151","0.2916666666666667","24","151","0.38235294117647056","34","151","0.34","25","151","0.3620689655172414","29","151","0.3333333333333333","36","151","0.34285714285714286","35","151","0.24285714285714285","35","151","0.4032258064516129","31","151","0.4032258064516129","31","151","0.3269230769230769","26","151","0.4411764705882353","34","151","0.2875","40","151","0.453125","32","151","0.4583333333333333","24","151","0.3125","24","151","0.4318181818181818","22","151","0.36363636363636365","33","151","0.3939393939393939","33","151","0.3181818181818182","33","151","0.3783783783783784","37","151","0.390625","32","151","0.25","26","151","0.34375","32","151","0.45652173913043476","23","151","0.3103448275862069","29"
,"152","0.5","43","152","0.4642857142857143","28","152","0.4024390243902439","41","152","0.3888888888888889","36","152","0.40476190476190477","42","152","0.5975609756097561","41","152","0.45","60","152","0.515625","32","152","0.38461538461538464","39","152","0.40217391304347827","46","152","0.5795454545454546","44","152","0.3723404255319149","47","152","0.4897959183673469","49","152","0.47619047619047616","42","152","0.40789473684210525","38","152","0.41836734693877553","49","152","0.48484848484848486","33","152","0.34210526315789475","38","152","0.45918367346938777","49","152","0.44680851063829785","47","152","0.3191489361702128","47","152","0.4583333333333333","48","152","0.47959183673469385","49","152","0.39473684210526316","38","152","0.40789473684210525","38","152","0.5","50","152","0.5116279069767442","43","152","0.47435897435897434","39","152","0.45348837209302323","43","152","0.525","40","152","0.45161290322580644","31","152","0.46875","32","152","0.36585365853658536","41","152","0.36764705882352944","34","152","0.26666666666666666","30","152","0.2916666666666667","24","152","0.38235294117647056","34","152","0.34","25","152","0.3620689655172414","29","152","0.3333333333333333","36","152","0.32857142857142857","35","152","0.24285714285714285","35","152","0.4032258064516129","31","152","0.4032258064516129","31","152","0.3269230769230769","26","152","0.4411764705882353","34","152","0.27631578947368424","38","152","0.45161290322580644","31","152","0.4583333333333333","24","152","0.3125","24","152","0.4318181818181818","22","152","0.36363636363636365","33","152","0.375","32","152","0.3181818181818182","33","152","0.3783783783783784","37","152","0.390625","32","152","0.25","26","152","0.34375","32","152","0.45652173913043476","23","152","0.30357142857142855","28"
,"153","0.5","42","153","0.4642857142857143","28","153","0.4024390243902439","41","153","0.3888888888888889","36","153","0.3902439024390244","41","153","0.5975609756097561","41","153","0.45","60","153","0.515625","32","153","0.38461538461538464","39","153","0.40217391304347827","46","153","0.5813953488372093","43","153","0.3723404255319149","47","153","0.4897959183673469","49","153","0.47619047619047616","42","153","0.40789473684210525","38","153","0.41836734693877553","49","153","0.48484848484848486","33","153","0.33783783783783783","37","153","0.45918367346938777","49","153","0.44680851063829785","47","153","0.31521739130434784","46","153","0.4782608695652174","46","153","0.47959183673469385","49","153","0.3918918918918919","37","153","0.40540540540540543","37","153","0.4897959183673469","49","153","0.5116279069767442","43","153","0.47435897435897434","39","153","0.45454545454545453","44","153","0.525","40","153","0.45161290322580644","31","153","0.46875","32","153","0.36585365853658536","41","153","0.36764705882352944","34","153","0.26666666666666666","30","153","0.2916666666666667","24","153","0.38235294117647056","34","153","0.34","25","153","0.35","30","153","0.3333333333333333","36","153","0.32857142857142857","35","153","0.24285714285714285","35","153","0.4032258064516129","31","153","0.4032258064516129","31","153","0.3269230769230769","26","153","0.4411764705882353","34","153","0.27631578947368424","38","153","0.45161290322580644","31","153","0.4583333333333333","24","153","0.29545454545454547","22","153","0.4318181818181818","22","153","0.359375","32","153","0.375","32","153","0.3181818181818182","33","153","0.3783783783783784","37","153","0.390625","32","153","0.25","24","153","0.34375","32","153","0.45652173913043476","23","153","0.2962962962962963","27"
,"154","0.5121951219512195","41","154","0.4642857142857143","28","154","0.4","40","154","0.3888888888888889","36","154","0.4","40","154","0.5975609756097561","41","154","0.44166666666666665","60","154","0.515625","32","154","0.38461538461538464","39","154","0.40217391304347827","46","154","0.5813953488372093","43","154","0.3645833333333333","48","154","0.4897959183673469","49","154","0.47619047619047616","42","154","0.4189189189189189","37","154","0.41836734693877553","49","154","0.48484848484848486","33","154","0.33783783783783783","37","154","0.46","50","154","0.44680851063829785","47","154","0.31521739130434784","46","154","0.4777777777777778","45","154","0.47959183673469385","49","154","0.3918918918918919","37","154","0.40540540540540543","37","154","0.4895833333333333","48","154","0.5116279069767442","43","154","0.47435897435897434","39","154","0.46511627906976744","43","154","0.525","40","154","0.45","30","154","0.46774193548387094","31","154","0.36585365853658536","41","154","0.36764705882352944","34","154","0.27586206896551724","29","154","0.2916666666666667","24","154","0.36363636363636365","33","154","0.34","25","154","0.3620689655172414","29","154","0.3333333333333333","36","154","0.32857142857142857","35","154","0.24285714285714285","35","154","0.4032258064516129","31","154","0.4032258064516129","31","154","0.34","25","154","0.4411764705882353","34","154","0.27631578947368424","38","154","0.45","30","154","0.4583333333333333","24","154","0.29545454545454547","22","154","0.4318181818181818","22","154","0.359375","32","154","0.3548387096774194","31","154","0.3181818181818182","33","154","0.3783783783783784","37","154","0.390625","32","154","0.25","24","154","0.34375","32","154","0.4318181818181818","22","154","0.2962962962962963","27"
,"155","0.5121951219512195","41","155","0.4642857142857143","28","155","0.4","40","155","0.38571428571428573","35","155","0.4","40","155","0.5975609756097561","41","155","0.44166666666666665","60","155","0.5161290322580645","31","155","0.39473684210526316","38","155","0.4","45","155","0.5813953488372093","43","155","0.3645833333333333","48","155","0.4897959183673469","49","155","0.47619047619047616","42","155","0.4189189189189189","37","155","0.41836734693877553","49","155","0.48484848484848486","33","155","0.33783783783783783","37","155","0.46","50","155","0.45652173913043476","46","155","0.31521739130434784","46","155","0.4777777777777778","45","155","0.46875","48","155","0.3918918918918919","37","155","0.4142857142857143","35","155","0.4895833333333333","48","155","0.5116279069767442","43","155","0.47435897435897434","39","155","0.46511627906976744","43","155","0.5384615384615384","39","155","0.45","30","155","0.46774193548387094","31","155","0.36585365853658536","41","155","0.36764705882352944","34","155","0.27586206896551724","29","155","0.2916666666666667","24","155","0.36363636363636365","33","155","0.3333333333333333","24","155","0.3620689655172414","29","155","0.3333333333333333","36","155","0.32857142857142857","35","155","0.21212121212121213","33","155","0.4032258064516129","31","155","0.38333333333333336","30","155","0.34","25","155","0.42424242424242425","33","155","0.27631578947368424","38","155","0.45","30","155","0.4583333333333333","24","155","0.29545454545454547","22","155","0.40476190476190477","21","155","0.359375","32","155","0.3548387096774194","31","155","0.3181818181818182","33","155","0.3684210526315789","38","155","0.390625","32","155","0.24","25","155","0.34375","32","155","0.4318181818181818","22","155","0.3","25"
,"156","0.5125","40","156","0.4642857142857143","28","156","0.40789473684210525","38","156","0.38571428571428573","35","156","0.4","40","156","0.5975609756097561","41","156","0.43103448275862066","58","156","0.5166666666666667","30","156","0.39473684210526316","38","156","0.3977272727272727","44","156","0.5813953488372093","43","156","0.3645833333333333","48","156","0.4897959183673469","49","156","0.47619047619047616","42","156","0.4166666666666667","36","156","0.41836734693877553","49","156","0.48484848484848486","33","156","0.33783783783783783","37","156","0.46","50","156","0.45652173913043476","46","156","0.2840909090909091","44","156","0.4777777777777778","45","156","0.46875","48","156","0.3918918918918919","37","156","0.4305555555555556","36","156","0.4897959183673469","49","156","0.5116279069767442","43","156","0.4605263157894737","38","156","0.4772727272727273","44","156","0.5384615384615384","39","156","0.45","30","156","0.46774193548387094","31","156","0.36585365853658536","41","156","0.36764705882352944","34","156","0.27586206896551724","29","156","0.2916666666666667","24","156","0.36363636363636365","33","156","0.30434782608695654","23","156","0.3620689655172414","29","156","0.3333333333333333","36","156","0.32857142857142857","35","156","0.20588235294117646","34","156","0.421875","32","156","0.38333333333333336","30","156","0.34","25","156","0.42424242424242425","33","156","0.27631578947368424","38","156","0.45","30","156","0.43478260869565216","23","156","0.30952380952380953","21","156","0.40476190476190477","21","156","0.359375","32","156","0.3548387096774194","31","156","0.3181818181818182","33","156","0.3684210526315789","38","156","0.390625","32","156","0.24","25","156","0.3548387096774194","31","156","0.4318181818181818","22","156","0.3","25"
,"157","0.5","41","157","0.4642857142857143","28","157","0.40789473684210525","38","157","0.38571428571428573","35","157","0.4","40","157","0.5975609756097561","41","157","0.43103448275862066","58","157","0.5166666666666667","30","157","0.39473684210526316","38","157","0.3977272727272727","44","157","0.5813953488372093","43","157","0.3645833333333333","48","157","0.4897959183673469","49","157","0.47619047619047616","42","157","0.4166666666666667","36","157","0.41836734693877553","49","157","0.45454545454545453","33","157","0.33783783783783783","37","157","0.4489795918367347","49","157","0.45652173913043476","46","157","0.2840909090909091","44","157","0.48863636363636365","44","157","0.46875","48","157","0.3918918918918919","37","157","0.4305555555555556","36","157","0.49","50","157","0.5116279069767442","43","157","0.4594594594594595","37","157","0.4642857142857143","42","157","0.5263157894736842","38","157","0.45","30","157","0.46774193548387094","31","157","0.36585365853658536","41","157","0.36363636363636365","33","157","0.25925925925925924","27","157","0.2916666666666667","24","157","0.3709677419354839","31","157","0.30434782608695654","23","157","0.3620689655172414","29","157","0.3333333333333333","36","157","0.32857142857142857","35","157","0.20588235294117646","34","157","0.4032258064516129","31","157","0.3620689655172414","29","157","0.34","25","157","0.42424242424242425","33","157","0.27631578947368424","38","157","0.45","30","157","0.43478260869565216","23","157","0.3","20","157","0.40476190476190477","21","157","0.359375","32","157","0.3548387096774194","31","157","0.3125","32","157","0.3783783783783784","37","157","0.390625","32","157","0.24","25","157","0.3548387096774194","31","157","0.4318181818181818","22","157","0.3","25"
,"158","0.5","41","158","0.4444444444444444","27","158","0.40789473684210525","38","158","0.3888888888888889","36","158","0.4","40","158","0.5975609756097561","41","158","0.43103448275862066","58","158","0.5166666666666667","30","158","0.40540540540540543","37","158","0.38372093023255816","43","158","0.5714285714285714","42","158","0.3645833333333333","48","158","0.4897959183673469","49","158","0.4772727272727273","44","158","0.4166666666666667","36","158","0.4166666666666667","48","158","0.45454545454545453","33","158","0.33783783783783783","37","158","0.45","50","158","0.45652173913043476","46","158","0.28888888888888886","45","158","0.48863636363636365","44","158","0.46875","48","158","0.3918918918918919","37","158","0.4305555555555556","36","158","0.4897959183673469","49","158","0.5116279069767442","43","158","0.4594594594594595","37","158","0.4642857142857143","42","158","0.5263157894736842","38","158","0.45","30","158","0.46774193548387094","31","158","0.36585365853658536","41","158","0.36363636363636365","33","158","0.25925925925925924","27","158","0.2916666666666667","24","158","0.3709677419354839","31","158","0.30434782608695654","23","158","0.3620689655172414","29","158","0.3382352941176471","34","158","0.32857142857142857","35","158","0.20588235294117646","34","158","0.4032258064516129","31","158","0.3620689655172414","29","158","0.34","25","158","0.42424242424242425","33","158","0.27631578947368424","38","158","0.45","30","158","0.43478260869565216","23","158","0.3","20","158","0.40476190476190477","21","158","0.36666666666666664","30","158","0.3548387096774194","31","158","0.3125","32","158","0.3783783783783784","37","158","0.390625","32","158","0.24","25","158","0.3387096774193548","31","158","0.4318181818181818","22","158","0.3","25"
,"159","0.5","41","159","0.4444444444444444","27","159","0.40789473684210525","38","159","0.3888888888888889","36","159","0.4","40","159","0.6","40","159","0.43103448275862066","58","159","0.5166666666666667","30","159","0.4027777777777778","36","159","0.38372093023255816","43","159","0.5813953488372093","43","159","0.3645833333333333","48","159","0.4897959183673469","49","159","0.4883720930232558","43","159","0.4166666666666667","36","159","0.4166666666666667","48","159","0.45454545454545453","33","159","0.33783783783783783","37","159","0.45","50","159","0.45652173913043476","46","159","0.2840909090909091","44","159","0.47674418604651164","43","159","0.46938775510204084","49","159","0.3918918918918919","37","159","0.4305555555555556","36","159","0.49","50","159","0.5116279069767442","43","159","0.4594594594594595","37","159","0.4642857142857143","42","159","0.5263157894736842","38","159","0.46551724137931033","29","159","0.46774193548387094","31","159","0.36585365853658536","41","159","0.375","32","159","0.25925925925925924","27","159","0.2608695652173913","23","159","0.36666666666666664","30","159","0.29545454545454547","22","159","0.35714285714285715","28","159","0.3484848484848485","33","159","0.32857142857142857","35","159","0.20588235294117646","34","159","0.4032258064516129","31","159","0.3620689655172414","29","159","0.34","25","159","0.42424242424242425","33","159","0.27631578947368424","38","159","0.45","30","159","0.43478260869565216","23","159","0.3","20","159","0.40476190476190477","21","159","0.36666666666666664","30","159","0.3548387096774194","31","159","0.3125","32","159","0.3783783783783784","37","159","0.390625","32","159","0.24","25","159","0.3387096774193548","31","159","0.4318181818181818","22","159","0.3","25"
,"160","0.5","41","160","0.4230769230769231","26","160","0.40789473684210525","38","160","0.3888888888888889","36","160","0.4024390243902439","41","160","0.5921052631578947","38","160","0.42105263157894735","57","160","0.5166666666666667","30","160","0.4","35","160","0.38372093023255816","43","160","0.5813953488372093","43","160","0.3723404255319149","47","160","0.4897959183673469","49","160","0.4883720930232558","43","160","0.4142857142857143","35","160","0.4148936170212766","47","160","0.45454545454545453","33","160","0.33783783783783783","37","160","0.45","50","160","0.45652173913043476","46","160","0.2840909090909091","44","160","0.47674418604651164","43","160","0.46938775510204084","49","160","0.3918918918918919","37","160","0.4305555555555556","36","160","0.4787234042553192","47","160","0.5116279069767442","43","160","0.4594594594594595","37","160","0.45121951219512196","41","160","0.5263157894736842","38","160","0.4642857142857143","28","160","0.46774193548387094","31","160","0.36585365853658536","41","160","0.375","32","160","0.25925925925925924","27","160","0.2608695652173913","23","160","0.36666666666666664","30","160","0.29545454545454547","22","160","0.35714285714285715","28","160","0.3484848484848485","33","160","0.32857142857142857","35","160","0.19696969696969696","33","160","0.4","30","160","0.3620689655172414","29","160","0.34","25","160","0.42424242424242425","33","160","0.2702702702702703","37","160","0.45","30","160","0.43478260869565216","23","160","0.3","20","160","0.40476190476190477","21","160","0.36666666666666664","30","160","0.3548387096774194","31","160","0.3125","32","160","0.3888888888888889","36","160","0.390625","32","160","0.24","25","160","0.3387096774193548","31","160","0.42857142857142855","21","160","0.3","25"
,"161","0.5","41","161","0.4230769230769231","26","161","0.3918918918918919","37","161","0.4","35","161","0.4024390243902439","41","161","0.5921052631578947","38","161","0.4224137931034483","58","161","0.5166666666666667","30","161","0.4","35","161","0.38372093023255816","43","161","0.5714285714285714","42","161","0.3723404255319149","47","161","0.4895833333333333","48","161","0.4883720930232558","43","161","0.4117647058823529","34","161","0.4166666666666667","48","161","0.45454545454545453","33","161","0.33783783783783783","37","161","0.45","50","161","0.45652173913043476","46","161","0.2840909090909091","44","161","0.47674418604651164","43","161","0.46875","48","161","0.3918918918918919","37","161","0.4305555555555556","36","161","0.4782608695652174","46","161","0.5116279069767442","43","161","0.4594594594594595","37","161","0.45121951219512196","41","161","0.5263157894736842","38","161","0.4444444444444444","27","161","0.46774193548387094","31","161","0.36585365853658536","41","161","0.375","32","161","0.25925925925925924","27","161","0.25","24","161","0.36666666666666664","30","161","0.29545454545454547","22","161","0.35714285714285715","28","161","0.3484848484848485","33","161","0.32857142857142857","35","161","0.19696969696969696","33","161","0.4","30","161","0.3620689655172414","29","161","0.34","25","161","0.4375","32","161","0.2702702702702703","37","161","0.45","30","161","0.43478260869565216","23","161","0.3","20","161","0.40476190476190477","21","161","0.36666666666666664","30","161","0.3548387096774194","31","161","0.3125","32","161","0.3888888888888889","36","161","0.390625","32","161","0.24","25","161","0.3387096774193548","31","161","0.42857142857142855","21","161","0.3","25"
,"162","0.5","40","162","0.4230769230769231","26","162","0.3918918918918919","37","162","0.4","35","162","0.4","40","162","0.5945945945945946","37","162","0.4224137931034483","58","162","0.5166666666666667","30","162","0.4","35","162","0.38372093023255816","43","162","0.5714285714285714","42","162","0.358695652173913","46","162","0.4777777777777778","45","162","0.4883720930232558","43","162","0.4117647058823529","34","162","0.4166666666666667","48","162","0.45454545454545453","33","162","0.33783783783783783","37","162","0.4489795918367347","49","162","0.4444444444444444","45","162","0.2840909090909091","44","162","0.47619047619047616","42","162","0.4891304347826087","46","162","0.3888888888888889","36","162","0.4305555555555556","36","162","0.46808510638297873","47","162","0.5116279069767442","43","162","0.47058823529411764","34","162","0.45121951219512196","41","162","0.5135135135135135","37","162","0.4444444444444444","27","162","0.4666666666666667","30","162","0.36585365853658536","41","162","0.375","32","162","0.2692307692307692","26","162","0.25","24","162","0.36666666666666664","30","162","0.29545454545454547","22","162","0.35714285714285715","28","162","0.3484848484848485","33","162","0.32857142857142857","35","162","0.203125","32","162","0.3793103448275862","29","162","0.3620689655172414","29","162","0.34","25","162","0.4375","32","162","0.2702702702702703","37","162","0.45","30","162","0.43478260869565216","23","162","0.3","20","162","0.40476190476190477","21","162","0.3448275862068966","29","162","0.3548387096774194","31","162","0.3125","32","162","0.3888888888888889","36","162","0.3709677419354839","31","162","0.24","25","162","0.3387096774193548","31","162","0.45","20","162","0.3","25"
,"163","0.5","40","163","0.4230769230769231","26","163","0.3815789473684211","38","163","0.4","35","163","0.4","40","163","0.5945945945945946","37","163","0.39090909090909093","55","163","0.5166666666666667","30","163","0.4","35","163","0.38372093023255816","43","163","0.5714285714285714","42","163","0.375","44","163","0.4777777777777778","45","163","0.4880952380952381","42","163","0.4117647058823529","34","163","0.42391304347826086","46","163","0.453125","32","163","0.33783783783783783","37","163","0.4489795918367347","49","163","0.4444444444444444","45","163","0.2840909090909091","44","163","0.4634146341463415","41","163","0.4891304347826087","46","163","0.3888888888888889","36","163","0.4305555555555556","36","163","0.46808510638297873","47","163","0.5116279069767442","43","163","0.47058823529411764","34","163","0.45121951219512196","41","163","0.5135135135135135","37","163","0.4444444444444444","27","163","0.46774193548387094","31","163","0.36585365853658536","41","163","0.375","32","163","0.2692307692307692","26","163","0.25","24","163","0.36666666666666664","30","163","0.2857142857142857","21","163","0.35714285714285715","28","163","0.3484848484848485","33","163","0.32857142857142857","35","163","0.203125","32","163","0.3793103448275862","29","163","0.3620689655172414","29","163","0.34","25","163","0.4375","32","163","0.25","36","163","0.45","30","163","0.43478260869565216","23","163","0.3","20","163","0.40476190476190477","21","163","0.3448275862068966","29","163","0.3548387096774194","31","163","0.3064516129032258","31","163","0.3888888888888889","36","163","0.3709677419354839","31","163","0.24","25","163","0.3387096774193548","31","163","0.47368421052631576","19","163","0.3","25"
,"164","0.5125","40","164","0.4230769230769231","26","164","0.3783783783783784","37","164","0.4","35","164","0.4","40","164","0.5972222222222222","36","164","0.39090909090909093","55","164","0.5166666666666667","30","164","0.4","35","164","0.38372093023255816","43","164","0.55","40","164","0.375","44","164","0.4777777777777778","45","164","0.4880952380952381","42","164","0.4090909090909091","33","164","0.42391304347826086","46","164","0.453125","32","164","0.33783783783783783","37","164","0.45","50","164","0.4431818181818182","44","164","0.2840909090909091","44","164","0.4634146341463415","41","164","0.4891304347826087","46","164","0.3888888888888889","36","164","0.4305555555555556","36","164","0.46808510638297873","47","164","0.5119047619047619","42","164","0.4696969696969697","33","164","0.45121951219512196","41","164","0.5135135135135135","37","164","0.4444444444444444","27","164","0.45","30","164","0.36585365853658536","41","164","0.375","32","164","0.2692307692307692","26","164","0.25","24","164","0.3448275862068966","29","164","0.3","20","164","0.35714285714285715","28","164","0.3484848484848485","33","164","0.32857142857142857","35","164","0.203125","32","164","0.375","28","164","0.375","28","164","0.34","25","164","0.4375","32","164","0.25","36","164","0.42857142857142855","28","164","0.43478260869565216","23","164","0.3","20","164","0.40476190476190477","21","164","0.3448275862068966","29","164","0.3387096774193548","31","164","0.3064516129032258","31","164","0.3888888888888889","36","164","0.3709677419354839","31","164","0.23076923076923078","26","164","0.3387096774193548","31","164","0.47368421052631576","19","164","0.3","25"
,"165","0.5","39","165","0.4230769230769231","26","165","0.3783783783783784","37","165","0.4117647058823529","34","165","0.4","40","165","0.5972222222222222","36","165","0.37962962962962965","54","165","0.5166666666666667","30","165","0.39705882352941174","34","165","0.38095238095238093","42","165","0.55","40","165","0.375","44","165","0.4891304347826087","46","165","0.4880952380952381","42","165","0.4090909090909091","33","165","0.43333333333333335","45","165","0.453125","32","165","0.33783783783783783","37","165","0.4489795918367347","49","165","0.4418604651162791","43","165","0.2840909090909091","44","165","0.4634146341463415","41","165","0.4891304347826087","46","165","0.4142857142857143","35","165","0.4305555555555556","36","165","0.46808510638297873","47","165","0.5","42","165","0.4696969696969697","33","165","0.45121951219512196","41","165","0.5277777777777778","36","165","0.4444444444444444","27","165","0.45","30","165","0.35","40","165","0.3709677419354839","31","165","0.2692307692307692","26","165","0.25","24","165","0.37037037037037035","27","165","0.3","20","165","0.35714285714285715","28","165","0.3484848484848485","33","165","0.32857142857142857","35","165","0.203125","32","165","0.375","28","165","0.3620689655172414","29","165","0.34","25","165","0.43548387096774194","31","165","0.25","36","165","0.42857142857142855","28","165","0.42857142857142855","21","165","0.3","20","165","0.40476190476190477","21","165","0.35714285714285715","28","165","0.3387096774193548","31","165","0.3103448275862069","29","165","0.3888888888888889","36","165","0.3709677419354839","31","165","0.23076923076923078","26","165","0.3387096774193548","31","165","0.47368421052631576","19","165","0.3","25"
,"166","0.5","39","166","0.4230769230769231","26","166","0.3783783783783784","37","166","0.4117647058823529","34","166","0.4","40","166","0.5945945945945946","37","166","0.37735849056603776","53","166","0.5166666666666667","30","166","0.3939393939393939","33","166","0.36585365853658536","41","166","0.55","40","166","0.375","44","166","0.4891304347826087","46","166","0.4880952380952381","42","166","0.4090909090909091","33","166","0.43333333333333335","45","166","0.46774193548387094","31","166","0.33783783783783783","37","166","0.4489795918367347","49","166","0.4418604651162791","43","166","0.2840909090909091","44","166","0.4634146341463415","41","166","0.4891304347826087","46","166","0.4142857142857143","35","166","0.44594594594594594","37","166","0.4583333333333333","48","166","0.5","42","166","0.4696969696969697","33","166","0.45121951219512196","41","166","0.5277777777777778","36","166","0.4444444444444444","27","166","0.45","30","166","0.35","40","166","0.3709677419354839","31","166","0.2692307692307692","26","166","0.25","24","166","0.37037037037037035","27","166","0.3","20","166","0.35714285714285715","28","166","0.3484848484848485","33","166","0.32857142857142857","35","166","0.21212121212121213","33","166","0.37037037037037035","27","166","0.3620689655172414","29","166","0.34","25","166","0.43548387096774194","31","166","0.25675675675675674","37","166","0.42857142857142855","28","166","0.42857142857142855","21","166","0.3","20","166","0.425","20","166","0.35714285714285715","28","166","0.3387096774193548","31","166","0.30357142857142855","28","166","0.37142857142857144","35","166","0.36666666666666664","30","166","0.23076923076923078","26","166","0.3333333333333333","30","166","0.47368421052631576","19","166","0.3","25"
,"167","0.5294117647058824","17","167","0.55","10","167","0.375","8","167","0.3181818181818182","11","167","0.42857142857142855","7","167","0.42857142857142855","7","167","0.38461538461538464","13","167","0.5","9","167","0.3125","8","167","0.3611111111111111","18","167","0.6388888888888888","18","167","0.3333333333333333","12","167","0.7142857142857143","14","167","0.4230769230769231","13","167","0.5555555555555556","9","167","0.47058823529411764","17","167","0.375","8","167","0.23076923076923078","13","167","0.28125","16","167","0.42857142857142855","14","167","0.2","15","167","0.375","12","167","0.475","20","167","0.3333333333333333","12","167","0.375","12","167","0.3684210526315789","19","167","0.3333333333333333","9","167","0.4090909090909091","11","167","0.4","15","167","0.5625","8","167","0.5","6","167","0.6666666666666666","9","167","0.2916666666666667","12","167","0.5714285714285714","7","167","0.25","10","167","0.2","5","167","0.36363636363636365","11","167","0.125","4","167","0.4375","8","167","0.3181818181818182","11","167","0.3333333333333333","12","167","0.08333333333333333","6","167","0","0","167","0.3125","8","167","0.75","4","167","0.4375","8","167","0.2727272727272727","11","167","0.6428571428571429","7","167","0.5","1","167","0.375","4","167","0.4166666666666667","6","167","0.4166666666666667","12","167","0.25","8","167","0.2","5","167","0.1875","8","167","0.4","10","167","0.14285714285714285","7","167","0.2222222222222222","9","167","0.25","2","167","0.21428571428571427","7"
,"168","0.53125","16","168","0.55","10","168","0.375","8","168","0.35","10","168","0.42857142857142855","7","168","0.42857142857142855","7","168","0.38461538461538464","13","168","0.5","9","168","0.2857142857142857","7","168","0.3611111111111111","18","168","0.6388888888888888","18","168","0.3333333333333333","12","168","0.7142857142857143","14","168","0.4230769230769231","13","168","0.5555555555555556","9","168","0.47058823529411764","17","168","0.375","8","168","0.23076923076923078","13","168","0.26666666666666666","15","168","0.42857142857142855","14","168","0.2","15","168","0.375","12","168","0.475","20","168","0.3333333333333333","12","168","0.375","12","168","0.3684210526315789","19","168","0.3333333333333333","9","168","0.4090909090909091","11","168","0.4","15","168","0.5714285714285714","7","168","0.5","6","168","0.6875","8","168","0.2916666666666667","12","168","0.5714285714285714","7","168","0.2222222222222222","9","168","0.2","5","168","0.36363636363636365","11","168","0.125","4","168","0.35714285714285715","7","168","0.3181818181818182","11","168","0.3333333333333333","12","168","0.08333333333333333","6","168","0","0","168","0.3125","8","168","0.75","4","168","0.4375","8","168","0.2727272727272727","11","168","0.6428571428571429","7","168","0.5","1","168","0.375","4","168","0.4166666666666667","6","168","0.4166666666666667","12","168","0.25","8","168","0.2","5","168","0.1875","8","168","0.3333333333333333","9","168","0.14285714285714285","7","168","0.2222222222222222","9","168","0.25","2","168","0.21428571428571427","7"
,"169","0.53125","16","169","0.55","10","169","0.375","8","169","0.35","10","169","0.42857142857142855","7","169","0.42857142857142855","7","169","0.38461538461538464","13","169","0.5","8","169","0.2857142857142857","7","169","0.3611111111111111","18","169","0.6764705882352942","17","169","0.3333333333333333","12","169","0.6923076923076923","13","169","0.4166666666666667","12","169","0.5","8","169","0.47058823529411764","17","169","0.375","8","169","0.23076923076923078","13","169","0.26666666666666666","15","169","0.42857142857142855","14","169","0.2","15","169","0.375","12","169","0.475","20","169","0.3333333333333333","12","169","0.375","12","169","0.3684210526315789","19","169","0.3333333333333333","9","169","0.4090909090909091","11","169","0.4","15","169","0.5714285714285714","7","169","0.5","6","169","0.6875","8","169","0.2916666666666667","12","169","0.5714285714285714","7","169","0.1875","8","169","0.125","4","169","0.36363636363636365","11","169","0.125","4","169","0.35714285714285715","7","169","0.3181818181818182","11","169","0.3333333333333333","12","169","0.08333333333333333","6","169","0","0","169","0.3125","8","169","0.75","4","169","0.35714285714285715","7","169","0.2727272727272727","11","169","0.6428571428571429","7","169","0.5","1","169","0.375","4","169","0.4166666666666667","6","169","0.4166666666666667","12","169","0.25","8","169","0.2","5","169","0.1875","8","169","0.3333333333333333","9","169","0.16666666666666666","6","169","0.25","8","169","0.25","2","169","0.21428571428571427","7"
,"170","0.53125","16","170","0.55","10","170","0.375","8","170","0.35","10","170","0.42857142857142855","7","170","0.42857142857142855","7","170","0.38461538461538464","13","170","0.5","8","170","0.2857142857142857","7","170","0.3611111111111111","18","170","0.6764705882352942","17","170","0.3333333333333333","12","170","0.6923076923076923","13","170","0.4166666666666667","12","170","0.5","8","170","0.47058823529411764","17","170","0.375","8","170","0.23076923076923078","13","170","0.2857142857142857","14","170","0.42857142857142855","14","170","0.2","15","170","0.375","12","170","0.475","20","170","0.3333333333333333","12","170","0.36363636363636365","11","170","0.3684210526315789","19","170","0.3333333333333333","9","170","0.4090909090909091","11","170","0.4","15","170","0.5714285714285714","7","170","0.5","6","170","0.6875","8","170","0.3181818181818182","11","170","0.5714285714285714","7","170","0.1875","8","170","0.125","4","170","0.36363636363636365","11","170","0.125","4","170","0.35714285714285715","7","170","0.3181818181818182","11","170","0.3333333333333333","12","170","0.08333333333333333","6","170","0","0","170","0.3125","8","170","0.75","4","170","0.35714285714285715","7","170","0.2727272727272727","11","170","0.6428571428571429","7","170","0.5","1","170","0.375","4","170","0.4166666666666667","6","170","0.4166666666666667","12","170","0.25","8","170","0.2","5","170","0.1875","8","170","0.3333333333333333","9","170","0.16666666666666666","6","170","0.25","8","170","0.25","2","170","0.21428571428571427","7"
,"171","0.53125","16","171","0.5555555555555556","9","171","0.375","8","171","0.35","10","171","0.42857142857142855","7","171","0.42857142857142855","7","171","0.38461538461538464","13","171","0.5","8","171","0.2857142857142857","7","171","0.3611111111111111","18","171","0.6764705882352942","17","171","0.3333333333333333","12","171","0.6923076923076923","13","171","0.4166666666666667","12","171","0.5","8","171","0.47058823529411764","17","171","0.375","8","171","0.23076923076923078","13","171","0.2857142857142857","14","171","0.42857142857142855","14","171","0.2","15","171","0.375","12","171","0.475","20","171","0.3333333333333333","12","171","0.4","10","171","0.3333333333333333","18","171","0.3333333333333333","9","171","0.4090909090909091","11","171","0.4","15","171","0.5714285714285714","7","171","0.5","6","171","0.6875","8","171","0.3181818181818182","11","171","0.5714285714285714","7","171","0.1875","8","171","0.125","4","171","0.36363636363636365","11","171","0.125","4","171","0.35714285714285715","7","171","0.3181818181818182","11","171","0.3333333333333333","12","171","0.08333333333333333","6","171","0","0","171","0.3125","8","171","0.75","4","171","0.4","5","171","0.2727272727272727","11","171","0.6428571428571429","7","171","0.5","1","171","0.375","4","171","0.4166666666666667","6","171","0.4166666666666667","12","171","0.25","8","171","0.2","5","171","0.1875","8","171","0.3333333333333333","9","171","0.16666666666666666","6","171","0.25","8","171","0.25","2","171","0.21428571428571427","7"
,"172","0.53125","16","172","0.5555555555555556","9","172","0.375","8","172","0.35","10","172","0.42857142857142855","7","172","0.42857142857142855","7","172","0.38461538461538464","13","172","0.5","8","172","0.2857142857142857","7","172","0.3611111111111111","18","172","0.6764705882352942","17","172","0.3333333333333333","12","172","0.6923076923076923","13","172","0.4166666666666667","12","172","0.5","8","172","0.47058823529411764","17","172","0.35714285714285715","7","172","0.23076923076923078","13","172","0.2857142857142857","14","172","0.42857142857142855","14","172","0.17857142857142858","14","172","0.375","12","172","0.475","20","172","0.3333333333333333","12","172","0.4","10","172","0.3333333333333333","18","172","0.3333333333333333","9","172","0.4090909090909091","11","172","0.4","15","172","0.5714285714285714","7","172","0.5","6","172","0.6875","8","172","0.3181818181818182","11","172","0.5714285714285714","7","172","0.1875","8","172","0.125","4","172","0.3","10","172","0.125","4","172","0.35714285714285715","7","172","0.3181818181818182","11","172","0.3333333333333333","12","172","0.08333333333333333","6","172","0","0","172","0.3125","8","172","0.75","4","172","0.4","5","172","0.2727272727272727","11","172","0.6428571428571429","7","172","0.5","1","172","0.375","4","172","0.4166666666666667","6","172","0.4090909090909091","11","172","0.25","8","172","0.2","5","172","0.14285714285714285","7","172","0.3333333333333333","9","172","0.16666666666666666","6","172","0.25","8","172","0.25","2","172","0.21428571428571427","7"
,"173","0.53125","16","173","0.5555555555555556","9","173","0.2857142857142857","7","173","0.35","10","173","0.42857142857142855","7","173","0.42857142857142855","7","173","0.4166666666666667","12","173","0.5","8","173","0.2857142857142857","7","173","0.3611111111111111","18","173","0.6764705882352942","17","173","0.3333333333333333","12","173","0.6666666666666666","12","173","0.4166666666666667","12","173","0.5","8","173","0.47058823529411764","17","173","0.35714285714285715","7","173","0.23076923076923078","13","173","0.2857142857142857","14","173","0.42857142857142855","14","173","0.19230769230769232","13","173","0.375","12","173","0.475","20","173","0.36363636363636365","11","173","0.4","10","173","0.3235294117647059","17","173","0.3125","8","173","0.45","10","173","0.4","15","173","0.5714285714285714","7","173","0.5","6","173","0.6875","8","173","0.3181818181818182","11","173","0.5714285714285714","7","173","0.1875","8","173","0.125","4","173","0.3","10","173","0.125","4","173","0.35714285714285715","7","173","0.3181818181818182","11","173","0.3181818181818182","11","173","0.08333333333333333","6","173","0","0","173","0.3125","8","173","0.75","4","173","0.4","5","173","0.2727272727272727","11","173","0.6428571428571429","7","173","0.5","1","173","0.375","4","173","0.4166666666666667","6","173","0.4090909090909091","11","173","0.25","8","173","0.2","5","173","0.14285714285714285","7","173","0.3333333333333333","9","173","0.16666666666666666","6","173","0.25","8","173","0.25","2","173","0.21428571428571427","7"
,"174","0.53125","16","174","0.5555555555555556","9","174","0.2857142857142857","7","174","0.35","10","174","0.42857142857142855","7","174","0.42857142857142855","7","174","0.4166666666666667","12","174","0.5","8","174","0.2857142857142857","7","174","0.3611111111111111","18","174","0.7","15","174","0.3333333333333333","12","174","0.6666666666666666","12","174","0.4166666666666667","12","174","0.5","8","174","0.47058823529411764","17","174","0.35714285714285715","7","174","0.20833333333333334","12","174","0.2857142857142857","14","174","0.46153846153846156","13","174","0.19230769230769232","13","174","0.375","12","174","0.475","20","174","0.3333333333333333","9","174","0.4","10","174","0.3125","16","174","0.3125","8","174","0.45","10","174","0.4","15","174","0.5714285714285714","7","174","0.5","6","174","0.6875","8","174","0.3181818181818182","11","174","0.5714285714285714","7","174","0.1875","8","174","0.125","4","174","0.3333333333333333","9","174","0.125","4","174","0.3333333333333333","6","174","0.3181818181818182","11","174","0.25","8","174","0.08333333333333333","6","174","0","0","174","0.3125","8","174","0.75","4","174","0.4","5","174","0.2727272727272727","11","174","0.5833333333333334","6","174","0.5","1","174","0.375","4","174","0.4166666666666667","6","174","0.35","10","174","0.21428571428571427","7","174","0.2","5","174","0.16666666666666666","6","174","0.3333333333333333","9","174","0.16666666666666666","6","174","0.25","8","174","0.25","2","174","0.21428571428571427","7"
,"175","0.53125","16","175","0.5555555555555556","9","175","0.2857142857142857","7","175","0.35","10","175","0.42857142857142855","7","175","0.42857142857142855","7","175","0.4166666666666667","12","175","0.5","8","175","0.2857142857142857","7","175","0.3235294117647059","17","175","0.75","14","175","0.3333333333333333","12","175","0.6666666666666666","12","175","0.4166666666666667","12","175","0.5","7","175","0.46875","16","175","0.35714285714285715","7","175","0.20833333333333334","12","175","0.2857142857142857","14","175","0.5","12","175","0.19230769230769232","13","175","0.375","12","175","0.475","20","175","0.3333333333333333","9","175","0.4","10","175","0.3125","16","175","0.3125","8","175","0.45","10","175","0.4","15","175","0.6666666666666666","6","175","0.5","6","175","0.6875","8","175","0.3181818181818182","11","175","0.5714285714285714","7","175","0.21428571428571427","7","175","0.125","4","175","0.3333333333333333","9","175","0.125","4","175","0.3333333333333333","6","175","0.3181818181818182","11","175","0.14285714285714285","7","175","0.08333333333333333","6","175","0","0","175","0.3125","8","175","0.75","4","175","0.4","5","175","0.2727272727272727","11","175","0.5833333333333334","6","175","0.5","1","175","0.375","4","175","0.4166666666666667","6","175","0.35","10","175","0.21428571428571427","7","175","0.2","5","175","0.16666666666666666","6","175","0.3333333333333333","9","175","0.16666666666666666","6","175","0.25","8","175","0.25","2","175","0.21428571428571427","7"
,"176","0.5333333333333333","15","176","0.5625","8","176","0.2857142857142857","7","176","0.35","10","176","0.42857142857142855","7","176","0.42857142857142855","7","176","0.4166666666666667","12","176","0.5","8","176","0.3333333333333333","6","176","0.3235294117647059","17","176","0.7307692307692307","13","176","0.3333333333333333","12","176","0.6666666666666666","12","176","0.4166666666666667","12","176","0.5","7","176","0.46875","16","176","0.35714285714285715","7","176","0.20833333333333334","12","176","0.2857142857142857","14","176","0.5","12","176","0.19230769230769232","13","176","0.375","12","176","0.475","20","176","0.3333333333333333","9","176","0.4","10","176","0.3125","16","176","0.3125","8","176","0.45","10","176","0.4","15","176","0.6666666666666666","6","176","0.5","6","176","0.7142857142857143","7","176","0.3181818181818182","11","176","0.5714285714285714","7","176","0.21428571428571427","7","176","0.16666666666666666","3","176","0.3333333333333333","9","176","0.125","4","176","0.3333333333333333","6","176","0.3181818181818182","11","176","0.14285714285714285","7","176","0.08333333333333333","6","176","0","0","176","0.3125","8","176","0.75","4","176","0.4","5","176","0.2727272727272727","11","176","0.5833333333333334","6","176","0.5","1","176","0.375","4","176","0.4","5","176","0.35","10","176","0.21428571428571427","7","176","0.2","5","176","0.16666666666666666","6","176","0.3333333333333333","9","176","0.16666666666666666","6","176","0.25","8","176","0.25","2","176","0.25","6"
,"177","0.5333333333333333","15","177","0.5625","8","177","0.2857142857142857","7","177","0.35","10","177","0.42857142857142855","7","177","0.42857142857142855","7","177","0.4166666666666667","12","177","0.5","8","177","0.3333333333333333","6","177","0.3235294117647059","17","177","0.7307692307692307","13","177","0.3333333333333333","12","177","0.6666666666666666","12","177","0.4166666666666667","12","177","0.5","7","177","0.46875","16","177","0.35714285714285715","7","177","0.20833333333333334","12","177","0.2857142857142857","14","177","0.5","12","177","0.19230769230769232","13","177","0.375","12","177","0.475","20","177","0.3333333333333333","9","177","0.4","10","177","0.3125","16","177","0.3125","8","177","0.45","10","177","0.4","15","177","0.6666666666666666","6","177","0.5","6","177","0.7142857142857143","7","177","0.3181818181818182","11","177","0.6666666666666666","6","177","0.21428571428571427","7","177","0.16666666666666666","3","177","0.3125","8","177","0.16666666666666666","3","177","0.3333333333333333","6","177","0.3181818181818182","11","177","0.14285714285714285","7","177","0.08333333333333333","6","177","0","0","177","0.3125","8","177","0.75","4","177","0.4","5","177","0.2727272727272727","11","177","0.5833333333333334","6","177","0.5","1","177","0.375","4","177","0.4","5","177","0.35","10","177","0.21428571428571427","7","177","0.2","5","177","0.16666666666666666","6","177","0.3333333333333333","9","177","0.16666666666666666","6","177","0.21428571428571427","7","177","0.25","2","177","0.25","6"
,"178","0.5333333333333333","15","178","0.5625","8","178","0.2857142857142857","7","178","0.35","10","178","0.42857142857142855","7","178","0.42857142857142855","7","178","0.4166666666666667","12","178","0.5","8","178","0.3333333333333333","6","178","0.3235294117647059","17","178","0.7307692307692307","13","178","0.3181818181818182","11","178","0.6666666666666666","12","178","0.4166666666666667","12","178","0.5","7","178","0.46875","16","178","0.35714285714285715","7","178","0.20833333333333334","12","178","0.2857142857142857","14","178","0.5","12","178","0.19230769230769232","13","178","0.4090909090909091","11","178","0.475","20","178","0.3333333333333333","9","178","0.4","10","178","0.3125","16","178","0.3125","8","178","0.45","10","178","0.4","15","178","0.6666666666666666","6","178","0.5","6","178","0.7142857142857143","7","178","0.3181818181818182","11","178","0.6666666666666666","6","178","0.21428571428571427","7","178","0.16666666666666666","3","178","0.3125","8","178","0.16666666666666666","3","178","0.3333333333333333","6","178","0.3181818181818182","11","178","0.14285714285714285","7","178","0.08333333333333333","6","178","0","0","178","0.3125","8","178","0.75","4","178","0.375","4","178","0.2727272727272727","11","178","0.5833333333333334","6","178","0.5","1","178","0.375","4","178","0.4","5","178","0.35","10","178","0.21428571428571427","7","178","0.2","5","178","0.16666666666666666","6","178","0.3333333333333333","9","178","0.16666666666666666","6","178","0.21428571428571427","7","178","0.25","2","178","0.25","6"
,"179","0.5333333333333333","15","179","0.5625","8","179","0.2857142857142857","7","179","0.35","10","179","0.42857142857142855","7","179","0.42857142857142855","7","179","0.4166666666666667","12","179","0.5","8","179","0.3333333333333333","6","179","0.3235294117647059","17","179","0.7307692307692307","13","179","0.3181818181818182","11","179","0.6666666666666666","12","179","0.4166666666666667","12","179","0.5","7","179","0.46875","16","179","0.35714285714285715","7","179","0.20833333333333334","12","179","0.2857142857142857","14","179","0.5","11","179","0.19230769230769232","13","179","0.4090909090909091","11","179","0.47619047619047616","21","179","0.3333333333333333","9","179","0.4","10","179","0.3125","16","179","0.3125","8","179","0.45","10","179","0.39285714285714285","14","179","0.6666666666666666","6","179","0.5","6","179","0.7142857142857143","7","179","0.35","10","179","0.6666666666666666","6","179","0.3","5","179","0.16666666666666666","3","179","0.3125","8","179","0.16666666666666666","3","179","0.3333333333333333","6","179","0.3181818181818182","11","179","0.14285714285714285","7","179","0.08333333333333333","6","179","0","0","179","0.3125","8","179","0.75","4","179","0.375","4","179","0.2727272727272727","11","179","0.5833333333333334","6","179","0.5","1","179","0.375","4","179","0.4","5","179","0.2777777777777778","9","179","0.21428571428571427","7","179","0.2","5","179","0.16666666666666666","6","179","0.3333333333333333","9","179","0.16666666666666666","6","179","0.21428571428571427","7","179","0.25","2","179","0.25","6"
,"180","0.5333333333333333","15","180","0.5625","8","180","0.2857142857142857","7","180","0.35","10","180","0.42857142857142855","7","180","0.42857142857142855","7","180","0.4166666666666667","12","180","0.5","8","180","0.3333333333333333","6","180","0.3235294117647059","17","180","0.7307692307692307","13","180","0.3181818181818182","11","180","0.6666666666666666","12","180","0.45454545454545453","11","180","0.5","7","180","0.4666666666666667","15","180","0.35714285714285715","7","180","0.1","10","180","0.3076923076923077","13","180","0.45","10","180","0.19230769230769232","13","180","0.4090909090909091","11","180","0.47619047619047616","21","180","0.3333333333333333","9","180","0.4","10","180","0.3125","16","180","0.3125","8","180","0.45","10","180","0.39285714285714285","14","180","0.8","5","180","0.5","6","180","0.7142857142857143","7","180","0.35","10","180","0.6666666666666666","6","180","0.3","5","180","0.16666666666666666","3","180","0.3125","8","180","0.25","2","180","0.3333333333333333","6","180","0.3181818181818182","11","180","0.14285714285714285","7","180","0","5","180","0","0","180","0.3125","8","180","0.75","4","180","0.375","4","180","0.2727272727272727","11","180","0.5833333333333334","6","180","0.5","1","180","0.375","4","180","0.4","5","180","0.2777777777777778","9","180","0.21428571428571427","7","180","0.2","5","180","0.16666666666666666","6","180","0.3333333333333333","9","180","0.16666666666666666","6","180","0.21428571428571427","7","180","0.25","2","180","0.25","6"
,"181","0.5","14","181","0.5625","8","181","0.2857142857142857","7","181","0.35","10","181","0.42857142857142855","7","181","0.42857142857142855","7","181","0.4166666666666667","12","181","0.5","8","181","0.3333333333333333","6","181","0.3125","16","181","0.7307692307692307","13","181","0.3181818181818182","11","181","0.6666666666666666","12","181","0.45454545454545453","11","181","0.5","7","181","0.4666666666666667","15","181","0.35714285714285715","7","181","0.1","10","181","0.3076923076923077","13","181","0.45","10","181","0.19230769230769232","13","181","0.4090909090909091","11","181","0.475","20","181","0.3125","8","181","0.4","10","181","0.3125","16","181","0.3125","8","181","0.45","10","181","0.39285714285714285","14","181","0.8","5","181","0.5","6","181","0.7142857142857143","7","181","0.35","10","181","0.6666666666666666","6","181","0.3","5","181","0.16666666666666666","3","181","0.3125","8","181","0.25","2","181","0.3333333333333333","6","181","0.3181818181818182","11","181","0.14285714285714285","7","181","0","4","181","0","0","181","0.3125","8","181","0.75","4","181","0.375","4","181","0.2727272727272727","11","181","0.5833333333333334","6","181","0.5","1","181","0.375","4","181","0.4","5","181","0.2777777777777778","9","181","0.25","6","181","0.2","5","181","0.16666666666666666","6","181","0.3333333333333333","9","181","0.16666666666666666","6","181","0.21428571428571427","7","181","0.25","2","181","0.25","6"
,"182","0.5","14","182","0.5625","8","182","0.2857142857142857","7","182","0.35","10","182","0.42857142857142855","7","182","0.42857142857142855","7","182","0.4166666666666667","12","182","0.5","8","182","0.3333333333333333","6","182","0.3125","16","182","0.7307692307692307","13","182","0.3181818181818182","11","182","0.6666666666666666","12","182","0.45454545454545453","11","182","0.5","7","182","0.4666666666666667","15","182","0.35714285714285715","7","182","0.1","10","182","0.3076923076923077","13","182","0.45","10","182","0.19230769230769232","13","182","0.45","10","182","0.475","20","182","0.3125","8","182","0.4","10","182","0.3","15","182","0.3125","8","182","0.45","10","182","0.39285714285714285","14","182","0.8","5","182","0.5","6","182","0.6666666666666666","6","182","0.35","10","182","0.6666666666666666","6","182","0.25","4","182","0.16666666666666666","3","182","0.3125","8","182","0.25","2","182","0.3333333333333333","6","182","0.3181818181818182","11","182","0.14285714285714285","7","182","0","4","182","0","0","182","0.3125","8","182","0.75","4","182","0.375","4","182","0.3","10","182","0.5833333333333334","6","182","0.5","1","182","0.375","4","182","0.4","5","182","0.25","8","182","0.25","6","182","0.2","5","182","0.16666666666666666","6","182","0.375","8","182","0.16666666666666666","6","182","0.21428571428571427","7","182","0.25","2","182","0.25","6"
,"183","0.5","14","183","0.5625","8","183","0.2857142857142857","7","183","0.35","10","183","0.42857142857142855","7","183","0.42857142857142855","7","183","0.38461538461538464","13","183","0.5","8","183","0.3333333333333333","6","183","0.3125","16","183","0.7307692307692307","13","183","0.16666666666666666","9","183","0.6666666666666666","12","183","0.45454545454545453","11","183","0.5","7","183","0.4642857142857143","14","183","0.35714285714285715","7","183","0.1","10","183","0.2916666666666667","12","183","0.45","10","183","0.19230769230769232","13","183","0.45","10","183","0.475","20","183","0.3125","8","183","0.3888888888888889","9","183","0.3","15","183","0.2857142857142857","7","183","0.45","10","183","0.39285714285714285","14","183","0.75","4","183","0.5","6","183","0.6666666666666666","6","183","0.35","10","183","0.6666666666666666","6","183","0.25","4","183","0.16666666666666666","3","183","0.3125","8","183","0.25","2","183","0.3333333333333333","6","183","0.3181818181818182","11","183","0.14285714285714285","7","183","0","4","183","0","0","183","0.3125","8","183","0.75","4","183","0.375","4","183","0.3","10","183","0.5833333333333334","6","183","0.5","1","183","0.375","4","183","0.4","5","183","0.25","8","183","0.25","6","183","0.2","5","183","0.16666666666666666","6","183","0.375","8","183","0.16666666666666666","6","183","0.21428571428571427","7","183","0.25","2","183","0.3","5"
,"184","0.5","14","184","0.5625","8","184","0.2857142857142857","7","184","0.35","10","184","0.42857142857142855","7","184","0.42857142857142855","7","184","0.38461538461538464","13","184","0.5","8","184","0.3333333333333333","6","184","0.3333333333333333","15","184","0.7307692307692307","13","184","0.16666666666666666","9","184","0.6666666666666666","12","184","0.45454545454545453","11","184","0.5","7","184","0.4642857142857143","14","184","0.35714285714285715","7","184","0.1","10","184","0.2916666666666667","12","184","0.45","10","184","0.19230769230769232","13","184","0.45","10","184","0.475","20","184","0.3125","8","184","0.3888888888888889","9","184","0.3","15","184","0.2857142857142857","7","184","0.45","10","184","0.38461538461538464","13","184","0.75","4","184","0.5","6","184","0.6666666666666666","6","184","0.35","10","184","0.7","5","184","0.25","4","184","0.16666666666666666","3","184","0.3125","8","184","0.25","2","184","0.3333333333333333","6","184","0.3181818181818182","11","184","0.14285714285714285","7","184","0","4","184","0","0","184","0.3125","8","184","0.75","4","184","0.375","4","184","0.3","10","184","0.5833333333333334","6","184","0.5","1","184","0.375","4","184","0.4","5","184","0.2857142857142857","7","184","0.25","6","184","0.2","5","184","0.16666666666666666","6","184","0.375","8","184","0.16666666666666666","6","184","0.21428571428571427","7","184","0.25","2","184","0.3","5"
,"185","0.5","14","185","0.5625","8","185","0.2857142857142857","7","185","0.35","10","185","0.42857142857142855","7","185","0.42857142857142855","7","185","0.4166666666666667","12","185","0.5","8","185","0.3333333333333333","6","185","0.3333333333333333","15","185","0.7307692307692307","13","185","0.1875","8","185","0.6666666666666666","12","185","0.45454545454545453","11","185","0.5","7","185","0.4642857142857143","14","185","0.35714285714285715","7","185","0.1","10","185","0.2916666666666667","12","185","0.45","10","185","0.19230769230769232","13","185","0.45","10","185","0.475","20","185","0.3125","8","185","0.3888888888888889","9","185","0.3","15","185","0.2857142857142857","7","185","0.45","10","185","0.38461538461538464","13","185","0.75","4","185","0.5","6","185","0.6666666666666666","6","185","0.3333333333333333","9","185","0.7","5","185","0.25","4","185","0.16666666666666666","3","185","0.3125","8","185","0.5","1","185","0.3333333333333333","6","185","0.3181818181818182","11","185","0.14285714285714285","7","185","0","4","185","0","0","185","0.3125","8","185","0.75","4","185","0.375","4","185","0.3","10","185","0.5833333333333334","6","185","0.5","1","185","0.375","4","185","0.4","5","185","0.2857142857142857","7","185","0.3","5","185","0.2","5","185","0.16666666666666666","6","185","0.375","8","185","0.16666666666666666","6","185","0.21428571428571427","7","185","0.25","2","185","0.3","5"
,"186","0.5","14","186","0.5625","8","186","0.25","6","186","0.35","10","186","0.42857142857142855","7","186","0.42857142857142855","7","186","0.4166666666666667","12","186","0.5","8","186","0.3333333333333333","6","186","0.3333333333333333","15","186","0.7307692307692307","13","186","0.1875","8","186","0.6363636363636364","11","186","0.45454545454545453","11","186","0.5","7","186","0.4642857142857143","14","186","0.35714285714285715","7","186","0.1111111111111111","9","186","0.2916666666666667","12","186","0.45","10","186","0.19230769230769232","13","186","0.45","10","186","0.475","20","186","0.3125","8","186","0.375","8","186","0.2857142857142857","14","186","0.2857142857142857","7","186","0.45","10","186","0.38461538461538464","13","186","0.75","4","186","0.5","5","186","0.6666666666666666","6","186","0.3333333333333333","9","186","0.7","5","186","0.25","4","186","0.16666666666666666","3","186","0.3125","8","186","0.5","1","186","0.3333333333333333","6","186","0.3181818181818182","11","186","0.14285714285714285","7","186","0","4","186","0","0","186","0.3125","8","186","0.75","4","186","0.375","4","186","0.3","10","186","0.5833333333333334","6","186","0.5","1","186","0.375","4","186","0.4","5","186","0.2857142857142857","7","186","0.3","5","186","0.2","5","186","0.16666666666666666","6","186","0.375","8","186","0.2","5","186","0.21428571428571427","7","186","0.25","2","186","0.3","5"
,"187","0.4583333333333333","12","187","0.5625","8","187","0.25","6","187","0.35","10","187","0.42857142857142855","7","187","0.42857142857142855","7","187","0.4166666666666667","12","187","0.5","8","187","0.3","5","187","0.3333333333333333","15","187","0.7307692307692307","13","187","0.1875","8","187","0.6363636363636364","11","187","0.45454545454545453","11","187","0.5","7","187","0.46153846153846156","13","187","0.35714285714285715","7","187","0.1111111111111111","9","187","0.2916666666666667","12","187","0.45","10","187","0.19230769230769232","13","187","0.4444444444444444","9","187","0.475","20","187","0.3125","8","187","0.35714285714285715","7","187","0.2857142857142857","14","187","0.2857142857142857","7","187","0.45","10","187","0.38461538461538464","13","187","0.75","4","187","0.5","5","187","0.7","5","187","0.3333333333333333","9","187","0.7","5","187","0.25","4","187","0.16666666666666666","3","187","0.3125","8","187","0.5","1","187","0.3333333333333333","6","187","0.3181818181818182","11","187","0.14285714285714285","7","187","0","4","187","0","0","187","0.3125","8","187","0.75","4","187","0.375","4","187","0.3","10","187","0.5833333333333334","6","187","0.5","1","187","0.375","4","187","0.4","5","187","0.2857142857142857","7","187","0.3","5","187","0.2","5","187","0.16666666666666666","6","187","0.2857142857142857","7","187","0.2","5","187","0.21428571428571427","7","187","0.25","2","187","0.3","5"
,"188","0.4583333333333333","12","188","0.5625","8","188","0.25","6","188","0.35","10","188","0.42857142857142855","7","188","0.42857142857142855","7","188","0.4166666666666667","12","188","0.5","8","188","0.3","5","188","0.3333333333333333","15","188","0.7307692307692307","13","188","0.1875","8","188","0.6363636363636364","11","188","0.45454545454545453","11","188","0.5","7","188","0.46153846153846156","13","188","0.35714285714285715","7","188","0.1111111111111111","9","188","0.2916666666666667","12","188","0.45","10","188","0.19230769230769232","13","188","0.4444444444444444","9","188","0.475","20","188","0.3125","8","188","0.35714285714285715","7","188","0.2857142857142857","14","188","0.2857142857142857","7","188","0.45","10","188","0.38461538461538464","13","188","0.8333333333333334","3","188","0.5","5","188","0.7","5","188","0.3333333333333333","9","188","0.7","5","188","0.25","4","188","0.16666666666666666","3","188","0.3125","8","188","0.5","1","188","0.3333333333333333","6","188","0.25","10","188","0.14285714285714285","7","188","0","3","188","0","0","188","0.3125","8","188","0.75","4","188","0.375","4","188","0.3","10","188","0.5833333333333334","6","188","0.5","1","188","0.375","4","188","0.4","5","188","0.2857142857142857","7","188","0.3","5","188","0.2","5","188","0.16666666666666666","6","188","0.2857142857142857","7","188","0.25","4","188","0.21428571428571427","7","188","0.25","2","188","0.3","5"
,"189","0.4583333333333333","12","189","0.5625","8","189","0.25","6","189","0.3888888888888889","9","189","0.42857142857142855","7","189","0.42857142857142855","7","189","0.4166666666666667","12","189","0.5","8","189","0.3","5","189","0.3333333333333333","15","189","0.7307692307692307","13","189","0.1875","8","189","0.6363636363636364","11","189","0.45454545454545453","11","189","0.5","7","189","0.46153846153846156","13","189","0.35714285714285715","7","189","0.1111111111111111","9","189","0.2916666666666667","12","189","0.4444444444444444","9","189","0.19230769230769232","13","189","0.4444444444444444","9","189","0.47368421052631576","19","189","0.3125","8","189","0.35714285714285715","7","189","0.2692307692307692","13","189","0.16666666666666666","6","189","0.45","10","189","0.38461538461538464","13","189","0.8333333333333334","3","189","0.5","5","189","0.7","5","189","0.3333333333333333","9","189","0.7","5","189","0.25","4","189","0.16666666666666666","3","189","0.3125","8","189","0.5","1","189","0.3333333333333333","6","189","0.25","10","189","0.14285714285714285","7","189","0","3","189","0","0","189","0.3125","8","189","0.75","4","189","0.375","4","189","0.3","10","189","0.5833333333333334","6","189","0.5","1","189","0.375","4","189","0.4","5","189","0.2857142857142857","7","189","0.3","5","189","0.2","5","189","0.16666666666666666","6","189","0.2857142857142857","7","189","0.25","4","189","0.21428571428571427","7","189","0.25","2","189","0.3","5"
,"190","0.4583333333333333","12","190","0.5625","8","190","0.25","6","190","0.3888888888888889","9","190","0.42857142857142855","7","190","0.42857142857142855","7","190","0.36363636363636365","11","190","0.5714285714285714","7","190","0.3","5","190","0.3333333333333333","15","190","0.7083333333333334","12","190","0.1875","8","190","0.6363636363636364","11","190","0.45454545454545453","11","190","0.5","7","190","0.46153846153846156","13","190","0.35714285714285715","7","190","0.1111111111111111","9","190","0.2916666666666667","12","190","0.4444444444444444","9","190","0.19230769230769232","13","190","0.4444444444444444","9","190","0.4444444444444444","18","190","0.3125","8","190","0.35714285714285715","7","190","0.2692307692307692","13","190","0.16666666666666666","6","190","0.45","10","190","0.38461538461538464","13","190","0.8333333333333334","3","190","0.5","5","190","0.7","5","190","0.3333333333333333","9","190","0.7","5","190","0.25","4","190","0.16666666666666666","3","190","0.2857142857142857","7","190","0.5","1","190","0.3333333333333333","6","190","0.25","10","190","0.14285714285714285","7","190","0","3","190","0","0","190","0.3125","8","190","0.75","4","190","0.375","4","190","0.3","10","190","0.5833333333333334","6","190","0.5","1","190","0.375","4","190","0.4","5","190","0.25","6","190","0.3","5","190","0.2","5","190","0.16666666666666666","6","190","0.2857142857142857","7","190","0.25","4","190","0.21428571428571427","7","190","0.25","2","190","0.3","5"
,"191","0.4583333333333333","12","191","0.5625","8","191","0.25","6","191","0.3888888888888889","9","191","0.42857142857142855","7","191","0.42857142857142855","7","191","0.35","10","191","0.5714285714285714","7","191","0.3","5","191","0.3333333333333333","15","191","0.7083333333333334","12","191","0.1875","8","191","0.6363636363636364","11","191","0.45454545454545453","11","191","0.5","7","191","0.46153846153846156","13","191","0.35714285714285715","7","191","0.1111111111111111","9","191","0.2727272727272727","11","191","0.4444444444444444","9","191","0.19230769230769232","13","191","0.4444444444444444","9","191","0.4444444444444444","18","191","0.3125","8","191","0.35714285714285715","7","191","0.2692307692307692","13","191","0.16666666666666666","6","191","0.45","10","191","0.38461538461538464","13","191","0.8333333333333334","3","191","0.5","5","191","0.7","5","191","0.3333333333333333","9","191","0.7","5","191","0.25","4","191","0.16666666666666666","3","191","0.2857142857142857","7","191","0.5","1","191","0.3333333333333333","6","191","0.25","10","191","0.14285714285714285","7","191","0","3","191","0","0","191","0.3125","8","191","0.6666666666666666","3","191","0.375","4","191","0.2777777777777778","9","191","0.5833333333333334","6","191","0.5","1","191","0.375","4","191","0.4","5","191","0.25","6","191","0.3","5","191","0.2","5","191","0.16666666666666666","6","191","0.2857142857142857","7","191","0.25","4","191","0.21428571428571427","7","191","0.25","2","191","0.3","5"
,"192","0.4583333333333333","12","192","0.5625","8","192","0.25","6","192","0.3888888888888889","9","192","0.42857142857142855","7","192","0.42857142857142855","7","192","0.35","10","192","0.5714285714285714","7","192","0.375","4","192","0.3333333333333333","15","192","0.7083333333333334","12","192","0.1875","8","192","0.6363636363636364","11","192","0.45454545454545453","11","192","0.5","7","192","0.46153846153846156","13","192","0.35714285714285715","7","192","0.1111111111111111","9","192","0.2727272727272727","11","192","0.5","8","192","0.19230769230769232","13","192","0.4375","8","192","0.4444444444444444","18","192","0.3125","8","192","0.35714285714285715","7","192","0.2692307692307692","13","192","0.16666666666666666","6","192","0.45","10","192","0.38461538461538464","13","192","0.8333333333333334","3","192","0.5","5","192","0.7","5","192","0.3333333333333333","9","192","0.7","5","192","0.25","4","192","0.16666666666666666","3","192","0.2857142857142857","7","192","0.5","1","192","0.3333333333333333","6","192","0.25","10","192","0.14285714285714285","7","192","0","3","192","0","0","192","0.3125","8","192","0.6666666666666666","3","192","0.375","4","192","0.2777777777777778","9","192","0.5833333333333334","6","192","0.5","1","192","0.375","4","192","0.4","5","192","0.25","6","192","0.3","5","192","0.25","4","192","0.16666666666666666","6","192","0.2857142857142857","7","192","0.25","4","192","0.21428571428571427","7","192","0.25","2","192","0.3","5"
,"193","0.4583333333333333","12","193","0.5625","8","193","0.25","6","193","0.3888888888888889","9","193","0.42857142857142855","7","193","0.42857142857142855","7","193","0.35","10","193","0.5714285714285714","7","193","0.375","4","193","0.3333333333333333","15","193","0.7083333333333334","12","193","0.1875","8","193","0.6363636363636364","11","193","0.45454545454545453","11","193","0.5","7","193","0.46153846153846156","13","193","0.35714285714285715","7","193","0.1111111111111111","9","193","0.2727272727272727","11","193","0.5","8","193","0.19230769230769232","13","193","0.4375","8","193","0.4411764705882353","17","193","0.3125","8","193","0.35714285714285715","7","193","0.2692307692307692","13","193","0.16666666666666666","6","193","0.45","10","193","0.38461538461538464","13","193","0.8333333333333334","3","193","0.5","5","193","0.625","4","193","0.3333333333333333","9","193","0.7","5","193","0","3","193","0.16666666666666666","3","193","0.2857142857142857","7","193","0.5","1","193","0.3333333333333333","6","193","0.25","10","193","0.14285714285714285","7","193","0","3","193","0","0","193","0.3125","8","193","0.6666666666666666","3","193","0.375","4","193","0.2777777777777778","9","193","0.5833333333333334","6","193","0.5","1","193","0.375","4","193","0.4","5","193","0.25","6","193","0.3","5","193","0.25","4","193","0.16666666666666666","6","193","0.2857142857142857","7","193","0.25","4","193","0.21428571428571427","7","193","0.25","2","193","0.3","5"
,"194","0.45454545454545453","11","194","0.5625","8","194","0.25","6","194","0.3888888888888889","9","194","0.42857142857142855","7","194","0.42857142857142855","7","194","0.35","10","194","0.6666666666666666","6","194","0.375","4","194","0.3333333333333333","15","194","0.7272727272727273","11","194","0.1875","8","194","0.6363636363636364","11","194","0.45454545454545453","11","194","0.5","7","194","0.46153846153846156","13","194","0.35714285714285715","7","194","0.1111111111111111","9","194","0.2727272727272727","11","194","0.5714285714285714","7","194","0.19230769230769232","13","194","0.4375","8","194","0.4411764705882353","17","194","0.3125","8","194","0.35714285714285715","7","194","0.2692307692307692","13","194","0.16666666666666666","6","194","0.45","10","194","0.38461538461538464","13","194","0.8333333333333334","3","194","0.5","5","194","0.625","4","194","0.3333333333333333","9","194","0.75","4","194","0","3","194","0.16666666666666666","3","194","0.3333333333333333","6","194","0.5","1","194","0.3333333333333333","6","194","0.25","10","194","0.14285714285714285","7","194","0","3","194","0","0","194","0.3125","8","194","0.6666666666666666","3","194","0.375","4","194","0.2777777777777778","9","194","0.5833333333333334","6","194","0.5","1","194","0.375","4","194","0.4","5","194","0.25","6","194","0.3","5","194","0.3","5","194","0.16666666666666666","6","194","0.2857142857142857","7","194","0.25","4","194","0.21428571428571427","7","194","0.25","2","194","0.3","5"
,"195","0.4","10","195","0.5625","8","195","0.25","6","195","0.3888888888888889","9","195","0.3333333333333333","6","195","0.42857142857142855","7","195","0.35","10","195","0.6666666666666666","6","195","0.375","4","195","0.3333333333333333","15","195","0.7272727272727273","11","195","0.1875","8","195","0.6363636363636364","11","195","0.45454545454545453","11","195","0.5","7","195","0.46153846153846156","13","195","0.35714285714285715","7","195","0.125","8","195","0.2727272727272727","11","195","0.5714285714285714","7","195","0.19230769230769232","13","195","0.4375","8","195","0.4411764705882353","17","195","0.3125","8","195","0.35714285714285715","7","195","0.2916666666666667","12","195","0.16666666666666666","6","195","0.45","10","195","0.38461538461538464","13","195","0.8333333333333334","3","195","0.5833333333333334","6","195","0.625","4","195","0.3333333333333333","9","195","0.75","4","195","0","3","195","0.16666666666666666","3","195","0.3","5","195","0.5","1","195","0.3333333333333333","6","195","0.25","10","195","0.14285714285714285","7","195","0","3","195","0","0","195","0.3125","8","195","0.6666666666666666","3","195","0.375","4","195","0.2777777777777778","9","195","0.5833333333333334","6","195","0.5","1","195","0.5","3","195","0.4","5","195","0.25","6","195","0.25","4","195","0.3","5","195","0.16666666666666666","6","195","0.2857142857142857","7","195","0.25","4","195","0.21428571428571427","7","195","0.25","2","195","0.3","5"
,"196","0.4","10","196","0.5625","8","196","0.25","6","196","0.3888888888888889","9","196","0.3333333333333333","6","196","0.42857142857142855","7","196","0.35","10","196","0.6666666666666666","6","196","0.375","4","196","0.3333333333333333","15","196","0.7272727272727273","11","196","0.1875","8","196","0.6363636363636364","11","196","0.45454545454545453","11","196","0.5","7","196","0.46153846153846156","13","196","0.35714285714285715","7","196","0.125","8","196","0.2727272727272727","11","196","0.5714285714285714","7","196","0.19230769230769232","13","196","0.4375","8","196","0.4411764705882353","17","196","0.3125","8","196","0.35714285714285715","7","196","0.2916666666666667","12","196","0.16666666666666666","6","196","0.45","10","196","0.38461538461538464","13","196","0.8333333333333334","3","196","0.5833333333333334","6","196","0.625","4","196","0.3333333333333333","9","196","0.75","4","196","0","3","196","0.16666666666666666","3","196","0.3","5","196","0","0","196","0.3333333333333333","6","196","0.25","10","196","0.14285714285714285","7","196","0","3","196","0","0","196","0.3125","8","196","0.5","2","196","0.375","4","196","0.2777777777777778","9","196","0.5833333333333334","6","196","0.5","1","196","0.5","3","196","0.4","5","196","0.25","6","196","0.25","4","196","0.3","5","196","0.2","5","196","0.2857142857142857","7","196","0.25","4","196","0.21428571428571427","7","196","0.25","2","196","0.375","4"
,"197","0.4","10","197","0.5714285714285714","7","197","0.25","6","197","0.3888888888888889","9","197","0.3333333333333333","6","197","0.42857142857142855","7","197","0.35","10","197","0.8","5","197","0.375","4","197","0.3333333333333333","15","197","0.7272727272727273","11","197","0.21428571428571427","7","197","0.6363636363636364","11","197","0.45","10","197","0.5","7","197","0.46153846153846156","13","197","0.35714285714285715","7","197","0.16666666666666666","6","197","0.2727272727272727","11","197","0.5714285714285714","7","197","0.19230769230769232","13","197","0.4375","8","197","0.4411764705882353","17","197","0.3125","8","197","0.35714285714285715","7","197","0.2916666666666667","12","197","0.2","5","197","0.45","10","197","0.38461538461538464","13","197","0.8333333333333334","3","197","0.5833333333333334","6","197","0.625","4","197","0.3333333333333333","9","197","0.75","4","197","0","3","197","0.16666666666666666","3","197","0.3","5","197","0","0","197","0.3333333333333333","6","197","0.16666666666666666","9","197","0.14285714285714285","7","197","0","3","197","0","0","197","0.3125","8","197","0.5","2","197","0.375","4","197","0.2777777777777778","9","197","0.5833333333333334","6","197","0","0","197","0.5","3","197","0.4","5","197","0.25","6","197","0.25","4","197","0.3","5","197","0.2","5","197","0.2857142857142857","7","197","0.25","4","197","0.21428571428571427","7","197","0.25","2","197","0.375","4"
,"198","0.4","10","198","0.5714285714285714","7","198","0.25","6","198","0.375","8","198","0.3333333333333333","6","198","0.42857142857142855","7","198","0.35","10","198","0.8","5","198","0.375","4","198","0.3333333333333333","15","198","0.75","10","198","0.21428571428571427","7","198","0.6363636363636364","11","198","0.45","10","198","0.5","7","198","0.46153846153846156","13","198","0.35714285714285715","7","198","0.16666666666666666","6","198","0.25","10","198","0.5714285714285714","7","198","0.19230769230769232","13","198","0.4375","8","198","0.4411764705882353","17","198","0.3125","8","198","0.35714285714285715","7","198","0.2916666666666667","12","198","0.2","5","198","0.45","10","198","0.38461538461538464","13","198","0.8333333333333334","3","198","0.5833333333333334","6","198","0.625","4","198","0.3333333333333333","9","198","0.75","4","198","0","2","198","0.16666666666666666","3","198","0.3","5","198","0","0","198","0.3333333333333333","6","198","0.16666666666666666","9","198","0.14285714285714285","7","198","0","3","198","0","0","198","0.3125","8","198","0.5","2","198","0.375","4","198","0.2777777777777778","9","198","0.5833333333333334","6","198","0","0","198","0.5","3","198","0.4","5","198","0.25","6","198","0.25","4","198","0.3","5","198","0.25","4","198","0.2857142857142857","7","198","0.25","4","198","0.25","6","198","0.25","2","198","0.375","4"
,"199","0.4","10","199","0.5714285714285714","7","199","0.25","6","199","0.375","8","199","0.3333333333333333","6","199","0.42857142857142855","7","199","0.35","10","199","0.75","4","199","0.375","4","199","0.3333333333333333","15","199","0.75","10","199","0.21428571428571427","7","199","0.6363636363636364","11","199","0.4444444444444444","9","199","0.5","7","199","0.46153846153846156","13","199","0.35714285714285715","7","199","0.16666666666666666","6","199","0.25","10","199","0.5714285714285714","7","199","0.19230769230769232","13","199","0.4375","8","199","0.4411764705882353","17","199","0.3125","8","199","0.35714285714285715","7","199","0.2916666666666667","12","199","0.2","5","199","0.45","10","199","0.38461538461538464","13","199","0.8333333333333334","3","199","0.5833333333333334","6","199","0.625","4","199","0.3333333333333333","9","199","0.75","4","199","0","2","199","0.16666666666666666","3","199","0.3","5","199","0","0","199","0.3333333333333333","6","199","0.16666666666666666","9","199","0.14285714285714285","7","199","0","3","199","0","0","199","0.3125","8","199","0.5","2","199","0.375","4","199","0.2777777777777778","9","199","0.5833333333333334","6","199","0","0","199","0.5","3","199","0.4","5","199","0.25","6","199","0.25","4","199","0.375","4","199","0.25","4","199","0.25","6","199","0.25","4","199","0.25","6","199","0.25","2","199","0.375","4"
,"200","0.4","10","200","0.5714285714285714","7","200","0.25","6","200","0.375","8","200","0.3333333333333333","6","200","0.42857142857142855","7","200","0.35","10","200","0.75","4","200","0.375","4","200","0.3333333333333333","15","200","0.7222222222222222","9","200","0.21428571428571427","7","200","0.6","10","200","0.4444444444444444","9","200","0.5","7","200","0.46153846153846156","13","200","0.35714285714285715","7","200","0.16666666666666666","6","200","0.25","10","200","0.5714285714285714","7","200","0.19230769230769232","13","200","0.4375","8","200","0.4411764705882353","17","200","0.3125","8","200","0.35714285714285715","7","200","0.2916666666666667","12","200","0.2","5","200","0.45","10","200","0.38461538461538464","13","200","0.8333333333333334","3","200","0.5833333333333334","6","200","0.625","4","200","0.3333333333333333","9","200","0.75","4","200","0","2","200","0.16666666666666666","3","200","0.3","5","200","0","0","200","0.3333333333333333","6","200","0.16666666666666666","9","200","0.14285714285714285","7","200","0","3","200","0","0","200","0.3125","8","200","0.5","2","200","0.375","4","200","0.2777777777777778","9","200","0.5833333333333334","6","200","0","0","200","0.5","3","200","0.4","5","200","0.25","6","200","0.25","4","200","0.375","4","200","0.25","4","200","0.25","6","200","0.25","4","200","0.25","6","200","0.25","2","200","0.375","4"
,"201","0.4","10","201","0.5714285714285714","7","201","0.25","6","201","0.375","8","201","0.3333333333333333","6","201","0.42857142857142855","7","201","0.35","10","201","0.75","4","201","0.375","4","201","0.3333333333333333","15","201","0.7222222222222222","9","201","0.21428571428571427","7","201","0.6","10","201","0.4444444444444444","9","201","0.5","7","201","0.46153846153846156","13","201","0.35714285714285715","7","201","0.16666666666666666","6","201","0.25","10","201","0.5714285714285714","7","201","0.19230769230769232","13","201","0.42857142857142855","7","201","0.4411764705882353","17","201","0.3125","8","201","0.35714285714285715","7","201","0.2916666666666667","12","201","0.2","5","201","0.45","10","201","0.375","12","201","0.8333333333333334","3","201","0.5833333333333334","6","201","0.625","4","201","0.3333333333333333","9","201","0.75","4","201","0","2","201","0.16666666666666666","3","201","0.3","5","201","0","0","201","0.3333333333333333","6","201","0.16666666666666666","9","201","0.14285714285714285","7","201","0","3","201","0","0","201","0.35714285714285715","7","201","0.5","2","201","0.375","4","201","0.2777777777777778","9","201","0.5833333333333334","6","201","0","0","201","0.5","3","201","0.4","5","201","0.25","6","201","0.25","4","201","0.375","4","201","0.25","4","201","0.25","6","201","0.25","4","201","0.25","6","201","0.25","2","201","0.3333333333333333","3"
,"202","0.4","10","202","0.5714285714285714","7","202","0.25","6","202","0.375","8","202","0.3333333333333333","6","202","0.42857142857142855","7","202","0.35","10","202","0.75","4","202","0.375","4","202","0.32142857142857145","14","202","0.6875","8","202","0.25","6","202","0.5555555555555556","9","202","0.4444444444444444","9","202","0.5","7","202","0.5","12","202","0.35714285714285715","7","202","0.16666666666666666","6","202","0.25","10","202","0.5714285714285714","7","202","0.19230769230769232","13","202","0.42857142857142855","7","202","0.4411764705882353","17","202","0.21428571428571427","7","202","0.35714285714285715","7","202","0.2916666666666667","12","202","0.2","5","202","0.5","9","202","0.375","12","202","0.8333333333333334","3","202","0.5833333333333334","6","202","0.625","4","202","0.3333333333333333","9","202","0.75","4","202","0","2","202","0.16666666666666666","3","202","0.3","5","202","0","0","202","0.3333333333333333","6","202","0.16666666666666666","9","202","0.14285714285714285","7","202","0","3","202","0","0","202","0.35714285714285715","7","202","0.5","2","202","0.375","4","202","0.2777777777777778","9","202","0.5833333333333334","6","202","0","0","202","0.5","3","202","0.375","4","202","0.25","6","202","0.25","4","202","0.375","4","202","0.25","4","202","0.25","6","202","0.25","4","202","0.25","6","202","0.25","2","202","0.3333333333333333","3"
,"203","0.3888888888888889","9","203","0.5714285714285714","7","203","0.25","6","203","0.375","8","203","0.3333333333333333","6","203","0.42857142857142855","7","203","0.35","10","203","0.75","4","203","0.375","4","203","0.32142857142857145","14","203","0.6875","8","203","0.25","6","203","0.5555555555555556","9","203","0.4444444444444444","9","203","0.5","7","203","0.5","12","203","0.35714285714285715","7","203","0.16666666666666666","6","203","0.25","10","203","0.5714285714285714","7","203","0.19230769230769232","13","203","0.42857142857142855","7","203","0.4411764705882353","17","203","0.21428571428571427","7","203","0.35714285714285715","7","203","0.2916666666666667","12","203","0.2","5","203","0.5","9","203","0.36363636363636365","11","203","0.8333333333333334","3","203","0.5833333333333334","6","203","0.625","4","203","0.3333333333333333","9","203","0.75","4","203","0","2","203","0.16666666666666666","3","203","0.3","5","203","0","0","203","0.3333333333333333","6","203","0.16666666666666666","9","203","0.14285714285714285","7","203","0","3","203","0","0","203","0.35714285714285715","7","203","0.5","2","203","0.375","4","203","0.2777777777777778","9","203","0.5833333333333334","6","203","0","0","203","0.5","3","203","0.375","4","203","0.25","6","203","0.25","4","203","0.375","4","203","0.25","4","203","0.25","6","203","0.25","4","203","0.25","6","203","0.25","2","203","0.3333333333333333","3"
,"204","0.3888888888888889","9","204","0.5714285714285714","7","204","0.25","6","204","0.375","8","204","0.3333333333333333","6","204","0.42857142857142855","7","204","0.3888888888888889","9","204","0.75","4","204","0.375","4","204","0.32142857142857145","14","204","0.6875","8","204","0.25","6","204","0.5555555555555556","9","204","0.4444444444444444","9","204","0.5","7","204","0.5","12","204","0.35714285714285715","7","204","0.16666666666666666","6","204","0.25","10","204","0.5714285714285714","7","204","0.19230769230769232","13","204","0.42857142857142855","7","204","0.4411764705882353","17","204","0.21428571428571427","7","204","0.35714285714285715","7","204","0.3181818181818182","11","204","0.2","5","204","0.5","9","204","0.36363636363636365","11","204","0.8333333333333334","3","204","0.5833333333333334","6","204","0.625","4","204","0.21428571428571427","7","204","0.75","4","204","0","2","204","0.16666666666666666","3","204","0.3","5","204","0","0","204","0.3333333333333333","6","204","0.16666666666666666","9","204","0.14285714285714285","7","204","0","2","204","0","0","204","0.35714285714285715","7","204","0.5","2","204","0.375","4","204","0.2777777777777778","9","204","0.5833333333333334","6","204","0","0","204","0.5","3","204","0.375","4","204","0.25","6","204","0.25","4","204","0.375","4","204","0.16666666666666666","3","204","0.25","6","204","0.25","4","204","0.25","6","204","0","1","204","0.3333333333333333","3"
,"205","0.3888888888888889","9","205","0.5714285714285714","7","205","0.25","6","205","0.375","8","205","0.3333333333333333","6","205","0.42857142857142855","7","205","0.3888888888888889","9","205","0.75","4","205","0.375","4","205","0.32142857142857145","14","205","0.6875","8","205","0.25","6","205","0.5625","8","205","0.4444444444444444","9","205","0.5","7","205","0.5","12","205","0.35714285714285715","7","205","0.16666666666666666","6","205","0.25","10","205","0.5714285714285714","7","205","0.20833333333333334","12","205","0.42857142857142855","7","205","0.4411764705882353","17","205","0.21428571428571427","7","205","0.35714285714285715","7","205","0.3181818181818182","11","205","0.2","5","205","0.5","9","205","0.36363636363636365","11","205","0.8333333333333334","3","205","0.5833333333333334","6","205","0.625","4","205","0.21428571428571427","7","205","0.75","4","205","0","2","205","0.16666666666666666","3","205","0.3","5","205","0","0","205","0.3333333333333333","6","205","0.16666666666666666","9","205","0.14285714285714285","7","205","0","2","205","0","0","205","0.35714285714285715","7","205","0.5","2","205","0.375","4","205","0.2777777777777778","9","205","0.5833333333333334","6","205","0","0","205","0.5","3","205","0.375","4","205","0.25","6","205","0.25","4","205","0.375","4","205","0.16666666666666666","3","205","0.25","6","205","0.25","4","205","0.25","6","205","0","1","205","0.3333333333333333","3"
,"206","0.3888888888888889","9","206","0.5714285714285714","7","206","0.25","6","206","0.375","8","206","0.3333333333333333","6","206","0.42857142857142855","7","206","0.3888888888888889","9","206","0.75","4","206","0.375","4","206","0.32142857142857145","14","206","0.6875","8","206","0.25","6","206","0.5625","8","206","0.4444444444444444","9","206","0.5","7","206","0.5","12","206","0.4166666666666667","6","206","0.16666666666666666","6","206","0.25","10","206","0.5714285714285714","7","206","0.20833333333333334","12","206","0.42857142857142855","7","206","0.4375","16","206","0.21428571428571427","7","206","0.35714285714285715","7","206","0.35","10","206","0.2","5","206","0.5","9","206","0.36363636363636365","11","206","0.8333333333333334","3","206","0.5833333333333334","6","206","0.625","4","206","0.21428571428571427","7","206","0.75","4","206","0","2","206","0.16666666666666666","3","206","0.3","5","206","0","0","206","0.3333333333333333","6","206","0.16666666666666666","9","206","0.14285714285714285","7","206","0","2","206","0","0","206","0.35714285714285715","7","206","0.5","2","206","0.375","4","206","0.2777777777777778","9","206","0.5833333333333334","6","206","0","0","206","0.5","3","206","0.375","4","206","0.25","6","206","0.25","4","206","0.375","4","206","0.16666666666666666","3","206","0.25","6","206","0.25","4","206","0.3","5","206","0","1","206","0.3333333333333333","3"
,"207","0.3888888888888889","9","207","0.5714285714285714","7","207","0.25","4","207","0.375","8","207","0.3333333333333333","6","207","0.42857142857142855","7","207","0.3888888888888889","9","207","0.75","4","207","0.375","4","207","0.32142857142857145","14","207","0.6875","8","207","0.25","6","207","0.5625","8","207","0.5","8","207","0.5","7","207","0.5","12","207","0.4166666666666667","6","207","0.16666666666666666","6","207","0.25","10","207","0.5714285714285714","7","207","0.22727272727272727","11","207","0.42857142857142855","7","207","0.4375","16","207","0.25","6","207","0.3333333333333333","6","207","0.3333333333333333","9","207","0.2","5","207","0.5","9","207","0.36363636363636365","11","207","0.8333333333333334","3","207","0.5833333333333334","6","207","0.625","4","207","0.21428571428571427","7","207","0.75","4","207","0","2","207","0.16666666666666666","3","207","0.3","5","207","0","0","207","0.3333333333333333","6","207","0.16666666666666666","9","207","0.14285714285714285","7","207","0","2","207","0","0","207","0.35714285714285715","7","207","0.5","2","207","0.375","4","207","0.2777777777777778","9","207","0.5833333333333334","6","207","0","0","207","0.5","3","207","0.375","4","207","0.25","6","207","0.25","4","207","0.375","4","207","0.16666666666666666","3","207","0.25","6","207","0.25","4","207","0.3","5","207","0","1","207","0.3333333333333333","3"
,"208","0.3888888888888889","9","208","0.5714285714285714","7","208","0.25","4","208","0.375","8","208","0.3333333333333333","6","208","0.42857142857142855","7","208","0.3888888888888889","9","208","0.75","4","208","0.375","4","208","0.32142857142857145","14","208","0.6875","8","208","0.2","5","208","0.5625","8","208","0.5","8","208","0.42857142857142855","7","208","0.5","12","208","0.4166666666666667","6","208","0.16666666666666666","6","208","0.25","10","208","0.5714285714285714","7","208","0.22727272727272727","11","208","0.42857142857142855","7","208","0.4375","16","208","0.25","6","208","0.3333333333333333","6","208","0.3333333333333333","9","208","0.2","5","208","0.5625","8","208","0.36363636363636365","11","208","0.8333333333333334","3","208","0.7","5","208","0.625","4","208","0.16666666666666666","6","208","0.75","4","208","0","2","208","0.16666666666666666","3","208","0.3","5","208","0","0","208","0.3333333333333333","6","208","0.16666666666666666","9","208","0.14285714285714285","7","208","0","2","208","0","0","208","0.35714285714285715","7","208","0.5","2","208","0.375","4","208","0.25","8","208","0.5833333333333334","6","208","0","0","208","0.5","3","208","0.375","4","208","0.25","6","208","0.25","4","208","0.375","4","208","0.16666666666666666","3","208","0.25","6","208","0.3333333333333333","3","208","0.3","5","208","0","1","208","0.3333333333333333","3"
,"209","0.3888888888888889","9","209","0.5714285714285714","7","209","0.25","4","209","0.375","8","209","0.3333333333333333","6","209","0.42857142857142855","7","209","0.3888888888888889","9","209","0.75","4","209","0.375","4","209","0.32142857142857145","14","209","0.6875","8","209","0.2","5","209","0.5625","8","209","0.5","7","209","0.42857142857142855","7","209","0.5","12","209","0.4166666666666667","6","209","0.16666666666666666","6","209","0.25","10","209","0.5714285714285714","7","209","0.22727272727272727","11","209","0.42857142857142855","7","209","0.4375","16","209","0.25","6","209","0.3333333333333333","6","209","0.25","8","209","0.25","4","209","0.5625","8","209","0.36363636363636365","11","209","0.8333333333333334","3","209","0.7","5","209","0.625","4","209","0.2","5","209","0.75","4","209","0","2","209","0","2","209","0.3","5","209","0","0","209","0.3333333333333333","6","209","0.16666666666666666","9","209","0.14285714285714285","7","209","0","2","209","0","0","209","0.35714285714285715","7","209","0.5","2","209","0.375","4","209","0.25","8","209","0.5833333333333334","6","209","0","0","209","0.5","3","209","0.375","4","209","0.25","6","209","0.25","4","209","0.375","4","209","0.16666666666666666","3","209","0.25","6","209","0.3333333333333333","3","209","0.3","5","209","0","1","209","0.3333333333333333","3"
,"210","0.3888888888888889","9","210","0.5714285714285714","7","210","0.25","4","210","0.375","8","210","0.3333333333333333","6","210","0.42857142857142855","7","210","0.3888888888888889","9","210","0.75","4","210","0.375","4","210","0.32142857142857145","14","210","0.6875","8","210","0.2","5","210","0.5625","8","210","0.5","7","210","0.42857142857142855","7","210","0.5","12","210","0.4166666666666667","6","210","0.16666666666666666","6","210","0.2222222222222222","9","210","0.5714285714285714","7","210","0.22727272727272727","11","210","0.42857142857142855","7","210","0.4375","16","210","0.25","6","210","0.3333333333333333","6","210","0.25","8","210","0.25","4","210","0.6428571428571429","7","210","0.36363636363636365","11","210","0.8333333333333334","3","210","0.7","5","210","0.625","4","210","0.2","5","210","0.75","4","210","0","2","210","0","2","210","0.3","5","210","0","0","210","0.3333333333333333","6","210","0.1875","8","210","0.14285714285714285","7","210","0","2","210","0","0","210","0.35714285714285715","7","210","0.5","2","210","0.375","4","210","0.25","8","210","0.6","5","210","0","0","210","0.5","3","210","0.375","4","210","0.3","5","210","0.25","4","210","0.375","4","210","0.16666666666666666","3","210","0.25","6","210","0.3333333333333333","3","210","0.3","5","210","0","1","210","0.3333333333333333","3"
,"211","0.3888888888888889","9","211","0.5714285714285714","7","211","0.25","4","211","0.42857142857142855","7","211","0.3333333333333333","6","211","0.42857142857142855","7","211","0.3888888888888889","9","211","0.75","4","211","0.375","4","211","0.32142857142857145","14","211","0.6875","8","211","0.2","5","211","0.5625","8","211","0.5","7","211","0.42857142857142855","7","211","0.5","12","211","0.4","5","211","0.16666666666666666","6","211","0.2222222222222222","9","211","0.5714285714285714","7","211","0.22727272727272727","11","211","0.4166666666666667","6","211","0.4375","16","211","0.25","6","211","0.3333333333333333","6","211","0.25","8","211","0.25","4","211","0.6428571428571429","7","211","0.35","10","211","0.8333333333333334","3","211","0.7","5","211","0.625","4","211","0.2","5","211","0.75","4","211","0","3","211","0","2","211","0.3","5","211","0","0","211","0.2","5","211","0.1875","8","211","0.14285714285714285","7","211","0","2","211","0","0","211","0.35714285714285715","7","211","0.5","2","211","0.375","4","211","0.25","8","211","0.6","5","211","0","0","211","0.5","3","211","0.375","4","211","0.3","5","211","0.25","4","211","0.375","4","211","0.16666666666666666","3","211","0.25","6","211","0.3333333333333333","3","211","0.3","5","211","0","1","211","0.3333333333333333","3"
,"212","0.3888888888888889","9","212","0.5714285714285714","7","212","0.25","4","212","0.42857142857142855","7","212","0.3333333333333333","6","212","0.42857142857142855","7","212","0.3888888888888889","9","212","0.75","4","212","0.375","4","212","0.32142857142857145","14","212","0.7142857142857143","7","212","0.2","5","212","0.5714285714285714","7","212","0.5","7","212","0.42857142857142855","7","212","0.5","12","212","0.4","5","212","0.16666666666666666","6","212","0.25","8","212","0.5714285714285714","7","212","0.22727272727272727","11","212","0.4166666666666667","6","212","0.4375","16","212","0.3","5","212","0.3333333333333333","6","212","0.25","8","212","0.25","4","212","0.6428571428571429","7","212","0.35","10","212","0.8333333333333334","3","212","0.7","5","212","0.6666666666666666","3","212","0.2","5","212","0.75","4","212","0","3","212","0","2","212","0.3","5","212","0","0","212","0.2","5","212","0.1875","8","212","0.14285714285714285","7","212","0","2","212","0","0","212","0.35714285714285715","7","212","0.5","2","212","0.375","4","212","0.25","8","212","0.6","5","212","0","0","212","0.5","3","212","0.375","4","212","0.3","5","212","0.25","4","212","0.375","4","212","0.16666666666666666","3","212","0.25","6","212","0.3333333333333333","3","212","0.3","5","212","0","1","212","0.3333333333333333","3"
,"213","0.3888888888888889","9","213","0.5714285714285714","7","213","0.25","4","213","0.42857142857142855","7","213","0.3333333333333333","6","213","0.42857142857142855","7","213","0.3888888888888889","9","213","0.6666666666666666","3","213","0.375","4","213","0.32142857142857145","14","213","0.6666666666666666","6","213","0.2","5","213","0.5714285714285714","7","213","0.5","7","213","0.42857142857142855","7","213","0.5","12","213","0.5","4","213","0.16666666666666666","6","213","0.25","8","213","0.5714285714285714","7","213","0.2","10","213","0.4","5","213","0.4375","16","213","0.3","5","213","0.3333333333333333","6","213","0.25","8","213","0.25","4","213","0.6428571428571429","7","213","0.35","10","213","0.8333333333333334","3","213","0.7","5","213","0.6666666666666666","3","213","0.2","5","213","0.75","4","213","0","3","213","0","2","213","0.3","5","213","0","0","213","0.2","5","213","0.1875","8","213","0.14285714285714285","7","213","0","1","213","0","0","213","0.35714285714285715","7","213","0.5","2","213","0.375","4","213","0.25","8","213","0.75","4","213","0","0","213","0.5","3","213","0.375","4","213","0.3","5","213","0.25","4","213","0.375","4","213","0.16666666666666666","3","213","0.25","6","213","0.3333333333333333","3","213","0.3","5","213","0","1","213","0.3333333333333333","3"
,"214","0.3888888888888889","9","214","0.5714285714285714","7","214","0.25","4","214","0.42857142857142855","7","214","0.3333333333333333","6","214","0.42857142857142855","7","214","0.3888888888888889","9","214","0.6666666666666666","3","214","0.3333333333333333","3","214","0.32142857142857145","14","214","0.6666666666666666","6","214","0.2","5","214","0.5714285714285714","7","214","0.5","7","214","0.42857142857142855","7","214","0.5","12","214","0.5","4","214","0.16666666666666666","6","214","0.25","8","214","0.5714285714285714","7","214","0.2","10","214","0.4","5","214","0.4375","16","214","0.375","4","214","0.3333333333333333","6","214","0.25","8","214","0.25","4","214","0.6428571428571429","7","214","0.35","10","214","0.8333333333333334","3","214","0.7","5","214","0.6666666666666666","3","214","0.2","5","214","0.75","4","214","0","3","214","0","2","214","0.3","5","214","0","0","214","0.2","5","214","0.1875","8","214","0.14285714285714285","7","214","0","1","214","0","0","214","0.3333333333333333","6","214","0.5","2","214","0.375","4","214","0.2857142857142857","7","214","0.75","4","214","0","0","214","0.5","3","214","0.375","4","214","0.3","5","214","0.25","4","214","0.375","4","214","0.16666666666666666","3","214","0.25","6","214","0.3333333333333333","3","214","0.3","5","214","0","1","214","0.3333333333333333","3"
,"215","0.3888888888888889","9","215","0.5714285714285714","7","215","0.25","4","215","0.42857142857142855","7","215","0.3333333333333333","6","215","0.42857142857142855","7","215","0.3888888888888889","9","215","0.6666666666666666","3","215","0.3333333333333333","3","215","0.32142857142857145","14","215","0.6666666666666666","6","215","0.2","5","215","0.5714285714285714","7","215","0.5","7","215","0.42857142857142855","7","215","0.5","12","215","0.5","4","215","0.16666666666666666","6","215","0.2857142857142857","7","215","0.5714285714285714","7","215","0.2","10","215","0.4","5","215","0.4375","16","215","0.375","4","215","0.3333333333333333","6","215","0.25","8","215","0.3333333333333333","3","215","0.6428571428571429","7","215","0.35","10","215","0.8333333333333334","3","215","0.7","5","215","0.6666666666666666","3","215","0.2","5","215","0.75","4","215","0","3","215","0","2","215","0.3","5","215","0","0","215","0.2","5","215","0.1875","8","215","0.14285714285714285","7","215","0","1","215","0","0","215","0.3333333333333333","6","215","0.5","2","215","0.375","4","215","0.2857142857142857","7","215","0.75","4","215","0","0","215","0.5","2","215","0.375","4","215","0.3","5","215","0.25","4","215","0.375","4","215","0.16666666666666666","3","215","0.25","6","215","0.3333333333333333","3","215","0.3","5","215","0","1","215","0.3333333333333333","3"
,"216","0.3888888888888889","9","216","0.5714285714285714","7","216","0.25","4","216","0.42857142857142855","7","216","0.3333333333333333","6","216","0.42857142857142855","7","216","0.3888888888888889","9","216","0.6666666666666666","3","216","0.3333333333333333","3","216","0.32142857142857145","14","216","0.6666666666666666","6","216","0.2","5","216","0.5714285714285714","7","216","0.5","7","216","0.42857142857142855","7","216","0.5","12","216","0.5","4","216","0.16666666666666666","6","216","0.2857142857142857","7","216","0.5714285714285714","7","216","0.2","10","216","0.4","5","216","0.4375","16","216","0.375","4","216","0.3333333333333333","6","216","0.25","8","216","0.3333333333333333","3","216","0.6428571428571429","7","216","0.35","10","216","0.8333333333333334","3","216","0.7","5","216","0.6666666666666666","3","216","0.2","5","216","0.75","4","216","0","3","216","0","2","216","0.25","4","216","0","0","216","0.2","5","216","0.1875","8","216","0.14285714285714285","7","216","0","1","216","0","0","216","0.3333333333333333","6","216","0.5","2","216","0.5","3","216","0.2857142857142857","7","216","0.75","4","216","0","0","216","0.5","2","216","0.375","4","216","0.3","5","216","0.25","4","216","0.375","4","216","0.16666666666666666","3","216","0.25","6","216","0.3333333333333333","3","216","0.3","5","216","0","1","216","0.3333333333333333","3"
,"217","0.3888888888888889","9","217","0.5714285714285714","7","217","0.25","4","217","0.4166666666666667","6","217","0.3333333333333333","6","217","0.42857142857142855","7","217","0.4375","8","217","0.6666666666666666","3","217","0.3333333333333333","3","217","0.32142857142857145","14","217","0.6666666666666666","6","217","0.2","5","217","0.5714285714285714","7","217","0.5","7","217","0.42857142857142855","7","217","0.5","12","217","0.5","4","217","0.16666666666666666","6","217","0.2857142857142857","7","217","0.5","6","217","0.2","10","217","0.4","5","217","0.4375","16","217","0.375","4","217","0.3333333333333333","6","217","0.25","8","217","0.3333333333333333","3","217","0.6428571428571429","7","217","0.3888888888888889","9","217","0.8333333333333334","3","217","0.7","5","217","0.5","2","217","0.2","5","217","0.75","4","217","0","3","217","0","2","217","0.25","4","217","0","0","217","0.2","5","217","0.21428571428571427","7","217","0.14285714285714285","7","217","0","1","217","0","0","217","0.3333333333333333","6","217","0.5","2","217","0.5","3","217","0.2857142857142857","7","217","0.75","4","217","0","0","217","0.5","2","217","0.375","4","217","0.3","5","217","0.25","4","217","0.375","4","217","0.16666666666666666","3","217","0.25","6","217","0.3333333333333333","3","217","0.3","5","217","0","1","217","0.3333333333333333","3"
,"218","0.3888888888888889","9","218","0.5","6","218","0.25","4","218","0.4166666666666667","6","218","0.3333333333333333","6","218","0.42857142857142855","7","218","0.5","9","218","0.6666666666666666","3","218","0.5","2","218","0.32142857142857145","14","218","0.6666666666666666","6","218","0.2","5","218","0.5714285714285714","7","218","0.5","7","218","0.42857142857142855","7","218","0.5454545454545454","11","218","0.5","4","218","0.16666666666666666","6","218","0.2857142857142857","7","218","0.5","6","218","0.2","10","218","0.4","5","218","0.4375","16","218","0.375","4","218","0.3333333333333333","6","218","0.25","8","218","0.3333333333333333","3","218","0.6428571428571429","7","218","0.3888888888888889","9","218","0.8333333333333334","3","218","0.7","5","218","0.5","2","218","0.2","5","218","0.75","4","218","0","3","218","0","2","218","0.25","4","218","0","0","218","0.2","5","218","0.21428571428571427","7","218","0.14285714285714285","7","218","0","1","218","0","0","218","0.3333333333333333","6","218","0.5","2","218","0.5","3","218","0.2857142857142857","7","218","0.75","4","218","0","0","218","0.5","2","218","0.375","4","218","0.3","5","218","0.25","4","218","0.375","4","218","0.16666666666666666","3","218","0.25","6","218","0.3333333333333333","3","218","0.3","5","218","0","1","218","0.3333333333333333","3"
,"219","0.3888888888888889","9","219","0.5","6","219","0.25","4","219","0.4166666666666667","6","219","0.3333333333333333","6","219","0.42857142857142855","7","219","0.4375","8","219","0.6666666666666666","3","219","0.5","2","219","0.2692307692307692","13","219","0.6666666666666666","6","219","0.2","5","219","0.5714285714285714","7","219","0.5","7","219","0.42857142857142855","7","219","0.5","10","219","0.5","4","219","0.16666666666666666","6","219","0.2857142857142857","7","219","0.5","6","219","0.2","10","219","0.4","5","219","0.4375","16","219","0.375","4","219","0.3333333333333333","6","219","0.25","8","219","0.3333333333333333","3","219","0.6428571428571429","7","219","0.3888888888888889","9","219","0.8333333333333334","3","219","0.7","5","219","0.5","2","219","0.2","5","219","0.75","4","219","0","3","219","0","2","219","0.25","4","219","0","0","219","0.2","5","219","0.21428571428571427","7","219","0.14285714285714285","7","219","0","1","219","0","0","219","0.3333333333333333","6","219","0.5","2","219","0.5","3","219","0.2857142857142857","7","219","0.75","4","219","0","0","219","0.5","2","219","0.375","4","219","0.3","5","219","0.25","4","219","0.375","4","219","0.16666666666666666","3","219","0.25","6","219","0.3333333333333333","3","219","0.3","5","219","0","1","219","0.3333333333333333","3"
,"220","0.3888888888888889","9","220","0.5","6","220","0.25","4","220","0.4166666666666667","6","220","0.3","5","220","0.42857142857142855","7","220","0.5","7","220","0.6666666666666666","3","220","0.5","2","220","0.2692307692307692","13","220","0.6666666666666666","6","220","0.2","5","220","0.6666666666666666","6","220","0.5","7","220","0.42857142857142855","7","220","0.5","10","220","0.5","4","220","0.16666666666666666","6","220","0.3","5","220","0.5","6","220","0.125","8","220","0.4","5","220","0.4375","16","220","0.375","4","220","0.3333333333333333","6","220","0.25","8","220","0.3333333333333333","3","220","0.6428571428571429","7","220","0.3888888888888889","9","220","0.8333333333333334","3","220","0.7","5","220","0.5","2","220","0.2","5","220","0.75","4","220","0","3","220","0","2","220","0.25","4","220","0","0","220","0.2","5","220","0.21428571428571427","7","220","0.14285714285714285","7","220","0","1","220","0","0","220","0.3333333333333333","6","220","0.5","2","220","0.5","3","220","0.2857142857142857","7","220","0.75","4","220","0","0","220","0.5","2","220","0.5","3","220","0.3","5","220","0.25","4","220","0.375","4","220","0.16666666666666666","3","220","0.25","6","220","0.3333333333333333","3","220","0.3","5","220","0","1","220","0.3333333333333333","3"
,"221","0.3888888888888889","9","221","0.5","6","221","0.25","4","221","0.4166666666666667","6","221","0.3","5","221","0.42857142857142855","7","221","0.5","7","221","0.6666666666666666","3","221","0.5","2","221","0.2916666666666667","12","221","0.6666666666666666","6","221","0.2","5","221","0.6666666666666666","6","221","0.5","7","221","0.42857142857142855","7","221","0.5","10","221","0.5","4","221","0.16666666666666666","6","221","0.3","5","221","0.5","6","221","0.125","8","221","0.5","4","221","0.4375","16","221","0.375","4","221","0.3333333333333333","6","221","0.25","8","221","0.3333333333333333","3","221","0.6428571428571429","7","221","0.3125","8","221","0.8333333333333334","3","221","0.7","5","221","0.5","2","221","0.2","5","221","0.75","4","221","0","3","221","0","2","221","0.25","4","221","0","0","221","0.2","5","221","0.21428571428571427","7","221","0.14285714285714285","7","221","0","1","221","0","0","221","0.3333333333333333","6","221","0.5","2","221","0.5","3","221","0.2857142857142857","7","221","0.75","4","221","0","0","221","0.5","2","221","0.5","2","221","0.3","5","221","0.25","4","221","0.375","4","221","0.16666666666666666","3","221","0.25","6","221","0.3333333333333333","3","221","0.3","5","221","0","1","221","0.3333333333333333","3"
,"222","0.3888888888888889","9","222","0.5","6","222","0.25","4","222","0.4166666666666667","6","222","0.3","5","222","0.5","6","222","0.5","7","222","0.6666666666666666","3","222","0.5","2","222","0.2916666666666667","12","222","0.6666666666666666","6","222","0.2","5","222","0.6666666666666666","6","222","0.5","7","222","0.42857142857142855","7","222","0.5","10","222","0.5","4","222","0.16666666666666666","6","222","0.3","5","222","0.5","6","222","0.125","8","222","0.5","4","222","0.4375","16","222","0.375","4","222","0.3333333333333333","6","222","0.25","8","222","0.3333333333333333","3","222","0.6428571428571429","7","222","0.2857142857142857","7","222","0.8333333333333334","3","222","0.7","5","222","0.5","2","222","0.2","5","222","0.75","4","222","0","3","222","0","2","222","0.25","4","222","0","0","222","0.2","5","222","0.21428571428571427","7","222","0.14285714285714285","7","222","0","1","222","0","0","222","0.3333333333333333","6","222","0.5","2","222","0.5","3","222","0.2857142857142857","7","222","0.75","4","222","0","0","222","0.5","2","222","0.5","2","222","0.3","5","222","0.25","4","222","0.375","4","222","0.16666666666666666","3","222","0.3","5","222","0.3333333333333333","3","222","0.3","5","222","0","1","222","0.3333333333333333","3"
,"223","0.3888888888888889","9","223","0.5","6","223","0.25","4","223","0.4166666666666667","6","223","0.3","5","223","0.5","6","223","0.5","7","223","0.75","2","223","0.5","2","223","0.2916666666666667","12","223","0.6666666666666666","6","223","0.2","5","223","0.6666666666666666","6","223","0.5","7","223","0.42857142857142855","7","223","0.5","10","223","0.5","4","223","0.16666666666666666","6","223","0.3","5","223","0.5","6","223","0.125","8","223","0.5","4","223","0.4666666666666667","15","223","0.375","4","223","0.3333333333333333","6","223","0.25","8","223","0.3333333333333333","3","223","0.6428571428571429","7","223","0.2857142857142857","7","223","0.8333333333333334","3","223","0.7","5","223","0.5","2","223","0.2","5","223","0.75","4","223","0","3","223","0","2","223","0.25","4","223","0","0","223","0.2","5","223","0.21428571428571427","7","223","0.14285714285714285","7","223","0","1","223","0","0","223","0.3333333333333333","6","223","0.5","2","223","0.5","3","223","0.2857142857142857","7","223","0.75","4","223","0","0","223","0.5","2","223","0.5","2","223","0.3","5","223","0.25","4","223","0.375","4","223","0.16666666666666666","3","223","0.3","5","223","0.3333333333333333","3","223","0.3","5","223","0","1","223","0.3333333333333333","3"
,"224","0.3888888888888889","9","224","0.5","6","224","0.25","4","224","0.4166666666666667","6","224","0.3","5","224","0.5","6","224","0.5","7","224","0.75","2","224","0.5","2","224","0.2916666666666667","12","224","0.6666666666666666","6","224","0.2","5","224","0.6666666666666666","6","224","0.5","7","224","0.42857142857142855","7","224","0.5","10","224","0.3333333333333333","3","224","0.16666666666666666","6","224","0.3","5","224","0.5","6","224","0.125","8","224","0.5","4","224","0.4666666666666667","15","224","0.375","4","224","0.3333333333333333","6","224","0.25","8","224","0.3333333333333333","3","224","0.6428571428571429","7","224","0.2857142857142857","7","224","0.8333333333333334","3","224","0.7","5","224","0.5","2","224","0.2","5","224","0.6666666666666666","3","224","0","3","224","0","2","224","0.25","4","224","0","0","224","0.2","5","224","0.21428571428571427","7","224","0.14285714285714285","7","224","0","1","224","0","0","224","0.3333333333333333","6","224","0.5","2","224","0.5","3","224","0.2857142857142857","7","224","0.75","4","224","0","0","224","0.5","2","224","0.5","2","224","0.25","4","224","0.25","4","224","0.5","3","224","0.16666666666666666","3","224","0.3","5","224","0.3333333333333333","3","224","0.3","5","224","0","1","224","0.3333333333333333","3"
,"225","0.3888888888888889","9","225","0.5","6","225","0.25","4","225","0.4166666666666667","6","225","0.3","5","225","0.5","6","225","0.5","7","225","0.75","2","225","0.5","2","225","0.2916666666666667","12","225","0.6","5","225","0.2","5","225","0.6666666666666666","6","225","0.5","7","225","0.5","6","225","0.5","10","225","0","2","225","0.16666666666666666","6","225","0.3","5","225","0.5","6","225","0.125","8","225","0.5","4","225","0.4666666666666667","15","225","0.375","4","225","0.3333333333333333","6","225","0.25","8","225","0.3333333333333333","3","225","0.6428571428571429","7","225","0.2","5","225","0.8333333333333334","3","225","0.7","5","225","0.5","2","225","0.2","5","225","0.6666666666666666","3","225","0","3","225","0","2","225","0.25","4","225","0","0","225","0.2","5","225","0.21428571428571427","7","225","0.16666666666666666","6","225","0","1","225","0","0","225","0.3333333333333333","6","225","0","1","225","0.5","3","225","0.2857142857142857","7","225","0.75","4","225","0","0","225","0.5","2","225","0.5","2","225","0.25","4","225","0.25","4","225","0.5","3","225","0.16666666666666666","3","225","0.3","5","225","0.3333333333333333","3","225","0.3","5","225","0","1","225","0.3333333333333333","3"
,"226","0.3888888888888889","9","226","0.5","6","226","0.25","4","226","0.4166666666666667","6","226","0.3","5","226","0.5","6","226","0.5","7","226","0.75","2","226","0.5","2","226","0.22727272727272727","11","226","0.6","5","226","0.2","5","226","0.6666666666666666","6","226","0.5","7","226","0.5","5","226","0.5","10","226","0","2","226","0.16666666666666666","6","226","0.3","5","226","0.5","6","226","0.125","8","226","0.5","4","226","0.4666666666666667","15","226","0.375","4","226","0.3333333333333333","6","226","0.25","8","226","0.3333333333333333","3","226","0.6428571428571429","7","226","0.2","5","226","0.8333333333333334","3","226","0.7","5","226","0.5","2","226","0.2","5","226","0.6666666666666666","3","226","0","3","226","0","2","226","0.25","4","226","0","0","226","0.2","5","226","0.21428571428571427","7","226","0.16666666666666666","6","226","0","1","226","0","0","226","0.3333333333333333","6","226","0","1","226","0.5","3","226","0.2857142857142857","7","226","0.75","4","226","0","0","226","0.5","2","226","0.5","2","226","0.25","4","226","0.25","4","226","0.5","3","226","0.16666666666666666","3","226","0.3","5","226","0.3333333333333333","3","226","0.375","4","226","0","1","226","0.3333333333333333","3"
,"227","0.3888888888888889","9","227","0.5","6","227","0.25","4","227","0.4166666666666667","6","227","0.3","5","227","0.5","6","227","0.5","7","227","0.75","2","227","0.5","2","227","0.22727272727272727","11","227","0.6","5","227","0.2","5","227","0.6666666666666666","6","227","0.5","6","227","0.5","5","227","0.4444444444444444","9","227","0","2","227","0.16666666666666666","6","227","0.3","5","227","0.5","6","227","0.125","8","227","0.5","4","227","0.4666666666666667","15","227","0.375","4","227","0.3333333333333333","6","227","0.25","8","227","0.3333333333333333","3","227","0.5833333333333334","6","227","0.25","4","227","0.8333333333333334","3","227","0.7","5","227","0.5","2","227","0.2","5","227","0.6666666666666666","3","227","0","3","227","0","2","227","0.25","2","227","0","0","227","0.2","5","227","0.16666666666666666","6","227","0.16666666666666666","6","227","0","1","227","0","0","227","0.3333333333333333","6","227","0","1","227","0.5","3","227","0.2857142857142857","7","227","0.75","4","227","0","0","227","0.5","2","227","0.5","2","227","0.25","4","227","0.25","4","227","0.5","3","227","0.16666666666666666","3","227","0.3","5","227","0.3333333333333333","3","227","0.375","4","227","0","1","227","0.3333333333333333","3"
,"228","0.3888888888888889","9","228","0.5","6","228","0.25","4","228","0.4166666666666667","6","228","0.3","5","228","0.5","6","228","0.5","7","228","0.75","2","228","0.5","2","228","0.22727272727272727","11","228","0.6","5","228","0.2","5","228","0.6666666666666666","6","228","0.5","6","228","0.5","5","228","0.4444444444444444","9","228","0","2","228","0.16666666666666666","6","228","0.3","5","228","0.5","5","228","0.125","8","228","0.5","4","228","0.4666666666666667","15","228","0.375","4","228","0.3333333333333333","6","228","0.25","8","228","0.3333333333333333","3","228","0.5833333333333334","6","228","0.25","4","228","0.8333333333333334","3","228","0.7","5","228","0.5","2","228","0.2","5","228","0.6666666666666666","3","228","0","3","228","0","2","228","0.25","2","228","0","0","228","0.2","5","228","0.16666666666666666","6","228","0.16666666666666666","6","228","0","1","228","0","0","228","0.3333333333333333","6","228","0","1","228","0.5","3","228","0.2857142857142857","7","228","0.75","4","228","0","0","228","0.5","2","228","0.5","2","228","0.25","4","228","0.25","4","228","0.5","3","228","0.16666666666666666","3","228","0.3","5","228","0.25","2","228","0.375","4","228","0","1","228","0.5","2"
,"229","0.3888888888888889","9","229","0.5","6","229","0.25","4","229","0.4","5","229","0.3","5","229","0.5","6","229","0.5","7","229","0.75","2","229","0.5","2","229","0.22727272727272727","11","229","0.6","5","229","0.125","4","229","0.6666666666666666","6","229","0.5","6","229","0.5","5","229","0.4444444444444444","9","229","0","2","229","0.16666666666666666","6","229","0.3","5","229","0.5","5","229","0.125","8","229","0.5","3","229","0.4666666666666667","15","229","0.375","4","229","0.3333333333333333","6","229","0.25","8","229","0.3333333333333333","3","229","0.5","5","229","0.25","4","229","0.8333333333333334","3","229","0.7","5","229","0.5","2","229","0.2","5","229","0.6666666666666666","3","229","0","3","229","0","2","229","0.5","1","229","0","0","229","0.2","5","229","0.2","5","229","0.16666666666666666","6","229","0","1","229","0","0","229","0.3333333333333333","6","229","0","1","229","0.5","3","229","0.2857142857142857","7","229","0.75","4","229","0","0","229","0.5","2","229","0.5","2","229","0.25","4","229","0.25","4","229","0.5","3","229","0.25","2","229","0.3","5","229","0.25","2","229","0.375","4","229","0","1","229","0.5","2"
,"230","0.3888888888888889","9","230","0.4","5","230","0.25","4","230","0.4","5","230","0.3","5","230","0.5","6","230","0.5","7","230","0.75","2","230","0.5","2","230","0.22727272727272727","11","230","0.6","5","230","0.125","4","230","0.6666666666666666","6","230","0.5","6","230","0.5","5","230","0.4444444444444444","9","230","0","2","230","0.16666666666666666","6","230","0.3","5","230","0.5","5","230","0.125","8","230","0.5","3","230","0.4642857142857143","14","230","0.375","4","230","0.4","5","230","0.25","8","230","0.3333333333333333","3","230","0.5","5","230","0.25","4","230","0.8333333333333334","3","230","0.625","4","230","0.5","2","230","0.2","5","230","0.6666666666666666","3","230","0","3","230","0","2","230","0.5","1","230","0","0","230","0.2","5","230","0.2","5","230","0.16666666666666666","6","230","0","1","230","0","0","230","0.3333333333333333","6","230","0","1","230","0.5","3","230","0.2857142857142857","7","230","0.75","4","230","0","0","230","0.5","2","230","0.5","2","230","0.25","4","230","0.25","4","230","0.5","3","230","0.25","2","230","0.25","4","230","0.25","2","230","0.375","4","230","0","1","230","0.5","2"
,"231","0.375","8","231","0.4","5","231","0.25","4","231","0.4","5","231","0.3","5","231","0.5","6","231","0.5","7","231","0.75","2","231","0.5","2","231","0.22727272727272727","11","231","0.6","5","231","0.125","4","231","0.6666666666666666","6","231","0.5","6","231","0.5","5","231","0.4444444444444444","9","231","0","2","231","0.16666666666666666","6","231","0.375","4","231","0.5","5","231","0.125","8","231","0.5","3","231","0.4642857142857143","14","231","0.375","4","231","0.4","5","231","0.25","8","231","0.3333333333333333","3","231","0.5","5","231","0.25","4","231","0.8333333333333334","3","231","0.625","4","231","0.5","2","231","0.125","4","231","0.6666666666666666","3","231","0","3","231","0","2","231","0.5","1","231","0","0","231","0.2","5","231","0.2","5","231","0.16666666666666666","6","231","0","1","231","0","0","231","0.3333333333333333","6","231","0","1","231","0.5","3","231","0.2857142857142857","7","231","0.75","4","231","0","0","231","0.5","2","231","0.5","2","231","0.25","4","231","0.25","4","231","0.5","3","231","0.25","2","231","0.25","4","231","0.25","2","231","0.375","4","231","0","1","231","0.5","2"
,"232","0.375","8","232","0.4","5","232","0.25","4","232","0.4","5","232","0.25","4","232","0.5","6","232","0.5","7","232","0.75","2","232","0.5","2","232","0.22727272727272727","11","232","0.75","4","232","0.125","4","232","0.6666666666666666","6","232","0.5","6","232","0.625","4","232","0.4444444444444444","9","232","0","2","232","0.16666666666666666","6","232","0.375","4","232","0.5","5","232","0.07142857142857142","7","232","0.5","3","232","0.4642857142857143","14","232","0.375","4","232","0.4","5","232","0.25","8","232","0.3333333333333333","3","232","0.5","5","232","0.25","4","232","0.8333333333333334","3","232","0.6666666666666666","3","232","0.5","2","232","0.125","4","232","0.6666666666666666","3","232","0","3","232","0","2","232","0.5","1","232","0","0","232","0.2","5","232","0.2","5","232","0.16666666666666666","6","232","0","1","232","0","0","232","0.3333333333333333","6","232","0","1","232","0.5","3","232","0.3333333333333333","6","232","0.75","4","232","0","0","232","0.5","2","232","0.5","2","232","0.25","4","232","0.25","4","232","0.5","3","232","0.25","2","232","0.25","4","232","0.25","2","232","0.375","4","232","0","1","232","0.5","2"
,"233","0.375","8","233","0.5","4","233","0.25","4","233","0.4","5","233","0.25","4","233","0.5","6","233","0.5","7","233","0.75","2","233","0.5","2","233","0.22727272727272727","11","233","0.75","4","233","0.125","4","233","0.6666666666666666","6","233","0.5","6","233","0.625","4","233","0.4444444444444444","9","233","0","2","233","0.16666666666666666","6","233","0.375","4","233","0.5","5","233","0.08333333333333333","6","233","0.5","3","233","0.4642857142857143","14","233","0.375","4","233","0.5","4","233","0.25","8","233","0.3333333333333333","3","233","0.5","5","233","0.25","4","233","0.8333333333333334","3","233","0.6666666666666666","3","233","0.5","2","233","0.125","4","233","0.6666666666666666","3","233","0","3","233","0","2","233","0.5","1","233","0","0","233","0.2","5","233","0.2","5","233","0.16666666666666666","6","233","0","1","233","0","0","233","0.3333333333333333","6","233","0","1","233","0.5","3","233","0.3333333333333333","6","233","0.75","4","233","0","0","233","0.5","2","233","0.5","2","233","0.25","4","233","0.3333333333333333","3","233","0.5","3","233","0.25","2","233","0.25","4","233","0.25","2","233","0.375","4","233","0","1","233","0.5","2"
,"234","0.375","8","234","0.5","4","234","0.25","4","234","0.4","5","234","0.25","4","234","0.5","6","234","0.5","7","234","0.75","2","234","0.5","2","234","0.22727272727272727","11","234","0.75","4","234","0.125","4","234","0.6666666666666666","6","234","0.5","6","234","0.625","4","234","0.4444444444444444","9","234","0","2","234","0.16666666666666666","6","234","0.375","4","234","0.5","5","234","0.08333333333333333","6","234","0.5","3","234","0.4642857142857143","14","234","0.375","4","234","0.5","4","234","0.21428571428571427","7","234","0.3333333333333333","3","234","0.5","5","234","0.25","4","234","0.8333333333333334","3","234","0.6666666666666666","3","234","0.5","2","234","0.125","4","234","0.6666666666666666","3","234","0","3","234","0","2","234","0.5","1","234","0","0","234","0.2","5","234","0.2","5","234","0.2","5","234","0","1","234","0","0","234","0.3333333333333333","6","234","0","1","234","0.5","3","234","0.3333333333333333","6","234","0.75","4","234","0","0","234","0.5","2","234","0.5","2","234","0.25","4","234","0.3333333333333333","3","234","0.5","3","234","0.25","2","234","0.25","4","234","0.25","2","234","0.375","4","234","0","1","234","0.5","2"
,"235","0.375","8","235","0.5","4","235","0.25","4","235","0.4","5","235","0.25","4","235","0.5","6","235","0.5","7","235","0.75","2","235","0.5","2","235","0.25","10","235","0.75","4","235","0.125","4","235","0.7","5","235","0.5","6","235","0.625","4","235","0.4444444444444444","9","235","0","2","235","0.16666666666666666","6","235","0.375","4","235","0.5","5","235","0.08333333333333333","6","235","0.5","3","235","0.4642857142857143","14","235","0.375","4","235","0.5","4","235","0.16666666666666666","6","235","0.3333333333333333","3","235","0.5","5","235","0.25","4","235","0.8333333333333334","3","235","0.6666666666666666","3","235","0.5","2","235","0.125","4","235","0.6666666666666666","3","235","0","3","235","0","2","235","0.5","1","235","0","0","235","0.2","5","235","0.2","5","235","0.2","5","235","0","1","235","0","0","235","0.3333333333333333","6","235","0","1","235","0.5","3","235","0.4","5","235","0.75","4","235","0","0","235","0.5","2","235","0.5","2","235","0.25","4","235","0","2","235","0.5","3","235","0.25","2","235","0.25","4","235","0.25","2","235","0.375","4","235","0","1","235","0.5","2"
,"236","0.375","8","236","0.5","4","236","0.25","4","236","0.4","5","236","0.25","4","236","0.5","6","236","0.5","7","236","0.75","2","236","0.5","2","236","0.3125","8","236","0.75","4","236","0.125","4","236","0.7","5","236","0.5","6","236","0.625","4","236","0.4444444444444444","9","236","0","2","236","0.16666666666666666","6","236","0.375","4","236","0.5","5","236","0.08333333333333333","6","236","0.5","3","236","0.4642857142857143","14","236","0.375","4","236","0.5","4","236","0.16666666666666666","6","236","0.3333333333333333","3","236","0.5","5","236","0.25","4","236","0.8333333333333334","3","236","0.6666666666666666","3","236","0.5","2","236","0.125","4","236","0.6666666666666666","3","236","0","3","236","0","2","236","0.5","1","236","0","0","236","0.2","5","236","0.2","5","236","0.2","5","236","0","1","236","0","0","236","0.3333333333333333","6","236","0","1","236","0.5","3","236","0.4","5","236","0.75","4","236","0","0","236","0.5","2","236","0.5","2","236","0.25","4","236","0","2","236","0.5","3","236","0.25","2","236","0.25","4","236","0.25","2","236","0.375","4","236","0","1","236","0.5","2"
,"237","0.375","8","237","0.5","4","237","0.25","4","237","0.4","5","237","0.25","4","237","0.5","6","237","0.5","7","237","0.75","2","237","0.5","2","237","0.3125","8","237","0.75","4","237","0.125","4","237","0.7","5","237","0.5","6","237","0.625","4","237","0.4375","8","237","0","2","237","0.16666666666666666","6","237","0.375","4","237","0.5","5","237","0.08333333333333333","6","237","0.5","3","237","0.4642857142857143","14","237","0.375","4","237","0.5","4","237","0.16666666666666666","6","237","0.3333333333333333","3","237","0.5","4","237","0.25","4","237","0.8333333333333334","3","237","0.6666666666666666","3","237","0.5","2","237","0.125","4","237","0.6666666666666666","3","237","0","3","237","0","2","237","0.5","1","237","0","0","237","0.2","5","237","0.2","5","237","0.2","5","237","0","1","237","0","0","237","0.3333333333333333","6","237","0","1","237","0.5","3","237","0.4","5","237","0.75","4","237","0","0","237","0.5","2","237","0.5","2","237","0.25","4","237","0","2","237","0.5","3","237","0.25","2","237","0.25","4","237","0.25","2","237","0.375","4","237","0","1","237","0.5","2"
,"238","0.375","8","238","0.6666666666666666","3","238","0.25","4","238","0.4","5","238","0.25","4","238","0.5","6","238","0.5","7","238","0.75","2","238","0.5","2","238","0.3125","8","238","0.75","4","238","0.125","4","238","0.7","5","238","0.5","6","238","0.625","4","238","0.4375","8","238","0","1","238","0.16666666666666666","6","238","0.375","4","238","0.5","5","238","0.08333333333333333","6","238","0.5","3","238","0.4642857142857143","14","238","0.375","4","238","0.5","4","238","0.16666666666666666","6","238","0.3333333333333333","3","238","0.5","4","238","0.25","4","238","0.8333333333333334","3","238","0.6666666666666666","3","238","0.5","2","238","0.125","4","238","0.6666666666666666","3","238","0","3","238","0","2","238","0.5","1","238","0","0","238","0.2","5","238","0.2","5","238","0.2","5","238","0","1","238","0","0","238","0.3","5","238","0","1","238","0.5","3","238","0.4","5","238","0.75","4","238","0","0","238","0.5","1","238","0.5","2","238","0.25","4","238","0","2","238","0.5","3","238","0.25","2","238","0.25","4","238","0.25","2","238","0.5","3","238","0","1","238","0.5","2"
,"239","0.375","8","239","0.6666666666666666","3","239","0.25","4","239","0.4","5","239","0.25","4","239","0.5","6","239","0.5","7","239","0.75","2","239","0.5","2","239","0.3125","8","239","0.75","4","239","0.125","4","239","0.7","5","239","0.5","6","239","0.625","4","239","0.4375","8","239","0","1","239","0.2","5","239","0.375","4","239","0.6666666666666666","3","239","0.08333333333333333","6","239","0.5","3","239","0.5","13","239","0.5","3","239","0.5","4","239","0.16666666666666666","6","239","0.3333333333333333","3","239","0.5","4","239","0.25","4","239","0.8333333333333334","3","239","0.6666666666666666","3","239","0.5","2","239","0.125","4","239","0.6666666666666666","3","239","0","3","239","0","2","239","0.5","1","239","0","0","239","0.2","5","239","0.2","5","239","0.2","5","239","0","1","239","0","0","239","0.3","5","239","0","1","239","0.5","3","239","0.4","5","239","0.75","4","239","0","0","239","0.5","1","239","0.5","2","239","0.25","4","239","0","2","239","0.5","3","239","0.25","2","239","0.25","4","239","0.25","2","239","0.5","3","239","0","1","239","0.5","2"
,"240","0.375","8","240","0.6666666666666666","3","240","0.25","4","240","0.4","5","240","0.25","4","240","0.5","6","240","0.5","7","240","0.75","2","240","0.5","2","240","0.3125","8","240","0.75","4","240","0.125","4","240","0.7","5","240","0.5","6","240","0.625","4","240","0.4375","8","240","0","1","240","0.2","5","240","0.375","4","240","0.6666666666666666","3","240","0.08333333333333333","6","240","0.5","3","240","0.5","13","240","0.5","3","240","0.5","4","240","0.16666666666666666","6","240","0.3333333333333333","3","240","0.5","4","240","0.25","4","240","0.8333333333333334","3","240","0.6666666666666666","3","240","0.5","2","240","0.125","4","240","0.5","2","240","0","3","240","0","2","240","0","0","240","0","0","240","0.2","5","240","0.2","5","240","0.2","5","240","0","1","240","0","0","240","0.3","5","240","0","1","240","0.5","3","240","0.4","5","240","0.75","4","240","0","0","240","0.5","1","240","0.5","2","240","0.25","4","240","0","2","240","0.5","3","240","0.25","2","240","0.25","4","240","0.25","2","240","0.5","3","240","0","1","240","0.5","2"
,"241","0.375","8","241","0.6666666666666666","3","241","0.25","4","241","0.4","5","241","0.25","4","241","0.5","6","241","0.5","7","241","0.75","2","241","0.5","2","241","0.35714285714285715","7","241","0.75","4","241","0.125","4","241","0.7","5","241","0.5","6","241","0.625","4","241","0.4375","8","241","0","1","241","0.25","4","241","0.375","4","241","0.6666666666666666","3","241","0.08333333333333333","6","241","0.5","3","241","0.5416666666666666","12","241","0.5","3","241","0.5","4","241","0.16666666666666666","6","241","0.3333333333333333","3","241","0.5","4","241","0.25","4","241","0.8333333333333334","3","241","0.6666666666666666","3","241","0.5","1","241","0.125","4","241","0.5","2","241","0","3","241","0","2","241","0","0","241","0","0","241","0.2","5","241","0.2","5","241","0.25","4","241","0","1","241","0","0","241","0.3","5","241","0","1","241","0.5","3","241","0.4","5","241","0.6666666666666666","3","241","0","0","241","0.5","1","241","0.5","2","241","0.25","4","241","0","2","241","0.5","3","241","0.25","2","241","0.25","4","241","0.25","2","241","0.5","3","241","0","1","241","0.5","2"
,"242","0.375","8","242","0.6666666666666666","3","242","0.25","4","242","0.4","5","242","0.25","4","242","0.5","6","242","0.5","7","242","0.75","2","242","0.5","2","242","0.35714285714285715","7","242","0.75","4","242","0.125","4","242","0.7","5","242","0.5","6","242","0.625","4","242","0.4375","8","242","0","1","242","0.25","4","242","0.375","4","242","0.6666666666666666","3","242","0.08333333333333333","6","242","0.5","3","242","0.5416666666666666","12","242","0.5","2","242","0.5","4","242","0.16666666666666666","6","242","0.3333333333333333","3","242","0.5","4","242","0.25","4","242","0.8333333333333334","3","242","0.6666666666666666","3","242","0.5","1","242","0.125","4","242","0.5","2","242","0","3","242","0","2","242","0","0","242","0","0","242","0.2","5","242","0.2","5","242","0.25","4","242","0","1","242","0","0","242","0.375","4","242","0","1","242","0.5","3","242","0.4","5","242","0.6666666666666666","3","242","0","0","242","0.5","1","242","0.5","2","242","0.25","4","242","0","1","242","0.5","3","242","0.25","2","242","0.25","4","242","0.25","2","242","0.5","3","242","0","1","242","0.5","2"
,"243","0.375","8","243","0.6666666666666666","3","243","0.25","4","243","0.375","4","243","0.25","4","243","0.5","6","243","0.5","7","243","0.75","2","243","0.5","2","243","0.35714285714285715","7","243","0.75","4","243","0.125","4","243","0.7","5","243","0.5","6","243","0.625","4","243","0.4375","8","243","0","1","243","0.25","4","243","0.375","4","243","0.6666666666666666","3","243","0.08333333333333333","6","243","0.5","3","243","0.5909090909090909","11","243","0.5","2","243","0.5","4","243","0.16666666666666666","6","243","0.5","2","243","0.5","4","243","0.25","4","243","0.8333333333333334","3","243","0.6666666666666666","3","243","0.5","1","243","0.125","4","243","0.5","2","243","0","3","243","0","2","243","0","0","243","0","0","243","0.2","5","243","0.2","5","243","0.25","4","243","0","1","243","0","0","243","0.375","4","243","0","1","243","0.5","3","243","0.4","5","243","0.6666666666666666","3","243","0","0","243","0.5","1","243","0.5","2","243","0.25","4","243","0","1","243","0.5","3","243","0.25","2","243","0.25","4","243","0.25","2","243","0.5","3","243","0","1","243","0.5","1"
,"244","0.375","8","244","0.6666666666666666","3","244","0.25","4","244","0.375","4","244","0.25","4","244","0.5","6","244","0.5","7","244","0.75","2","244","0.5","2","244","0.35714285714285715","7","244","0.75","4","244","0.125","4","244","0.7","5","244","0.5","6","244","0.625","4","244","0.4375","8","244","0","1","244","0.25","4","244","0.375","4","244","0.6666666666666666","3","244","0.1","5","244","0.5","3","244","0.5909090909090909","11","244","0.5","2","244","0.5","4","244","0.16666666666666666","6","244","0.5","2","244","0.5","4","244","0.25","4","244","0.8333333333333334","3","244","0.6666666666666666","3","244","0.5","1","244","0.125","4","244","0.5","2","244","0","3","244","0","2","244","0","0","244","0","0","244","0.2","5","244","0.2","5","244","0.25","4","244","0","1","244","0","0","244","0.375","4","244","0","1","244","0.5","3","244","0.5","4","244","0.6666666666666666","3","244","0","0","244","0.5","1","244","0.5","2","244","0.25","4","244","0","1","244","0.5","3","244","0.25","2","244","0.25","4","244","0.25","2","244","0.5","3","244","0","1","244","0.5","1"
,"245","0.375","8","245","0.6666666666666666","3","245","0.25","4","245","0.375","4","245","0.25","4","245","0.5","5","245","0.5","7","245","0.75","2","245","0.5","2","245","0.3333333333333333","6","245","0.75","4","245","0.125","4","245","0.7","5","245","0.5","6","245","0.625","4","245","0.4375","8","245","0","1","245","0.25","4","245","0.375","4","245","0.6666666666666666","3","245","0.1","5","245","0.5","3","245","0.5909090909090909","11","245","0.5","2","245","0.5","4","245","0.16666666666666666","6","245","0.5","2","245","0.5","4","245","0.25","4","245","0.8333333333333334","3","245","0.6666666666666666","3","245","0.5","1","245","0.125","4","245","0.5","2","245","0","3","245","0","2","245","0","0","245","0","0","245","0.2","5","245","0.2","5","245","0.25","4","245","0","1","245","0","0","245","0.375","4","245","0","1","245","0.5","3","245","0.6666666666666666","3","245","0.5","2","245","0","0","245","0.5","1","245","0.5","2","245","0.25","4","245","0","1","245","0.5","3","245","0.25","2","245","0.25","4","245","0.25","2","245","0.5","3","245","0","1","245","0.5","1"
,"246","0.375","8","246","0.6666666666666666","3","246","0.25","4","246","0.375","4","246","0.25","4","246","0.5","5","246","0.5","6","246","0.75","2","246","0.5","2","246","0.3333333333333333","6","246","0.75","4","246","0.125","4","246","0.7","5","246","0.5","6","246","0.625","4","246","0.4166666666666667","6","246","0","1","246","0.25","4","246","0.375","4","246","0.6666666666666666","3","246","0.1","5","246","0.5","3","246","0.6","10","246","0.5","1","246","0.5","4","246","0.25","4","246","0.5","2","246","0.5","4","246","0.25","4","246","0.8333333333333334","3","246","0.6666666666666666","3","246","0.5","1","246","0.125","4","246","0.5","2","246","0","3","246","0","2","246","0","0","246","0","0","246","0.25","4","246","0.2","5","246","0.25","4","246","0","1","246","0","0","246","0.375","4","246","0","1","246","0.5","3","246","0.6666666666666666","3","246","0.5","2","246","0","0","246","0.5","1","246","0.5","2","246","0.3333333333333333","3","246","0","1","246","0.5","3","246","0.25","2","246","0.25","4","246","0.25","2","246","0.5","3","246","0","1","246","0.5","1"
,"247","0.375","8","247","0.6666666666666666","3","247","0.25","4","247","0.375","4","247","0.25","4","247","0.5","5","247","0.5","6","247","0.75","2","247","0","1","247","0.3333333333333333","6","247","0.75","4","247","0.125","4","247","0.7","5","247","0.5","6","247","0.6666666666666666","3","247","0.4166666666666667","6","247","0","1","247","0.3333333333333333","3","247","0.375","4","247","0.6666666666666666","3","247","0.1","5","247","0.5","3","247","0.6","10","247","0.5","1","247","0.5","4","247","0.25","4","247","0.5","2","247","0.5","4","247","0.3333333333333333","3","247","0.8333333333333334","3","247","0.6666666666666666","3","247","0.5","1","247","0.125","4","247","0.5","2","247","0","3","247","0","2","247","0","0","247","0","0","247","0.25","4","247","0.2","5","247","0.25","4","247","0","1","247","0","0","247","0.375","4","247","0","1","247","0.5","3","247","0.6666666666666666","3","247","0.5","2","247","0","0","247","0.5","1","247","0.5","2","247","0.3333333333333333","3","247","0","1","247","0.5","3","247","0.25","2","247","0.25","4","247","0.25","2","247","0.5","3","247","0","1","247","0.5","1"
,"248","0.375","8","248","0.6666666666666666","3","248","0.25","4","248","0.375","4","248","0.25","4","248","0.5","5","248","0.5","6","248","0.75","2","248","0","1","248","0.3333333333333333","6","248","0.75","4","248","0.125","4","248","0.7","5","248","0.5","6","248","0.6666666666666666","3","248","0.4166666666666667","6","248","0","1","248","0.3333333333333333","3","248","0.375","4","248","0.6666666666666666","3","248","0.1","5","248","0.5","3","248","0.6","10","248","0.5","1","248","0.5","4","248","0.25","4","248","0.5","2","248","0.5","4","248","0.3333333333333333","3","248","0.8333333333333334","3","248","0.6666666666666666","3","248","0.5","1","248","0.125","4","248","0.5","2","248","0","3","248","0","2","248","0","0","248","0","0","248","0.25","4","248","0.2","5","248","0.25","4","248","0","1","248","0","0","248","0.375","4","248","0","1","248","0.5","3","248","0.6666666666666666","3","248","0.5","2","248","0","0","248","0.5","1","248","0.5","2","248","0.3333333333333333","3","248","0","1","248","0.5","3","248","0.25","2","248","0.25","4","248","0.25","2","248","0.5","3","248","0","1","248","0.5","1"
,"249","0.375","8","249","0.5","2","249","0.25","4","249","0.375","4","249","0.25","4","249","0.5","5","249","0.5","6","249","0.75","2","249","0","1","249","0.3333333333333333","6","249","0.75","4","249","0.125","4","249","0.7","5","249","0.5","5","249","0.6666666666666666","3","249","0.4166666666666667","6","249","0","1","249","0.3333333333333333","3","249","0.375","4","249","0.75","2","249","0.1","5","249","0.5","3","249","0.6","10","249","0.5","1","249","0.5","4","249","0.25","4","249","0.5","2","249","0.5","4","249","0.3333333333333333","3","249","0.8333333333333334","3","249","0.6666666666666666","3","249","0.5","1","249","0.125","4","249","0.5","2","249","0","3","249","0","2","249","0","0","249","0","0","249","0.25","4","249","0.2","5","249","0.25","4","249","0","1","249","0","0","249","0.375","4","249","0","1","249","0.5","3","249","0.6666666666666666","3","249","0.5","2","249","0","0","249","0.5","1","249","0.5","2","249","0.3333333333333333","3","249","0","1","249","0.5","3","249","0.25","2","249","0.25","4","249","0.25","2","249","0.25","2","249","0","1","249","0.5","1"
,"250","0.375","8","250","0.5","2","250","0.25","4","250","0.375","4","250","0.25","4","250","0.5","5","250","0.5","6","250","0.75","2","250","0","1","250","0.3333333333333333","6","250","0.75","4","250","0.125","4","250","0.7","5","250","0.5","5","250","0.6666666666666666","3","250","0.4166666666666667","6","250","0","1","250","0.3333333333333333","3","250","0.375","4","250","0.75","2","250","0.125","4","250","0.5","3","250","0.6","10","250","0.5","1","250","0.5","4","250","0.25","4","250","0.5","2","250","0.5","4","250","0.3333333333333333","3","250","0.8333333333333334","3","250","0.6666666666666666","3","250","0.5","1","250","0.125","4","250","0.5","2","250","0","3","250","0","2","250","0","0","250","0","0","250","0.25","4","250","0.2","5","250","0.25","4","250","0","1","250","0","0","250","0.375","4","250","0","1","250","0.5","3","250","0.6666666666666666","3","250","0.5","2","250","0","0","250","0.5","1","250","0.5","2","250","0.3333333333333333","3","250","0","1","250","0.5","3","250","0.25","2","250","0.25","4","250","0.25","2","250","0.25","2","250","0","1","250","0.5","1"
,"251","0.35714285714285715","7","251","0.5","2","251","0.25","4","251","0.375","4","251","0.25","4","251","0.5","5","251","0.5","6","251","0.75","2","251","0","1","251","0.2","5","251","0.75","4","251","0.125","4","251","0.7","5","251","0.5","5","251","0.6666666666666666","3","251","0.4","5","251","0","1","251","0.3333333333333333","3","251","0.375","4","251","0.75","2","251","0.125","4","251","0.5","3","251","0.6111111111111112","9","251","0","0","251","0.5","4","251","0.25","4","251","0.5","2","251","0.5","4","251","0.3333333333333333","3","251","0.8333333333333334","3","251","0.6666666666666666","3","251","0.5","1","251","0.125","4","251","0.5","2","251","0","3","251","0","2","251","0","0","251","0","0","251","0.16666666666666666","3","251","0.25","4","251","0.25","4","251","0","1","251","0","0","251","0.375","4","251","0","1","251","0.5","3","251","0.6666666666666666","3","251","0.5","2","251","0","0","251","0.5","1","251","0.5","2","251","0.3333333333333333","3","251","0","1","251","0.5","3","251","0.25","2","251","0.25","4","251","0.25","2","251","0.25","2","251","0","1","251","0.5","1"
,"252","0.35714285714285715","7","252","0.5","2","252","0.25","4","252","0.375","4","252","0.25","4","252","0.5","5","252","0.5","6","252","0.75","2","252","0","1","252","0.2","5","252","0.75","4","252","0.125","4","252","0.7","5","252","0.5","5","252","0.6666666666666666","3","252","0.4","5","252","0","1","252","0.3333333333333333","3","252","0.375","4","252","0.75","2","252","0.125","4","252","0.5","3","252","0.6111111111111112","9","252","0","0","252","0.5","4","252","0.25","4","252","0.5","2","252","0.5","4","252","0.3333333333333333","3","252","0.8333333333333334","3","252","0.6666666666666666","3","252","0.5","1","252","0.125","4","252","0.5","1","252","0","3","252","0","2","252","0","0","252","0","0","252","0.16666666666666666","3","252","0.25","4","252","0.25","4","252","0","1","252","0","0","252","0.375","4","252","0","1","252","0.5","3","252","0.6666666666666666","3","252","0.5","2","252","0","0","252","0.5","1","252","0.5","2","252","0.3333333333333333","3","252","0","1","252","0.5","3","252","0.25","2","252","0.25","4","252","0","0","252","0.25","2","252","0","1","252","0.5","1"
,"253","0.35714285714285715","7","253","0.5","2","253","0.25","4","253","0.375","4","253","0.25","4","253","0.5","5","253","0.5","5","253","0.75","2","253","0","1","253","0.2","5","253","0.75","4","253","0.16666666666666666","3","253","0.7","5","253","0.5","5","253","0.6666666666666666","3","253","0.4","5","253","0","1","253","0.3333333333333333","3","253","0.375","4","253","0.75","2","253","0.125","4","253","0.5","3","253","0.6111111111111112","9","253","0","0","253","0.5","4","253","0.16666666666666666","3","253","0.5","2","253","0.5","3","253","0.3333333333333333","3","253","0.8333333333333334","3","253","0.6666666666666666","3","253","0.5","1","253","0.125","4","253","0.5","1","253","0","3","253","0","2","253","0","0","253","0","0","253","0.16666666666666666","3","253","0.25","4","253","0.25","4","253","0","1","253","0","0","253","0.375","4","253","0","1","253","0.5","3","253","0.6666666666666666","3","253","0.5","2","253","0","0","253","0.5","1","253","0.5","2","253","0.3333333333333333","3","253","0","1","253","0.5","3","253","0.25","2","253","0.25","4","253","0","0","253","0.25","2","253","0","1","253","0.5","1"
,"254","0.35714285714285715","7","254","0.5","2","254","0.25","4","254","0.375","4","254","0.25","4","254","0.5","5","254","0.5","5","254","0.75","2","254","0","1","254","0.2","5","254","0.75","4","254","0.16666666666666666","3","254","0.7","5","254","0.5","5","254","0.6666666666666666","3","254","0.4","5","254","0","1","254","0.5","2","254","0.375","4","254","0.75","2","254","0.125","4","254","0.5","3","254","0.6111111111111112","9","254","0","0","254","0.5","4","254","0.16666666666666666","3","254","0.5","2","254","0.5","3","254","0.3333333333333333","3","254","0.8333333333333334","3","254","0.6666666666666666","3","254","0.5","1","254","0.125","4","254","0.5","1","254","0","3","254","0","2","254","0","0","254","0","0","254","0.16666666666666666","3","254","0.25","4","254","0.25","4","254","0","1","254","0","0","254","0.375","4","254","0","1","254","0.5","3","254","0.75","2","254","0.5","2","254","0","0","254","0.5","1","254","0.5","2","254","0.3333333333333333","3","254","0","1","254","0.5","3","254","0.25","2","254","0.25","4","254","0","0","254","0.25","2","254","0","1","254","0.5","1"
,"255","0.35714285714285715","7","255","0.5","2","255","0.25","4","255","0.375","4","255","0.25","4","255","0.5","5","255","0.5","5","255","0.75","2","255","0","1","255","0.2","5","255","0.75","4","255","0.16666666666666666","3","255","0.7","5","255","0.5","5","255","0.6666666666666666","3","255","0.4","5","255","0","1","255","0.5","2","255","0.375","4","255","0.75","2","255","0.125","4","255","0.5","3","255","0.6111111111111112","9","255","0","0","255","0.6666666666666666","3","255","0.16666666666666666","3","255","0.5","2","255","0.75","2","255","0.3333333333333333","3","255","0.8333333333333334","3","255","0.6666666666666666","3","255","0.5","1","255","0.125","4","255","0.5","1","255","0","3","255","0","2","255","0","0","255","0","0","255","0.16666666666666666","3","255","0.25","4","255","0.16666666666666666","3","255","0","1","255","0","0","255","0.375","4","255","0","1","255","0.5","3","255","0.75","2","255","0.5","2","255","0","0","255","0.5","1","255","0.5","2","255","0.5","2","255","0","1","255","0.5","3","255","0.25","2","255","0.25","4","255","0","0","255","0.25","2","255","0","1","255","0.5","1"
,"256","0.35714285714285715","7","256","0.5","2","256","0.25","4","256","0.375","4","256","0.25","4","256","0.5","5","256","0.5","5","256","0.75","2","256","0","1","256","0.2","5","256","0.75","4","256","0.16666666666666666","3","256","0.7","5","256","0.5","5","256","0.5","2","256","0.4","5","256","0","1","256","0.5","2","256","0.375","4","256","0.75","2","256","0.125","4","256","0.5","3","256","0.6111111111111112","9","256","0","0","256","0.6666666666666666","3","256","0.16666666666666666","3","256","0.5","2","256","0.75","2","256","0.3333333333333333","3","256","0.8333333333333334","3","256","0.6666666666666666","3","256","0.5","1","256","0.125","4","256","0.5","1","256","0","3","256","0","2","256","0","0","256","0","0","256","0.16666666666666666","3","256","0.25","4","256","0.16666666666666666","3","256","0","1","256","0","0","256","0.375","4","256","0","1","256","0.5","3","256","0.75","2","256","0.5","2","256","0","0","256","0.5","1","256","0.5","2","256","0.5","2","256","0","1","256","0.5","3","256","0.25","2","256","0.25","4","256","0","0","256","0.25","2","256","0","1","256","0.5","1"
,"257","0.35714285714285715","7","257","0.5","1","257","0.25","4","257","0.375","4","257","0.25","4","257","0.5","5","257","0.5","5","257","0.5","1","257","0","1","257","0.25","4","257","0.75","4","257","0.16666666666666666","3","257","0.7","5","257","0.5","5","257","0.5","2","257","0.4","5","257","0","1","257","0.5","2","257","0.375","4","257","0.75","2","257","0.125","4","257","0.5","3","257","0.6111111111111112","9","257","0","0","257","0.6666666666666666","3","257","0.16666666666666666","3","257","0.5","2","257","0.75","2","257","0.3333333333333333","3","257","0.8333333333333334","3","257","0.6666666666666666","3","257","0.5","1","257","0.125","4","257","0.5","1","257","0","3","257","0","2","257","0","0","257","0","0","257","0.16666666666666666","3","257","0.25","4","257","0.16666666666666666","3","257","0","1","257","0","0","257","0.5","3","257","0","1","257","0.25","2","257","0.75","2","257","0.5","2","257","0","0","257","0.5","1","257","0.5","2","257","0.5","2","257","0","1","257","0.5","3","257","0.25","2","257","0.25","4","257","0","0","257","0.25","2","257","0","1","257","0","0"
,"258","0.35714285714285715","7","258","0.5","1","258","0.25","4","258","0.375","4","258","0.16666666666666666","3","258","0.5","5","258","0.5","5","258","0.5","1","258","0","1","258","0.25","4","258","0.75","2","258","0.16666666666666666","3","258","0.7","5","258","0.5","5","258","0.5","1","258","0.4","5","258","0","1","258","0.5","2","258","0.375","4","258","0.75","2","258","0.125","4","258","0.5","3","258","0.6111111111111112","9","258","0","0","258","0.6666666666666666","3","258","0","2","258","0.5","2","258","0.75","2","258","0.3333333333333333","3","258","0.8333333333333334","3","258","0.6666666666666666","3","258","0.5","1","258","0.125","4","258","0.5","1","258","0","3","258","0","2","258","0","0","258","0","0","258","0.16666666666666666","3","258","0.25","4","258","0.16666666666666666","3","258","0","0","258","0","0","258","0.5","3","258","0","1","258","0.25","2","258","0.75","2","258","0.5","2","258","0","0","258","0.5","1","258","0.5","2","258","0.5","2","258","0","1","258","0.5","3","258","0.25","2","258","0.3333333333333333","3","258","0","0","258","0.25","2","258","0","1","258","0","0"
,"259","0.4166666666666667","6","259","0.5","1","259","0.25","4","259","0.375","4","259","0.16666666666666666","3","259","0.5","5","259","0.5","5","259","0.5","1","259","0","1","259","0.3333333333333333","3","259","0.75","2","259","0.16666666666666666","3","259","0.7","5","259","0.5","5","259","0.5","1","259","0.4","5","259","0","1","259","0.5","2","259","0.375","4","259","0.75","2","259","0.125","4","259","0.5","3","259","0.6111111111111112","9","259","0","0","259","0.6666666666666666","3","259","0","2","259","0.5","2","259","0.75","2","259","0.3333333333333333","3","259","0.8333333333333334","3","259","0.6666666666666666","3","259","0.5","1","259","0.125","4","259","0.5","1","259","0","3","259","0","2","259","0","0","259","0","0","259","0.16666666666666666","3","259","0.25","4","259","0.16666666666666666","3","259","0","0","259","0","0","259","0.5","3","259","0","1","259","0.25","2","259","0.75","2","259","0.5","2","259","0","0","259","0.5","1","259","0.5","2","259","0.5","2","259","0","0","259","0.5","3","259","0.25","2","259","0.3333333333333333","3","259","0","0","259","0.25","2","259","0","1","259","0","0"
,"260","0.4","5","260","0.5","1","260","0.25","4","260","0.375","4","260","0.16666666666666666","3","260","0.5","5","260","0.5","5","260","0.5","1","260","0","1","260","0.3333333333333333","3","260","0.75","2","260","0.16666666666666666","3","260","0.7","5","260","0.5","5","260","0.5","1","260","0.375","4","260","0","1","260","0.5","2","260","0.375","4","260","0.75","2","260","0.125","4","260","0.5","3","260","0.6111111111111112","9","260","0","0","260","0.6666666666666666","3","260","0","2","260","0.5","2","260","0.75","2","260","0.3333333333333333","3","260","0.8333333333333334","3","260","0.6666666666666666","3","260","0.5","1","260","0.16666666666666666","3","260","0.5","1","260","0","3","260","0","2","260","0","0","260","0","0","260","0.16666666666666666","3","260","0.25","4","260","0.16666666666666666","3","260","0","0","260","0","0","260","0.5","3","260","0","1","260","0.25","2","260","0.75","2","260","0.5","2","260","0","0","260","0.5","1","260","0.5","2","260","0.5","2","260","0","0","260","0.5","3","260","0.25","2","260","0.3333333333333333","3","260","0","0","260","0.25","2","260","0","1","260","0","0"
,"261","0.4","5","261","0.5","1","261","0.25","4","261","0.3333333333333333","3","261","0.25","2","261","0.5","5","261","0.5","5","261","0.5","1","261","0","1","261","0.3333333333333333","3","261","0.75","2","261","0.16666666666666666","3","261","0.7","5","261","0.5","5","261","0.5","1","261","0.5","3","261","0","1","261","0.5","2","261","0.375","4","261","0.75","2","261","0.125","4","261","0.5","3","261","0.6111111111111112","9","261","0","0","261","0.6666666666666666","3","261","0","2","261","0.5","2","261","0.75","2","261","0.3333333333333333","3","261","0.8333333333333334","3","261","0.6666666666666666","3","261","0.5","1","261","0.16666666666666666","3","261","0.5","1","261","0","3","261","0","2","261","0","0","261","0","0","261","0.16666666666666666","3","261","0.25","4","261","0.16666666666666666","3","261","0","0","261","0","0","261","0.5","2","261","0","1","261","0.25","2","261","0.5","1","261","0.5","2","261","0","0","261","0.5","1","261","0.5","2","261","0.5","2","261","0","0","261","0.5","3","261","0.25","2","261","0.3333333333333333","3","261","0","0","261","0.25","2","261","0","1","261","0","0"
,"262","0.4","5","262","0.5","1","262","0.25","4","262","0.3333333333333333","3","262","0.25","2","262","0.5","5","262","0.5","5","262","0.5","1","262","0","1","262","0.3333333333333333","3","262","0.75","2","262","0.16666666666666666","3","262","0.7","5","262","0.5","5","262","0.5","1","262","0.5","3","262","0","1","262","0.5","2","262","0.375","4","262","0.75","2","262","0.16666666666666666","3","262","0.5","3","262","0.6111111111111112","9","262","0","0","262","0.6666666666666666","3","262","0","2","262","0.5","2","262","0.75","2","262","0.3333333333333333","3","262","0.8333333333333334","3","262","0.6666666666666666","3","262","0.5","1","262","0.16666666666666666","3","262","0.5","1","262","0","3","262","0","1","262","0","0","262","0","0","262","0.16666666666666666","3","262","0.25","4","262","0.16666666666666666","3","262","0","0","262","0","0","262","0.5","2","262","0","1","262","0.25","2","262","0.5","1","262","0.5","2","262","0","0","262","0.5","1","262","0.5","2","262","0.5","2","262","0","0","262","0.5","3","262","0.25","2","262","0.3333333333333333","3","262","0","0","262","0.25","2","262","0","1","262","0","0"
,"263","0.375","4","263","0.5","1","263","0.25","4","263","0.3333333333333333","3","263","0.25","2","263","0.5","5","263","0.5","5","263","0.5","1","263","0","1","263","0.3333333333333333","3","263","0.75","2","263","0.16666666666666666","3","263","0.7","5","263","0.5","5","263","0.5","1","263","0.5","3","263","0","1","263","0.5","2","263","0.375","4","263","0.75","2","263","0.16666666666666666","3","263","0.5","3","263","0.6111111111111112","9","263","0","0","263","0.6666666666666666","3","263","0","2","263","0.5","2","263","0.75","2","263","0.3333333333333333","3","263","0.8333333333333334","3","263","0.6666666666666666","3","263","0.5","1","263","0.16666666666666666","3","263","0.5","1","263","0","3","263","0","1","263","0","0","263","0","0","263","0.16666666666666666","3","263","0.16666666666666666","3","263","0.16666666666666666","3","263","0","0","263","0","0","263","0.5","2","263","0","1","263","0.25","2","263","0.5","1","263","0.5","2","263","0","0","263","0.5","1","263","0.5","2","263","0.5","2","263","0","0","263","0.5","3","263","0.25","2","263","0.3333333333333333","3","263","0","0","263","0.25","2","263","0","1","263","0","0"
,"264","0.375","4","264","0.5","1","264","0.25","4","264","0.3333333333333333","3","264","0.25","2","264","0.5","5","264","0.5","5","264","0.5","1","264","0","1","264","0.25","2","264","0.75","2","264","0.16666666666666666","3","264","0.7","5","264","0.5","5","264","0.5","1","264","0.5","3","264","0","1","264","0.5","2","264","0.375","4","264","0.75","2","264","0.16666666666666666","3","264","0.5","3","264","0.65","10","264","0","0","264","0.6666666666666666","3","264","0","2","264","0.5","2","264","0.75","2","264","0.3333333333333333","3","264","0.8333333333333334","3","264","0.6666666666666666","3","264","0.5","1","264","0.16666666666666666","3","264","0.5","1","264","0","3","264","0","1","264","0","0","264","0","0","264","0.16666666666666666","3","264","0.16666666666666666","3","264","0.16666666666666666","3","264","0","0","264","0","0","264","0.5","2","264","0","1","264","0.25","2","264","0.5","1","264","0.5","2","264","0","0","264","0.5","1","264","0.5","2","264","0.5","2","264","0","0","264","0.5","3","264","0.25","2","264","0.3333333333333333","3","264","0","0","264","0.25","2","264","0","1","264","0","0"
,"265","0.375","4","265","0.5","1","265","0.25","4","265","0.3333333333333333","3","265","0.25","2","265","0.5","5","265","0.5","5","265","0.5","1","265","0","1","265","0.25","2","265","0.75","2","265","0.16666666666666666","3","265","0.7","5","265","0.5","5","265","0.5","1","265","0.5","3","265","0","1","265","0.5","2","265","0.375","4","265","0.75","2","265","0.16666666666666666","3","265","0.5","3","265","0.65","10","265","0","0","265","0.6666666666666666","3","265","0","2","265","0.5","2","265","0.75","2","265","0.3333333333333333","3","265","0.8333333333333334","3","265","0.6666666666666666","3","265","0.5","1","265","0.16666666666666666","3","265","0.5","1","265","0","3","265","0","1","265","0","0","265","0","0","265","0.16666666666666666","3","265","0.16666666666666666","3","265","0.16666666666666666","3","265","0","0","265","0","0","265","0.5","2","265","0","1","265","0.25","2","265","0.5","1","265","0.5","2","265","0","0","265","0.5","1","265","0.5","2","265","0.5","2","265","0","0","265","0.5","3","265","0.25","2","265","0.3333333333333333","3","265","0","0","265","0.25","2","265","0","1","265","0","0"
,"266","0.375","4","266","0.5","1","266","0.16666666666666666","3","266","0.3333333333333333","3","266","0.25","2","266","0.5","5","266","0.375","4","266","0.5","1","266","0","1","266","0.25","2","266","0.75","2","266","0.16666666666666666","3","266","0.7","5","266","0.5","5","266","0.5","1","266","0.5","3","266","0","1","266","0.5","2","266","0.375","4","266","0.75","2","266","0.16666666666666666","3","266","0.5","3","266","0.65","10","266","0","0","266","0.6666666666666666","3","266","0","2","266","0.5","2","266","0.75","2","266","0.3333333333333333","3","266","0.8333333333333334","3","266","0.6666666666666666","3","266","0.5","1","266","0.25","2","266","0.5","1","266","0","3","266","0","1","266","0","0","266","0","0","266","0.16666666666666666","3","266","0","2","266","0.16666666666666666","3","266","0","0","266","0","0","266","0.5","2","266","0","1","266","0.25","2","266","0.5","1","266","0.5","2","266","0","0","266","0.5","1","266","0.5","2","266","0.5","2","266","0","0","266","0.5","3","266","0.25","2","266","0.5","2","266","0","0","266","0.25","2","266","0","1","266","0","0"
,"267","0.375","4","267","0.5","1","267","0.16666666666666666","3","267","0.3333333333333333","3","267","0.25","2","267","0.5","4","267","0.375","4","267","0.5","1","267","0","1","267","0.25","2","267","0.75","2","267","0.16666666666666666","3","267","0.7","5","267","0.5","5","267","0.5","1","267","0.5","3","267","0","1","267","0.5","2","267","0.16666666666666666","3","267","0.75","2","267","0.16666666666666666","3","267","0.5","3","267","0.65","10","267","0","0","267","0.6666666666666666","3","267","0","2","267","0.5","2","267","0.75","2","267","0.3333333333333333","3","267","0.75","2","267","0.6666666666666666","3","267","0.5","1","267","0.25","2","267","0.5","1","267","0","3","267","0","1","267","0","0","267","0","0","267","0.16666666666666666","3","267","0","2","267","0.16666666666666666","3","267","0","0","267","0","0","267","0.5","1","267","0","1","267","0.25","2","267","0.5","1","267","0.5","2","267","0","0","267","0.5","1","267","0.5","2","267","0.5","2","267","0","0","267","0.5","3","267","0.25","2","267","0.5","2","267","0","0","267","0.25","2","267","0","1","267","0","0"
,"268","0.375","4","268","0.5","1","268","0.16666666666666666","3","268","0.3333333333333333","3","268","0.25","2","268","0.5","3","268","0.375","4","268","0.5","1","268","0","1","268","0.25","2","268","0.75","2","268","0.16666666666666666","3","268","0.7","5","268","0.5","5","268","0.5","1","268","0.5","3","268","0","1","268","0.5","2","268","0.16666666666666666","3","268","0.75","2","268","0.16666666666666666","3","268","0.5","3","268","0.6111111111111112","9","268","0","0","268","0.6666666666666666","3","268","0","2","268","0.5","2","268","0.75","2","268","0.3333333333333333","3","268","0.75","2","268","0.6666666666666666","3","268","0.5","1","268","0.25","2","268","0.5","1","268","0","3","268","0","1","268","0","0","268","0","0","268","0.16666666666666666","3","268","0","2","268","0.16666666666666666","3","268","0","0","268","0","0","268","0.5","1","268","0","1","268","0.25","2","268","0.5","1","268","0.5","2","268","0","0","268","0.5","1","268","0.5","2","268","0.5","2","268","0","0","268","0.5","3","268","0.25","2","268","0.5","2","268","0","0","268","0.25","2","268","0","1","268","0","0"
,"269","0.375","4","269","0.5","1","269","0.16666666666666666","3","269","0.3333333333333333","3","269","0.25","2","269","0.5","3","269","0.375","4","269","0.5","1","269","0","1","269","0.5","1","269","0.75","2","269","0.16666666666666666","3","269","0.7","5","269","0.5","5","269","0.5","1","269","0.5","3","269","0","1","269","0.5","2","269","0.16666666666666666","3","269","0.75","2","269","0.16666666666666666","3","269","0.5","3","269","0.6111111111111112","9","269","0","0","269","0.6666666666666666","3","269","0","2","269","0.5","2","269","0.75","2","269","0.3333333333333333","3","269","0.75","2","269","0.6666666666666666","3","269","0.5","1","269","0.25","2","269","0.5","1","269","0","3","269","0","1","269","0","0","269","0","0","269","0.16666666666666666","3","269","0","2","269","0.25","2","269","0","0","269","0","0","269","0.5","1","269","0","1","269","0.25","2","269","0.5","1","269","0.5","2","269","0","0","269","0.5","1","269","0.5","2","269","0.5","2","269","0","0","269","0.5","3","269","0.25","2","269","0.5","2","269","0","0","269","0.25","2","269","0","1","269","0","0"
,"270","0.375","4","270","0.5","1","270","0.16666666666666666","3","270","0.5","2","270","0.25","2","270","0.5","3","270","0.375","4","270","0.5","1","270","0","1","270","0.5","1","270","0.75","2","270","0.16666666666666666","3","270","0.7","5","270","0.5","5","270","0.5","1","270","0.5","3","270","0","1","270","0.5","2","270","0.16666666666666666","3","270","0.75","2","270","0.16666666666666666","3","270","0.5","3","270","0.6111111111111112","9","270","0","0","270","0.6666666666666666","3","270","0","2","270","0.5","2","270","0.5","1","270","0.3333333333333333","3","270","0.75","2","270","0.6666666666666666","3","270","0.5","1","270","0.25","2","270","0.5","1","270","0","3","270","0","1","270","0","0","270","0","0","270","0.16666666666666666","3","270","0","2","270","0.25","2","270","0","0","270","0","0","270","0.5","1","270","0","1","270","0.25","2","270","0.5","1","270","0.5","2","270","0","0","270","0.5","1","270","0.5","2","270","0.5","2","270","0","0","270","0.5","3","270","0.25","2","270","0.5","1","270","0","0","270","0.25","2","270","0","1","270","0","0"
,"271","0.375","4","271","0.5","1","271","0.16666666666666666","3","271","0.5","2","271","0.25","2","271","0.5","3","271","0.375","4","271","0.5","1","271","0","1","271","0.5","1","271","0.75","2","271","0.16666666666666666","3","271","0.7","5","271","0.5","5","271","0.5","1","271","0.5","3","271","0","1","271","0.5","2","271","0.16666666666666666","3","271","0.75","2","271","0.16666666666666666","3","271","0.5","3","271","0.6111111111111112","9","271","0","0","271","0.6666666666666666","3","271","0","2","271","0.5","2","271","0","0","271","0.3333333333333333","3","271","0.75","2","271","0.6666666666666666","3","271","0","0","271","0.25","2","271","0.5","1","271","0","3","271","0","1","271","0","0","271","0","0","271","0.16666666666666666","3","271","0","2","271","0.25","2","271","0","0","271","0","0","271","0","0","271","0","1","271","0","1","271","0.5","1","271","0.5","1","271","0","0","271","0.5","1","271","0.5","2","271","0.5","2","271","0","0","271","0.5","3","271","0.25","2","271","0.5","1","271","0","0","271","0.25","2","271","0","1","271","0","0"
,"272","0.375","4","272","0.5","1","272","0.16666666666666666","3","272","0.5","2","272","0.25","2","272","0.5","3","272","0.375","4","272","0.5","1","272","0","1","272","0.5","1","272","0.75","2","272","0.16666666666666666","3","272","0.7","5","272","0.5","4","272","0.5","1","272","0.5","3","272","0","1","272","0.5","2","272","0.16666666666666666","3","272","0.75","2","272","0.16666666666666666","3","272","0.5","3","272","0.6111111111111112","9","272","0","0","272","0.6666666666666666","3","272","0","2","272","0.5","2","272","0","0","272","0.3333333333333333","3","272","0.75","2","272","0.6666666666666666","3","272","0","0","272","0","1","272","0.5","1","272","0","3","272","0","1","272","0","0","272","0","0","272","0.16666666666666666","3","272","0","1","272","0.25","2","272","0","0","272","0","0","272","0","0","272","0","1","272","0","1","272","0.5","1","272","0.5","1","272","0","0","272","0.5","1","272","0.5","2","272","0.5","2","272","0","0","272","0.5","3","272","0.25","2","272","0.5","1","272","0","0","272","0.25","2","272","0","1","272","0","0"
,"273","0.375","4","273","0.5","1","273","0.16666666666666666","3","273","0.5","2","273","0.25","2","273","0.5","3","273","0.5","3","273","0.5","1","273","0","1","273","0.5","1","273","0.75","2","273","0.16666666666666666","3","273","0.7","5","273","0.5","4","273","0.5","1","273","0.5","3","273","0","1","273","0.5","2","273","0.16666666666666666","3","273","0.75","2","273","0.16666666666666666","3","273","0.5","3","273","0.6111111111111112","9","273","0","0","273","0.6666666666666666","3","273","0","2","273","0.5","2","273","0","0","273","0.3333333333333333","3","273","0.75","2","273","0.6666666666666666","3","273","0","0","273","0","1","273","0.5","1","273","0","3","273","0","1","273","0","0","273","0","0","273","0.16666666666666666","3","273","0","1","273","0.25","2","273","0","0","273","0","0","273","0","0","273","0","1","273","0","1","273","0.5","1","273","0.5","1","273","0","0","273","0.5","1","273","0.5","2","273","0.5","2","273","0","0","273","0.5","3","273","0.25","2","273","0","0","273","0","0","273","0.25","2","273","0","1","273","0","0"
,"274","0.375","4","274","0.5","1","274","0.16666666666666666","3","274","0.5","2","274","0.25","2","274","0.5","3","274","0.5","3","274","0.5","1","274","0","1","274","0.5","1","274","0.75","2","274","0.16666666666666666","3","274","0.7","5","274","0.5","4","274","0.5","1","274","0.5","3","274","0","1","274","0.5","2","274","0.16666666666666666","3","274","0.75","2","274","0.16666666666666666","3","274","0.5","3","274","0.6111111111111112","9","274","0","0","274","0.6666666666666666","3","274","0","2","274","0.5","2","274","0","0","274","0.3333333333333333","3","274","0.75","2","274","0.6666666666666666","3","274","0","0","274","0","1","274","0.5","1","274","0","3","274","0","1","274","0","0","274","0","0","274","0.16666666666666666","3","274","0","1","274","0.25","2","274","0","0","274","0","0","274","0","0","274","0","1","274","0","1","274","0.5","1","274","0.5","1","274","0","0","274","0.5","1","274","0.5","2","274","0.5","2","274","0","0","274","0.5","3","274","0.25","2","274","0","0","274","0","0","274","0.25","2","274","0","1","274","0","0"
,"275","0.375","4","275","0.5","1","275","0.16666666666666666","3","275","0.5","2","275","0.25","2","275","0.5","3","275","0.5","3","275","0.5","1","275","0","1","275","0.5","1","275","0.75","2","275","0.16666666666666666","3","275","0.7","5","275","0.5","4","275","0.5","1","275","0.5","3","275","0","1","275","0.5","2","275","0.16666666666666666","3","275","0.75","2","275","0.16666666666666666","3","275","0.5","3","275","0.625","8","275","0","0","275","0.6666666666666666","3","275","0","2","275","0.5","2","275","0","0","275","0.3333333333333333","3","275","0.75","2","275","0.6666666666666666","3","275","0","0","275","0","1","275","0.5","1","275","0","2","275","0","1","275","0","0","275","0","0","275","0.16666666666666666","3","275","0","0","275","0.25","2","275","0","0","275","0","0","275","0","0","275","0","1","275","0","1","275","0.5","1","275","0.5","1","275","0","0","275","0.5","1","275","0.5","2","275","0.5","2","275","0","0","275","0.5","3","275","0.25","2","275","0","0","275","0","0","275","0.25","2","275","0","1","275","0","0"
,"276","0.375","4","276","0.5","1","276","0.16666666666666666","3","276","0.5","2","276","0.25","2","276","0.5","3","276","0.5","3","276","0.5","1","276","0","1","276","0.5","1","276","0.75","2","276","0.16666666666666666","3","276","0.7","5","276","0.5","4","276","0.5","1","276","0.5","3","276","0","1","276","0.5","2","276","0.16666666666666666","3","276","0.75","2","276","0.16666666666666666","3","276","0.5","3","276","0.625","8","276","0","0","276","0.6666666666666666","3","276","0","2","276","0.5","2","276","0","0","276","0.3333333333333333","3","276","0.75","2","276","0.6666666666666666","3","276","0","0","276","0","1","276","0.5","1","276","0","2","276","0","1","276","0","0","276","0","0","276","0.25","2","276","0","0","276","0.25","2","276","0","0","276","0","0","276","0","0","276","0","1","276","0","1","276","0.5","1","276","0.5","1","276","0","0","276","0.5","1","276","0.5","2","276","0.5","2","276","0","0","276","0.5","3","276","0.25","2","276","0","0","276","0","0","276","0.25","2","276","0","1","276","0","0"
,"277","0.375","4","277","0.5","1","277","0.16666666666666666","3","277","0.5","2","277","0.25","2","277","0.5","3","277","0.5","3","277","0.5","1","277","0","1","277","0.5","1","277","0.75","2","277","0.16666666666666666","3","277","0.7","5","277","0.5","3","277","0.5","1","277","0.5","3","277","0","1","277","0.5","2","277","0.16666666666666666","3","277","0.75","2","277","0.16666666666666666","3","277","0.5","3","277","0.625","8","277","0","0","277","0.6666666666666666","3","277","0","2","277","0.5","2","277","0","0","277","0.3333333333333333","3","277","0.75","2","277","0.6666666666666666","3","277","0","0","277","0","1","277","0.5","1","277","0","2","277","0","1","277","0","0","277","0","0","277","0.25","2","277","0","0","277","0.25","2","277","0","0","277","0","0","277","0","0","277","0","1","277","0","1","277","0.5","1","277","0.5","1","277","0","0","277","0.5","1","277","0.5","2","277","0.5","2","277","0","0","277","0.25","2","277","0.25","2","277","0","0","277","0","0","277","0.25","2","277","0","1","277","0","0"
,"278","0.375","4","278","0.5","1","278","0.16666666666666666","3","278","0.5","2","278","0.25","2","278","0.5","3","278","0.5","3","278","0.5","1","278","0","1","278","0.5","1","278","0.75","2","278","0.16666666666666666","3","278","0.7","5","278","0.5","3","278","0.5","1","278","0.5","3","278","0","1","278","0.5","2","278","0.16666666666666666","3","278","1","1","278","0.16666666666666666","3","278","0.5","3","278","0.625","8","278","0","0","278","0.6666666666666666","3","278","0","2","278","0.5","2","278","0","0","278","0.3333333333333333","3","278","0.75","2","278","0.6666666666666666","3","278","0","0","278","0","1","278","0.5","1","278","0","2","278","0","1","278","0","0","278","0","0","278","0.25","2","278","0","0","278","0.25","2","278","0","0","278","0","0","278","0","0","278","0","1","278","0","0","278","0.5","1","278","0.5","1","278","0","0","278","0.5","1","278","0.5","2","278","0.5","2","278","0","0","278","0.25","2","278","0.25","2","278","0","0","278","0","0","278","0.25","2","278","0","1","278","0","0"
,"279","0.5","3","279","0.5","1","279","0","2","279","0.5","2","279","0.25","2","279","0.5","3","279","0.5","3","279","0.5","1","279","0","1","279","0.5","1","279","0.75","2","279","0.16666666666666666","3","279","0.7","5","279","0.5","3","279","0.5","1","279","0.5","3","279","0","1","279","0.5","2","279","0.25","2","279","1","1","279","0.16666666666666666","3","279","0.5","3","279","0.7142857142857143","7","279","0","0","279","0.6666666666666666","3","279","0","2","279","0.5","2","279","0","0","279","0.5","2","279","0.75","2","279","0.6666666666666666","3","279","0","0","279","0","1","279","0.5","1","279","0","2","279","0","1","279","0","0","279","0","0","279","0.5","1","279","0","0","279","0.25","2","279","0","0","279","0","0","279","0","0","279","0","1","279","0","0","279","0.5","1","279","0.5","1","279","0","0","279","0.5","1","279","0.5","2","279","0.5","2","279","0","0","279","0.25","2","279","0.25","2","279","0","0","279","0","0","279","0.25","2","279","0","1","279","0","0"
,"280","0.5","3","280","0.5","1","280","0","2","280","0.5","2","280","0.25","2","280","0.5","3","280","0.5","3","280","0.5","1","280","0","1","280","0.5","1","280","0.75","2","280","0.16666666666666666","3","280","0.7","5","280","0.5","3","280","0.5","1","280","0.5","3","280","0","1","280","0.5","2","280","0.25","2","280","1","1","280","0.16666666666666666","3","280","0.5","3","280","0.7142857142857143","7","280","0","0","280","0.6666666666666666","3","280","0","2","280","0.5","2","280","0","0","280","0.5","2","280","0.75","2","280","0.6666666666666666","3","280","0","0","280","0","1","280","0.5","1","280","0","2","280","0","1","280","0","0","280","0","0","280","0.5","1","280","0","0","280","0.25","2","280","0","0","280","0","0","280","0","0","280","0","1","280","0","0","280","0.5","1","280","0.5","1","280","0","0","280","0.5","1","280","0.5","2","280","0.5","2","280","0","0","280","0.25","2","280","0.25","2","280","0","0","280","0","0","280","0.25","2","280","0","1","280","0","0"
,"281","0.25","2","281","0.5","1","281","0","2","281","0.5","2","281","0.25","2","281","0.5","3","281","0.5","3","281","0.5","1","281","0","1","281","0.5","1","281","0.75","2","281","0.16666666666666666","3","281","0.7","5","281","0.5","3","281","0.5","1","281","0.5","3","281","0","1","281","0.5","2","281","0.25","2","281","1","1","281","0.16666666666666666","3","281","0.5","3","281","0.7142857142857143","7","281","0","0","281","0.6666666666666666","3","281","0","2","281","0.5","2","281","0","0","281","0.5","2","281","0.75","2","281","0.6666666666666666","3","281","0","0","281","0","1","281","0.5","1","281","0","2","281","0","1","281","0","0","281","0","0","281","0.5","1","281","0","0","281","0.25","2","281","0","0","281","0","0","281","0","0","281","0","1","281","0","0","281","0.5","1","281","0.5","1","281","0","0","281","0.5","1","281","0.5","2","281","0.5","2","281","0","0","281","0.25","2","281","0.25","2","281","0","0","281","0","0","281","0.25","2","281","0","1","281","0","0"
,"282","0.25","2","282","0.5","1","282","0","2","282","0.5","2","282","0.25","2","282","0.5","3","282","0.5","3","282","0.5","1","282","0","1","282","0.5","1","282","0.75","2","282","0.16666666666666666","3","282","0.7","5","282","0.5","3","282","0.5","1","282","0.5","3","282","0","1","282","0.5","2","282","0.25","2","282","1","1","282","0.16666666666666666","3","282","0.5","3","282","0.7142857142857143","7","282","0","0","282","0.6666666666666666","3","282","0","2","282","0.5","2","282","0","0","282","0.5","2","282","0.75","2","282","1","2","282","0","0","282","0","1","282","0.5","1","282","0","2","282","0","1","282","0","0","282","0","0","282","0.5","1","282","0","0","282","0.25","2","282","0","0","282","0","0","282","0","0","282","0","1","282","0","0","282","0.5","1","282","0.5","1","282","0","0","282","0.5","1","282","0.5","2","282","0.5","2","282","0","0","282","0.25","2","282","0.25","2","282","0","0","282","0","0","282","0.25","2","282","0","1","282","0","0"
,"283","0.25","2","283","0.5","1","283","0","2","283","0.5","2","283","0.5","1","283","0.5","3","283","0.5","3","283","0.5","1","283","0","1","283","0","0","283","0.75","2","283","0.16666666666666666","3","283","0.625","4","283","0.5","3","283","0.5","1","283","0.5","3","283","0","1","283","0.5","2","283","0.5","1","283","1","1","283","0.16666666666666666","3","283","0.5","3","283","0.75","6","283","0","0","283","0.6666666666666666","3","283","0","2","283","0.5","2","283","0","0","283","0.5","2","283","0.75","2","283","1","2","283","0","0","283","0","1","283","0.5","1","283","0","2","283","0","1","283","0","0","283","0","0","283","0.5","1","283","0","0","283","0.25","2","283","0","0","283","0","0","283","0","0","283","0","1","283","0","0","283","0.5","1","283","0.5","1","283","0","0","283","0.5","1","283","0.5","2","283","0.5","2","283","0","0","283","0.25","2","283","0.25","2","283","0","0","283","0","0","283","0.5","1","283","0","1","283","0","0"
,"284","0.25","2","284","0.5","1","284","0","2","284","0.5","2","284","0.5","1","284","0.5","3","284","0.5","3","284","0.5","1","284","0","1","284","0","0","284","0.75","2","284","0","2","284","0.625","4","284","0.5","3","284","0","0","284","0.5","3","284","0","0","284","0.5","2","284","0.5","1","284","1","1","284","0.16666666666666666","3","284","0.5","3","284","0.75","6","284","0","0","284","0.6666666666666666","3","284","0","2","284","0.5","2","284","0","0","284","0.5","2","284","0.5","1","284","1","2","284","0","0","284","0","1","284","0.5","1","284","0","2","284","0","1","284","0","0","284","0","0","284","0.5","1","284","0","0","284","0.25","2","284","0","0","284","0","0","284","0","0","284","0","1","284","0","0","284","0.5","1","284","0.5","1","284","0","0","284","0.5","1","284","0.5","2","284","0.5","2","284","0","0","284","0.25","2","284","0.25","2","284","0","0","284","0","0","284","0.5","1","284","0","1","284","0","0"
,"285","0.25","2","285","0.5","1","285","0","2","285","1","1","285","0.5","1","285","0.5","2","285","0.5","3","285","0","0","285","0","1","285","0","0","285","0.75","2","285","0","2","285","0.625","4","285","0.5","3","285","0","0","285","0.5","3","285","0","0","285","0.5","2","285","0.5","1","285","1","1","285","0.16666666666666666","3","285","0.5","3","285","0.75","6","285","0","0","285","0.6666666666666666","3","285","0","2","285","0.5","2","285","0","0","285","0.5","2","285","0.5","1","285","1","2","285","0","0","285","0","1","285","0.5","1","285","0","2","285","0","1","285","0","0","285","0","0","285","0.5","1","285","0","0","285","0.25","2","285","0","0","285","0","0","285","0","0","285","0","1","285","0","0","285","0.5","1","285","0.5","1","285","0","0","285","0.5","1","285","0.5","2","285","0.5","2","285","0","0","285","0.25","2","285","0.25","2","285","0","0","285","0","0","285","0.5","1","285","0","1","285","0","0"
,"286","0.25","2","286","0.5","1","286","0","1","286","1","1","286","0.5","1","286","0.5","2","286","0.5","3","286","0","0","286","0","1","286","0","0","286","0.75","2","286","0","2","286","0.625","4","286","0.5","3","286","0","0","286","0.5","3","286","0","0","286","0.5","2","286","0.5","1","286","1","1","286","0.16666666666666666","3","286","0.5","3","286","0.75","6","286","0","0","286","0.6666666666666666","3","286","0","2","286","0.5","2","286","0","0","286","0.5","2","286","0.5","1","286","1","2","286","0","0","286","0","1","286","0.5","1","286","0","2","286","0","1","286","0","0","286","0","0","286","0.5","1","286","0","0","286","0.25","2","286","0","0","286","0","0","286","0","0","286","0","1","286","0","0","286","0.5","1","286","0.5","1","286","0","0","286","0.5","1","286","0.5","2","286","0.5","2","286","0","0","286","0.25","2","286","0.25","2","286","0","0","286","0","0","286","0.5","1","286","0","1","286","0","0"
,"287","0.25","2","287","0.5","1","287","0","1","287","1","1","287","0.5","1","287","0.5","2","287","0.5","3","287","0","0","287","0","1","287","0","0","287","0.75","2","287","0","1","287","0.625","4","287","0.5","3","287","0","0","287","0.5","2","287","0","0","287","0.5","2","287","0.5","1","287","1","1","287","0.16666666666666666","3","287","0.5","3","287","0.75","6","287","0","0","287","0.6666666666666666","3","287","0","2","287","0.5","2","287","0","0","287","0.5","2","287","0.5","1","287","1","2","287","0","0","287","0","1","287","0.5","1","287","0","2","287","0","1","287","0","0","287","0","0","287","0.5","1","287","0","0","287","0.25","2","287","0","0","287","0","0","287","0","0","287","0","0","287","0","0","287","0.5","1","287","0.5","1","287","0","0","287","0.5","1","287","0.5","2","287","0.5","2","287","0","0","287","0.25","2","287","0","1","287","0","0","287","0","0","287","0.5","1","287","0","1","287","0","0"
,"288","0.25","2","288","0.5","1","288","0","1","288","1","1","288","0.5","1","288","0.5","2","288","0.5","2","288","0","0","288","0","1","288","0","0","288","0.5","1","288","0","1","288","0.625","4","288","0.5","2","288","0","0","288","0.5","1","288","0","0","288","0.5","2","288","0.5","1","288","1","1","288","0.16666666666666666","3","288","0.5","3","288","0.75","6","288","0","0","288","0.6666666666666666","3","288","0","2","288","0.5","2","288","0","0","288","0.5","2","288","0.5","1","288","1","2","288","0","0","288","0","1","288","0","0","288","0","2","288","0","1","288","0","0","288","0","0","288","0.5","1","288","0","0","288","0.25","2","288","0","0","288","0","0","288","0","0","288","0","0","288","0","0","288","0.5","1","288","0.5","1","288","0","0","288","0.5","1","288","0.5","2","288","0.5","2","288","0","0","288","0.25","2","288","0","1","288","0","0","288","0","0","288","0.5","1","288","0","1","288","0","0"
,"289","0.25","2","289","0.5","1","289","0","1","289","1","1","289","0.5","1","289","0.5","2","289","0.5","2","289","0","0","289","0","1","289","0","0","289","0.5","1","289","0","1","289","0.8333333333333334","3","289","0.5","2","289","0","0","289","0.5","1","289","0","0","289","0.5","2","289","0.5","1","289","1","1","289","0.16666666666666666","3","289","0.5","3","289","0.7","5","289","0","0","289","0.6666666666666666","3","289","0","2","289","0.5","2","289","0","0","289","0.5","2","289","0.5","1","289","1","2","289","0","0","289","0","1","289","0","0","289","0","1","289","0","1","289","0","0","289","0","0","289","0.5","1","289","0","0","289","0.25","2","289","0","0","289","0","0","289","0","0","289","0","0","289","0","0","289","0.5","1","289","0.5","1","289","0","0","289","0.5","1","289","0.5","2","289","0.5","2","289","0","0","289","0.25","2","289","0","1","289","0","0","289","0","0","289","0.5","1","289","0","1","289","0","0"
,"290","0.25","2","290","0.5","1","290","0","1","290","1","1","290","0.5","1","290","0.5","2","290","0.5","2","290","0","0","290","0","1","290","0","0","290","0.5","1","290","0","1","290","0.8333333333333334","3","290","0.5","2","290","0","0","290","0.5","1","290","0","0","290","0.5","2","290","0.5","1","290","1","1","290","0.16666666666666666","3","290","0.5","3","290","0.7","5","290","0","0","290","0.6666666666666666","3","290","0","2","290","0.5","2","290","0","0","290","0.5","2","290","0.5","1","290","1","2","290","0","0","290","0","1","290","0","0","290","0","1","290","0","1","290","0","0","290","0","0","290","0.5","1","290","0","0","290","0.25","2","290","0","0","290","0","0","290","0","0","290","0","0","290","0","0","290","0.5","1","290","0.5","1","290","0","0","290","0.5","1","290","0.5","1","290","0.5","2","290","0","0","290","0.25","2","290","0","1","290","0","0","290","0","0","290","0.5","1","290","0","1","290","0","0"
,"291","0.25","2","291","0.5","1","291","0","1","291","1","1","291","0.5","1","291","0.5","2","291","0.5","2","291","0","0","291","0","1","291","0","0","291","0.5","1","291","0","1","291","0.8333333333333334","3","291","0.5","1","291","0","0","291","0.5","1","291","0","0","291","0.5","2","291","0.5","1","291","1","1","291","0.16666666666666666","3","291","0.5","2","291","0.7","5","291","0","0","291","0.6666666666666666","3","291","0","2","291","0.5","2","291","0","0","291","0.5","2","291","0.5","1","291","1","2","291","0","0","291","0","1","291","0","0","291","0","1","291","0","1","291","0","0","291","0","0","291","0.5","1","291","0","0","291","0.25","2","291","0","0","291","0","0","291","0","0","291","0","0","291","0","0","291","0.5","1","291","0.5","1","291","0","0","291","0.5","1","291","0.5","1","291","0.5","2","291","0","0","291","0.25","2","291","0","1","291","0","0","291","0","0","291","0.5","1","291","0","1","291","0","0"
,"292","0","1","292","0.5","1","292","0","1","292","1","1","292","0.5","1","292","0.5","1","292","0.5","2","292","0","0","292","0","1","292","0","0","292","0.5","1","292","0","1","292","0.8333333333333334","3","292","0.5","1","292","0","0","292","0.5","1","292","0","0","292","0","1","292","0.5","1","292","1","1","292","0.16666666666666666","3","292","0.5","2","292","0.7","5","292","0","0","292","0.6666666666666666","3","292","0","2","292","0.5","2","292","0","0","292","0.5","2","292","0.5","1","292","1","2","292","0","0","292","0","1","292","0","0","292","0","1","292","0","1","292","0","0","292","0","0","292","0.5","1","292","0","0","292","0.25","2","292","0","0","292","0","0","292","0","0","292","0","0","292","0","0","292","0.5","1","292","0.5","1","292","0","0","292","0.5","1","292","0.5","1","292","0.5","2","292","0","0","292","0.25","2","292","0","1","292","0","0","292","0","0","292","0.5","1","292","0","1","292","0","0"
,"293","0","1","293","0.5","1","293","0","1","293","1","1","293","0.5","1","293","0.5","1","293","0.5","2","293","0","0","293","0","1","293","0","0","293","0.5","1","293","0","1","293","0.8333333333333334","3","293","0.5","1","293","0","0","293","0.5","1","293","0","0","293","0","1","293","0.5","1","293","1","1","293","0.16666666666666666","3","293","0.5","2","293","0.7","5","293","0","0","293","0.6666666666666666","3","293","0","2","293","0.5","2","293","0","0","293","0.5","2","293","0.5","1","293","1","2","293","0","0","293","0","1","293","0","0","293","0","1","293","0","1","293","0","0","293","0","0","293","0","0","293","0","0","293","0.25","2","293","0","0","293","0","0","293","0","0","293","0","0","293","0","0","293","0.5","1","293","0.5","1","293","0","0","293","0.5","1","293","0.5","1","293","0.5","2","293","0","0","293","0.25","2","293","0","1","293","0","0","293","0","0","293","0.5","1","293","0","1","293","0","0"
,"294","0","1","294","0.5","1","294","0","1","294","1","1","294","0.5","1","294","0.5","1","294","0.5","2","294","0","0","294","0","1","294","0","0","294","0.5","1","294","0","1","294","0.8333333333333334","3","294","0.5","1","294","0","0","294","0.5","1","294","0","0","294","0","1","294","0.5","1","294","1","1","294","0.16666666666666666","3","294","0.5","2","294","0.7","5","294","0","0","294","0.6666666666666666","3","294","0","2","294","0.5","2","294","0","0","294","0.5","2","294","0.5","1","294","1","2","294","0","0","294","0","1","294","0","0","294","0","1","294","0","1","294","0","0","294","0","0","294","0","0","294","0","0","294","0.25","2","294","0","0","294","0","0","294","0","0","294","0","0","294","0","0","294","0.5","1","294","0.5","1","294","0","0","294","0.5","1","294","0.5","1","294","0.5","2","294","0","0","294","0.25","2","294","0","1","294","0","0","294","0","0","294","0.5","1","294","0","1","294","0","0"
,"295","0","1","295","0.5","1","295","0","1","295","1","1","295","0.5","1","295","0.5","1","295","0.5","2","295","0","0","295","0","1","295","0","0","295","0.5","1","295","0","1","295","0.8333333333333334","3","295","0.5","1","295","0","0","295","0.5","1","295","0","0","295","0","1","295","0.5","1","295","1","1","295","0.16666666666666666","3","295","0.5","2","295","0.7","5","295","0","0","295","0.6666666666666666","3","295","0","2","295","0.5","1","295","0","0","295","0.5","2","295","0.5","1","295","1","1","295","0","0","295","0","0","295","0","0","295","0","1","295","0","1","295","0","0","295","0","0","295","0","0","295","0","0","295","0.25","2","295","0","0","295","0","0","295","0","0","295","0","0","295","0","0","295","0.5","1","295","0.5","1","295","0","0","295","0.5","1","295","0.5","1","295","0.5","2","295","0","0","295","0.25","2","295","0","1","295","0","0","295","0","0","295","0.5","1","295","0","1","295","0","0"
,"296","0","1","296","0.5","1","296","0","1","296","1","1","296","0","0","296","0.5","1","296","0.5","2","296","0","0","296","0","0","296","0","0","296","0.5","1","296","0","1","296","0.75","2","296","0.5","1","296","0","0","296","0.5","1","296","0","0","296","0","1","296","0.5","1","296","1","1","296","0.16666666666666666","3","296","0.5","2","296","0.7","5","296","0","0","296","0.6666666666666666","3","296","0","2","296","0.5","1","296","0","0","296","0.5","2","296","0.5","1","296","1","1","296","0","0","296","0","0","296","0","0","296","0","1","296","0","1","296","0","0","296","0","0","296","0","0","296","0","0","296","0.25","2","296","0","0","296","0","0","296","0","0","296","0","0","296","0","0","296","0.5","1","296","0.5","1","296","0","0","296","0.5","1","296","0.5","1","296","0.5","2","296","0","0","296","0.25","2","296","0","1","296","0","0","296","0","0","296","0.5","1","296","0","1","296","0","0"
,"297","0","1","297","0.5","1","297","0","1","297","1","1","297","0","0","297","0.5","1","297","0.5","2","297","0","0","297","0","0","297","0","0","297","0","0","297","0","1","297","0.75","2","297","0.5","1","297","0","0","297","0.5","1","297","0","0","297","0","1","297","0.5","1","297","1","1","297","0.16666666666666666","3","297","0.5","2","297","0.7","5","297","0","0","297","0.6666666666666666","3","297","0","2","297","0.5","1","297","0","0","297","0.5","2","297","0","0","297","1","1","297","0","0","297","0","0","297","0","0","297","0","1","297","0","1","297","0","0","297","0","0","297","0","0","297","0","0","297","0.25","2","297","0","0","297","0","0","297","0","0","297","0","0","297","0","0","297","0.5","1","297","0.5","1","297","0","0","297","0.5","1","297","0.5","1","297","0.5","2","297","0","0","297","0.5","1","297","0","1","297","0","0","297","0","0","297","0.5","1","297","0","1","297","0","0"
,"298","0","1","298","0.5","1","298","0","1","298","1","1","298","0","0","298","0.5","1","298","0.5","2","298","0","0","298","0","0","298","0","0","298","0","0","298","0","1","298","0.75","2","298","0.5","1","298","0","0","298","0.5","1","298","0","0","298","0","1","298","0.5","1","298","1","1","298","0.25","2","298","0.5","2","298","0.7","5","298","0","0","298","0.6666666666666666","3","298","0","2","298","0.5","1","298","0","0","298","0.5","2","298","0","0","298","1","1","298","0","0","298","0","0","298","0","0","298","0","1","298","0","1","298","0","0","298","0","0","298","0","0","298","0","0","298","0.25","2","298","0","0","298","0","0","298","0","0","298","0","0","298","0","0","298","0.5","1","298","0.5","1","298","0","0","298","0.5","1","298","0.5","1","298","0.5","2","298","0","0","298","0.5","1","298","0","1","298","0","0","298","0","0","298","0.5","1","298","0","1","298","0","0"
,"299","0","1","299","0.5","1","299","0","1","299","1","1","299","0","0","299","0.5","1","299","0.5","2","299","0","0","299","0","0","299","0","0","299","0","0","299","0","1","299","0.75","2","299","0.5","1","299","0","0","299","0.5","1","299","0","0","299","0","0","299","0.5","1","299","1","1","299","0.25","2","299","0.5","2","299","0.625","4","299","0","0","299","0.6666666666666666","3","299","0","2","299","0.5","1","299","0","0","299","0.5","2","299","0","0","299","1","1","299","0","0","299","0","0","299","0","0","299","0","1","299","0","1","299","0","0","299","0","0","299","0","0","299","0","0","299","0.25","2","299","0","0","299","0","0","299","0","0","299","0","0","299","0","0","299","0.5","1","299","0.5","1","299","0","0","299","0.5","1","299","0.5","1","299","0.5","2","299","0","0","299","0.5","1","299","0","1","299","0","0","299","0","0","299","0.5","1","299","0","0","299","0","0"
,"300","0","1","300","0.5","1","300","0","1","300","1","1","300","0","0","300","0.5","1","300","0.5","1","300","0","0","300","0","0","300","0","0","300","0","0","300","0","1","300","0.75","2","300","0.5","1","300","0","0","300","0.5","1","300","0","0","300","0","0","300","0.5","1","300","1","1","300","0.25","2","300","0.5","2","300","0.625","4","300","0","0","300","0.6666666666666666","3","300","0","2","300","0.5","1","300","0","0","300","0.5","2","300","0","0","300","1","1","300","0","0","300","0","0","300","0","0","300","0","1","300","0","1","300","0","0","300","0","0","300","0","0","300","0","0","300","0.5","1","300","0","0","300","0","0","300","0","0","300","0","0","300","0","0","300","0.5","1","300","0.5","1","300","0","0","300","0.5","1","300","0","0","300","0.5","2","300","0","0","300","0.5","1","300","0","1","300","0","0","300","0","0","300","0.5","1","300","0","0","300","0","0"
,"301","0","1","301","0.5","1","301","0","1","301","0","0","301","0","0","301","0.5","1","301","0.5","1","301","0","0","301","0","0","301","0","0","301","0","0","301","0","1","301","0.75","2","301","0.5","1","301","0","0","301","0","0","301","0","0","301","0","0","301","0.5","1","301","1","1","301","0.25","2","301","0.5","2","301","0.625","4","301","0","0","301","0.6666666666666666","3","301","0","2","301","0.5","1","301","0","0","301","0.5","1","301","0","0","301","1","1","301","0","0","301","0","0","301","0","0","301","0","1","301","0","1","301","0","0","301","0","0","301","0","0","301","0","0","301","0.5","1","301","0","0","301","0","0","301","0","0","301","0","0","301","0","0","301","0.5","1","301","0.5","1","301","0","0","301","0.5","1","301","0","0","301","0.5","2","301","0","0","301","0.5","1","301","0","1","301","0","0","301","0","0","301","0.5","1","301","0","0","301","0","0"
,"302","0","1","302","0.5","1","302","0","1","302","0","0","302","0","0","302","0.5","1","302","0.5","1","302","0","0","302","0","0","302","0","0","302","0","0","302","0","1","302","1","1","302","0.5","1","302","0","0","302","0","0","302","0","0","302","0","0","302","0.5","1","302","1","1","302","0.25","2","302","0.5","1","302","0.625","4","302","0","0","302","0.6666666666666666","3","302","0","2","302","0.5","1","302","0","0","302","0.5","1","302","0","0","302","1","1","302","0","0","302","0","0","302","0","0","302","0","1","302","0","1","302","0","0","302","0","0","302","0","0","302","0","0","302","0.5","1","302","0","0","302","0","0","302","0","0","302","0","0","302","0","0","302","0.5","1","302","0.5","1","302","0","0","302","0.5","1","302","0","0","302","0.5","2","302","0","0","302","0.5","1","302","0","1","302","0","0","302","0","0","302","0.5","1","302","0","0","302","0","0"
,"303","0","1","303","0.5","1","303","0","1","303","0","0","303","0","0","303","0.5","1","303","0.5","1","303","0","0","303","0","0","303","0","0","303","0","0","303","0","1","303","1","1","303","0.5","1","303","0","0","303","0","0","303","0","0","303","0","0","303","0.5","1","303","1","1","303","0.25","2","303","0.5","1","303","0.625","4","303","0","0","303","0.6666666666666666","3","303","0","2","303","0.5","1","303","0","0","303","0.5","1","303","0","0","303","1","1","303","0","0","303","0","0","303","0","0","303","0","1","303","0","1","303","0","0","303","0","0","303","0","0","303","0","0","303","0.5","1","303","0","0","303","0","0","303","0","0","303","0","0","303","0","0","303","0.5","1","303","0.5","1","303","0","0","303","0.5","1","303","0","0","303","1","1","303","0","0","303","0.5","1","303","0","1","303","0","0","303","0","0","303","0.5","1","303","0","0","303","0","0"
,"304","0","1","304","0.5","1","304","0","1","304","0","0","304","0","0","304","0.5","1","304","0.5","1","304","0","0","304","0","0","304","0","0","304","0","0","304","0","1","304","1","1","304","0.5","1","304","0","0","304","0","0","304","0","0","304","0","0","304","0.5","1","304","1","1","304","0.25","2","304","0.5","1","304","0.5","3","304","0","0","304","0.6666666666666666","3","304","0","2","304","0.5","1","304","0","0","304","0.5","1","304","0","0","304","1","1","304","0","0","304","0","0","304","0","0","304","0","1","304","0","1","304","0","0","304","0","0","304","0","0","304","0","0","304","0.5","1","304","0","0","304","0","0","304","0","0","304","0","0","304","0","0","304","0.5","1","304","0.5","1","304","0","0","304","0.5","1","304","0","0","304","1","1","304","0","0","304","0.5","1","304","0","1","304","0","0","304","0","0","304","0.5","1","304","0","0","304","0","0"
,"305","0","1","305","0","0","305","0","1","305","0","0","305","0","0","305","0.5","1","305","0","0","305","0","0","305","0","0","305","0","0","305","0","0","305","0","1","305","1","1","305","0.5","1","305","0","0","305","0","0","305","0","0","305","0","0","305","0.5","1","305","1","1","305","0.25","2","305","0.5","1","305","0.5","3","305","0","0","305","0.6666666666666666","3","305","0","2","305","0.5","1","305","0","0","305","0.5","1","305","0","0","305","1","1","305","0","0","305","0","0","305","0","0","305","0","1","305","0","1","305","0","0","305","0","0","305","0","0","305","0","0","305","0.5","1","305","0","0","305","0","0","305","0","0","305","0","0","305","0","0","305","0","0","305","0.5","1","305","0","0","305","0.5","1","305","0","0","305","1","1","305","0","0","305","0.5","1","305","0","1","305","0","0","305","0","0","305","0.5","1","305","0","0","305","0","0"
,"306","0","1","306","0","0","306","0","1","306","0","0","306","0","0","306","0.5","1","306","0","0","306","0","0","306","0","0","306","0","0","306","0","0","306","0","1","306","1","1","306","0.5","1","306","0","0","306","0","0","306","0","0","306","0","0","306","0.5","1","306","1","1","306","0.25","2","306","0.5","1","306","0.25","2","306","0","0","306","0.6666666666666666","3","306","0","2","306","0.5","1","306","0","0","306","0.5","1","306","0","0","306","1","1","306","0","0","306","0","0","306","0","0","306","0","1","306","0","1","306","0","0","306","0","0","306","0","0","306","0","0","306","0.5","1","306","0","0","306","0","0","306","0","0","306","0","0","306","0","0","306","0","0","306","0","0","306","0","0","306","0.5","1","306","0","0","306","1","1","306","0","0","306","0.5","1","306","0","1","306","0","0","306","0","0","306","0.5","1","306","0","0","306","0","0"
,"307","0","1","307","0","0","307","0","1","307","0","0","307","0","0","307","0.5","1","307","0","0","307","0","0","307","0","0","307","0","0","307","0","0","307","0","1","307","1","1","307","0.5","1","307","0","0","307","0","0","307","0","0","307","0","0","307","0.5","1","307","1","1","307","0.5","1","307","0","0","307","0.25","2","307","0","0","307","1","2","307","0","1","307","0.5","1","307","0","0","307","0.5","1","307","0","0","307","1","1","307","0","0","307","0","0","307","0","0","307","0","1","307","0","1","307","0","0","307","0","0","307","0","0","307","0","0","307","0.5","1","307","0","0","307","0","0","307","0","0","307","0","0","307","0","0","307","0","0","307","0","0","307","0","0","307","0","0","307","0","0","307","1","1","307","0","0","307","0.5","1","307","0","1","307","0","0","307","0","0","307","0.5","1","307","0","0","307","0","0"
,"308","0","1","308","0","0","308","0","1","308","0","0","308","0","0","308","0.5","1","308","0","0","308","0","0","308","0","0","308","0","0","308","0","0","308","0","1","308","1","1","308","0.5","1","308","0","0","308","0","0","308","0","0","308","0","0","308","0.5","1","308","1","1","308","0.5","1","308","0","0","308","0.25","2","308","0","0","308","1","2","308","0","1","308","0.5","1","308","0","0","308","0.5","1","308","0","0","308","1","1","308","0","0","308","0","0","308","0","0","308","0","1","308","0","1","308","0","0","308","0","0","308","0","0","308","0","0","308","0.5","1","308","0","0","308","0","0","308","0","0","308","0","0","308","0","0","308","0","0","308","0","0","308","0","0","308","0","0","308","0","0","308","0","0","308","0","0","308","0.5","1","308","0","1","308","0","0","308","0","0","308","0.5","1","308","0","0","308","0","0"
,"309","0","1","309","0","0","309","0","1","309","0","0","309","0","0","309","0.5","1","309","0","0","309","0","0","309","0","0","309","0","0","309","0","0","309","0","1","309","1","1","309","0.5","1","309","0","0","309","0","0","309","0","0","309","0","0","309","0.5","1","309","1","1","309","0.5","1","309","0","0","309","0.5","1","309","0","0","309","1","2","309","0","1","309","0.5","1","309","0","0","309","0.5","1","309","0","0","309","1","1","309","0","0","309","0","0","309","0","0","309","0","0","309","0","1","309","0","0","309","0","0","309","0","0","309","0","0","309","0.5","1","309","0","0","309","0","0","309","0","0","309","0","0","309","0","0","309","0","0","309","0","0","309","0","0","309","0","0","309","0","0","309","0","0","309","0","0","309","0.5","1","309","0","1","309","0","0","309","0","0","309","0.5","1","309","0","0","309","0","0"
,"310","0","1","310","0","0","310","0","1","310","0","0","310","0","0","310","0.5","1","310","0","0","310","0","0","310","0","0","310","0","0","310","0","0","310","0","1","310","1","1","310","0.5","1","310","0","0","310","0","0","310","0","0","310","0","0","310","0.5","1","310","1","1","310","0.5","1","310","0","0","310","0.5","1","310","0","0","310","1","2","310","0","1","310","0.5","1","310","0","0","310","0.5","1","310","0","0","310","1","1","310","0","0","310","0","0","310","0","0","310","0","0","310","0","1","310","0","0","310","0","0","310","0","0","310","0","0","310","0.5","1","310","0","0","310","0","0","310","0","0","310","0","0","310","0","0","310","0","0","310","0","0","310","0","0","310","0","0","310","0","0","310","0","0","310","0","0","310","0.5","1","310","0","1","310","0","0","310","0","0","310","0.5","1","310","0","0","310","0","0"
,"311","0","0","311","0","0","311","0","1","311","0","0","311","0","0","311","0.5","1","311","0","0","311","0","0","311","0","0","311","0","0","311","0","0","311","0","1","311","1","1","311","0.5","1","311","0","0","311","0","0","311","0","0","311","0","0","311","0.5","1","311","1","1","311","0.5","1","311","0","0","311","0.5","1","311","0","0","311","1","2","311","0","1","311","0.5","1","311","0","0","311","0.5","1","311","0","0","311","1","1","311","0","0","311","0","0","311","0","0","311","0","0","311","0","1","311","0","0","311","0","0","311","0","0","311","0","0","311","0.5","1","311","0","0","311","0","0","311","0","0","311","0","0","311","0","0","311","0","0","311","0","0","311","0","0","311","0","0","311","0","0","311","0","0","311","0","0","311","0.5","1","311","0","1","311","0","0","311","0","0","311","0","0","311","0","0","311","0","0"
,"312","0","0","312","0","0","312","0","0","312","0","0","312","0","0","312","0.5","1","312","0","0","312","0","0","312","0","0","312","0","0","312","0","0","312","0","1","312","1","1","312","0.5","1","312","0","0","312","0","0","312","0","0","312","0","0","312","0.5","1","312","1","1","312","0.5","1","312","0","0","312","0.5","1","312","0","0","312","1","2","312","0","1","312","0.5","1","312","0","0","312","0.5","1","312","0","0","312","1","1","312","0","0","312","0","0","312","0","0","312","0","0","312","0","1","312","0","0","312","0","0","312","0","0","312","0","0","312","0","0","312","0","0","312","0","0","312","0","0","312","0","0","312","0","0","312","0","0","312","0","0","312","0","0","312","0","0","312","0","0","312","0","0","312","0","0","312","0.5","1","312","0","1","312","0","0","312","0","0","312","0","0","312","0","0","312","0","0"
,"313","0","0","313","0","0","313","0","0","313","0","0","313","0","0","313","0.5","1","313","0","0","313","0","0","313","0","0","313","0","0","313","0","0","313","0","1","313","1","1","313","0.5","1","313","0","0","313","0","0","313","0","0","313","0","0","313","0.5","1","313","1","1","313","0.5","1","313","0","0","313","0.5","1","313","0","0","313","1","2","313","0","1","313","0.5","1","313","0","0","313","0.5","1","313","0","0","313","1","1","313","0","0","313","0","0","313","0","0","313","0","0","313","0","1","313","0","0","313","0","0","313","0","0","313","0","0","313","0","0","313","0","0","313","0","0","313","0","0","313","0","0","313","0","0","313","0","0","313","0","0","313","0","0","313","0","0","313","0","0","313","0","0","313","0","0","313","0.5","1","313","0","1","313","0","0","313","0","0","313","0","0","313","0","0","313","0","0"
,"314","0","0","314","0","0","314","0","0","314","0","0","314","0","0","314","0.5","1","314","0","0","314","0","0","314","0","0","314","0","0","314","0","0","314","0","1","314","1","1","314","0.5","1","314","0","0","314","0","0","314","0","0","314","0","0","314","0.5","1","314","1","1","314","0.5","1","314","0","0","314","0.5","1","314","0","0","314","1","2","314","0","1","314","0.5","1","314","0","0","314","0.5","1","314","0","0","314","1","1","314","0","0","314","0","0","314","0","0","314","0","0","314","0","1","314","0","0","314","0","0","314","0","0","314","0","0","314","0","0","314","0","0","314","0","0","314","0","0","314","0","0","314","0","0","314","0","0","314","0","0","314","0","0","314","0","0","314","0","0","314","0","0","314","0","0","314","0.5","1","314","0","1","314","0","0","314","0","0","314","0","0","314","0","0","314","0","0"
,"315","0","0","315","0","0","315","0","0","315","0","0","315","0","0","315","0.5","1","315","0","0","315","0","0","315","0","0","315","0","0","315","0","0","315","0","1","315","1","1","315","0.5","1","315","0","0","315","0","0","315","0","0","315","0","0","315","0.5","1","315","1","1","315","0.5","1","315","0","0","315","0.5","1","315","0","0","315","1","2","315","0","1","315","0.5","1","315","0","0","315","0.5","1","315","0","0","315","1","1","315","0","0","315","0","0","315","0","0","315","0","0","315","0","1","315","0","0","315","0","0","315","0","0","315","0","0","315","0","0","315","0","0","315","0","0","315","0","0","315","0","0","315","0","0","315","0","0","315","0","0","315","0","0","315","0","0","315","0","0","315","0","0","315","0","0","315","0.5","1","315","0","1","315","0","0","315","0","0","315","0","0","315","0","0","315","0","0"
,"316","0","0","316","0","0","316","0","0","316","0","0","316","0","0","316","0.5","1","316","0","0","316","0","0","316","0","0","316","0","0","316","0","0","316","0","1","316","1","1","316","0.5","1","316","0","0","316","0","0","316","0","0","316","0","0","316","0.5","1","316","1","1","316","0","0","316","0","0","316","0.5","1","316","0","0","316","1","2","316","0","1","316","0.5","1","316","0","0","316","0.5","1","316","0","0","316","1","1","316","0","0","316","0","0","316","0","0","316","0","0","316","0","1","316","0","0","316","0","0","316","0","0","316","0","0","316","0","0","316","0","0","316","0","0","316","0","0","316","0","0","316","0","0","316","0","0","316","0","0","316","0","0","316","0","0","316","0","0","316","0","0","316","0","0","316","0.5","1","316","0","1","316","0","0","316","0","0","316","0","0","316","0","0","316","0","0"
,"317","0","0","317","0","0","317","0","0","317","0","0","317","0","0","317","0.5","1","317","0","0","317","0","0","317","0","0","317","0","0","317","0","0","317","0","1","317","1","1","317","0.5","1","317","0","0","317","0","0","317","0","0","317","0","0","317","0.5","1","317","1","1","317","0","0","317","0","0","317","0.5","1","317","0","0","317","1","2","317","0","1","317","0.5","1","317","0","0","317","0.5","1","317","0","0","317","1","1","317","0","0","317","0","0","317","0","0","317","0","0","317","0","1","317","0","0","317","0","0","317","0","0","317","0","0","317","0","0","317","0","0","317","0","0","317","0","0","317","0","0","317","0","0","317","0","0","317","0","0","317","0","0","317","0","0","317","0","0","317","0","0","317","0","0","317","0.5","1","317","0","1","317","0","0","317","0","0","317","0","0","317","0","0","317","0","0"
,"318","0","0","318","0","0","318","0","0","318","0","0","318","0","0","318","0.5","1","318","0","0","318","0","0","318","0","0","318","0","0","318","0","0","318","0","1","318","1","1","318","0.5","1","318","0","0","318","0","0","318","0","0","318","0","0","318","0.5","1","318","0","0","318","0","0","318","0","0","318","0.5","1","318","0","0","318","1","2","318","0","1","318","0.5","1","318","0","0","318","0.5","1","318","0","0","318","1","1","318","0","0","318","0","0","318","0","0","318","0","0","318","0","1","318","0","0","318","0","0","318","0","0","318","0","0","318","0","0","318","0","0","318","0","0","318","0","0","318","0","0","318","0","0","318","0","0","318","0","0","318","0","0","318","0","0","318","0","0","318","0","0","318","0","0","318","0.5","1","318","0","1","318","0","0","318","0","0","318","0","0","318","0","0","318","0","0"
,"319","0","0","319","0","0","319","0","0","319","0","0","319","0","0","319","0.5","1","319","0","0","319","0","0","319","0","0","319","0","0","319","0","0","319","0","1","319","1","1","319","0.5","1","319","0","0","319","0","0","319","0","0","319","0","0","319","0.5","1","319","0","0","319","0","0","319","0","0","319","0.5","1","319","0","0","319","1","2","319","0","1","319","0.5","1","319","0","0","319","0","0","319","0","0","319","1","1","319","0","0","319","0","0","319","0","0","319","0","0","319","0","1","319","0","0","319","0","0","319","0","0","319","0","0","319","0","0","319","0","0","319","0","0","319","0","0","319","0","0","319","0","0","319","0","0","319","0","0","319","0","0","319","0","0","319","0","0","319","0","0","319","0","0","319","0.5","1","319","0","1","319","0","0","319","0","0","319","0","0","319","0","0","319","0","0"
,"320","0","0","320","0","0","320","0","0","320","0","0","320","0","0","320","0.5","1","320","0","0","320","0","0","320","0","0","320","0","0","320","0","0","320","0","1","320","1","1","320","0.5","1","320","0","0","320","0","0","320","0","0","320","0","0","320","0.5","1","320","0","0","320","0","0","320","0","0","320","0.5","1","320","0","0","320","1","2","320","0","1","320","0.5","1","320","0","0","320","0","0","320","0","0","320","1","1","320","0","0","320","0","0","320","0","0","320","0","0","320","0","1","320","0","0","320","0","0","320","0","0","320","0","0","320","0","0","320","0","0","320","0","0","320","0","0","320","0","0","320","0","0","320","0","0","320","0","0","320","0","0","320","0","0","320","0","0","320","0","0","320","0","0","320","0.5","1","320","0","1","320","0","0","320","0","0","320","0","0","320","0","0","320","0","0"
,"321","0","0","321","0","0","321","0","0","321","0","0","321","0","0","321","0.5","1","321","0","0","321","0","0","321","0","0","321","0","0","321","0","0","321","0","0","321","1","1","321","0.5","1","321","0","0","321","0","0","321","0","0","321","0","0","321","0.5","1","321","0","0","321","0","0","321","0","0","321","0.5","1","321","0","0","321","1","2","321","0","1","321","0.5","1","321","0","0","321","0","0","321","0","0","321","1","1","321","0","0","321","0","0","321","0","0","321","0","0","321","0","1","321","0","0","321","0","0","321","0","0","321","0","0","321","0","0","321","0","0","321","0","0","321","0","0","321","0","0","321","0","0","321","0","0","321","0","0","321","0","0","321","0","0","321","0","0","321","0","0","321","0","0","321","0.5","1","321","0","1","321","0","0","321","0","0","321","0","0","321","0","0","321","0","0"
,"322","0","0","322","0","0","322","0","0","322","0","0","322","0","0","322","0.5","1","322","0","0","322","0","0","322","0","0","322","0","0","322","0","0","322","0","0","322","1","1","322","0.5","1","322","0","0","322","0","0","322","0","0","322","0","0","322","0.5","1","322","0","0","322","0","0","322","0","0","322","0.5","1","322","0","0","322","1","2","322","0","1","322","0.5","1","322","0","0","322","0","0","322","0","0","322","1","1","322","0","0","322","0","0","322","0","0","322","0","0","322","0","1","322","0","0","322","0","0","322","0","0","322","0","0","322","0","0","322","0","0","322","0","0","322","0","0","322","0","0","322","0","0","322","0","0","322","0","0","322","0","0","322","0","0","322","0","0","322","0","0","322","0","0","322","0.5","1","322","0","0","322","0","0","322","0","0","322","0","0","322","0","0","322","0","0"
,"323","0","0","323","0","0","323","0","0","323","0","0","323","0","0","323","0","0","323","0","0","323","0","0","323","0","0","323","0","0","323","0","0","323","0","0","323","1","1","323","0.5","1","323","0","0","323","0","0","323","0","0","323","0","0","323","0.5","1","323","0","0","323","0","0","323","0","0","323","0.5","1","323","0","0","323","1","1","323","0","1","323","0.5","1","323","0","0","323","0","0","323","0","0","323","1","1","323","0","0","323","0","0","323","0","0","323","0","0","323","0","1","323","0","0","323","0","0","323","0","0","323","0","0","323","0","0","323","0","0","323","0","0","323","0","0","323","0","0","323","0","0","323","0","0","323","0","0","323","0","0","323","0","0","323","0","0","323","0","0","323","0","0","323","0.5","1","323","0","0","323","0","0","323","0","0","323","0","0","323","0","0","323","0","0"
,"324","0","0","324","0","0","324","0","0","324","0","0","324","0","0","324","0","0","324","0","0","324","0","0","324","0","0","324","0","0","324","0","0","324","0","0","324","1","1","324","0.5","1","324","0","0","324","0","0","324","0","0","324","0","0","324","0.5","1","324","0","0","324","0","0","324","0","0","324","0.5","1","324","0","0","324","1","1","324","0","1","324","0.5","1","324","0","0","324","0","0","324","0","0","324","1","1","324","0","0","324","0","0","324","0","0","324","0","0","324","0","1","324","0","0","324","0","0","324","0","0","324","0","0","324","0","0","324","0","0","324","0","0","324","0","0","324","0","0","324","0","0","324","0","0","324","0","0","324","0","0","324","0","0","324","0","0","324","0","0","324","0","0","324","0.5","1","324","0","0","324","0","0","324","0","0","324","0","0","324","0","0","324","0","0"
,"325","0","0","325","0","0","325","0","0","325","0","0","325","0","0","325","0","0","325","0","0","325","0","0","325","0","0","325","0","0","325","0","0","325","0","0","325","1","1","325","0","0","325","0","0","325","0","0","325","0","0","325","0","0","325","0.5","1","325","0","0","325","0","0","325","0","0","325","0.5","1","325","0","0","325","1","1","325","0","1","325","0.5","1","325","0","0","325","0","0","325","0","0","325","1","1","325","0","0","325","0","0","325","0","0","325","0","0","325","0","1","325","0","0","325","0","0","325","0","0","325","0","0","325","0","0","325","0","0","325","0","0","325","0","0","325","0","0","325","0","0","325","0","0","325","0","0","325","0","0","325","0","0","325","0","0","325","0","0","325","0","0","325","0.5","1","325","0","0","325","0","0","325","0","0","325","0","0","325","0","0","325","0","0"
,"326","0","0","326","0","0","326","0","0","326","0","0","326","0","0","326","0","0","326","0","0","326","0","0","326","0","0","326","0","0","326","0","0","326","0","0","326","1","1","326","0","0","326","0","0","326","0","0","326","0","0","326","0","0","326","0.5","1","326","0","0","326","0","0","326","0","0","326","0","0","326","0","0","326","1","1","326","0","1","326","0.5","1","326","0","0","326","0","0","326","0","0","326","1","1","326","0","0","326","0","0","326","0","0","326","0","0","326","0","1","326","0","0","326","0","0","326","0","0","326","0","0","326","0","0","326","0","0","326","0","0","326","0","0","326","0","0","326","0","0","326","0","0","326","0","0","326","0","0","326","0","0","326","0","0","326","0","0","326","0","0","326","0.5","1","326","0","0","326","0","0","326","0","0","326","0","0","326","0","0","326","0","0"
,"327","0","0","327","0","0","327","0","0","327","0","0","327","0","0","327","0","0","327","0","0","327","0","0","327","0","0","327","0","0","327","0","0","327","0","0","327","1","1","327","0","0","327","0","0","327","0","0","327","0","0","327","0","0","327","0","0","327","0","0","327","0","0","327","0","0","327","0","0","327","0","0","327","1","1","327","0","1","327","0.5","1","327","0","0","327","0","0","327","0","0","327","1","1","327","0","0","327","0","0","327","0","0","327","0","0","327","0","1","327","0","0","327","0","0","327","0","0","327","0","0","327","0","0","327","0","0","327","0","0","327","0","0","327","0","0","327","0","0","327","0","0","327","0","0","327","0","0","327","0","0","327","0","0","327","0","0","327","0","0","327","0.5","1","327","0","0","327","0","0","327","0","0","327","0","0","327","0","0","327","0","0"
,"328","0","0","328","0","0","328","0","0","328","0","0","328","0","0","328","0","0","328","0","0","328","0","0","328","0","0","328","0","0","328","0","0","328","0","0","328","1","1","328","0","0","328","0","0","328","0","0","328","0","0","328","0","0","328","0","0","328","0","0","328","0","0","328","0","0","328","0","0","328","0","0","328","1","1","328","0","1","328","0.5","1","328","0","0","328","0","0","328","0","0","328","1","1","328","0","0","328","0","0","328","0","0","328","0","0","328","0","0","328","0","0","328","0","0","328","0","0","328","0","0","328","0","0","328","0","0","328","0","0","328","0","0","328","0","0","328","0","0","328","0","0","328","0","0","328","0","0","328","0","0","328","0","0","328","0","0","328","0","0","328","0.5","1","328","0","0","328","0","0","328","0","0","328","0","0","328","0","0","328","0","0"
,"329","0","0","329","0","0","329","0","0","329","0","0","329","0","0","329","0","0","329","0","0","329","0","0","329","0","0","329","0","0","329","0","0","329","0","0","329","1","1","329","0","0","329","0","0","329","0","0","329","0","0","329","0","0","329","0","0","329","0","0","329","0","0","329","0","0","329","0","0","329","0","0","329","1","1","329","0","1","329","0.5","1","329","0","0","329","0","0","329","0","0","329","1","1","329","0","0","329","0","0","329","0","0","329","0","0","329","0","0","329","0","0","329","0","0","329","0","0","329","0","0","329","0","0","329","0","0","329","0","0","329","0","0","329","0","0","329","0","0","329","0","0","329","0","0","329","0","0","329","0","0","329","0","0","329","0","0","329","0","0","329","0.5","1","329","0","0","329","0","0","329","0","0","329","0","0","329","0","0","329","0","0"
,"330","0","0","330","0","0","330","0","0","330","0","0","330","0","0","330","0","0","330","0","0","330","0","0","330","0","0","330","0","0","330","0","0","330","0","0","330","1","1","330","0","0","330","0","0","330","0","0","330","0","0","330","0","0","330","0","0","330","0","0","330","0","0","330","0","0","330","0","0","330","0","0","330","1","1","330","0","1","330","0.5","1","330","0","0","330","0","0","330","0","0","330","1","1","330","0","0","330","0","0","330","0","0","330","0","0","330","0","0","330","0","0","330","0","0","330","0","0","330","0","0","330","0","0","330","0","0","330","0","0","330","0","0","330","0","0","330","0","0","330","0","0","330","0","0","330","0","0","330","0","0","330","0","0","330","0","0","330","0","0","330","0.5","1","330","0","0","330","0","0","330","0","0","330","0","0","330","0","0","330","0","0"
,"331","0","0","331","0","0","331","0","0","331","0","0","331","0","0","331","0","0","331","0","0","331","0","0","331","0","0","331","0","0","331","0","0","331","0","0","331","1","1","331","0","0","331","0","0","331","0","0","331","0","0","331","0","0","331","0","0","331","0","0","331","0","0","331","0","0","331","0","0","331","0","0","331","1","1","331","0","1","331","0.5","1","331","0","0","331","0","0","331","0","0","331","1","1","331","0","0","331","0","0","331","0","0","331","0","0","331","0","0","331","0","0","331","0","0","331","0","0","331","0","0","331","0","0","331","0","0","331","0","0","331","0","0","331","0","0","331","0","0","331","0","0","331","0","0","331","0","0","331","0","0","331","0","0","331","0","0","331","0","0","331","0.5","1","331","0","0","331","0","0","331","0","0","331","0","0","331","0","0","331","0","0"
,"332","0","0","332","0","0","332","0","0","332","0","0","332","0","0","332","0","0","332","0","0","332","0","0","332","0","0","332","0","0","332","0","0","332","0","0","332","0","0","332","0","0","332","0","0","332","0","0","332","0","0","332","0","0","332","0","0","332","0","0","332","0","0","332","0","0","332","0","0","332","0","0","332","1","1","332","0","1","332","0","0","332","0","0","332","0","0","332","0","0","332","1","1","332","0","0","332","0","0","332","0","0","332","0","0","332","0","0","332","0","0","332","0","0","332","0","0","332","0","0","332","0","0","332","0","0","332","0","0","332","0","0","332","0","0","332","0","0","332","0","0","332","0","0","332","0","0","332","0","0","332","0","0","332","0","0","332","0","0","332","0.5","1","332","0","0","332","0","0","332","0","0","332","0","0","332","0","0","332","0","0"
,"333","0","0","333","0","0","333","0","0","333","0","0","333","0","0","333","0","0","333","0","0","333","0","0","333","0","0","333","0","0","333","0","0","333","0","0","333","0","0","333","0","0","333","0","0","333","0","0","333","0","0","333","0","0","333","0","0","333","0","0","333","0","0","333","0","0","333","0","0","333","0","0","333","0","0","333","0","0","333","0","0","333","0","0","333","0","0","333","0","0","333","1","1","333","0","0","333","0","0","333","0","0","333","0","0","333","0","0","333","0","0","333","0","0","333","0","0","333","0","0","333","0","0","333","0","0","333","0","0","333","0","0","333","0","0","333","0","0","333","0","0","333","0","0","333","0","0","333","0","0","333","0","0","333","0","0","333","0","0","333","0.5","1","333","0","0","333","0","0","333","0","0","333","0","0","333","0","0","333","0","0"
,"334","0","0","334","0","0","334","0","0","334","0","0","334","0","0","334","0","0","334","0","0","334","0","0","334","0","0","334","0","0","334","0","0","334","0","0","334","0","0","334","0","0","334","0","0","334","0","0","334","0","0","334","0","0","334","0","0","334","0","0","334","0","0","334","0","0","334","0","0","334","0","0","334","0","0","334","0","0","334","0","0","334","0","0","334","0","0","334","0","0","334","1","1","334","0","0","334","0","0","334","0","0","334","0","0","334","0","0","334","0","0","334","0","0","334","0","0","334","0","0","334","0","0","334","0","0","334","0","0","334","0","0","334","0","0","334","0","0","334","0","0","334","0","0","334","0","0","334","0","0","334","0","0","334","0","0","334","0","0","334","0.5","1","334","0","0","334","0","0","334","0","0","334","0","0","334","0","0","334","0","0"
,"335","0","0","335","0","0","335","0","0","335","0","0","335","0","0","335","0","0","335","0","0","335","0","0","335","0","0","335","0","0","335","0","0","335","0","0","335","0","0","335","0","0","335","0","0","335","0","0","335","0","0","335","0","0","335","0","0","335","0","0","335","0","0","335","0","0","335","0","0","335","0","0","335","0","0","335","0","0","335","0","0","335","0","0","335","0","0","335","0","0","335","1","1","335","0","0","335","0","0","335","0","0","335","0","0","335","0","0","335","0","0","335","0","0","335","0","0","335","0","0","335","0","0","335","0","0","335","0","0","335","0","0","335","0","0","335","0","0","335","0","0","335","0","0","335","0","0","335","0","0","335","0","0","335","0","0","335","0","0","335","0.5","1","335","0","0","335","0","0","335","0","0","335","0","0","335","0","0","335","0","0"
,"336","0","0","336","0","0","336","0","0","336","0","0","336","0","0","336","0","0","336","0","0","336","0","0","336","0","0","336","0","0","336","0","0","336","0","0","336","0","0","336","0","0","336","0","0","336","0","0","336","0","0","336","0","0","336","0","0","336","0","0","336","0","0","336","0","0","336","0","0","336","0","0","336","0","0","336","0","0","336","0","0","336","0","0","336","0","0","336","0","0","336","1","1","336","0","0","336","0","0","336","0","0","336","0","0","336","0","0","336","0","0","336","0","0","336","0","0","336","0","0","336","0","0","336","0","0","336","0","0","336","0","0","336","0","0","336","0","0","336","0","0","336","0","0","336","0","0","336","0","0","336","0","0","336","0","0","336","0","0","336","0.5","1","336","0","0","336","0","0","336","0","0","336","0","0","336","0","0","336","0","0"
,"337","0","0","337","0","0","337","0","0","337","0","0","337","0","0","337","0","0","337","0","0","337","0","0","337","0","0","337","0","0","337","0","0","337","0","0","337","0","0","337","0","0","337","0","0","337","0","0","337","0","0","337","0","0","337","0","0","337","0","0","337","0","0","337","0","0","337","0","0","337","0","0","337","0","0","337","0","0","337","0","0","337","0","0","337","0","0","337","0","0","337","1","1","337","0","0","337","0","0","337","0","0","337","0","0","337","0","0","337","0","0","337","0","0","337","0","0","337","0","0","337","0","0","337","0","0","337","0","0","337","0","0","337","0","0","337","0","0","337","0","0","337","0","0","337","0","0","337","0","0","337","0","0","337","0","0","337","0","0","337","0.5","1","337","0","0","337","0","0","337","0","0","337","0","0","337","0","0","337","0","0"
,"338","0","0","338","0","0","338","0","0","338","0","0","338","0","0","338","0","0","338","0","0","338","0","0","338","0","0","338","0","0","338","0","0","338","0","0","338","0","0","338","0","0","338","0","0","338","0","0","338","0","0","338","0","0","338","0","0","338","0","0","338","0","0","338","0","0","338","0","0","338","0","0","338","0","0","338","0","0","338","0","0","338","0","0","338","0","0","338","0","0","338","1","1","338","0","0","338","0","0","338","0","0","338","0","0","338","0","0","338","0","0","338","0","0","338","0","0","338","0","0","338","0","0","338","0","0","338","0","0","338","0","0","338","0","0","338","0","0","338","0","0","338","0","0","338","0","0","338","0","0","338","0","0","338","0","0","338","0","0","338","0.5","1","338","0","0","338","0","0","338","0","0","338","0","0","338","0","0","338","0","0"
,"339","0","0","339","0","0","339","0","0","339","0","0","339","0","0","339","0","0","339","0","0","339","0","0","339","0","0","339","0","0","339","0","0","339","0","0","339","0","0","339","0","0","339","0","0","339","0","0","339","0","0","339","0","0","339","0","0","339","0","0","339","0","0","339","0","0","339","0","0","339","0","0","339","0","0","339","0","0","339","0","0","339","0","0","339","0","0","339","0","0","339","1","1","339","0","0","339","0","0","339","0","0","339","0","0","339","0","0","339","0","0","339","0","0","339","0","0","339","0","0","339","0","0","339","0","0","339","0","0","339","0","0","339","0","0","339","0","0","339","0","0","339","0","0","339","0","0","339","0","0","339","0","0","339","0","0","339","0","0","339","0.5","1","339","0","0","339","0","0","339","0","0","339","0","0","339","0","0","339","0","0"
,"340","0","0","340","0","0","340","0","0","340","0","0","340","0","0","340","0","0","340","0","0","340","0","0","340","0","0","340","0","0","340","0","0","340","0","0","340","0","0","340","0","0","340","0","0","340","0","0","340","0","0","340","0","0","340","0","0","340","0","0","340","0","0","340","0","0","340","0","0","340","0","0","340","0","0","340","0","0","340","0","0","340","0","0","340","0","0","340","0","0","340","1","1","340","0","0","340","0","0","340","0","0","340","0","0","340","0","0","340","0","0","340","0","0","340","0","0","340","0","0","340","0","0","340","0","0","340","0","0","340","0","0","340","0","0","340","0","0","340","0","0","340","0","0","340","0","0","340","0","0","340","0","0","340","0","0","340","0","0","340","0.5","1","340","0","0","340","0","0","340","0","0","340","0","0","340","0","0","340","0","0"
,"341","0","0","341","0","0","341","0","0","341","0","0","341","0","0","341","0","0","341","0","0","341","0","0","341","0","0","341","0","0","341","0","0","341","0","0","341","0","0","341","0","0","341","0","0","341","0","0","341","0","0","341","0","0","341","0","0","341","0","0","341","0","0","341","0","0","341","0","0","341","0","0","341","0","0","341","0","0","341","0","0","341","0","0","341","0","0","341","0","0","341","1","1","341","0","0","341","0","0","341","0","0","341","0","0","341","0","0","341","0","0","341","0","0","341","0","0","341","0","0","341","0","0","341","0","0","341","0","0","341","0","0","341","0","0","341","0","0","341","0","0","341","0","0","341","0","0","341","0","0","341","0","0","341","0","0","341","0","0","341","0.5","1","341","0","0","341","0","0","341","0","0","341","0","0","341","0","0","341","0","0"
,"342","0","0","342","0","0","342","0","0","342","0","0","342","0","0","342","0","0","342","0","0","342","0","0","342","0","0","342","0","0","342","0","0","342","0","0","342","0","0","342","0","0","342","0","0","342","0","0","342","0","0","342","0","0","342","0","0","342","0","0","342","0","0","342","0","0","342","0","0","342","0","0","342","0","0","342","0","0","342","0","0","342","0","0","342","0","0","342","0","0","342","1","1","342","0","0","342","0","0","342","0","0","342","0","0","342","0","0","342","0","0","342","0","0","342","0","0","342","0","0","342","0","0","342","0","0","342","0","0","342","0","0","342","0","0","342","0","0","342","0","0","342","0","0","342","0","0","342","0","0","342","0","0","342","0","0","342","0","0","342","0.5","1","342","0","0","342","0","0","342","0","0","342","0","0","342","0","0","342","0","0"
,"343","0","0","343","0","0","343","0","0","343","0","0","343","0","0","343","0","0","343","0","0","343","0","0","343","0","0","343","0","0","343","0","0","343","0","0","343","0","0","343","0","0","343","0","0","343","0","0","343","0","0","343","0","0","343","0","0","343","0","0","343","0","0","343","0","0","343","0","0","343","0","0","343","0","0","343","0","0","343","0","0","343","0","0","343","0","0","343","0","0","343","1","1","343","0","0","343","0","0","343","0","0","343","0","0","343","0","0","343","0","0","343","0","0","343","0","0","343","0","0","343","0","0","343","0","0","343","0","0","343","0","0","343","0","0","343","0","0","343","0","0","343","0","0","343","0","0","343","0","0","343","0","0","343","0","0","343","0","0","343","0.5","1","343","0","0","343","0","0","343","0","0","343","0","0","343","0","0","343","0","0"
,"344","0","0","344","0","0","344","0","0","344","0","0","344","0","0","344","0","0","344","0","0","344","0","0","344","0","0","344","0","0","344","0","0","344","0","0","344","0","0","344","0","0","344","0","0","344","0","0","344","0","0","344","0","0","344","0","0","344","0","0","344","0","0","344","0","0","344","0","0","344","0","0","344","0","0","344","0","0","344","0","0","344","0","0","344","0","0","344","0","0","344","1","1","344","0","0","344","0","0","344","0","0","344","0","0","344","0","0","344","0","0","344","0","0","344","0","0","344","0","0","344","0","0","344","0","0","344","0","0","344","0","0","344","0","0","344","0","0","344","0","0","344","0","0","344","0","0","344","0","0","344","0","0","344","0","0","344","0","0","344","0.5","1","344","0","0","344","0","0","344","0","0","344","0","0","344","0","0","344","0","0"
,"345","0","0","345","0","0","345","0","0","345","0","0","345","0","0","345","0","0","345","0","0","345","0","0","345","0","0","345","0","0","345","0","0","345","0","0","345","0","0","345","0","0","345","0","0","345","0","0","345","0","0","345","0","0","345","0","0","345","0","0","345","0","0","345","0","0","345","0","0","345","0","0","345","0","0","345","0","0","345","0","0","345","0","0","345","0","0","345","0","0","345","1","1","345","0","0","345","0","0","345","0","0","345","0","0","345","0","0","345","0","0","345","0","0","345","0","0","345","0","0","345","0","0","345","0","0","345","0","0","345","0","0","345","0","0","345","0","0","345","0","0","345","0","0","345","0","0","345","0","0","345","0","0","345","0","0","345","0","0","345","0.5","1","345","0","0","345","0","0","345","0","0","345","0","0","345","0","0","345","0","0"
,"346","0","0","346","0","0","346","0","0","346","0","0","346","0","0","346","0","0","346","0","0","346","0","0","346","0","0","346","0","0","346","0","0","346","0","0","346","0","0","346","0","0","346","0","0","346","0","0","346","0","0","346","0","0","346","0","0","346","0","0","346","0","0","346","0","0","346","0","0","346","0","0","346","0","0","346","0","0","346","0","0","346","0","0","346","0","0","346","0","0","346","1","1","346","0","0","346","0","0","346","0","0","346","0","0","346","0","0","346","0","0","346","0","0","346","0","0","346","0","0","346","0","0","346","0","0","346","0","0","346","0","0","346","0","0","346","0","0","346","0","0","346","0","0","346","0","0","346","0","0","346","0","0","346","0","0","346","0","0","346","0.5","1","346","0","0","346","0","0","346","0","0","346","0","0","346","0","0","346","0","0"
,"347","0","0","347","0","0","347","0","0","347","0","0","347","0","0","347","0","0","347","0","0","347","0","0","347","0","0","347","0","0","347","0","0","347","0","0","347","0","0","347","0","0","347","0","0","347","0","0","347","0","0","347","0","0","347","0","0","347","0","0","347","0","0","347","0","0","347","0","0","347","0","0","347","0","0","347","0","0","347","0","0","347","0","0","347","0","0","347","0","0","347","1","1","347","0","0","347","0","0","347","0","0","347","0","0","347","0","0","347","0","0","347","0","0","347","0","0","347","0","0","347","0","0","347","0","0","347","0","0","347","0","0","347","0","0","347","0","0","347","0","0","347","0","0","347","0","0","347","0","0","347","0","0","347","0","0","347","0","0","347","0.5","1","347","0","0","347","0","0","347","0","0","347","0","0","347","0","0","347","0","0"
,"348","0","0","348","0","0","348","0","0","348","0","0","348","0","0","348","0","0","348","0","0","348","0","0","348","0","0","348","0","0","348","0","0","348","0","0","348","0","0","348","0","0","348","0","0","348","0","0","348","0","0","348","0","0","348","0","0","348","0","0","348","0","0","348","0","0","348","0","0","348","0","0","348","0","0","348","0","0","348","0","0","348","0","0","348","0","0","348","0","0","348","1","1","348","0","0","348","0","0","348","0","0","348","0","0","348","0","0","348","0","0","348","0","0","348","0","0","348","0","0","348","0","0","348","0","0","348","0","0","348","0","0","348","0","0","348","0","0","348","0","0","348","0","0","348","0","0","348","0","0","348","0","0","348","0","0","348","0","0","348","0.5","1","348","0","0","348","0","0","348","0","0","348","0","0","348","0","0","348","0","0"
,"349","0","0","349","0","0","349","0","0","349","0","0","349","0","0","349","0","0","349","0","0","349","0","0","349","0","0","349","0","0","349","0","0","349","0","0","349","0","0","349","0","0","349","0","0","349","0","0","349","0","0","349","0","0","349","0","0","349","0","0","349","0","0","349","0","0","349","0","0","349","0","0","349","0","0","349","0","0","349","0","0","349","0","0","349","0","0","349","0","0","349","1","1","349","0","0","349","0","0","349","0","0","349","0","0","349","0","0","349","0","0","349","0","0","349","0","0","349","0","0","349","0","0","349","0","0","349","0","0","349","0","0","349","0","0","349","0","0","349","0","0","349","0","0","349","0","0","349","0","0","349","0","0","349","0","0","349","0","0","349","0.5","1","349","0","0","349","0","0","349","0","0","349","0","0","349","0","0","349","0","0"
,"350","0","0","350","0","0","350","0","0","350","0","0","350","0","0","350","0","0","350","0","0","350","0","0","350","0","0","350","0","0","350","0","0","350","0","0","350","0","0","350","0","0","350","0","0","350","0","0","350","0","0","350","0","0","350","0","0","350","0","0","350","0","0","350","0","0","350","0","0","350","0","0","350","0","0","350","0","0","350","0","0","350","0","0","350","0","0","350","0","0","350","1","1","350","0","0","350","0","0","350","0","0","350","0","0","350","0","0","350","0","0","350","0","0","350","0","0","350","0","0","350","0","0","350","0","0","350","0","0","350","0","0","350","0","0","350","0","0","350","0","0","350","0","0","350","0","0","350","0","0","350","0","0","350","0","0","350","0","0","350","0.5","1","350","0","0","350","0","0","350","0","0","350","0","0","350","0","0","350","0","0"
,"351","0","0","351","0","0","351","0","0","351","0","0","351","0","0","351","0","0","351","0","0","351","0","0","351","0","0","351","0","0","351","0","0","351","0","0","351","0","0","351","0","0","351","0","0","351","0","0","351","0","0","351","0","0","351","0","0","351","0","0","351","0","0","351","0","0","351","0","0","351","0","0","351","0","0","351","0","0","351","0","0","351","0","0","351","0","0","351","0","0","351","1","1","351","0","0","351","0","0","351","0","0","351","0","0","351","0","0","351","0","0","351","0","0","351","0","0","351","0","0","351","0","0","351","0","0","351","0","0","351","0","0","351","0","0","351","0","0","351","0","0","351","0","0","351","0","0","351","0","0","351","0","0","351","0","0","351","0","0","351","0.5","1","351","0","0","351","0","0","351","0","0","351","0","0","351","0","0","351","0","0"
,"352","0","0","352","0","0","352","0","0","352","0","0","352","0","0","352","0","0","352","0","0","352","0","0","352","0","0","352","0","0","352","0","0","352","0","0","352","0","0","352","0","0","352","0","0","352","0","0","352","0","0","352","0","0","352","0","0","352","0","0","352","0","0","352","0","0","352","0","0","352","0","0","352","0","0","352","0","0","352","0","0","352","0","0","352","0","0","352","0","0","352","1","1","352","0","0","352","0","0","352","0","0","352","0","0","352","0","0","352","0","0","352","0","0","352","0","0","352","0","0","352","0","0","352","0","0","352","0","0","352","0","0","352","0","0","352","0","0","352","0","0","352","0","0","352","0","0","352","0","0","352","0","0","352","0","0","352","0","0","352","0.5","1","352","0","0","352","0","0","352","0","0","352","0","0","352","0","0","352","0","0"
,"353","0","0","353","0","0","353","0","0","353","0","0","353","0","0","353","0","0","353","0","0","353","0","0","353","0","0","353","0","0","353","0","0","353","0","0","353","0","0","353","0","0","353","0","0","353","0","0","353","0","0","353","0","0","353","0","0","353","0","0","353","0","0","353","0","0","353","0","0","353","0","0","353","0","0","353","0","0","353","0","0","353","0","0","353","0","0","353","0","0","353","1","1","353","0","0","353","0","0","353","0","0","353","0","0","353","0","0","353","0","0","353","0","0","353","0","0","353","0","0","353","0","0","353","0","0","353","0","0","353","0","0","353","0","0","353","0","0","353","0","0","353","0","0","353","0","0","353","0","0","353","0","0","353","0","0","353","0","0","353","0.5","1","353","0","0","353","0","0","353","0","0","353","0","0","353","0","0","353","0","0"
,"354","0","0","354","0","0","354","0","0","354","0","0","354","0","0","354","0","0","354","0","0","354","0","0","354","0","0","354","0","0","354","0","0","354","0","0","354","0","0","354","0","0","354","0","0","354","0","0","354","0","0","354","0","0","354","0","0","354","0","0","354","0","0","354","0","0","354","0","0","354","0","0","354","0","0","354","0","0","354","0","0","354","0","0","354","0","0","354","0","0","354","1","1","354","0","0","354","0","0","354","0","0","354","0","0","354","0","0","354","0","0","354","0","0","354","0","0","354","0","0","354","0","0","354","0","0","354","0","0","354","0","0","354","0","0","354","0","0","354","0","0","354","0","0","354","0","0","354","0","0","354","0","0","354","0","0","354","0","0","354","0.5","1","354","0","0","354","0","0","354","0","0","354","0","0","354","0","0","354","0","0"
,"355","0","0","355","0","0","355","0","0","355","0","0","355","0","0","355","0","0","355","0","0","355","0","0","355","0","0","355","0","0","355","0","0","355","0","0","355","0","0","355","0","0","355","0","0","355","0","0","355","0","0","355","0","0","355","0","0","355","0","0","355","0","0","355","0","0","355","0","0","355","0","0","355","0","0","355","0","0","355","0","0","355","0","0","355","0","0","355","0","0","355","1","1","355","0","0","355","0","0","355","0","0","355","0","0","355","0","0","355","0","0","355","0","0","355","0","0","355","0","0","355","0","0","355","0","0","355","0","0","355","0","0","355","0","0","355","0","0","355","0","0","355","0","0","355","0","0","355","0","0","355","0","0","355","0","0","355","0","0","355","0.5","1","355","0","0","355","0","0","355","0","0","355","0","0","355","0","0","355","0","0"
,"356","0","0","356","0","0","356","0","0","356","0","0","356","0","0","356","0","0","356","0","0","356","0","0","356","0","0","356","0","0","356","0","0","356","0","0","356","0","0","356","0","0","356","0","0","356","0","0","356","0","0","356","0","0","356","0","0","356","0","0","356","0","0","356","0","0","356","0","0","356","0","0","356","0","0","356","0","0","356","0","0","356","0","0","356","0","0","356","0","0","356","1","1","356","0","0","356","0","0","356","0","0","356","0","0","356","0","0","356","0","0","356","0","0","356","0","0","356","0","0","356","0","0","356","0","0","356","0","0","356","0","0","356","0","0","356","0","0","356","0","0","356","0","0","356","0","0","356","0","0","356","0","0","356","0","0","356","0","0","356","0.5","1","356","0","0","356","0","0","356","0","0","356","0","0","356","0","0","356","0","0"
,"357","0","0","357","0","0","357","0","0","357","0","0","357","0","0","357","0","0","357","0","0","357","0","0","357","0","0","357","0","0","357","0","0","357","0","0","357","0","0","357","0","0","357","0","0","357","0","0","357","0","0","357","0","0","357","0","0","357","0","0","357","0","0","357","0","0","357","0","0","357","0","0","357","0","0","357","0","0","357","0","0","357","0","0","357","0","0","357","0","0","357","1","1","357","0","0","357","0","0","357","0","0","357","0","0","357","0","0","357","0","0","357","0","0","357","0","0","357","0","0","357","0","0","357","0","0","357","0","0","357","0","0","357","0","0","357","0","0","357","0","0","357","0","0","357","0","0","357","0","0","357","0","0","357","0","0","357","0","0","357","0.5","1","357","0","0","357","0","0","357","0","0","357","0","0","357","0","0","357","0","0"
,"358","0","0","358","0","0","358","0","0","358","0","0","358","0","0","358","0","0","358","0","0","358","0","0","358","0","0","358","0","0","358","0","0","358","0","0","358","0","0","358","0","0","358","0","0","358","0","0","358","0","0","358","0","0","358","0","0","358","0","0","358","0","0","358","0","0","358","0","0","358","0","0","358","0","0","358","0","0","358","0","0","358","0","0","358","0","0","358","0","0","358","1","1","358","0","0","358","0","0","358","0","0","358","0","0","358","0","0","358","0","0","358","0","0","358","0","0","358","0","0","358","0","0","358","0","0","358","0","0","358","0","0","358","0","0","358","0","0","358","0","0","358","0","0","358","0","0","358","0","0","358","0","0","358","0","0","358","0","0","358","0.5","1","358","0","0","358","0","0","358","0","0","358","0","0","358","0","0","358","0","0"
,"359","0","0","359","0","0","359","0","0","359","0","0","359","0","0","359","0","0","359","0","0","359","0","0","359","0","0","359","0","0","359","0","0","359","0","0","359","0","0","359","0","0","359","0","0","359","0","0","359","0","0","359","0","0","359","0","0","359","0","0","359","0","0","359","0","0","359","0","0","359","0","0","359","0","0","359","0","0","359","0","0","359","0","0","359","0","0","359","0","0","359","1","1","359","0","0","359","0","0","359","0","0","359","0","0","359","0","0","359","0","0","359","0","0","359","0","0","359","0","0","359","0","0","359","0","0","359","0","0","359","0","0","359","0","0","359","0","0","359","0","0","359","0","0","359","0","0","359","0","0","359","0","0","359","0","0","359","0","0","359","0.5","1","359","0","0","359","0","0","359","0","0","359","0","0","359","0","0","359","0","0"
,"360","0","0","360","0","0","360","0","0","360","0","0","360","0","0","360","0","0","360","0","0","360","0","0","360","0","0","360","0","0","360","0","0","360","0","0","360","0","0","360","0","0","360","0","0","360","0","0","360","0","0","360","0","0","360","0","0","360","0","0","360","0","0","360","0","0","360","0","0","360","0","0","360","0","0","360","0","0","360","0","0","360","0","0","360","0","0","360","0","0","360","1","1","360","0","0","360","0","0","360","0","0","360","0","0","360","0","0","360","0","0","360","0","0","360","0","0","360","0","0","360","0","0","360","0","0","360","0","0","360","0","0","360","0","0","360","0","0","360","0","0","360","0","0","360","0","0","360","0","0","360","0","0","360","0","0","360","0","0","360","0.5","1","360","0","0","360","0","0","360","0","0","360","0","0","360","0","0","360","0","0"
,"361","0","0","361","0","0","361","0","0","361","0","0","361","0","0","361","0","0","361","0","0","361","0","0","361","0","0","361","0","0","361","0","0","361","0","0","361","0","0","361","0","0","361","0","0","361","0","0","361","0","0","361","0","0","361","0","0","361","0","0","361","0","0","361","0","0","361","0","0","361","0","0","361","0","0","361","0","0","361","0","0","361","0","0","361","0","0","361","0","0","361","1","1","361","0","0","361","0","0","361","0","0","361","0","0","361","0","0","361","0","0","361","0","0","361","0","0","361","0","0","361","0","0","361","0","0","361","0","0","361","0","0","361","0","0","361","0","0","361","0","0","361","0","0","361","0","0","361","0","0","361","0","0","361","0","0","361","0","0","361","0","0","361","0","0","361","0","0","361","0","0","361","0","0","361","0","0","361","0","0"
,"362","0","0","362","0","0","362","0","0","362","0","0","362","0","0","362","0","0","362","0","0","362","0","0","362","0","0","362","0","0","362","0","0","362","0","0","362","0","0","362","0","0","362","0","0","362","0","0","362","0","0","362","0","0","362","0","0","362","0","0","362","0","0","362","0","0","362","0","0","362","0","0","362","0","0","362","0","0","362","0","0","362","0","0","362","0","0","362","0","0","362","0","0","362","0","0","362","0","0","362","0","0","362","0","0","362","0","0","362","0","0","362","0","0","362","0","0","362","0","0","362","0","0","362","0","0","362","0","0","362","0","0","362","0","0","362","0","0","362","0","0","362","0","0","362","0","0","362","0","0","362","0","0","362","0","0","362","0","0","362","0","0","362","0","0","362","0","0","362","0","0","362","0","0","362","0","0","362","0","0"
,"363","0","0","363","0","0","363","0","0","363","0","0","363","0","0","363","0","0","363","0","0","363","0","0","363","0","0","363","0","0","363","0","0","363","0","0","363","0","0","363","0","0","363","0","0","363","0","0","363","0","0","363","0","0","363","0","0","363","0","0","363","0","0","363","0","0","363","0","0","363","0","0","363","0","0","363","0","0","363","0","0","363","0","0","363","0","0","363","0","0","363","0","0","363","0","0","363","0","0","363","0","0","363","0","0","363","0","0","363","0","0","363","0","0","363","0","0","363","0","0","363","0","0","363","0","0","363","0","0","363","0","0","363","0","0","363","0","0","363","0","0","363","0","0","363","0","0","363","0","0","363","0","0","363","0","0","363","0","0","363","0","0","363","0","0","363","0","0","363","0","0","363","0","0","363","0","0","363","0","0"
,"364","0","0","364","0","0","364","0","0","364","0","0","364","0","0","364","0","0","364","0","0","364","0","0","364","0","0","364","0","0","364","0","0","364","0","0","364","0","0","364","0","0","364","0","0","364","0","0","364","0","0","364","0","0","364","0","0","364","0","0","364","0","0","364","0","0","364","0","0","364","0","0","364","0","0","364","0","0","364","0","0","364","0","0","364","0","0","364","0","0","364","0","0","364","0","0","364","0","0","364","0","0","364","0","0","364","0","0","364","0","0","364","0","0","364","0","0","364","0","0","364","0","0","364","0","0","364","0","0","364","0","0","364","0","0","364","0","0","364","0","0","364","0","0","364","0","0","364","0","0","364","0","0","364","0","0","364","0","0","364","0","0","364","0","0","364","0","0","364","0","0","364","0","0","364","0","0","364","0","0"
,"365","0","0","365","0","0","365","0","0","365","0","0","365","0","0","365","0","0","365","0","0","365","0","0","365","0","0","365","0","0","365","0","0","365","0","0","365","0","0","365","0","0","365","0","0","365","0","0","365","0","0","365","0","0","365","0","0","365","0","0","365","0","0","365","0","0","365","0","0","365","0","0","365","0","0","365","0","0","365","0","0","365","0","0","365","0","0","365","0","0","365","0","0","365","0","0","365","0","0","365","0","0","365","0","0","365","0","0","365","0","0","365","0","0","365","0","0","365","0","0","365","0","0","365","0","0","365","0","0","365","0","0","365","0","0","365","0","0","365","0","0","365","0","0","365","0","0","365","0","0","365","0","0","365","0","0","365","0","0","365","0","0","365","0","0","365","0","0","365","0","0","365","0","0","365","0","0","365","0","0"
,"366","0","0","366","0","0","366","0","0","366","0","0","366","0","0","366","0","0","366","0","0","366","0","0","366","0","0","366","0","0","366","0","0","366","0","0","366","0","0","366","0","0","366","0","0","366","0","0","366","0","0","366","0","0","366","0","0","366","0","0","366","0","0","366","0","0","366","0","0","366","0","0","366","0","0","366","0","0","366","0","0","366","0","0","366","0","0","366","0","0","366","0","0","366","0","0","366","0","0","366","0","0","366","0","0","366","0","0","366","0","0","366","0","0","366","0","0","366","0","0","366","0","0","366","0","0","366","0","0","366","0","0","366","0","0","366","0","0","366","0","0","366","0","0","366","0","0","366","0","0","366","0","0","366","0","0","366","0","0","366","0","0","366","0","0","366","0","0","366","0","0","366","0","0","366","0","0","366","0","0"
,"367","0","0","367","0","0","367","0","0","367","0","0","367","0","0","367","0","0","367","0","0","367","0","0","367","0","0","367","0","0","367","0","0","367","0","0","367","0","0","367","0","0","367","0","0","367","0","0","367","0","0","367","0","0","367","0","0","367","0","0","367","0","0","367","0","0","367","0","0","367","0","0","367","0","0","367","0","0","367","0","0","367","0","0","367","0","0","367","0","0","367","0","0","367","0","0","367","0","0","367","0","0","367","0","0","367","0","0","367","0","0","367","0","0","367","0","0","367","0","0","367","0","0","367","0","0","367","0","0","367","0","0","367","0","0","367","0","0","367","0","0","367","0","0","367","0","0","367","0","0","367","0","0","367","0","0","367","0","0","367","0","0","367","0","0","367","0","0","367","0","0","367","0","0","367","0","0","367","0","0"
,"368","0","0","368","0","0","368","0","0","368","0","0","368","0","0","368","0","0","368","0","0","368","0","0","368","0","0","368","0","0","368","0","0","368","0","0","368","0","0","368","0","0","368","0","0","368","0","0","368","0","0","368","0","0","368","0","0","368","0","0","368","0","0","368","0","0","368","0","0","368","0","0","368","0","0","368","0","0","368","0","0","368","0","0","368","0","0","368","0","0","368","0","0","368","0","0","368","0","0","368","0","0","368","0","0","368","0","0","368","0","0","368","0","0","368","0","0","368","0","0","368","0","0","368","0","0","368","0","0","368","0","0","368","0","0","368","0","0","368","0","0","368","0","0","368","0","0","368","0","0","368","0","0","368","0","0","368","0","0","368","0","0","368","0","0","368","0","0","368","0","0","368","0","0","368","0","0","368","0","0"
,"369","0","0","369","0","0","369","0","0","369","0","0","369","0","0","369","0","0","369","0","0","369","0","0","369","0","0","369","0","0","369","0","0","369","0","0","369","0","0","369","0","0","369","0","0","369","0","0","369","0","0","369","0","0","369","0","0","369","0","0","369","0","0","369","0","0","369","0","0","369","0","0","369","0","0","369","0","0","369","0","0","369","0","0","369","0","0","369","0","0","369","0","0","369","0","0","369","0","0","369","0","0","369","0","0","369","0","0","369","0","0","369","0","0","369","0","0","369","0","0","369","0","0","369","0","0","369","0","0","369","0","0","369","0","0","369","0","0","369","0","0","369","0","0","369","0","0","369","0","0","369","0","0","369","0","0","369","0","0","369","0","0","369","0","0","369","0","0","369","0","0","369","0","0","369","0","0","369","0","0"
,"370","0","0","370","0","0","370","0","0","370","0","0","370","0","0","370","0","0","370","0","0","370","0","0","370","0","0","370","0","0","370","0","0","370","0","0","370","0","0","370","0","0","370","0","0","370","0","0","370","0","0","370","0","0","370","0","0","370","0","0","370","0","0","370","0","0","370","0","0","370","0","0","370","0","0","370","0","0","370","0","0","370","0","0","370","0","0","370","0","0","370","0","0","370","0","0","370","0","0","370","0","0","370","0","0","370","0","0","370","0","0","370","0","0","370","0","0","370","0","0","370","0","0","370","0","0","370","0","0","370","0","0","370","0","0","370","0","0","370","0","0","370","0","0","370","0","0","370","0","0","370","0","0","370","0","0","370","0","0","370","0","0","370","0","0","370","0","0","370","0","0","370","0","0","370","0","0","370","0","0"
,"371","0","0","371","0","0","371","0","0","371","0","0","371","0","0","371","0","0","371","0","0","371","0","0","371","0","0","371","0","0","371","0","0","371","0","0","371","0","0","371","0","0","371","0","0","371","0","0","371","0","0","371","0","0","371","0","0","371","0","0","371","0","0","371","0","0","371","0","0","371","0","0","371","0","0","371","0","0","371","0","0","371","0","0","371","0","0","371","0","0","371","0","0","371","0","0","371","0","0","371","0","0","371","0","0","371","0","0","371","0","0","371","0","0","371","0","0","371","0","0","371","0","0","371","0","0","371","0","0","371","0","0","371","0","0","371","0","0","371","0","0","371","0","0","371","0","0","371","0","0","371","0","0","371","0","0","371","0","0","371","0","0","371","0","0","371","0","0","371","0","0","371","0","0","371","0","0","371","0","0"
,"372","0","0","372","0","0","372","0","0","372","0","0","372","0","0","372","0","0","372","0","0","372","0","0","372","0","0","372","0","0","372","0","0","372","0","0","372","0","0","372","0","0","372","0","0","372","0","0","372","0","0","372","0","0","372","0","0","372","0","0","372","0","0","372","0","0","372","0","0","372","0","0","372","0","0","372","0","0","372","0","0","372","0","0","372","0","0","372","0","0","372","0","0","372","0","0","372","0","0","372","0","0","372","0","0","372","0","0","372","0","0","372","0","0","372","0","0","372","0","0","372","0","0","372","0","0","372","0","0","372","0","0","372","0","0","372","0","0","372","0","0","372","0","0","372","0","0","372","0","0","372","0","0","372","0","0","372","0","0","372","0","0","372","0","0","372","0","0","372","0","0","372","0","0","372","0","0","372","0","0"
,"373","0","0","373","0","0","373","0","0","373","0","0","373","0","0","373","0","0","373","0","0","373","0","0","373","0","0","373","0","0","373","0","0","373","0","0","373","0","0","373","0","0","373","0","0","373","0","0","373","0","0","373","0","0","373","0","0","373","0","0","373","0","0","373","0","0","373","0","0","373","0","0","373","0","0","373","0","0","373","0","0","373","0","0","373","0","0","373","0","0","373","0","0","373","0","0","373","0","0","373","0","0","373","0","0","373","0","0","373","0","0","373","0","0","373","0","0","373","0","0","373","0","0","373","0","0","373","0","0","373","0","0","373","0","0","373","0","0","373","0","0","373","0","0","373","0","0","373","0","0","373","0","0","373","0","0","373","0","0","373","0","0","373","0","0","373","0","0","373","0","0","373","0","0","373","0","0","373","0","0"
,"374","0","0","374","0","0","374","0","0","374","0","0","374","0","0","374","0","0","374","0","0","374","0","0","374","0","0","374","0","0","374","0","0","374","0","0","374","0","0","374","0","0","374","0","0","374","0","0","374","0","0","374","0","0","374","0","0","374","0","0","374","0","0","374","0","0","374","0","0","374","0","0","374","0","0","374","0","0","374","0","0","374","0","0","374","0","0","374","0","0","374","0","0","374","0","0","374","0","0","374","0","0","374","0","0","374","0","0","374","0","0","374","0","0","374","0","0","374","0","0","374","0","0","374","0","0","374","0","0","374","0","0","374","0","0","374","0","0","374","0","0","374","0","0","374","0","0","374","0","0","374","0","0","374","0","0","374","0","0","374","0","0","374","0","0","374","0","0","374","0","0","374","0","0","374","0","0","374","0","0"
,"375","0","0","375","0","0","375","0","0","375","0","0","375","0","0","375","0","0","375","0","0","375","0","0","375","0","0","375","0","0","375","0","0","375","0","0","375","0","0","375","0","0","375","0","0","375","0","0","375","0","0","375","0","0","375","0","0","375","0","0","375","0","0","375","0","0","375","0","0","375","0","0","375","0","0","375","0","0","375","0","0","375","0","0","375","0","0","375","0","0","375","0","0","375","0","0","375","0","0","375","0","0","375","0","0","375","0","0","375","0","0","375","0","0","375","0","0","375","0","0","375","0","0","375","0","0","375","0","0","375","0","0","375","0","0","375","0","0","375","0","0","375","0","0","375","0","0","375","0","0","375","0","0","375","0","0","375","0","0","375","0","0","375","0","0","375","0","0","375","0","0","375","0","0","375","0","0","375","0","0"
,"376","0","0","376","0","0","376","0","0","376","0","0","376","0","0","376","0","0","376","0","0","376","0","0","376","0","0","376","0","0","376","0","0","376","0","0","376","0","0","376","0","0","376","0","0","376","0","0","376","0","0","376","0","0","376","0","0","376","0","0","376","0","0","376","0","0","376","0","0","376","0","0","376","0","0","376","0","0","376","0","0","376","0","0","376","0","0","376","0","0","376","0","0","376","0","0","376","0","0","376","0","0","376","0","0","376","0","0","376","0","0","376","0","0","376","0","0","376","0","0","376","0","0","376","0","0","376","0","0","376","0","0","376","0","0","376","0","0","376","0","0","376","0","0","376","0","0","376","0","0","376","0","0","376","0","0","376","0","0","376","0","0","376","0","0","376","0","0","376","0","0","376","0","0","376","0","0","376","0","0"
,"377","0","0","377","0","0","377","0","0","377","0","0","377","0","0","377","0","0","377","0","0","377","0","0","377","0","0","377","0","0","377","0","0","377","0","0","377","0","0","377","0","0","377","0","0","377","0","0","377","0","0","377","0","0","377","0","0","377","0","0","377","0","0","377","0","0","377","0","0","377","0","0","377","0","0","377","0","0","377","0","0","377","0","0","377","0","0","377","0","0","377","0","0","377","0","0","377","0","0","377","0","0","377","0","0","377","0","0","377","0","0","377","0","0","377","0","0","377","0","0","377","0","0","377","0","0","377","0","0","377","0","0","377","0","0","377","0","0","377","0","0","377","0","0","377","0","0","377","0","0","377","0","0","377","0","0","377","0","0","377","0","0","377","0","0","377","0","0","377","0","0","377","0","0","377","0","0","377","0","0"
,"378","0","0","378","0","0","378","0","0","378","0","0","378","0","0","378","0","0","378","0","0","378","0","0","378","0","0","378","0","0","378","0","0","378","0","0","378","0","0","378","0","0","378","0","0","378","0","0","378","0","0","378","0","0","378","0","0","378","0","0","378","0","0","378","0","0","378","0","0","378","0","0","378","0","0","378","0","0","378","0","0","378","0","0","378","0","0","378","0","0","378","0","0","378","0","0","378","0","0","378","0","0","378","0","0","378","0","0","378","0","0","378","0","0","378","0","0","378","0","0","378","0","0","378","0","0","378","0","0","378","0","0","378","0","0","378","0","0","378","0","0","378","0","0","378","0","0","378","0","0","378","0","0","378","0","0","378","0","0","378","0","0","378","0","0","378","0","0","378","0","0","378","0","0","378","0","0","378","0","0"
,"379","0","0","379","0","0","379","0","0","379","0","0","379","0","0","379","0","0","379","0","0","379","0","0","379","0","0","379","0","0","379","0","0","379","0","0","379","0","0","379","0","0","379","0","0","379","0","0","379","0","0","379","0","0","379","0","0","379","0","0","379","0","0","379","0","0","379","0","0","379","0","0","379","0","0","379","0","0","379","0","0","379","0","0","379","0","0","379","0","0","379","0","0","379","0","0","379","0","0","379","0","0","379","0","0","379","0","0","379","0","0","379","0","0","379","0","0","379","0","0","379","0","0","379","0","0","379","0","0","379","0","0","379","0","0","379","0","0","379","0","0","379","0","0","379","0","0","379","0","0","379","0","0","379","0","0","379","0","0","379","0","0","379","0","0","379","0","0","379","0","0","379","0","0","379","0","0","379","0","0"
,"380","0","0","380","0","0","380","0","0","380","0","0","380","0","0","380","0","0","380","0","0","380","0","0","380","0","0","380","0","0","380","0","0","380","0","0","380","0","0","380","0","0","380","0","0","380","0","0","380","0","0","380","0","0","380","0","0","380","0","0","380","0","0","380","0","0","380","0","0","380","0","0","380","0","0","380","0","0","380","0","0","380","0","0","380","0","0","380","0","0","380","0","0","380","0","0","380","0","0","380","0","0","380","0","0","380","0","0","380","0","0","380","0","0","380","0","0","380","0","0","380","0","0","380","0","0","380","0","0","380","0","0","380","0","0","380","0","0","380","0","0","380","0","0","380","0","0","380","0","0","380","0","0","380","0","0","380","0","0","380","0","0","380","0","0","380","0","0","380","0","0","380","0","0","380","0","0","380","0","0"
,"381","0","0","381","0","0","381","0","0","381","0","0","381","0","0","381","0","0","381","0","0","381","0","0","381","0","0","381","0","0","381","0","0","381","0","0","381","0","0","381","0","0","381","0","0","381","0","0","381","0","0","381","0","0","381","0","0","381","0","0","381","0","0","381","0","0","381","0","0","381","0","0","381","0","0","381","0","0","381","0","0","381","0","0","381","0","0","381","0","0","381","0","0","381","0","0","381","0","0","381","0","0","381","0","0","381","0","0","381","0","0","381","0","0","381","0","0","381","0","0","381","0","0","381","0","0","381","0","0","381","0","0","381","0","0","381","0","0","381","0","0","381","0","0","381","0","0","381","0","0","381","0","0","381","0","0","381","0","0","381","0","0","381","0","0","381","0","0","381","0","0","381","0","0","381","0","0","381","0","0"
,"382","0","0","382","0","0","382","0","0","382","0","0","382","0","0","382","0","0","382","0","0","382","0","0","382","0","0","382","0","0","382","0","0","382","0","0","382","0","0","382","0","0","382","0","0","382","0","0","382","0","0","382","0","0","382","0","0","382","0","0","382","0","0","382","0","0","382","0","0","382","0","0","382","0","0","382","0","0","382","0","0","382","0","0","382","0","0","382","0","0","382","0","0","382","0","0","382","0","0","382","0","0","382","0","0","382","0","0","382","0","0","382","0","0","382","0","0","382","0","0","382","0","0","382","0","0","382","0","0","382","0","0","382","0","0","382","0","0","382","0","0","382","0","0","382","0","0","382","0","0","382","0","0","382","0","0","382","0","0","382","0","0","382","0","0","382","0","0","382","0","0","382","0","0","382","0","0","382","0","0"
,"383","0","0","383","0","0","383","0","0","383","0","0","383","0","0","383","0","0","383","0","0","383","0","0","383","0","0","383","0","0","383","0","0","383","0","0","383","0","0","383","0","0","383","0","0","383","0","0","383","0","0","383","0","0","383","0","0","383","0","0","383","0","0","383","0","0","383","0","0","383","0","0","383","0","0","383","0","0","383","0","0","383","0","0","383","0","0","383","0","0","383","0","0","383","0","0","383","0","0","383","0","0","383","0","0","383","0","0","383","0","0","383","0","0","383","0","0","383","0","0","383","0","0","383","0","0","383","0","0","383","0","0","383","0","0","383","0","0","383","0","0","383","0","0","383","0","0","383","0","0","383","0","0","383","0","0","383","0","0","383","0","0","383","0","0","383","0","0","383","0","0","383","0","0","383","0","0","383","0","0"
,"384","0","0","384","0","0","384","0","0","384","0","0","384","0","0","384","0","0","384","0","0","384","0","0","384","0","0","384","0","0","384","0","0","384","0","0","384","0","0","384","0","0","384","0","0","384","0","0","384","0","0","384","0","0","384","0","0","384","0","0","384","0","0","384","0","0","384","0","0","384","0","0","384","0","0","384","0","0","384","0","0","384","0","0","384","0","0","384","0","0","384","0","0","384","0","0","384","0","0","384","0","0","384","0","0","384","0","0","384","0","0","384","0","0","384","0","0","384","0","0","384","0","0","384","0","0","384","0","0","384","0","0","384","0","0","384","0","0","384","0","0","384","0","0","384","0","0","384","0","0","384","0","0","384","0","0","384","0","0","384","0","0","384","0","0","384","0","0","384","0","0","384","0","0","384","0","0","384","0","0"
,"385","0","0","385","0","0","385","0","0","385","0","0","385","0","0","385","0","0","385","0","0","385","0","0","385","0","0","385","0","0","385","0","0","385","0","0","385","0","0","385","0","0","385","0","0","385","0","0","385","0","0","385","0","0","385","0","0","385","0","0","385","0","0","385","0","0","385","0","0","385","0","0","385","0","0","385","0","0","385","0","0","385","0","0","385","0","0","385","0","0","385","0","0","385","0","0","385","0","0","385","0","0","385","0","0","385","0","0","385","0","0","385","0","0","385","0","0","385","0","0","385","0","0","385","0","0","385","0","0","385","0","0","385","0","0","385","0","0","385","0","0","385","0","0","385","0","0","385","0","0","385","0","0","385","0","0","385","0","0","385","0","0","385","0","0","385","0","0","385","0","0","385","0","0","385","0","0","385","0","0"
,"386","0","0","386","0","0","386","0","0","386","0","0","386","0","0","386","0","0","386","0","0","386","0","0","386","0","0","386","0","0","386","0","0","386","0","0","386","0","0","386","0","0","386","0","0","386","0","0","386","0","0","386","0","0","386","0","0","386","0","0","386","0","0","386","0","0","386","0","0","386","0","0","386","0","0","386","0","0","386","0","0","386","0","0","386","0","0","386","0","0","386","0","0","386","0","0","386","0","0","386","0","0","386","0","0","386","0","0","386","0","0","386","0","0","386","0","0","386","0","0","386","0","0","386","0","0","386","0","0","386","0","0","386","0","0","386","0","0","386","0","0","386","0","0","386","0","0","386","0","0","386","0","0","386","0","0","386","0","0","386","0","0","386","0","0","386","0","0","386","0","0","386","0","0","386","0","0","386","0","0"
,"387","0","0","387","0","0","387","0","0","387","0","0","387","0","0","387","0","0","387","0","0","387","0","0","387","0","0","387","0","0","387","0","0","387","0","0","387","0","0","387","0","0","387","0","0","387","0","0","387","0","0","387","0","0","387","0","0","387","0","0","387","0","0","387","0","0","387","0","0","387","0","0","387","0","0","387","0","0","387","0","0","387","0","0","387","0","0","387","0","0","387","0","0","387","0","0","387","0","0","387","0","0","387","0","0","387","0","0","387","0","0","387","0","0","387","0","0","387","0","0","387","0","0","387","0","0","387","0","0","387","0","0","387","0","0","387","0","0","387","0","0","387","0","0","387","0","0","387","0","0","387","0","0","387","0","0","387","0","0","387","0","0","387","0","0","387","0","0","387","0","0","387","0","0","387","0","0","387","0","0"
,"388","0","0","388","0","0","388","0","0","388","0","0","388","0","0","388","0","0","388","0","0","388","0","0","388","0","0","388","0","0","388","0","0","388","0","0","388","0","0","388","0","0","388","0","0","388","0","0","388","0","0","388","0","0","388","0","0","388","0","0","388","0","0","388","0","0","388","0","0","388","0","0","388","0","0","388","0","0","388","0","0","388","0","0","388","0","0","388","0","0","388","0","0","388","0","0","388","0","0","388","0","0","388","0","0","388","0","0","388","0","0","388","0","0","388","0","0","388","0","0","388","0","0","388","0","0","388","0","0","388","0","0","388","0","0","388","0","0","388","0","0","388","0","0","388","0","0","388","0","0","388","0","0","388","0","0","388","0","0","388","0","0","388","0","0","388","0","0","388","0","0","388","0","0","388","0","0","388","0","0"
,"389","0","0","389","0","0","389","0","0","389","0","0","389","0","0","389","0","0","389","0","0","389","0","0","389","0","0","389","0","0","389","0","0","389","0","0","389","0","0","389","0","0","389","0","0","389","0","0","389","0","0","389","0","0","389","0","0","389","0","0","389","0","0","389","0","0","389","0","0","389","0","0","389","0","0","389","0","0","389","0","0","389","0","0","389","0","0","389","0","0","389","0","0","389","0","0","389","0","0","389","0","0","389","0","0","389","0","0","389","0","0","389","0","0","389","0","0","389","0","0","389","0","0","389","0","0","389","0","0","389","0","0","389","0","0","389","0","0","389","0","0","389","0","0","389","0","0","389","0","0","389","0","0","389","0","0","389","0","0","389","0","0","389","0","0","389","0","0","389","0","0","389","0","0","389","0","0","389","0","0"
,"390","0","0","390","0","0","390","0","0","390","0","0","390","0","0","390","0","0","390","0","0","390","0","0","390","0","0","390","0","0","390","0","0","390","0","0","390","0","0","390","0","0","390","0","0","390","0","0","390","0","0","390","0","0","390","0","0","390","0","0","390","0","0","390","0","0","390","0","0","390","0","0","390","0","0","390","0","0","390","0","0","390","0","0","390","0","0","390","0","0","390","0","0","390","0","0","390","0","0","390","0","0","390","0","0","390","0","0","390","0","0","390","0","0","390","0","0","390","0","0","390","0","0","390","0","0","390","0","0","390","0","0","390","0","0","390","0","0","390","0","0","390","0","0","390","0","0","390","0","0","390","0","0","390","0","0","390","0","0","390","0","0","390","0","0","390","0","0","390","0","0","390","0","0","390","0","0","390","0","0"
,"391","0","0","391","0","0","391","0","0","391","0","0","391","0","0","391","0","0","391","0","0","391","0","0","391","0","0","391","0","0","391","0","0","391","0","0","391","0","0","391","0","0","391","0","0","391","0","0","391","0","0","391","0","0","391","0","0","391","0","0","391","0","0","391","0","0","391","0","0","391","0","0","391","0","0","391","0","0","391","0","0","391","0","0","391","0","0","391","0","0","391","0","0","391","0","0","391","0","0","391","0","0","391","0","0","391","0","0","391","0","0","391","0","0","391","0","0","391","0","0","391","0","0","391","0","0","391","0","0","391","0","0","391","0","0","391","0","0","391","0","0","391","0","0","391","0","0","391","0","0","391","0","0","391","0","0","391","0","0","391","0","0","391","0","0","391","0","0","391","0","0","391","0","0","391","0","0","391","0","0"
,"392","0","0","392","0","0","392","0","0","392","0","0","392","0","0","392","0","0","392","0","0","392","0","0","392","0","0","392","0","0","392","0","0","392","0","0","392","0","0","392","0","0","392","0","0","392","0","0","392","0","0","392","0","0","392","0","0","392","0","0","392","0","0","392","0","0","392","0","0","392","0","0","392","0","0","392","0","0","392","0","0","392","0","0","392","0","0","392","0","0","392","0","0","392","0","0","392","0","0","392","0","0","392","0","0","392","0","0","392","0","0","392","0","0","392","0","0","392","0","0","392","0","0","392","0","0","392","0","0","392","0","0","392","0","0","392","0","0","392","0","0","392","0","0","392","0","0","392","0","0","392","0","0","392","0","0","392","0","0","392","0","0","392","0","0","392","0","0","392","0","0","392","0","0","392","0","0","392","0","0"
,"393","0","0","393","0","0","393","0","0","393","0","0","393","0","0","393","0","0","393","0","0","393","0","0","393","0","0","393","0","0","393","0","0","393","0","0","393","0","0","393","0","0","393","0","0","393","0","0","393","0","0","393","0","0","393","0","0","393","0","0","393","0","0","393","0","0","393","0","0","393","0","0","393","0","0","393","0","0","393","0","0","393","0","0","393","0","0","393","0","0","393","0","0","393","0","0","393","0","0","393","0","0","393","0","0","393","0","0","393","0","0","393","0","0","393","0","0","393","0","0","393","0","0","393","0","0","393","0","0","393","0","0","393","0","0","393","0","0","393","0","0","393","0","0","393","0","0","393","0","0","393","0","0","393","0","0","393","0","0","393","0","0","393","0","0","393","0","0","393","0","0","393","0","0","393","0","0","393","0","0"
,"394","0","0","394","0","0","394","0","0","394","0","0","394","0","0","394","0","0","394","0","0","394","0","0","394","0","0","394","0","0","394","0","0","394","0","0","394","0","0","394","0","0","394","0","0","394","0","0","394","0","0","394","0","0","394","0","0","394","0","0","394","0","0","394","0","0","394","0","0","394","0","0","394","0","0","394","0","0","394","0","0","394","0","0","394","0","0","394","0","0","394","0","0","394","0","0","394","0","0","394","0","0","394","0","0","394","0","0","394","0","0","394","0","0","394","0","0","394","0","0","394","0","0","394","0","0","394","0","0","394","0","0","394","0","0","394","0","0","394","0","0","394","0","0","394","0","0","394","0","0","394","0","0","394","0","0","394","0","0","394","0","0","394","0","0","394","0","0","394","0","0","394","0","0","394","0","0","394","0","0"
,"395","0","0","395","0","0","395","0","0","395","0","0","395","0","0","395","0","0","395","0","0","395","0","0","395","0","0","395","0","0","395","0","0","395","0","0","395","0","0","395","0","0","395","0","0","395","0","0","395","0","0","395","0","0","395","0","0","395","0","0","395","0","0","395","0","0","395","0","0","395","0","0","395","0","0","395","0","0","395","0","0","395","0","0","395","0","0","395","0","0","395","0","0","395","0","0","395","0","0","395","0","0","395","0","0","395","0","0","395","0","0","395","0","0","395","0","0","395","0","0","395","0","0","395","0","0","395","0","0","395","0","0","395","0","0","395","0","0","395","0","0","395","0","0","395","0","0","395","0","0","395","0","0","395","0","0","395","0","0","395","0","0","395","0","0","395","0","0","395","0","0","395","0","0","395","0","0","395","0","0"
,"396","0","0","396","0","0","396","0","0","396","0","0","396","0","0","396","0","0","396","0","0","396","0","0","396","0","0","396","0","0","396","0","0","396","0","0","396","0","0","396","0","0","396","0","0","396","0","0","396","0","0","396","0","0","396","0","0","396","0","0","396","0","0","396","0","0","396","0","0","396","0","0","396","0","0","396","0","0","396","0","0","396","0","0","396","0","0","396","0","0","396","0","0","396","0","0","396","0","0","396","0","0","396","0","0","396","0","0","396","0","0","396","0","0","396","0","0","396","0","0","396","0","0","396","0","0","396","0","0","396","0","0","396","0","0","396","0","0","396","0","0","396","0","0","396","0","0","396","0","0","396","0","0","396","0","0","396","0","0","396","0","0","396","0","0","396","0","0","396","0","0","396","0","0","396","0","0","396","0","0"
,"397","0","0","397","0","0","397","0","0","397","0","0","397","0","0","397","0","0","397","0","0","397","0","0","397","0","0","397","0","0","397","0","0","397","0","0","397","0","0","397","0","0","397","0","0","397","0","0","397","0","0","397","0","0","397","0","0","397","0","0","397","0","0","397","0","0","397","0","0","397","0","0","397","0","0","397","0","0","397","0","0","397","0","0","397","0","0","397","0","0","397","0","0","397","0","0","397","0","0","397","0","0","397","0","0","397","0","0","397","0","0","397","0","0","397","0","0","397","0","0","397","0","0","397","0","0","397","0","0","397","0","0","397","0","0","397","0","0","397","0","0","397","0","0","397","0","0","397","0","0","397","0","0","397","0","0","397","0","0","397","0","0","397","0","0","397","0","0","397","0","0","397","0","0","397","0","0","397","0","0"
,"398","0","0","398","0","0","398","0","0","398","0","0","398","0","0","398","0","0","398","0","0","398","0","0","398","0","0","398","0","0","398","0","0","398","0","0","398","0","0","398","0","0","398","0","0","398","0","0","398","0","0","398","0","0","398","0","0","398","0","0","398","0","0","398","0","0","398","0","0","398","0","0","398","0","0","398","0","0","398","0","0","398","0","0","398","0","0","398","0","0","398","0","0","398","0","0","398","0","0","398","0","0","398","0","0","398","0","0","398","0","0","398","0","0","398","0","0","398","0","0","398","0","0","398","0","0","398","0","0","398","0","0","398","0","0","398","0","0","398","0","0","398","0","0","398","0","0","398","0","0","398","0","0","398","0","0","398","0","0","398","0","0","398","0","0","398","0","0","398","0","0","398","0","0","398","0","0","398","0","0"
,"399","0","0","399","0","0","399","0","0","399","0","0","399","0","0","399","0","0","399","0","0","399","0","0","399","0","0","399","0","0","399","0","0","399","0","0","399","0","0","399","0","0","399","0","0","399","0","0","399","0","0","399","0","0","399","0","0","399","0","0","399","0","0","399","0","0","399","0","0","399","0","0","399","0","0","399","0","0","399","0","0","399","0","0","399","0","0","399","0","0","399","0","0","399","0","0","399","0","0","399","0","0","399","0","0","399","0","0","399","0","0","399","0","0","399","0","0","399","0","0","399","0","0","399","0","0","399","0","0","399","0","0","399","0","0","399","0","0","399","0","0","399","0","0","399","0","0","399","0","0","399","0","0","399","0","0","399","0","0","399","0","0","399","0","0","399","0","0","399","0","0","399","0","0","399","0","0","399","0","0"
,"400","0","0","400","0","0","400","0","0","400","0","0","400","0","0","400","0","0","400","0","0","400","0","0","400","0","0","400","0","0","400","0","0","400","0","0","400","0","0","400","0","0","400","0","0","400","0","0","400","0","0","400","0","0","400","0","0","400","0","0","400","0","0","400","0","0","400","0","0","400","0","0","400","0","0","400","0","0","400","0","0","400","0","0","400","0","0","400","0","0","400","0","0","400","0","0","400","0","0","400","0","0","400","0","0","400","0","0","400","0","0","400","0","0","400","0","0","400","0","0","400","0","0","400","0","0","400","0","0","400","0","0","400","0","0","400","0","0","400","0","0","400","0","0","400","0","0","400","0","0","400","0","0","400","0","0","400","0","0","400","0","0","400","0","0","400","0","0","400","0","0","400","0","0","400","0","0","400","0","0"
,"401","0","0","401","0","0","401","0","0","401","0","0","401","0","0","401","0","0","401","0","0","401","0","0","401","0","0","401","0","0","401","0","0","401","0","0","401","0","0","401","0","0","401","0","0","401","0","0","401","0","0","401","0","0","401","0","0","401","0","0","401","0","0","401","0","0","401","0","0","401","0","0","401","0","0","401","0","0","401","0","0","401","0","0","401","0","0","401","0","0","401","0","0","401","0","0","401","0","0","401","0","0","401","0","0","401","0","0","401","0","0","401","0","0","401","0","0","401","0","0","401","0","0","401","0","0","401","0","0","401","0","0","401","0","0","401","0","0","401","0","0","401","0","0","401","0","0","401","0","0","401","0","0","401","0","0","401","0","0","401","0","0","401","0","0","401","0","0","401","0","0","401","0","0","401","0","0","401","0","0"
,"402","0","0","402","0","0","402","0","0","402","0","0","402","0","0","402","0","0","402","0","0","402","0","0","402","0","0","402","0","0","402","0","0","402","0","0","402","0","0","402","0","0","402","0","0","402","0","0","402","0","0","402","0","0","402","0","0","402","0","0","402","0","0","402","0","0","402","0","0","402","0","0","402","0","0","402","0","0","402","0","0","402","0","0","402","0","0","402","0","0","402","0","0","402","0","0","402","0","0","402","0","0","402","0","0","402","0","0","402","0","0","402","0","0","402","0","0","402","0","0","402","0","0","402","0","0","402","0","0","402","0","0","402","0","0","402","0","0","402","0","0","402","0","0","402","0","0","402","0","0","402","0","0","402","0","0","402","0","0","402","0","0","402","0","0","402","0","0","402","0","0","402","0","0","402","0","0","402","0","0"
,"403","0","0","403","0","0","403","0","0","403","0","0","403","0","0","403","0","0","403","0","0","403","0","0","403","0","0","403","0","0","403","0","0","403","0","0","403","0","0","403","0","0","403","0","0","403","0","0","403","0","0","403","0","0","403","0","0","403","0","0","403","0","0","403","0","0","403","0","0","403","0","0","403","0","0","403","0","0","403","0","0","403","0","0","403","0","0","403","0","0","403","0","0","403","0","0","403","0","0","403","0","0","403","0","0","403","0","0","403","0","0","403","0","0","403","0","0","403","0","0","403","0","0","403","0","0","403","0","0","403","0","0","403","0","0","403","0","0","403","0","0","403","0","0","403","0","0","403","0","0","403","0","0","403","0","0","403","0","0","403","0","0","403","0","0","403","0","0","403","0","0","403","0","0","403","0","0","403","0","0"
,"404","0","0","404","0","0","404","0","0","404","0","0","404","0","0","404","0","0","404","0","0","404","0","0","404","0","0","404","0","0","404","0","0","404","0","0","404","0","0","404","0","0","404","0","0","404","0","0","404","0","0","404","0","0","404","0","0","404","0","0","404","0","0","404","0","0","404","0","0","404","0","0","404","0","0","404","0","0","404","0","0","404","0","0","404","0","0","404","0","0","404","0","0","404","0","0","404","0","0","404","0","0","404","0","0","404","0","0","404","0","0","404","0","0","404","0","0","404","0","0","404","0","0","404","0","0","404","0","0","404","0","0","404","0","0","404","0","0","404","0","0","404","0","0","404","0","0","404","0","0","404","0","0","404","0","0","404","0","0","404","0","0","404","0","0","404","0","0","404","0","0","404","0","0","404","0","0","404","0","0"
,"405","0","0","405","0","0","405","0","0","405","0","0","405","0","0","405","0","0","405","0","0","405","0","0","405","0","0","405","0","0","405","0","0","405","0","0","405","0","0","405","0","0","405","0","0","405","0","0","405","0","0","405","0","0","405","0","0","405","0","0","405","0","0","405","0","0","405","0","0","405","0","0","405","0","0","405","0","0","405","0","0","405","0","0","405","0","0","405","0","0","405","0","0","405","0","0","405","0","0","405","0","0","405","0","0","405","0","0","405","0","0","405","0","0","405","0","0","405","0","0","405","0","0","405","0","0","405","0","0","405","0","0","405","0","0","405","0","0","405","0","0","405","0","0","405","0","0","405","0","0","405","0","0","405","0","0","405","0","0","405","0","0","405","0","0","405","0","0","405","0","0","405","0","0","405","0","0","405","0","0"
,"406","0","0","406","0","0","406","0","0","406","0","0","406","0","0","406","0","0","406","0","0","406","0","0","406","0","0","406","0","0","406","0","0","406","0","0","406","0","0","406","0","0","406","0","0","406","0","0","406","0","0","406","0","0","406","0","0","406","0","0","406","0","0","406","0","0","406","0","0","406","0","0","406","0","0","406","0","0","406","0","0","406","0","0","406","0","0","406","0","0","406","0","0","406","0","0","406","0","0","406","0","0","406","0","0","406","0","0","406","0","0","406","0","0","406","0","0","406","0","0","406","0","0","406","0","0","406","0","0","406","0","0","406","0","0","406","0","0","406","0","0","406","0","0","406","0","0","406","0","0","406","0","0","406","0","0","406","0","0","406","0","0","406","0","0","406","0","0","406","0","0","406","0","0","406","0","0","406","0","0"
,"407","0","0","407","0","0","407","0","0","407","0","0","407","0","0","407","0","0","407","0","0","407","0","0","407","0","0","407","0","0","407","0","0","407","0","0","407","0","0","407","0","0","407","0","0","407","0","0","407","0","0","407","0","0","407","0","0","407","0","0","407","0","0","407","0","0","407","0","0","407","0","0","407","0","0","407","0","0","407","0","0","407","0","0","407","0","0","407","0","0","407","0","0","407","0","0","407","0","0","407","0","0","407","0","0","407","0","0","407","0","0","407","0","0","407","0","0","407","0","0","407","0","0","407","0","0","407","0","0","407","0","0","407","0","0","407","0","0","407","0","0","407","0","0","407","0","0","407","0","0","407","0","0","407","0","0","407","0","0","407","0","0","407","0","0","407","0","0","407","0","0","407","0","0","407","0","0","407","0","0"
,"408","0","0","408","0","0","408","0","0","408","0","0","408","0","0","408","0","0","408","0","0","408","0","0","408","0","0","408","0","0","408","0","0","408","0","0","408","0","0","408","0","0","408","0","0","408","0","0","408","0","0","408","0","0","408","0","0","408","0","0","408","0","0","408","0","0","408","0","0","408","0","0","408","0","0","408","0","0","408","0","0","408","0","0","408","0","0","408","0","0","408","0","0","408","0","0","408","0","0","408","0","0","408","0","0","408","0","0","408","0","0","408","0","0","408","0","0","408","0","0","408","0","0","408","0","0","408","0","0","408","0","0","408","0","0","408","0","0","408","0","0","408","0","0","408","0","0","408","0","0","408","0","0","408","0","0","408","0","0","408","0","0","408","0","0","408","0","0","408","0","0","408","0","0","408","0","0","408","0","0"
,"409","0","0","409","0","0","409","0","0","409","0","0","409","0","0","409","0","0","409","0","0","409","0","0","409","0","0","409","0","0","409","0","0","409","0","0","409","0","0","409","0","0","409","0","0","409","0","0","409","0","0","409","0","0","409","0","0","409","0","0","409","0","0","409","0","0","409","0","0","409","0","0","409","0","0","409","0","0","409","0","0","409","0","0","409","0","0","409","0","0","409","0","0","409","0","0","409","0","0","409","0","0","409","0","0","409","0","0","409","0","0","409","0","0","409","0","0","409","0","0","409","0","0","409","0","0","409","0","0","409","0","0","409","0","0","409","0","0","409","0","0","409","0","0","409","0","0","409","0","0","409","0","0","409","0","0","409","0","0","409","0","0","409","0","0","409","0","0","409","0","0","409","0","0","409","0","0","409","0","0"
,"410","0","0","410","0","0","410","0","0","410","0","0","410","0","0","410","0","0","410","0","0","410","0","0","410","0","0","410","0","0","410","0","0","410","0","0","410","0","0","410","0","0","410","0","0","410","0","0","410","0","0","410","0","0","410","0","0","410","0","0","410","0","0","410","0","0","410","0","0","410","0","0","410","0","0","410","0","0","410","0","0","410","0","0","410","0","0","410","0","0","410","0","0","410","0","0","410","0","0","410","0","0","410","0","0","410","0","0","410","0","0","410","0","0","410","0","0","410","0","0","410","0","0","410","0","0","410","0","0","410","0","0","410","0","0","410","0","0","410","0","0","410","0","0","410","0","0","410","0","0","410","0","0","410","0","0","410","0","0","410","0","0","410","0","0","410","0","0","410","0","0","410","0","0","410","0","0","410","0","0"
,"411","0","0","411","0","0","411","0","0","411","0","0","411","0","0","411","0","0","411","0","0","411","0","0","411","0","0","411","0","0","411","0","0","411","0","0","411","0","0","411","0","0","411","0","0","411","0","0","411","0","0","411","0","0","411","0","0","411","0","0","411","0","0","411","0","0","411","0","0","411","0","0","411","0","0","411","0","0","411","0","0","411","0","0","411","0","0","411","0","0","411","0","0","411","0","0","411","0","0","411","0","0","411","0","0","411","0","0","411","0","0","411","0","0","411","0","0","411","0","0","411","0","0","411","0","0","411","0","0","411","0","0","411","0","0","411","0","0","411","0","0","411","0","0","411","0","0","411","0","0","411","0","0","411","0","0","411","0","0","411","0","0","411","0","0","411","0","0","411","0","0","411","0","0","411","0","0","411","0","0"
,"412","0","0","412","0","0","412","0","0","412","0","0","412","0","0","412","0","0","412","0","0","412","0","0","412","0","0","412","0","0","412","0","0","412","0","0","412","0","0","412","0","0","412","0","0","412","0","0","412","0","0","412","0","0","412","0","0","412","0","0","412","0","0","412","0","0","412","0","0","412","0","0","412","0","0","412","0","0","412","0","0","412","0","0","412","0","0","412","0","0","412","0","0","412","0","0","412","0","0","412","0","0","412","0","0","412","0","0","412","0","0","412","0","0","412","0","0","412","0","0","412","0","0","412","0","0","412","0","0","412","0","0","412","0","0","412","0","0","412","0","0","412","0","0","412","0","0","412","0","0","412","0","0","412","0","0","412","0","0","412","0","0","412","0","0","412","0","0","412","0","0","412","0","0","412","0","0","412","0","0"
,"413","0","0","413","0","0","413","0","0","413","0","0","413","0","0","413","0","0","413","0","0","413","0","0","413","0","0","413","0","0","413","0","0","413","0","0","413","0","0","413","0","0","413","0","0","413","0","0","413","0","0","413","0","0","413","0","0","413","0","0","413","0","0","413","0","0","413","0","0","413","0","0","413","0","0","413","0","0","413","0","0","413","0","0","413","0","0","413","0","0","413","0","0","413","0","0","413","0","0","413","0","0","413","0","0","413","0","0","413","0","0","413","0","0","413","0","0","413","0","0","413","0","0","413","0","0","413","0","0","413","0","0","413","0","0","413","0","0","413","0","0","413","0","0","413","0","0","413","0","0","413","0","0","413","0","0","413","0","0","413","0","0","413","0","0","413","0","0","413","0","0","413","0","0","413","0","0","413","0","0"
,"414","0","0","414","0","0","414","0","0","414","0","0","414","0","0","414","0","0","414","0","0","414","0","0","414","0","0","414","0","0","414","0","0","414","0","0","414","0","0","414","0","0","414","0","0","414","0","0","414","0","0","414","0","0","414","0","0","414","0","0","414","0","0","414","0","0","414","0","0","414","0","0","414","0","0","414","0","0","414","0","0","414","0","0","414","0","0","414","0","0","414","0","0","414","0","0","414","0","0","414","0","0","414","0","0","414","0","0","414","0","0","414","0","0","414","0","0","414","0","0","414","0","0","414","0","0","414","0","0","414","0","0","414","0","0","414","0","0","414","0","0","414","0","0","414","0","0","414","0","0","414","0","0","414","0","0","414","0","0","414","0","0","414","0","0","414","0","0","414","0","0","414","0","0","414","0","0","414","0","0"
,"415","0","0","415","0","0","415","0","0","415","0","0","415","0","0","415","0","0","415","0","0","415","0","0","415","0","0","415","0","0","415","0","0","415","0","0","415","0","0","415","0","0","415","0","0","415","0","0","415","0","0","415","0","0","415","0","0","415","0","0","415","0","0","415","0","0","415","0","0","415","0","0","415","0","0","415","0","0","415","0","0","415","0","0","415","0","0","415","0","0","415","0","0","415","0","0","415","0","0","415","0","0","415","0","0","415","0","0","415","0","0","415","0","0","415","0","0","415","0","0","415","0","0","415","0","0","415","0","0","415","0","0","415","0","0","415","0","0","415","0","0","415","0","0","415","0","0","415","0","0","415","0","0","415","0","0","415","0","0","415","0","0","415","0","0","415","0","0","415","0","0","415","0","0","415","0","0","415","0","0"
,"416","0","0","416","0","0","416","0","0","416","0","0","416","0","0","416","0","0","416","0","0","416","0","0","416","0","0","416","0","0","416","0","0","416","0","0","416","0","0","416","0","0","416","0","0","416","0","0","416","0","0","416","0","0","416","0","0","416","0","0","416","0","0","416","0","0","416","0","0","416","0","0","416","0","0","416","0","0","416","0","0","416","0","0","416","0","0","416","0","0","416","0","0","416","0","0","416","0","0","416","0","0","416","0","0","416","0","0","416","0","0","416","0","0","416","0","0","416","0","0","416","0","0","416","0","0","416","0","0","416","0","0","416","0","0","416","0","0","416","0","0","416","0","0","416","0","0","416","0","0","416","0","0","416","0","0","416","0","0","416","0","0","416","0","0","416","0","0","416","0","0","416","0","0","416","0","0","416","0","0"
,"417","0","0","417","0","0","417","0","0","417","0","0","417","0","0","417","0","0","417","0","0","417","0","0","417","0","0","417","0","0","417","0","0","417","0","0","417","0","0","417","0","0","417","0","0","417","0","0","417","0","0","417","0","0","417","0","0","417","0","0","417","0","0","417","0","0","417","0","0","417","0","0","417","0","0","417","0","0","417","0","0","417","0","0","417","0","0","417","0","0","417","0","0","417","0","0","417","0","0","417","0","0","417","0","0","417","0","0","417","0","0","417","0","0","417","0","0","417","0","0","417","0","0","417","0","0","417","0","0","417","0","0","417","0","0","417","0","0","417","0","0","417","0","0","417","0","0","417","0","0","417","0","0","417","0","0","417","0","0","417","0","0","417","0","0","417","0","0","417","0","0","417","0","0","417","0","0","417","0","0"
,"418","0","0","418","0","0","418","0","0","418","0","0","418","0","0","418","0","0","418","0","0","418","0","0","418","0","0","418","0","0","418","0","0","418","0","0","418","0","0","418","0","0","418","0","0","418","0","0","418","0","0","418","0","0","418","0","0","418","0","0","418","0","0","418","0","0","418","0","0","418","0","0","418","0","0","418","0","0","418","0","0","418","0","0","418","0","0","418","0","0","418","0","0","418","0","0","418","0","0","418","0","0","418","0","0","418","0","0","418","0","0","418","0","0","418","0","0","418","0","0","418","0","0","418","0","0","418","0","0","418","0","0","418","0","0","418","0","0","418","0","0","418","0","0","418","0","0","418","0","0","418","0","0","418","0","0","418","0","0","418","0","0","418","0","0","418","0","0","418","0","0","418","0","0","418","0","0","418","0","0"
,"419","0","0","419","0","0","419","0","0","419","0","0","419","0","0","419","0","0","419","0","0","419","0","0","419","0","0","419","0","0","419","0","0","419","0","0","419","0","0","419","0","0","419","0","0","419","0","0","419","0","0","419","0","0","419","0","0","419","0","0","419","0","0","419","0","0","419","0","0","419","0","0","419","0","0","419","0","0","419","0","0","419","0","0","419","0","0","419","0","0","419","0","0","419","0","0","419","0","0","419","0","0","419","0","0","419","0","0","419","0","0","419","0","0","419","0","0","419","0","0","419","0","0","419","0","0","419","0","0","419","0","0","419","0","0","419","0","0","419","0","0","419","0","0","419","0","0","419","0","0","419","0","0","419","0","0","419","0","0","419","0","0","419","0","0","419","0","0","419","0","0","419","0","0","419","0","0","419","0","0"
,"420","0","0","420","0","0","420","0","0","420","0","0","420","0","0","420","0","0","420","0","0","420","0","0","420","0","0","420","0","0","420","0","0","420","0","0","420","0","0","420","0","0","420","0","0","420","0","0","420","0","0","420","0","0","420","0","0","420","0","0","420","0","0","420","0","0","420","0","0","420","0","0","420","0","0","420","0","0","420","0","0","420","0","0","420","0","0","420","0","0","420","0","0","420","0","0","420","0","0","420","0","0","420","0","0","420","0","0","420","0","0","420","0","0","420","0","0","420","0","0","420","0","0","420","0","0","420","0","0","420","0","0","420","0","0","420","0","0","420","0","0","420","0","0","420","0","0","420","0","0","420","0","0","420","0","0","420","0","0","420","0","0","420","0","0","420","0","0","420","0","0","420","0","0","420","0","0","420","0","0"
,"421","0","0","421","0","0","421","0","0","421","0","0","421","0","0","421","0","0","421","0","0","421","0","0","421","0","0","421","0","0","421","0","0","421","0","0","421","0","0","421","0","0","421","0","0","421","0","0","421","0","0","421","0","0","421","0","0","421","0","0","421","0","0","421","0","0","421","0","0","421","0","0","421","0","0","421","0","0","421","0","0","421","0","0","421","0","0","421","0","0","421","0","0","421","0","0","421","0","0","421","0","0","421","0","0","421","0","0","421","0","0","421","0","0","421","0","0","421","0","0","421","0","0","421","0","0","421","0","0","421","0","0","421","0","0","421","0","0","421","0","0","421","0","0","421","0","0","421","0","0","421","0","0","421","0","0","421","0","0","421","0","0","421","0","0","421","0","0","421","0","0","421","0","0","421","0","0","421","0","0"
,"422","0","0","422","0","0","422","0","0","422","0","0","422","0","0","422","0","0","422","0","0","422","0","0","422","0","0","422","0","0","422","0","0","422","0","0","422","0","0","422","0","0","422","0","0","422","0","0","422","0","0","422","0","0","422","0","0","422","0","0","422","0","0","422","0","0","422","0","0","422","0","0","422","0","0","422","0","0","422","0","0","422","0","0","422","0","0","422","0","0","422","0","0","422","0","0","422","0","0","422","0","0","422","0","0","422","0","0","422","0","0","422","0","0","422","0","0","422","0","0","422","0","0","422","0","0","422","0","0","422","0","0","422","0","0","422","0","0","422","0","0","422","0","0","422","0","0","422","0","0","422","0","0","422","0","0","422","0","0","422","0","0","422","0","0","422","0","0","422","0","0","422","0","0","422","0","0","422","0","0"
,"423","0","0","423","0","0","423","0","0","423","0","0","423","0","0","423","0","0","423","0","0","423","0","0","423","0","0","423","0","0","423","0","0","423","0","0","423","0","0","423","0","0","423","0","0","423","0","0","423","0","0","423","0","0","423","0","0","423","0","0","423","0","0","423","0","0","423","0","0","423","0","0","423","0","0","423","0","0","423","0","0","423","0","0","423","0","0","423","0","0","423","0","0","423","0","0","423","0","0","423","0","0","423","0","0","423","0","0","423","0","0","423","0","0","423","0","0","423","0","0","423","0","0","423","0","0","423","0","0","423","0","0","423","0","0","423","0","0","423","0","0","423","0","0","423","0","0","423","0","0","423","0","0","423","0","0","423","0","0","423","0","0","423","0","0","423","0","0","423","0","0","423","0","0","423","0","0","423","0","0"
,"424","0","0","424","0","0","424","0","0","424","0","0","424","0","0","424","0","0","424","0","0","424","0","0","424","0","0","424","0","0","424","0","0","424","0","0","424","0","0","424","0","0","424","0","0","424","0","0","424","0","0","424","0","0","424","0","0","424","0","0","424","0","0","424","0","0","424","0","0","424","0","0","424","0","0","424","0","0","424","0","0","424","0","0","424","0","0","424","0","0","424","0","0","424","0","0","424","0","0","424","0","0","424","0","0","424","0","0","424","0","0","424","0","0","424","0","0","424","0","0","424","0","0","424","0","0","424","0","0","424","0","0","424","0","0","424","0","0","424","0","0","424","0","0","424","0","0","424","0","0","424","0","0","424","0","0","424","0","0","424","0","0","424","0","0","424","0","0","424","0","0","424","0","0","424","0","0","424","0","0"
,"425","0","0","425","0","0","425","0","0","425","0","0","425","0","0","425","0","0","425","0","0","425","0","0","425","0","0","425","0","0","425","0","0","425","0","0","425","0","0","425","0","0","425","0","0","425","0","0","425","0","0","425","0","0","425","0","0","425","0","0","425","0","0","425","0","0","425","0","0","425","0","0","425","0","0","425","0","0","425","0","0","425","0","0","425","0","0","425","0","0","425","0","0","425","0","0","425","0","0","425","0","0","425","0","0","425","0","0","425","0","0","425","0","0","425","0","0","425","0","0","425","0","0","425","0","0","425","0","0","425","0","0","425","0","0","425","0","0","425","0","0","425","0","0","425","0","0","425","0","0","425","0","0","425","0","0","425","0","0","425","0","0","425","0","0","425","0","0","425","0","0","425","0","0","425","0","0","425","0","0"
,"426","0","0","426","0","0","426","0","0","426","0","0","426","0","0","426","0","0","426","0","0","426","0","0","426","0","0","426","0","0","426","0","0","426","0","0","426","0","0","426","0","0","426","0","0","426","0","0","426","0","0","426","0","0","426","0","0","426","0","0","426","0","0","426","0","0","426","0","0","426","0","0","426","0","0","426","0","0","426","0","0","426","0","0","426","0","0","426","0","0","426","0","0","426","0","0","426","0","0","426","0","0","426","0","0","426","0","0","426","0","0","426","0","0","426","0","0","426","0","0","426","0","0","426","0","0","426","0","0","426","0","0","426","0","0","426","0","0","426","0","0","426","0","0","426","0","0","426","0","0","426","0","0","426","0","0","426","0","0","426","0","0","426","0","0","426","0","0","426","0","0","426","0","0","426","0","0","426","0","0"
,"427","0","0","427","0","0","427","0","0","427","0","0","427","0","0","427","0","0","427","0","0","427","0","0","427","0","0","427","0","0","427","0","0","427","0","0","427","0","0","427","0","0","427","0","0","427","0","0","427","0","0","427","0","0","427","0","0","427","0","0","427","0","0","427","0","0","427","0","0","427","0","0","427","0","0","427","0","0","427","0","0","427","0","0","427","0","0","427","0","0","427","0","0","427","0","0","427","0","0","427","0","0","427","0","0","427","0","0","427","0","0","427","0","0","427","0","0","427","0","0","427","0","0","427","0","0","427","0","0","427","0","0","427","0","0","427","0","0","427","0","0","427","0","0","427","0","0","427","0","0","427","0","0","427","0","0","427","0","0","427","0","0","427","0","0","427","0","0","427","0","0","427","0","0","427","0","0","427","0","0"
,"428","0","0","428","0","0","428","0","0","428","0","0","428","0","0","428","0","0","428","0","0","428","0","0","428","0","0","428","0","0","428","0","0","428","0","0","428","0","0","428","0","0","428","0","0","428","0","0","428","0","0","428","0","0","428","0","0","428","0","0","428","0","0","428","0","0","428","0","0","428","0","0","428","0","0","428","0","0","428","0","0","428","0","0","428","0","0","428","0","0","428","0","0","428","0","0","428","0","0","428","0","0","428","0","0","428","0","0","428","0","0","428","0","0","428","0","0","428","0","0","428","0","0","428","0","0","428","0","0","428","0","0","428","0","0","428","0","0","428","0","0","428","0","0","428","0","0","428","0","0","428","0","0","428","0","0","428","0","0","428","0","0","428","0","0","428","0","0","428","0","0","428","0","0","428","0","0","428","0","0"
,"429","0","0","429","0","0","429","0","0","429","0","0","429","0","0","429","0","0","429","0","0","429","0","0","429","0","0","429","0","0","429","0","0","429","0","0","429","0","0","429","0","0","429","0","0","429","0","0","429","0","0","429","0","0","429","0","0","429","0","0","429","0","0","429","0","0","429","0","0","429","0","0","429","0","0","429","0","0","429","0","0","429","0","0","429","0","0","429","0","0","429","0","0","429","0","0","429","0","0","429","0","0","429","0","0","429","0","0","429","0","0","429","0","0","429","0","0","429","0","0","429","0","0","429","0","0","429","0","0","429","0","0","429","0","0","429","0","0","429","0","0","429","0","0","429","0","0","429","0","0","429","0","0","429","0","0","429","0","0","429","0","0","429","0","0","429","0","0","429","0","0","429","0","0","429","0","0","429","0","0"
,"430","0","0","430","0","0","430","0","0","430","0","0","430","0","0","430","0","0","430","0","0","430","0","0","430","0","0","430","0","0","430","0","0","430","0","0","430","0","0","430","0","0","430","0","0","430","0","0","430","0","0","430","0","0","430","0","0","430","0","0","430","0","0","430","0","0","430","0","0","430","0","0","430","0","0","430","0","0","430","0","0","430","0","0","430","0","0","430","0","0","430","0","0","430","0","0","430","0","0","430","0","0","430","0","0","430","0","0","430","0","0","430","0","0","430","0","0","430","0","0","430","0","0","430","0","0","430","0","0","430","0","0","430","0","0","430","0","0","430","0","0","430","0","0","430","0","0","430","0","0","430","0","0","430","0","0","430","0","0","430","0","0","430","0","0","430","0","0","430","0","0","430","0","0","430","0","0","430","0","0"
,"431","0","0","431","0","0","431","0","0","431","0","0","431","0","0","431","0","0","431","0","0","431","0","0","431","0","0","431","0","0","431","0","0","431","0","0","431","0","0","431","0","0","431","0","0","431","0","0","431","0","0","431","0","0","431","0","0","431","0","0","431","0","0","431","0","0","431","0","0","431","0","0","431","0","0","431","0","0","431","0","0","431","0","0","431","0","0","431","0","0","431","0","0","431","0","0","431","0","0","431","0","0","431","0","0","431","0","0","431","0","0","431","0","0","431","0","0","431","0","0","431","0","0","431","0","0","431","0","0","431","0","0","431","0","0","431","0","0","431","0","0","431","0","0","431","0","0","431","0","0","431","0","0","431","0","0","431","0","0","431","0","0","431","0","0","431","0","0","431","0","0","431","0","0","431","0","0","431","0","0"
,"432","0","0","432","0","0","432","0","0","432","0","0","432","0","0","432","0","0","432","0","0","432","0","0","432","0","0","432","0","0","432","0","0","432","0","0","432","0","0","432","0","0","432","0","0","432","0","0","432","0","0","432","0","0","432","0","0","432","0","0","432","0","0","432","0","0","432","0","0","432","0","0","432","0","0","432","0","0","432","0","0","432","0","0","432","0","0","432","0","0","432","0","0","432","0","0","432","0","0","432","0","0","432","0","0","432","0","0","432","0","0","432","0","0","432","0","0","432","0","0","432","0","0","432","0","0","432","0","0","432","0","0","432","0","0","432","0","0","432","0","0","432","0","0","432","0","0","432","0","0","432","0","0","432","0","0","432","0","0","432","0","0","432","0","0","432","0","0","432","0","0","432","0","0","432","0","0","432","0","0"
,"433","0","0","433","0","0","433","0","0","433","0","0","433","0","0","433","0","0","433","0","0","433","0","0","433","0","0","433","0","0","433","0","0","433","0","0","433","0","0","433","0","0","433","0","0","433","0","0","433","0","0","433","0","0","433","0","0","433","0","0","433","0","0","433","0","0","433","0","0","433","0","0","433","0","0","433","0","0","433","0","0","433","0","0","433","0","0","433","0","0","433","0","0","433","0","0","433","0","0","433","0","0","433","0","0","433","0","0","433","0","0","433","0","0","433","0","0","433","0","0","433","0","0","433","0","0","433","0","0","433","0","0","433","0","0","433","0","0","433","0","0","433","0","0","433","0","0","433","0","0","433","0","0","433","0","0","433","0","0","433","0","0","433","0","0","433","0","0","433","0","0","433","0","0","433","0","0","433","0","0"
,"434","0","0","434","0","0","434","0","0","434","0","0","434","0","0","434","0","0","434","0","0","434","0","0","434","0","0","434","0","0","434","0","0","434","0","0","434","0","0","434","0","0","434","0","0","434","0","0","434","0","0","434","0","0","434","0","0","434","0","0","434","0","0","434","0","0","434","0","0","434","0","0","434","0","0","434","0","0","434","0","0","434","0","0","434","0","0","434","0","0","434","0","0","434","0","0","434","0","0","434","0","0","434","0","0","434","0","0","434","0","0","434","0","0","434","0","0","434","0","0","434","0","0","434","0","0","434","0","0","434","0","0","434","0","0","434","0","0","434","0","0","434","0","0","434","0","0","434","0","0","434","0","0","434","0","0","434","0","0","434","0","0","434","0","0","434","0","0","434","0","0","434","0","0","434","0","0","434","0","0"
,"435","0","0","435","0","0","435","0","0","435","0","0","435","0","0","435","0","0","435","0","0","435","0","0","435","0","0","435","0","0","435","0","0","435","0","0","435","0","0","435","0","0","435","0","0","435","0","0","435","0","0","435","0","0","435","0","0","435","0","0","435","0","0","435","0","0","435","0","0","435","0","0","435","0","0","435","0","0","435","0","0","435","0","0","435","0","0","435","0","0","435","0","0","435","0","0","435","0","0","435","0","0","435","0","0","435","0","0","435","0","0","435","0","0","435","0","0","435","0","0","435","0","0","435","0","0","435","0","0","435","0","0","435","0","0","435","0","0","435","0","0","435","0","0","435","0","0","435","0","0","435","0","0","435","0","0","435","0","0","435","0","0","435","0","0","435","0","0","435","0","0","435","0","0","435","0","0","435","0","0"
,"436","0","0","436","0","0","436","0","0","436","0","0","436","0","0","436","0","0","436","0","0","436","0","0","436","0","0","436","0","0","436","0","0","436","0","0","436","0","0","436","0","0","436","0","0","436","0","0","436","0","0","436","0","0","436","0","0","436","0","0","436","0","0","436","0","0","436","0","0","436","0","0","436","0","0","436","0","0","436","0","0","436","0","0","436","0","0","436","0","0","436","0","0","436","0","0","436","0","0","436","0","0","436","0","0","436","0","0","436","0","0","436","0","0","436","0","0","436","0","0","436","0","0","436","0","0","436","0","0","436","0","0","436","0","0","436","0","0","436","0","0","436","0","0","436","0","0","436","0","0","436","0","0","436","0","0","436","0","0","436","0","0","436","0","0","436","0","0","436","0","0","436","0","0","436","0","0","436","0","0"
,"437","0","0","437","0","0","437","0","0","437","0","0","437","0","0","437","0","0","437","0","0","437","0","0","437","0","0","437","0","0","437","0","0","437","0","0","437","0","0","437","0","0","437","0","0","437","0","0","437","0","0","437","0","0","437","0","0","437","0","0","437","0","0","437","0","0","437","0","0","437","0","0","437","0","0","437","0","0","437","0","0","437","0","0","437","0","0","437","0","0","437","0","0","437","0","0","437","0","0","437","0","0","437","0","0","437","0","0","437","0","0","437","0","0","437","0","0","437","0","0","437","0","0","437","0","0","437","0","0","437","0","0","437","0","0","437","0","0","437","0","0","437","0","0","437","0","0","437","0","0","437","0","0","437","0","0","437","0","0","437","0","0","437","0","0","437","0","0","437","0","0","437","0","0","437","0","0","437","0","0"
,"438","0","0","438","0","0","438","0","0","438","0","0","438","0","0","438","0","0","438","0","0","438","0","0","438","0","0","438","0","0","438","0","0","438","0","0","438","0","0","438","0","0","438","0","0","438","0","0","438","0","0","438","0","0","438","0","0","438","0","0","438","0","0","438","0","0","438","0","0","438","0","0","438","0","0","438","0","0","438","0","0","438","0","0","438","0","0","438","0","0","438","0","0","438","0","0","438","0","0","438","0","0","438","0","0","438","0","0","438","0","0","438","0","0","438","0","0","438","0","0","438","0","0","438","0","0","438","0","0","438","0","0","438","0","0","438","0","0","438","0","0","438","0","0","438","0","0","438","0","0","438","0","0","438","0","0","438","0","0","438","0","0","438","0","0","438","0","0","438","0","0","438","0","0","438","0","0","438","0","0"
,"439","0","0","439","0","0","439","0","0","439","0","0","439","0","0","439","0","0","439","0","0","439","0","0","439","0","0","439","0","0","439","0","0","439","0","0","439","0","0","439","0","0","439","0","0","439","0","0","439","0","0","439","0","0","439","0","0","439","0","0","439","0","0","439","0","0","439","0","0","439","0","0","439","0","0","439","0","0","439","0","0","439","0","0","439","0","0","439","0","0","439","0","0","439","0","0","439","0","0","439","0","0","439","0","0","439","0","0","439","0","0","439","0","0","439","0","0","439","0","0","439","0","0","439","0","0","439","0","0","439","0","0","439","0","0","439","0","0","439","0","0","439","0","0","439","0","0","439","0","0","439","0","0","439","0","0","439","0","0","439","0","0","439","0","0","439","0","0","439","0","0","439","0","0","439","0","0","439","0","0"
,"440","0","0","440","0","0","440","0","0","440","0","0","440","0","0","440","0","0","440","0","0","440","0","0","440","0","0","440","0","0","440","0","0","440","0","0","440","0","0","440","0","0","440","0","0","440","0","0","440","0","0","440","0","0","440","0","0","440","0","0","440","0","0","440","0","0","440","0","0","440","0","0","440","0","0","440","0","0","440","0","0","440","0","0","440","0","0","440","0","0","440","0","0","440","0","0","440","0","0","440","0","0","440","0","0","440","0","0","440","0","0","440","0","0","440","0","0","440","0","0","440","0","0","440","0","0","440","0","0","440","0","0","440","0","0","440","0","0","440","0","0","440","0","0","440","0","0","440","0","0","440","0","0","440","0","0","440","0","0","440","0","0","440","0","0","440","0","0","440","0","0","440","0","0","440","0","0","440","0","0"
,"441","0","0","441","0","0","441","0","0","441","0","0","441","0","0","441","0","0","441","0","0","441","0","0","441","0","0","441","0","0","441","0","0","441","0","0","441","0","0","441","0","0","441","0","0","441","0","0","441","0","0","441","0","0","441","0","0","441","0","0","441","0","0","441","0","0","441","0","0","441","0","0","441","0","0","441","0","0","441","0","0","441","0","0","441","0","0","441","0","0","441","0","0","441","0","0","441","0","0","441","0","0","441","0","0","441","0","0","441","0","0","441","0","0","441","0","0","441","0","0","441","0","0","441","0","0","441","0","0","441","0","0","441","0","0","441","0","0","441","0","0","441","0","0","441","0","0","441","0","0","441","0","0","441","0","0","441","0","0","441","0","0","441","0","0","441","0","0","441","0","0","441","0","0","441","0","0","441","0","0"
,"442","0","0","442","0","0","442","0","0","442","0","0","442","0","0","442","0","0","442","0","0","442","0","0","442","0","0","442","0","0","442","0","0","442","0","0","442","0","0","442","0","0","442","0","0","442","0","0","442","0","0","442","0","0","442","0","0","442","0","0","442","0","0","442","0","0","442","0","0","442","0","0","442","0","0","442","0","0","442","0","0","442","0","0","442","0","0","442","0","0","442","0","0","442","0","0","442","0","0","442","0","0","442","0","0","442","0","0","442","0","0","442","0","0","442","0","0","442","0","0","442","0","0","442","0","0","442","0","0","442","0","0","442","0","0","442","0","0","442","0","0","442","0","0","442","0","0","442","0","0","442","0","0","442","0","0","442","0","0","442","0","0","442","0","0","442","0","0","442","0","0","442","0","0","442","0","0","442","0","0"
,"443","0","0","443","0","0","443","0","0","443","0","0","443","0","0","443","0","0","443","0","0","443","0","0","443","0","0","443","0","0","443","0","0","443","0","0","443","0","0","443","0","0","443","0","0","443","0","0","443","0","0","443","0","0","443","0","0","443","0","0","443","0","0","443","0","0","443","0","0","443","0","0","443","0","0","443","0","0","443","0","0","443","0","0","443","0","0","443","0","0","443","0","0","443","0","0","443","0","0","443","0","0","443","0","0","443","0","0","443","0","0","443","0","0","443","0","0","443","0","0","443","0","0","443","0","0","443","0","0","443","0","0","443","0","0","443","0","0","443","0","0","443","0","0","443","0","0","443","0","0","443","0","0","443","0","0","443","0","0","443","0","0","443","0","0","443","0","0","443","0","0","443","0","0","443","0","0","443","0","0"
,"444","0","0","444","0","0","444","0","0","444","0","0","444","0","0","444","0","0","444","0","0","444","0","0","444","0","0","444","0","0","444","0","0","444","0","0","444","0","0","444","0","0","444","0","0","444","0","0","444","0","0","444","0","0","444","0","0","444","0","0","444","0","0","444","0","0","444","0","0","444","0","0","444","0","0","444","0","0","444","0","0","444","0","0","444","0","0","444","0","0","444","0","0","444","0","0","444","0","0","444","0","0","444","0","0","444","0","0","444","0","0","444","0","0","444","0","0","444","0","0","444","0","0","444","0","0","444","0","0","444","0","0","444","0","0","444","0","0","444","0","0","444","0","0","444","0","0","444","0","0","444","0","0","444","0","0","444","0","0","444","0","0","444","0","0","444","0","0","444","0","0","444","0","0","444","0","0","444","0","0"
,"445","0","0","445","0","0","445","0","0","445","0","0","445","0","0","445","0","0","445","0","0","445","0","0","445","0","0","445","0","0","445","0","0","445","0","0","445","0","0","445","0","0","445","0","0","445","0","0","445","0","0","445","0","0","445","0","0","445","0","0","445","0","0","445","0","0","445","0","0","445","0","0","445","0","0","445","0","0","445","0","0","445","0","0","445","0","0","445","0","0","445","0","0","445","0","0","445","0","0","445","0","0","445","0","0","445","0","0","445","0","0","445","0","0","445","0","0","445","0","0","445","0","0","445","0","0","445","0","0","445","0","0","445","0","0","445","0","0","445","0","0","445","0","0","445","0","0","445","0","0","445","0","0","445","0","0","445","0","0","445","0","0","445","0","0","445","0","0","445","0","0","445","0","0","445","0","0","445","0","0"
,"446","0","0","446","0","0","446","0","0","446","0","0","446","0","0","446","0","0","446","0","0","446","0","0","446","0","0","446","0","0","446","0","0","446","0","0","446","0","0","446","0","0","446","0","0","446","0","0","446","0","0","446","0","0","446","0","0","446","0","0","446","0","0","446","0","0","446","0","0","446","0","0","446","0","0","446","0","0","446","0","0","446","0","0","446","0","0","446","0","0","446","0","0","446","0","0","446","0","0","446","0","0","446","0","0","446","0","0","446","0","0","446","0","0","446","0","0","446","0","0","446","0","0","446","0","0","446","0","0","446","0","0","446","0","0","446","0","0","446","0","0","446","0","0","446","0","0","446","0","0","446","0","0","446","0","0","446","0","0","446","0","0","446","0","0","446","0","0","446","0","0","446","0","0","446","0","0","446","0","0"
,"447","0","0","447","0","0","447","0","0","447","0","0","447","0","0","447","0","0","447","0","0","447","0","0","447","0","0","447","0","0","447","0","0","447","0","0","447","0","0","447","0","0","447","0","0","447","0","0","447","0","0","447","0","0","447","0","0","447","0","0","447","0","0","447","0","0","447","0","0","447","0","0","447","0","0","447","0","0","447","0","0","447","0","0","447","0","0","447","0","0","447","0","0","447","0","0","447","0","0","447","0","0","447","0","0","447","0","0","447","0","0","447","0","0","447","0","0","447","0","0","447","0","0","447","0","0","447","0","0","447","0","0","447","0","0","447","0","0","447","0","0","447","0","0","447","0","0","447","0","0","447","0","0","447","0","0","447","0","0","447","0","0","447","0","0","447","0","0","447","0","0","447","0","0","447","0","0","447","0","0"
,"448","0","0","448","0","0","448","0","0","448","0","0","448","0","0","448","0","0","448","0","0","448","0","0","448","0","0","448","0","0","448","0","0","448","0","0","448","0","0","448","0","0","448","0","0","448","0","0","448","0","0","448","0","0","448","0","0","448","0","0","448","0","0","448","0","0","448","0","0","448","0","0","448","0","0","448","0","0","448","0","0","448","0","0","448","0","0","448","0","0","448","0","0","448","0","0","448","0","0","448","0","0","448","0","0","448","0","0","448","0","0","448","0","0","448","0","0","448","0","0","448","0","0","448","0","0","448","0","0","448","0","0","448","0","0","448","0","0","448","0","0","448","0","0","448","0","0","448","0","0","448","0","0","448","0","0","448","0","0","448","0","0","448","0","0","448","0","0","448","0","0","448","0","0","448","0","0","448","0","0"
,"449","0","0","449","0","0","449","0","0","449","0","0","449","0","0","449","0","0","449","0","0","449","0","0","449","0","0","449","0","0","449","0","0","449","0","0","449","0","0","449","0","0","449","0","0","449","0","0","449","0","0","449","0","0","449","0","0","449","0","0","449","0","0","449","0","0","449","0","0","449","0","0","449","0","0","449","0","0","449","0","0","449","0","0","449","0","0","449","0","0","449","0","0","449","0","0","449","0","0","449","0","0","449","0","0","449","0","0","449","0","0","449","0","0","449","0","0","449","0","0","449","0","0","449","0","0","449","0","0","449","0","0","449","0","0","449","0","0","449","0","0","449","0","0","449","0","0","449","0","0","449","0","0","449","0","0","449","0","0","449","0","0","449","0","0","449","0","0","449","0","0","449","0","0","449","0","0","449","0","0"
,"450","0","0","450","0","0","450","0","0","450","0","0","450","0","0","450","0","0","450","0","0","450","0","0","450","0","0","450","0","0","450","0","0","450","0","0","450","0","0","450","0","0","450","0","0","450","0","0","450","0","0","450","0","0","450","0","0","450","0","0","450","0","0","450","0","0","450","0","0","450","0","0","450","0","0","450","0","0","450","0","0","450","0","0","450","0","0","450","0","0","450","0","0","450","0","0","450","0","0","450","0","0","450","0","0","450","0","0","450","0","0","450","0","0","450","0","0","450","0","0","450","0","0","450","0","0","450","0","0","450","0","0","450","0","0","450","0","0","450","0","0","450","0","0","450","0","0","450","0","0","450","0","0","450","0","0","450","0","0","450","0","0","450","0","0","450","0","0","450","0","0","450","0","0","450","0","0","450","0","0"
,"451","0","0","451","0","0","451","0","0","451","0","0","451","0","0","451","0","0","451","0","0","451","0","0","451","0","0","451","0","0","451","0","0","451","0","0","451","0","0","451","0","0","451","0","0","451","0","0","451","0","0","451","0","0","451","0","0","451","0","0","451","0","0","451","0","0","451","0","0","451","0","0","451","0","0","451","0","0","451","0","0","451","0","0","451","0","0","451","0","0","451","0","0","451","0","0","451","0","0","451","0","0","451","0","0","451","0","0","451","0","0","451","0","0","451","0","0","451","0","0","451","0","0","451","0","0","451","0","0","451","0","0","451","0","0","451","0","0","451","0","0","451","0","0","451","0","0","451","0","0","451","0","0","451","0","0","451","0","0","451","0","0","451","0","0","451","0","0","451","0","0","451","0","0","451","0","0","451","0","0"
,"452","0","0","452","0","0","452","0","0","452","0","0","452","0","0","452","0","0","452","0","0","452","0","0","452","0","0","452","0","0","452","0","0","452","0","0","452","0","0","452","0","0","452","0","0","452","0","0","452","0","0","452","0","0","452","0","0","452","0","0","452","0","0","452","0","0","452","0","0","452","0","0","452","0","0","452","0","0","452","0","0","452","0","0","452","0","0","452","0","0","452","0","0","452","0","0","452","0","0","452","0","0","452","0","0","452","0","0","452","0","0","452","0","0","452","0","0","452","0","0","452","0","0","452","0","0","452","0","0","452","0","0","452","0","0","452","0","0","452","0","0","452","0","0","452","0","0","452","0","0","452","0","0","452","0","0","452","0","0","452","0","0","452","0","0","452","0","0","452","0","0","452","0","0","452","0","0","452","0","0"
,"453","0","0","453","0","0","453","0","0","453","0","0","453","0","0","453","0","0","453","0","0","453","0","0","453","0","0","453","0","0","453","0","0","453","0","0","453","0","0","453","0","0","453","0","0","453","0","0","453","0","0","453","0","0","453","0","0","453","0","0","453","0","0","453","0","0","453","0","0","453","0","0","453","0","0","453","0","0","453","0","0","453","0","0","453","0","0","453","0","0","453","0","0","453","0","0","453","0","0","453","0","0","453","0","0","453","0","0","453","0","0","453","0","0","453","0","0","453","0","0","453","0","0","453","0","0","453","0","0","453","0","0","453","0","0","453","0","0","453","0","0","453","0","0","453","0","0","453","0","0","453","0","0","453","0","0","453","0","0","453","0","0","453","0","0","453","0","0","453","0","0","453","0","0","453","0","0","453","0","0"
,"454","0","0","454","0","0","454","0","0","454","0","0","454","0","0","454","0","0","454","0","0","454","0","0","454","0","0","454","0","0","454","0","0","454","0","0","454","0","0","454","0","0","454","0","0","454","0","0","454","0","0","454","0","0","454","0","0","454","0","0","454","0","0","454","0","0","454","0","0","454","0","0","454","0","0","454","0","0","454","0","0","454","0","0","454","0","0","454","0","0","454","0","0","454","0","0","454","0","0","454","0","0","454","0","0","454","0","0","454","0","0","454","0","0","454","0","0","454","0","0","454","0","0","454","0","0","454","0","0","454","0","0","454","0","0","454","0","0","454","0","0","454","0","0","454","0","0","454","0","0","454","0","0","454","0","0","454","0","0","454","0","0","454","0","0","454","0","0","454","0","0","454","0","0","454","0","0","454","0","0"
,"455","0","0","455","0","0","455","0","0","455","0","0","455","0","0","455","0","0","455","0","0","455","0","0","455","0","0","455","0","0","455","0","0","455","0","0","455","0","0","455","0","0","455","0","0","455","0","0","455","0","0","455","0","0","455","0","0","455","0","0","455","0","0","455","0","0","455","0","0","455","0","0","455","0","0","455","0","0","455","0","0","455","0","0","455","0","0","455","0","0","455","0","0","455","0","0","455","0","0","455","0","0","455","0","0","455","0","0","455","0","0","455","0","0","455","0","0","455","0","0","455","0","0","455","0","0","455","0","0","455","0","0","455","0","0","455","0","0","455","0","0","455","0","0","455","0","0","455","0","0","455","0","0","455","0","0","455","0","0","455","0","0","455","0","0","455","0","0","455","0","0","455","0","0","455","0","0","455","0","0"
,"456","0","0","456","0","0","456","0","0","456","0","0","456","0","0","456","0","0","456","0","0","456","0","0","456","0","0","456","0","0","456","0","0","456","0","0","456","0","0","456","0","0","456","0","0","456","0","0","456","0","0","456","0","0","456","0","0","456","0","0","456","0","0","456","0","0","456","0","0","456","0","0","456","0","0","456","0","0","456","0","0","456","0","0","456","0","0","456","0","0","456","0","0","456","0","0","456","0","0","456","0","0","456","0","0","456","0","0","456","0","0","456","0","0","456","0","0","456","0","0","456","0","0","456","0","0","456","0","0","456","0","0","456","0","0","456","0","0","456","0","0","456","0","0","456","0","0","456","0","0","456","0","0","456","0","0","456","0","0","456","0","0","456","0","0","456","0","0","456","0","0","456","0","0","456","0","0","456","0","0"
,"457","0","0","457","0","0","457","0","0","457","0","0","457","0","0","457","0","0","457","0","0","457","0","0","457","0","0","457","0","0","457","0","0","457","0","0","457","0","0","457","0","0","457","0","0","457","0","0","457","0","0","457","0","0","457","0","0","457","0","0","457","0","0","457","0","0","457","0","0","457","0","0","457","0","0","457","0","0","457","0","0","457","0","0","457","0","0","457","0","0","457","0","0","457","0","0","457","0","0","457","0","0","457","0","0","457","0","0","457","0","0","457","0","0","457","0","0","457","0","0","457","0","0","457","0","0","457","0","0","457","0","0","457","0","0","457","0","0","457","0","0","457","0","0","457","0","0","457","0","0","457","0","0","457","0","0","457","0","0","457","0","0","457","0","0","457","0","0","457","0","0","457","0","0","457","0","0","457","0","0"
,"458","0","0","458","0","0","458","0","0","458","0","0","458","0","0","458","0","0","458","0","0","458","0","0","458","0","0","458","0","0","458","0","0","458","0","0","458","0","0","458","0","0","458","0","0","458","0","0","458","0","0","458","0","0","458","0","0","458","0","0","458","0","0","458","0","0","458","0","0","458","0","0","458","0","0","458","0","0","458","0","0","458","0","0","458","0","0","458","0","0","458","0","0","458","0","0","458","0","0","458","0","0","458","0","0","458","0","0","458","0","0","458","0","0","458","0","0","458","0","0","458","0","0","458","0","0","458","0","0","458","0","0","458","0","0","458","0","0","458","0","0","458","0","0","458","0","0","458","0","0","458","0","0","458","0","0","458","0","0","458","0","0","458","0","0","458","0","0","458","0","0","458","0","0","458","0","0","458","0","0"
,"459","0","0","459","0","0","459","0","0","459","0","0","459","0","0","459","0","0","459","0","0","459","0","0","459","0","0","459","0","0","459","0","0","459","0","0","459","0","0","459","0","0","459","0","0","459","0","0","459","0","0","459","0","0","459","0","0","459","0","0","459","0","0","459","0","0","459","0","0","459","0","0","459","0","0","459","0","0","459","0","0","459","0","0","459","0","0","459","0","0","459","0","0","459","0","0","459","0","0","459","0","0","459","0","0","459","0","0","459","0","0","459","0","0","459","0","0","459","0","0","459","0","0","459","0","0","459","0","0","459","0","0","459","0","0","459","0","0","459","0","0","459","0","0","459","0","0","459","0","0","459","0","0","459","0","0","459","0","0","459","0","0","459","0","0","459","0","0","459","0","0","459","0","0","459","0","0","459","0","0"
,"460","0","0","460","0","0","460","0","0","460","0","0","460","0","0","460","0","0","460","0","0","460","0","0","460","0","0","460","0","0","460","0","0","460","0","0","460","0","0","460","0","0","460","0","0","460","0","0","460","0","0","460","0","0","460","0","0","460","0","0","460","0","0","460","0","0","460","0","0","460","0","0","460","0","0","460","0","0","460","0","0","460","0","0","460","0","0","460","0","0","460","0","0","460","0","0","460","0","0","460","0","0","460","0","0","460","0","0","460","0","0","460","0","0","460","0","0","460","0","0","460","0","0","460","0","0","460","0","0","460","0","0","460","0","0","460","0","0","460","0","0","460","0","0","460","0","0","460","0","0","460","0","0","460","0","0","460","0","0","460","0","0","460","0","0","460","0","0","460","0","0","460","0","0","460","0","0","460","0","0"
,"461","0","0","461","0","0","461","0","0","461","0","0","461","0","0","461","0","0","461","0","0","461","0","0","461","0","0","461","0","0","461","0","0","461","0","0","461","0","0","461","0","0","461","0","0","461","0","0","461","0","0","461","0","0","461","0","0","461","0","0","461","0","0","461","0","0","461","0","0","461","0","0","461","0","0","461","0","0","461","0","0","461","0","0","461","0","0","461","0","0","461","0","0","461","0","0","461","0","0","461","0","0","461","0","0","461","0","0","461","0","0","461","0","0","461","0","0","461","0","0","461","0","0","461","0","0","461","0","0","461","0","0","461","0","0","461","0","0","461","0","0","461","0","0","461","0","0","461","0","0","461","0","0","461","0","0","461","0","0","461","0","0","461","0","0","461","0","0","461","0","0","461","0","0","461","0","0","461","0","0"
,"462","0","0","462","0","0","462","0","0","462","0","0","462","0","0","462","0","0","462","0","0","462","0","0","462","0","0","462","0","0","462","0","0","462","0","0","462","0","0","462","0","0","462","0","0","462","0","0","462","0","0","462","0","0","462","0","0","462","0","0","462","0","0","462","0","0","462","0","0","462","0","0","462","0","0","462","0","0","462","0","0","462","0","0","462","0","0","462","0","0","462","0","0","462","0","0","462","0","0","462","0","0","462","0","0","462","0","0","462","0","0","462","0","0","462","0","0","462","0","0","462","0","0","462","0","0","462","0","0","462","0","0","462","0","0","462","0","0","462","0","0","462","0","0","462","0","0","462","0","0","462","0","0","462","0","0","462","0","0","462","0","0","462","0","0","462","0","0","462","0","0","462","0","0","462","0","0","462","0","0"
,"463","0","0","463","0","0","463","0","0","463","0","0","463","0","0","463","0","0","463","0","0","463","0","0","463","0","0","463","0","0","463","0","0","463","0","0","463","0","0","463","0","0","463","0","0","463","0","0","463","0","0","463","0","0","463","0","0","463","0","0","463","0","0","463","0","0","463","0","0","463","0","0","463","0","0","463","0","0","463","0","0","463","0","0","463","0","0","463","0","0","463","0","0","463","0","0","463","0","0","463","0","0","463","0","0","463","0","0","463","0","0","463","0","0","463","0","0","463","0","0","463","0","0","463","0","0","463","0","0","463","0","0","463","0","0","463","0","0","463","0","0","463","0","0","463","0","0","463","0","0","463","0","0","463","0","0","463","0","0","463","0","0","463","0","0","463","0","0","463","0","0","463","0","0","463","0","0","463","0","0"
,"464","0","0","464","0","0","464","0","0","464","0","0","464","0","0","464","0","0","464","0","0","464","0","0","464","0","0","464","0","0","464","0","0","464","0","0","464","0","0","464","0","0","464","0","0","464","0","0","464","0","0","464","0","0","464","0","0","464","0","0","464","0","0","464","0","0","464","0","0","464","0","0","464","0","0","464","0","0","464","0","0","464","0","0","464","0","0","464","0","0","464","0","0","464","0","0","464","0","0","464","0","0","464","0","0","464","0","0","464","0","0","464","0","0","464","0","0","464","0","0","464","0","0","464","0","0","464","0","0","464","0","0","464","0","0","464","0","0","464","0","0","464","0","0","464","0","0","464","0","0","464","0","0","464","0","0","464","0","0","464","0","0","464","0","0","464","0","0","464","0","0","464","0","0","464","0","0","464","0","0"
,"465","0","0","465","0","0","465","0","0","465","0","0","465","0","0","465","0","0","465","0","0","465","0","0","465","0","0","465","0","0","465","0","0","465","0","0","465","0","0","465","0","0","465","0","0","465","0","0","465","0","0","465","0","0","465","0","0","465","0","0","465","0","0","465","0","0","465","0","0","465","0","0","465","0","0","465","0","0","465","0","0","465","0","0","465","0","0","465","0","0","465","0","0","465","0","0","465","0","0","465","0","0","465","0","0","465","0","0","465","0","0","465","0","0","465","0","0","465","0","0","465","0","0","465","0","0","465","0","0","465","0","0","465","0","0","465","0","0","465","0","0","465","0","0","465","0","0","465","0","0","465","0","0","465","0","0","465","0","0","465","0","0","465","0","0","465","0","0","465","0","0","465","0","0","465","0","0","465","0","0"
,"466","0","0","466","0","0","466","0","0","466","0","0","466","0","0","466","0","0","466","0","0","466","0","0","466","0","0","466","0","0","466","0","0","466","0","0","466","0","0","466","0","0","466","0","0","466","0","0","466","0","0","466","0","0","466","0","0","466","0","0","466","0","0","466","0","0","466","0","0","466","0","0","466","0","0","466","0","0","466","0","0","466","0","0","466","0","0","466","0","0","466","0","0","466","0","0","466","0","0","466","0","0","466","0","0","466","0","0","466","0","0","466","0","0","466","0","0","466","0","0","466","0","0","466","0","0","466","0","0","466","0","0","466","0","0","466","0","0","466","0","0","466","0","0","466","0","0","466","0","0","466","0","0","466","0","0","466","0","0","466","0","0","466","0","0","466","0","0","466","0","0","466","0","0","466","0","0","466","0","0"
,"467","0","0","467","0","0","467","0","0","467","0","0","467","0","0","467","0","0","467","0","0","467","0","0","467","0","0","467","0","0","467","0","0","467","0","0","467","0","0","467","0","0","467","0","0","467","0","0","467","0","0","467","0","0","467","0","0","467","0","0","467","0","0","467","0","0","467","0","0","467","0","0","467","0","0","467","0","0","467","0","0","467","0","0","467","0","0","467","0","0","467","0","0","467","0","0","467","0","0","467","0","0","467","0","0","467","0","0","467","0","0","467","0","0","467","0","0","467","0","0","467","0","0","467","0","0","467","0","0","467","0","0","467","0","0","467","0","0","467","0","0","467","0","0","467","0","0","467","0","0","467","0","0","467","0","0","467","0","0","467","0","0","467","0","0","467","0","0","467","0","0","467","0","0","467","0","0","467","0","0"
,"468","0","0","468","0","0","468","0","0","468","0","0","468","0","0","468","0","0","468","0","0","468","0","0","468","0","0","468","0","0","468","0","0","468","0","0","468","0","0","468","0","0","468","0","0","468","0","0","468","0","0","468","0","0","468","0","0","468","0","0","468","0","0","468","0","0","468","0","0","468","0","0","468","0","0","468","0","0","468","0","0","468","0","0","468","0","0","468","0","0","468","0","0","468","0","0","468","0","0","468","0","0","468","0","0","468","0","0","468","0","0","468","0","0","468","0","0","468","0","0","468","0","0","468","0","0","468","0","0","468","0","0","468","0","0","468","0","0","468","0","0","468","0","0","468","0","0","468","0","0","468","0","0","468","0","0","468","0","0","468","0","0","468","0","0","468","0","0","468","0","0","468","0","0","468","0","0","468","0","0"
,"469","0","0","469","0","0","469","0","0","469","0","0","469","0","0","469","0","0","469","0","0","469","0","0","469","0","0","469","0","0","469","0","0","469","0","0","469","0","0","469","0","0","469","0","0","469","0","0","469","0","0","469","0","0","469","0","0","469","0","0","469","0","0","469","0","0","469","0","0","469","0","0","469","0","0","469","0","0","469","0","0","469","0","0","469","0","0","469","0","0","469","0","0","469","0","0","469","0","0","469","0","0","469","0","0","469","0","0","469","0","0","469","0","0","469","0","0","469","0","0","469","0","0","469","0","0","469","0","0","469","0","0","469","0","0","469","0","0","469","0","0","469","0","0","469","0","0","469","0","0","469","0","0","469","0","0","469","0","0","469","0","0","469","0","0","469","0","0","469","0","0","469","0","0","469","0","0","469","0","0"
,"470","0","0","470","0","0","470","0","0","470","0","0","470","0","0","470","0","0","470","0","0","470","0","0","470","0","0","470","0","0","470","0","0","470","0","0","470","0","0","470","0","0","470","0","0","470","0","0","470","0","0","470","0","0","470","0","0","470","0","0","470","0","0","470","0","0","470","0","0","470","0","0","470","0","0","470","0","0","470","0","0","470","0","0","470","0","0","470","0","0","470","0","0","470","0","0","470","0","0","470","0","0","470","0","0","470","0","0","470","0","0","470","0","0","470","0","0","470","0","0","470","0","0","470","0","0","470","0","0","470","0","0","470","0","0","470","0","0","470","0","0","470","0","0","470","0","0","470","0","0","470","0","0","470","0","0","470","0","0","470","0","0","470","0","0","470","0","0","470","0","0","470","0","0","470","0","0","470","0","0"
,"471","0","0","471","0","0","471","0","0","471","0","0","471","0","0","471","0","0","471","0","0","471","0","0","471","0","0","471","0","0","471","0","0","471","0","0","471","0","0","471","0","0","471","0","0","471","0","0","471","0","0","471","0","0","471","0","0","471","0","0","471","0","0","471","0","0","471","0","0","471","0","0","471","0","0","471","0","0","471","0","0","471","0","0","471","0","0","471","0","0","471","0","0","471","0","0","471","0","0","471","0","0","471","0","0","471","0","0","471","0","0","471","0","0","471","0","0","471","0","0","471","0","0","471","0","0","471","0","0","471","0","0","471","0","0","471","0","0","471","0","0","471","0","0","471","0","0","471","0","0","471","0","0","471","0","0","471","0","0","471","0","0","471","0","0","471","0","0","471","0","0","471","0","0","471","0","0","471","0","0"
,"472","0","0","472","0","0","472","0","0","472","0","0","472","0","0","472","0","0","472","0","0","472","0","0","472","0","0","472","0","0","472","0","0","472","0","0","472","0","0","472","0","0","472","0","0","472","0","0","472","0","0","472","0","0","472","0","0","472","0","0","472","0","0","472","0","0","472","0","0","472","0","0","472","0","0","472","0","0","472","0","0","472","0","0","472","0","0","472","0","0","472","0","0","472","0","0","472","0","0","472","0","0","472","0","0","472","0","0","472","0","0","472","0","0","472","0","0","472","0","0","472","0","0","472","0","0","472","0","0","472","0","0","472","0","0","472","0","0","472","0","0","472","0","0","472","0","0","472","0","0","472","0","0","472","0","0","472","0","0","472","0","0","472","0","0","472","0","0","472","0","0","472","0","0","472","0","0","472","0","0"
,"473","0","0","473","0","0","473","0","0","473","0","0","473","0","0","473","0","0","473","0","0","473","0","0","473","0","0","473","0","0","473","0","0","473","0","0","473","0","0","473","0","0","473","0","0","473","0","0","473","0","0","473","0","0","473","0","0","473","0","0","473","0","0","473","0","0","473","0","0","473","0","0","473","0","0","473","0","0","473","0","0","473","0","0","473","0","0","473","0","0","473","0","0","473","0","0","473","0","0","473","0","0","473","0","0","473","0","0","473","0","0","473","0","0","473","0","0","473","0","0","473","0","0","473","0","0","473","0","0","473","0","0","473","0","0","473","0","0","473","0","0","473","0","0","473","0","0","473","0","0","473","0","0","473","0","0","473","0","0","473","0","0","473","0","0","473","0","0","473","0","0","473","0","0","473","0","0","473","0","0"
,"474","0","0","474","0","0","474","0","0","474","0","0","474","0","0","474","0","0","474","0","0","474","0","0","474","0","0","474","0","0","474","0","0","474","0","0","474","0","0","474","0","0","474","0","0","474","0","0","474","0","0","474","0","0","474","0","0","474","0","0","474","0","0","474","0","0","474","0","0","474","0","0","474","0","0","474","0","0","474","0","0","474","0","0","474","0","0","474","0","0","474","0","0","474","0","0","474","0","0","474","0","0","474","0","0","474","0","0","474","0","0","474","0","0","474","0","0","474","0","0","474","0","0","474","0","0","474","0","0","474","0","0","474","0","0","474","0","0","474","0","0","474","0","0","474","0","0","474","0","0","474","0","0","474","0","0","474","0","0","474","0","0","474","0","0","474","0","0","474","0","0","474","0","0","474","0","0","474","0","0"
,"475","0","0","475","0","0","475","0","0","475","0","0","475","0","0","475","0","0","475","0","0","475","0","0","475","0","0","475","0","0","475","0","0","475","0","0","475","0","0","475","0","0","475","0","0","475","0","0","475","0","0","475","0","0","475","0","0","475","0","0","475","0","0","475","0","0","475","0","0","475","0","0","475","0","0","475","0","0","475","0","0","475","0","0","475","0","0","475","0","0","475","0","0","475","0","0","475","0","0","475","0","0","475","0","0","475","0","0","475","0","0","475","0","0","475","0","0","475","0","0","475","0","0","475","0","0","475","0","0","475","0","0","475","0","0","475","0","0","475","0","0","475","0","0","475","0","0","475","0","0","475","0","0","475","0","0","475","0","0","475","0","0","475","0","0","475","0","0","475","0","0","475","0","0","475","0","0","475","0","0"
,"476","0","0","476","0","0","476","0","0","476","0","0","476","0","0","476","0","0","476","0","0","476","0","0","476","0","0","476","0","0","476","0","0","476","0","0","476","0","0","476","0","0","476","0","0","476","0","0","476","0","0","476","0","0","476","0","0","476","0","0","476","0","0","476","0","0","476","0","0","476","0","0","476","0","0","476","0","0","476","0","0","476","0","0","476","0","0","476","0","0","476","0","0","476","0","0","476","0","0","476","0","0","476","0","0","476","0","0","476","0","0","476","0","0","476","0","0","476","0","0","476","0","0","476","0","0","476","0","0","476","0","0","476","0","0","476","0","0","476","0","0","476","0","0","476","0","0","476","0","0","476","0","0","476","0","0","476","0","0","476","0","0","476","0","0","476","0","0","476","0","0","476","0","0","476","0","0","476","0","0"
,"477","0","0","477","0","0","477","0","0","477","0","0","477","0","0","477","0","0","477","0","0","477","0","0","477","0","0","477","0","0","477","0","0","477","0","0","477","0","0","477","0","0","477","0","0","477","0","0","477","0","0","477","0","0","477","0","0","477","0","0","477","0","0","477","0","0","477","0","0","477","0","0","477","0","0","477","0","0","477","0","0","477","0","0","477","0","0","477","0","0","477","0","0","477","0","0","477","0","0","477","0","0","477","0","0","477","0","0","477","0","0","477","0","0","477","0","0","477","0","0","477","0","0","477","0","0","477","0","0","477","0","0","477","0","0","477","0","0","477","0","0","477","0","0","477","0","0","477","0","0","477","0","0","477","0","0","477","0","0","477","0","0","477","0","0","477","0","0","477","0","0","477","0","0","477","0","0","477","0","0"
,"478","0","0","478","0","0","478","0","0","478","0","0","478","0","0","478","0","0","478","0","0","478","0","0","478","0","0","478","0","0","478","0","0","478","0","0","478","0","0","478","0","0","478","0","0","478","0","0","478","0","0","478","0","0","478","0","0","478","0","0","478","0","0","478","0","0","478","0","0","478","0","0","478","0","0","478","0","0","478","0","0","478","0","0","478","0","0","478","0","0","478","0","0","478","0","0","478","0","0","478","0","0","478","0","0","478","0","0","478","0","0","478","0","0","478","0","0","478","0","0","478","0","0","478","0","0","478","0","0","478","0","0","478","0","0","478","0","0","478","0","0","478","0","0","478","0","0","478","0","0","478","0","0","478","0","0","478","0","0","478","0","0","478","0","0","478","0","0","478","0","0","478","0","0","478","0","0","478","0","0"
,"479","0","0","479","0","0","479","0","0","479","0","0","479","0","0","479","0","0","479","0","0","479","0","0","479","0","0","479","0","0","479","0","0","479","0","0","479","0","0","479","0","0","479","0","0","479","0","0","479","0","0","479","0","0","479","0","0","479","0","0","479","0","0","479","0","0","479","0","0","479","0","0","479","0","0","479","0","0","479","0","0","479","0","0","479","0","0","479","0","0","479","0","0","479","0","0","479","0","0","479","0","0","479","0","0","479","0","0","479","0","0","479","0","0","479","0","0","479","0","0","479","0","0","479","0","0","479","0","0","479","0","0","479","0","0","479","0","0","479","0","0","479","0","0","479","0","0","479","0","0","479","0","0","479","0","0","479","0","0","479","0","0","479","0","0","479","0","0","479","0","0","479","0","0","479","0","0","479","0","0"
,"480","0","0","480","0","0","480","0","0","480","0","0","480","0","0","480","0","0","480","0","0","480","0","0","480","0","0","480","0","0","480","0","0","480","0","0","480","0","0","480","0","0","480","0","0","480","0","0","480","0","0","480","0","0","480","0","0","480","0","0","480","0","0","480","0","0","480","0","0","480","0","0","480","0","0","480","0","0","480","0","0","480","0","0","480","0","0","480","0","0","480","0","0","480","0","0","480","0","0","480","0","0","480","0","0","480","0","0","480","0","0","480","0","0","480","0","0","480","0","0","480","0","0","480","0","0","480","0","0","480","0","0","480","0","0","480","0","0","480","0","0","480","0","0","480","0","0","480","0","0","480","0","0","480","0","0","480","0","0","480","0","0","480","0","0","480","0","0","480","0","0","480","0","0","480","0","0","480","0","0"
,"481","0","0","481","0","0","481","0","0","481","0","0","481","0","0","481","0","0","481","0","0","481","0","0","481","0","0","481","0","0","481","0","0","481","0","0","481","0","0","481","0","0","481","0","0","481","0","0","481","0","0","481","0","0","481","0","0","481","0","0","481","0","0","481","0","0","481","0","0","481","0","0","481","0","0","481","0","0","481","0","0","481","0","0","481","0","0","481","0","0","481","0","0","481","0","0","481","0","0","481","0","0","481","0","0","481","0","0","481","0","0","481","0","0","481","0","0","481","0","0","481","0","0","481","0","0","481","0","0","481","0","0","481","0","0","481","0","0","481","0","0","481","0","0","481","0","0","481","0","0","481","0","0","481","0","0","481","0","0","481","0","0","481","0","0","481","0","0","481","0","0","481","0","0","481","0","0","481","0","0"
,"482","0","0","482","0","0","482","0","0","482","0","0","482","0","0","482","0","0","482","0","0","482","0","0","482","0","0","482","0","0","482","0","0","482","0","0","482","0","0","482","0","0","482","0","0","482","0","0","482","0","0","482","0","0","482","0","0","482","0","0","482","0","0","482","0","0","482","0","0","482","0","0","482","0","0","482","0","0","482","0","0","482","0","0","482","0","0","482","0","0","482","0","0","482","0","0","482","0","0","482","0","0","482","0","0","482","0","0","482","0","0","482","0","0","482","0","0","482","0","0","482","0","0","482","0","0","482","0","0","482","0","0","482","0","0","482","0","0","482","0","0","482","0","0","482","0","0","482","0","0","482","0","0","482","0","0","482","0","0","482","0","0","482","0","0","482","0","0","482","0","0","482","0","0","482","0","0","482","0","0"
,"483","0","0","483","0","0","483","0","0","483","0","0","483","0","0","483","0","0","483","0","0","483","0","0","483","0","0","483","0","0","483","0","0","483","0","0","483","0","0","483","0","0","483","0","0","483","0","0","483","0","0","483","0","0","483","0","0","483","0","0","483","0","0","483","0","0","483","0","0","483","0","0","483","0","0","483","0","0","483","0","0","483","0","0","483","0","0","483","0","0","483","0","0","483","0","0","483","0","0","483","0","0","483","0","0","483","0","0","483","0","0","483","0","0","483","0","0","483","0","0","483","0","0","483","0","0","483","0","0","483","0","0","483","0","0","483","0","0","483","0","0","483","0","0","483","0","0","483","0","0","483","0","0","483","0","0","483","0","0","483","0","0","483","0","0","483","0","0","483","0","0","483","0","0","483","0","0","483","0","0"
,"484","0","0","484","0","0","484","0","0","484","0","0","484","0","0","484","0","0","484","0","0","484","0","0","484","0","0","484","0","0","484","0","0","484","0","0","484","0","0","484","0","0","484","0","0","484","0","0","484","0","0","484","0","0","484","0","0","484","0","0","484","0","0","484","0","0","484","0","0","484","0","0","484","0","0","484","0","0","484","0","0","484","0","0","484","0","0","484","0","0","484","0","0","484","0","0","484","0","0","484","0","0","484","0","0","484","0","0","484","0","0","484","0","0","484","0","0","484","0","0","484","0","0","484","0","0","484","0","0","484","0","0","484","0","0","484","0","0","484","0","0","484","0","0","484","0","0","484","0","0","484","0","0","484","0","0","484","0","0","484","0","0","484","0","0","484","0","0","484","0","0","484","0","0","484","0","0","484","0","0"
,"485","0","0","485","0","0","485","0","0","485","0","0","485","0","0","485","0","0","485","0","0","485","0","0","485","0","0","485","0","0","485","0","0","485","0","0","485","0","0","485","0","0","485","0","0","485","0","0","485","0","0","485","0","0","485","0","0","485","0","0","485","0","0","485","0","0","485","0","0","485","0","0","485","0","0","485","0","0","485","0","0","485","0","0","485","0","0","485","0","0","485","0","0","485","0","0","485","0","0","485","0","0","485","0","0","485","0","0","485","0","0","485","0","0","485","0","0","485","0","0","485","0","0","485","0","0","485","0","0","485","0","0","485","0","0","485","0","0","485","0","0","485","0","0","485","0","0","485","0","0","485","0","0","485","0","0","485","0","0","485","0","0","485","0","0","485","0","0","485","0","0","485","0","0","485","0","0","485","0","0"
,"486","0","0","486","0","0","486","0","0","486","0","0","486","0","0","486","0","0","486","0","0","486","0","0","486","0","0","486","0","0","486","0","0","486","0","0","486","0","0","486","0","0","486","0","0","486","0","0","486","0","0","486","0","0","486","0","0","486","0","0","486","0","0","486","0","0","486","0","0","486","0","0","486","0","0","486","0","0","486","0","0","486","0","0","486","0","0","486","0","0","486","0","0","486","0","0","486","0","0","486","0","0","486","0","0","486","0","0","486","0","0","486","0","0","486","0","0","486","0","0","486","0","0","486","0","0","486","0","0","486","0","0","486","0","0","486","0","0","486","0","0","486","0","0","486","0","0","486","0","0","486","0","0","486","0","0","486","0","0","486","0","0","486","0","0","486","0","0","486","0","0","486","0","0","486","0","0","486","0","0"
,"487","0","0","487","0","0","487","0","0","487","0","0","487","0","0","487","0","0","487","0","0","487","0","0","487","0","0","487","0","0","487","0","0","487","0","0","487","0","0","487","0","0","487","0","0","487","0","0","487","0","0","487","0","0","487","0","0","487","0","0","487","0","0","487","0","0","487","0","0","487","0","0","487","0","0","487","0","0","487","0","0","487","0","0","487","0","0","487","0","0","487","0","0","487","0","0","487","0","0","487","0","0","487","0","0","487","0","0","487","0","0","487","0","0","487","0","0","487","0","0","487","0","0","487","0","0","487","0","0","487","0","0","487","0","0","487","0","0","487","0","0","487","0","0","487","0","0","487","0","0","487","0","0","487","0","0","487","0","0","487","0","0","487","0","0","487","0","0","487","0","0","487","0","0","487","0","0","487","0","0"
,"488","0","0","488","0","0","488","0","0","488","0","0","488","0","0","488","0","0","488","0","0","488","0","0","488","0","0","488","0","0","488","0","0","488","0","0","488","0","0","488","0","0","488","0","0","488","0","0","488","0","0","488","0","0","488","0","0","488","0","0","488","0","0","488","0","0","488","0","0","488","0","0","488","0","0","488","0","0","488","0","0","488","0","0","488","0","0","488","0","0","488","0","0","488","0","0","488","0","0","488","0","0","488","0","0","488","0","0","488","0","0","488","0","0","488","0","0","488","0","0","488","0","0","488","0","0","488","0","0","488","0","0","488","0","0","488","0","0","488","0","0","488","0","0","488","0","0","488","0","0","488","0","0","488","0","0","488","0","0","488","0","0","488","0","0","488","0","0","488","0","0","488","0","0","488","0","0","488","0","0"
,"489","0","0","489","0","0","489","0","0","489","0","0","489","0","0","489","0","0","489","0","0","489","0","0","489","0","0","489","0","0","489","0","0","489","0","0","489","0","0","489","0","0","489","0","0","489","0","0","489","0","0","489","0","0","489","0","0","489","0","0","489","0","0","489","0","0","489","0","0","489","0","0","489","0","0","489","0","0","489","0","0","489","0","0","489","0","0","489","0","0","489","0","0","489","0","0","489","0","0","489","0","0","489","0","0","489","0","0","489","0","0","489","0","0","489","0","0","489","0","0","489","0","0","489","0","0","489","0","0","489","0","0","489","0","0","489","0","0","489","0","0","489","0","0","489","0","0","489","0","0","489","0","0","489","0","0","489","0","0","489","0","0","489","0","0","489","0","0","489","0","0","489","0","0","489","0","0","489","0","0"
,"490","0","0","490","0","0","490","0","0","490","0","0","490","0","0","490","0","0","490","0","0","490","0","0","490","0","0","490","0","0","490","0","0","490","0","0","490","0","0","490","0","0","490","0","0","490","0","0","490","0","0","490","0","0","490","0","0","490","0","0","490","0","0","490","0","0","490","0","0","490","0","0","490","0","0","490","0","0","490","0","0","490","0","0","490","0","0","490","0","0","490","0","0","490","0","0","490","0","0","490","0","0","490","0","0","490","0","0","490","0","0","490","0","0","490","0","0","490","0","0","490","0","0","490","0","0","490","0","0","490","0","0","490","0","0","490","0","0","490","0","0","490","0","0","490","0","0","490","0","0","490","0","0","490","0","0","490","0","0","490","0","0","490","0","0","490","0","0","490","0","0","490","0","0","490","0","0","490","0","0"
,"491","0","0","491","0","0","491","0","0","491","0","0","491","0","0","491","0","0","491","0","0","491","0","0","491","0","0","491","0","0","491","0","0","491","0","0","491","0","0","491","0","0","491","0","0","491","0","0","491","0","0","491","0","0","491","0","0","491","0","0","491","0","0","491","0","0","491","0","0","491","0","0","491","0","0","491","0","0","491","0","0","491","0","0","491","0","0","491","0","0","491","0","0","491","0","0","491","0","0","491","0","0","491","0","0","491","0","0","491","0","0","491","0","0","491","0","0","491","0","0","491","0","0","491","0","0","491","0","0","491","0","0","491","0","0","491","0","0","491","0","0","491","0","0","491","0","0","491","0","0","491","0","0","491","0","0","491","0","0","491","0","0","491","0","0","491","0","0","491","0","0","491","0","0","491","0","0","491","0","0"
,"492","0","0","492","0","0","492","0","0","492","0","0","492","0","0","492","0","0","492","0","0","492","0","0","492","0","0","492","0","0","492","0","0","492","0","0","492","0","0","492","0","0","492","0","0","492","0","0","492","0","0","492","0","0","492","0","0","492","0","0","492","0","0","492","0","0","492","0","0","492","0","0","492","0","0","492","0","0","492","0","0","492","0","0","492","0","0","492","0","0","492","0","0","492","0","0","492","0","0","492","0","0","492","0","0","492","0","0","492","0","0","492","0","0","492","0","0","492","0","0","492","0","0","492","0","0","492","0","0","492","0","0","492","0","0","492","0","0","492","0","0","492","0","0","492","0","0","492","0","0","492","0","0","492","0","0","492","0","0","492","0","0","492","0","0","492","0","0","492","0","0","492","0","0","492","0","0","492","0","0"
,"493","0","0","493","0","0","493","0","0","493","0","0","493","0","0","493","0","0","493","0","0","493","0","0","493","0","0","493","0","0","493","0","0","493","0","0","493","0","0","493","0","0","493","0","0","493","0","0","493","0","0","493","0","0","493","0","0","493","0","0","493","0","0","493","0","0","493","0","0","493","0","0","493","0","0","493","0","0","493","0","0","493","0","0","493","0","0","493","0","0","493","0","0","493","0","0","493","0","0","493","0","0","493","0","0","493","0","0","493","0","0","493","0","0","493","0","0","493","0","0","493","0","0","493","0","0","493","0","0","493","0","0","493","0","0","493","0","0","493","0","0","493","0","0","493","0","0","493","0","0","493","0","0","493","0","0","493","0","0","493","0","0","493","0","0","493","0","0","493","0","0","493","0","0","493","0","0","493","0","0"
,"494","0","0","494","0","0","494","0","0","494","0","0","494","0","0","494","0","0","494","0","0","494","0","0","494","0","0","494","0","0","494","0","0","494","0","0","494","0","0","494","0","0","494","0","0","494","0","0","494","0","0","494","0","0","494","0","0","494","0","0","494","0","0","494","0","0","494","0","0","494","0","0","494","0","0","494","0","0","494","0","0","494","0","0","494","0","0","494","0","0","494","0","0","494","0","0","494","0","0","494","0","0","494","0","0","494","0","0","494","0","0","494","0","0","494","0","0","494","0","0","494","0","0","494","0","0","494","0","0","494","0","0","494","0","0","494","0","0","494","0","0","494","0","0","494","0","0","494","0","0","494","0","0","494","0","0","494","0","0","494","0","0","494","0","0","494","0","0","494","0","0","494","0","0","494","0","0","494","0","0"
,"495","0","0","495","0","0","495","0","0","495","0","0","495","0","0","495","0","0","495","0","0","495","0","0","495","0","0","495","0","0","495","0","0","495","0","0","495","0","0","495","0","0","495","0","0","495","0","0","495","0","0","495","0","0","495","0","0","495","0","0","495","0","0","495","0","0","495","0","0","495","0","0","495","0","0","495","0","0","495","0","0","495","0","0","495","0","0","495","0","0","495","0","0","495","0","0","495","0","0","495","0","0","495","0","0","495","0","0","495","0","0","495","0","0","495","0","0","495","0","0","495","0","0","495","0","0","495","0","0","495","0","0","495","0","0","495","0","0","495","0","0","495","0","0","495","0","0","495","0","0","495","0","0","495","0","0","495","0","0","495","0","0","495","0","0","495","0","0","495","0","0","495","0","0","495","0","0","495","0","0"
,"496","0","0","496","0","0","496","0","0","496","0","0","496","0","0","496","0","0","496","0","0","496","0","0","496","0","0","496","0","0","496","0","0","496","0","0","496","0","0","496","0","0","496","0","0","496","0","0","496","0","0","496","0","0","496","0","0","496","0","0","496","0","0","496","0","0","496","0","0","496","0","0","496","0","0","496","0","0","496","0","0","496","0","0","496","0","0","496","0","0","496","0","0","496","0","0","496","0","0","496","0","0","496","0","0","496","0","0","496","0","0","496","0","0","496","0","0","496","0","0","496","0","0","496","0","0","496","0","0","496","0","0","496","0","0","496","0","0","496","0","0","496","0","0","496","0","0","496","0","0","496","0","0","496","0","0","496","0","0","496","0","0","496","0","0","496","0","0","496","0","0","496","0","0","496","0","0","496","0","0"
,"497","0","0","497","0","0","497","0","0","497","0","0","497","0","0","497","0","0","497","0","0","497","0","0","497","0","0","497","0","0","497","0","0","497","0","0","497","0","0","497","0","0","497","0","0","497","0","0","497","0","0","497","0","0","497","0","0","497","0","0","497","0","0","497","0","0","497","0","0","497","0","0","497","0","0","497","0","0","497","0","0","497","0","0","497","0","0","497","0","0","497","0","0","497","0","0","497","0","0","497","0","0","497","0","0","497","0","0","497","0","0","497","0","0","497","0","0","497","0","0","497","0","0","497","0","0","497","0","0","497","0","0","497","0","0","497","0","0","497","0","0","497","0","0","497","0","0","497","0","0","497","0","0","497","0","0","497","0","0","497","0","0","497","0","0","497","0","0","497","0","0","497","0","0","497","0","0","497","0","0"
,"498","0","0","498","0","0","498","0","0","498","0","0","498","0","0","498","0","0","498","0","0","498","0","0","498","0","0","498","0","0","498","0","0","498","0","0","498","0","0","498","0","0","498","0","0","498","0","0","498","0","0","498","0","0","498","0","0","498","0","0","498","0","0","498","0","0","498","0","0","498","0","0","498","0","0","498","0","0","498","0","0","498","0","0","498","0","0","498","0","0","498","0","0","498","0","0","498","0","0","498","0","0","498","0","0","498","0","0","498","0","0","498","0","0","498","0","0","498","0","0","498","0","0","498","0","0","498","0","0","498","0","0","498","0","0","498","0","0","498","0","0","498","0","0","498","0","0","498","0","0","498","0","0","498","0","0","498","0","0","498","0","0","498","0","0","498","0","0","498","0","0","498","0","0","498","0","0","498","0","0"
,"499","0","0","499","0","0","499","0","0","499","0","0","499","0","0","499","0","0","499","0","0","499","0","0","499","0","0","499","0","0","499","0","0","499","0","0","499","0","0","499","0","0","499","0","0","499","0","0","499","0","0","499","0","0","499","0","0","499","0","0","499","0","0","499","0","0","499","0","0","499","0","0","499","0","0","499","0","0","499","0","0","499","0","0","499","0","0","499","0","0","499","0","0","499","0","0","499","0","0","499","0","0","499","0","0","499","0","0","499","0","0","499","0","0","499","0","0","499","0","0","499","0","0","499","0","0","499","0","0","499","0","0","499","0","0","499","0","0","499","0","0","499","0","0","499","0","0","499","0","0","499","0","0","499","0","0","499","0","0","499","0","0","499","0","0","499","0","0","499","0","0","499","0","0","499","0","0","499","0","0"
,"500","0","0","500","0","0","500","0","0","500","0","0","500","0","0","500","0","0","500","0","0","500","0","0","500","0","0","500","0","0","500","0","0","500","0","0","500","0","0","500","0","0","500","0","0","500","0","0","500","0","0","500","0","0","500","0","0","500","0","0","500","0","0","500","0","0","500","0","0","500","0","0","500","0","0","500","0","0","500","0","0","500","0","0","500","0","0","500","0","0","500","0","0","500","0","0","500","0","0","500","0","0","500","0","0","500","0","0","500","0","0","500","0","0","500","0","0","500","0","0","500","0","0","500","0","0","500","0","0","500","0","0","500","0","0","500","0","0","500","0","0","500","0","0","500","0","0","500","0","0","500","0","0","500","0","0","500","0","0","500","0","0","500","0","0","500","0","0","500","0","0","500","0","0","500","0","0","500","0","0"
,"501","0","0","501","0","0","501","0","0","501","0","0","501","0","0","501","0","0","501","0","0","501","0","0","501","0","0","501","0","0","501","0","0","501","0","0","501","0","0","501","0","0","501","0","0","501","0","0","501","0","0","501","0","0","501","0","0","501","0","0","501","0","0","501","0","0","501","0","0","501","0","0","501","0","0","501","0","0","501","0","0","501","0","0","501","0","0","501","0","0","501","0","0","501","0","0","501","0","0","501","0","0","501","0","0","501","0","0","501","0","0","501","0","0","501","0","0","501","0","0","501","0","0","501","0","0","501","0","0","501","0","0","501","0","0","501","0","0","501","0","0","501","0","0","501","0","0","501","0","0","501","0","0","501","0","0","501","0","0","501","0","0","501","0","0","501","0","0","501","0","0","501","0","0","501","0","0","501","0","0"
,"502","0","0","502","0","0","502","0","0","502","0","0","502","0","0","502","0","0","502","0","0","502","0","0","502","0","0","502","0","0","502","0","0","502","0","0","502","0","0","502","0","0","502","0","0","502","0","0","502","0","0","502","0","0","502","0","0","502","0","0","502","0","0","502","0","0","502","0","0","502","0","0","502","0","0","502","0","0","502","0","0","502","0","0","502","0","0","502","0","0","502","0","0","502","0","0","502","0","0","502","0","0","502","0","0","502","0","0","502","0","0","502","0","0","502","0","0","502","0","0","502","0","0","502","0","0","502","0","0","502","0","0","502","0","0","502","0","0","502","0","0","502","0","0","502","0","0","502","0","0","502","0","0","502","0","0","502","0","0","502","0","0","502","0","0","502","0","0","502","0","0","502","0","0","502","0","0","502","0","0"
,"503","0","0","503","0","0","503","0","0","503","0","0","503","0","0","503","0","0","503","0","0","503","0","0","503","0","0","503","0","0","503","0","0","503","0","0","503","0","0","503","0","0","503","0","0","503","0","0","503","0","0","503","0","0","503","0","0","503","0","0","503","0","0","503","0","0","503","0","0","503","0","0","503","0","0","503","0","0","503","0","0","503","0","0","503","0","0","503","0","0","503","0","0","503","0","0","503","0","0","503","0","0","503","0","0","503","0","0","503","0","0","503","0","0","503","0","0","503","0","0","503","0","0","503","0","0","503","0","0","503","0","0","503","0","0","503","0","0","503","0","0","503","0","0","503","0","0","503","0","0","503","0","0","503","0","0","503","0","0","503","0","0","503","0","0","503","0","0","503","0","0","503","0","0","503","0","0","503","0","0"
,"504","0","0","504","0","0","504","0","0","504","0","0","504","0","0","504","0","0","504","0","0","504","0","0","504","0","0","504","0","0","504","0","0","504","0","0","504","0","0","504","0","0","504","0","0","504","0","0","504","0","0","504","0","0","504","0","0","504","0","0","504","0","0","504","0","0","504","0","0","504","0","0","504","0","0","504","0","0","504","0","0","504","0","0","504","0","0","504","0","0","504","0","0","504","0","0","504","0","0","504","0","0","504","0","0","504","0","0","504","0","0","504","0","0","504","0","0","504","0","0","504","0","0","504","0","0","504","0","0","504","0","0","504","0","0","504","0","0","504","0","0","504","0","0","504","0","0","504","0","0","504","0","0","504","0","0","504","0","0","504","0","0","504","0","0","504","0","0","504","0","0","504","0","0","504","0","0","504","0","0"
,"505","0","0","505","0","0","505","0","0","505","0","0","505","0","0","505","0","0","505","0","0","505","0","0","505","0","0","505","0","0","505","0","0","505","0","0","505","0","0","505","0","0","505","0","0","505","0","0","505","0","0","505","0","0","505","0","0","505","0","0","505","0","0","505","0","0","505","0","0","505","0","0","505","0","0","505","0","0","505","0","0","505","0","0","505","0","0","505","0","0","505","0","0","505","0","0","505","0","0","505","0","0","505","0","0","505","0","0","505","0","0","505","0","0","505","0","0","505","0","0","505","0","0","505","0","0","505","0","0","505","0","0","505","0","0","505","0","0","505","0","0","505","0","0","505","0","0","505","0","0","505","0","0","505","0","0","505","0","0","505","0","0","505","0","0","505","0","0","505","0","0","505","0","0","505","0","0","505","0","0"
,"506","0","0","506","0","0","506","0","0","506","0","0","506","0","0","506","0","0","506","0","0","506","0","0","506","0","0","506","0","0","506","0","0","506","0","0","506","0","0","506","0","0","506","0","0","506","0","0","506","0","0","506","0","0","506","0","0","506","0","0","506","0","0","506","0","0","506","0","0","506","0","0","506","0","0","506","0","0","506","0","0","506","0","0","506","0","0","506","0","0","506","0","0","506","0","0","506","0","0","506","0","0","506","0","0","506","0","0","506","0","0","506","0","0","506","0","0","506","0","0","506","0","0","506","0","0","506","0","0","506","0","0","506","0","0","506","0","0","506","0","0","506","0","0","506","0","0","506","0","0","506","0","0","506","0","0","506","0","0","506","0","0","506","0","0","506","0","0","506","0","0","506","0","0","506","0","0","506","0","0"
,"507","0","0","507","0","0","507","0","0","507","0","0","507","0","0","507","0","0","507","0","0","507","0","0","507","0","0","507","0","0","507","0","0","507","0","0","507","0","0","507","0","0","507","0","0","507","0","0","507","0","0","507","0","0","507","0","0","507","0","0","507","0","0","507","0","0","507","0","0","507","0","0","507","0","0","507","0","0","507","0","0","507","0","0","507","0","0","507","0","0","507","0","0","507","0","0","507","0","0","507","0","0","507","0","0","507","0","0","507","0","0","507","0","0","507","0","0","507","0","0","507","0","0","507","0","0","507","0","0","507","0","0","507","0","0","507","0","0","507","0","0","507","0","0","507","0","0","507","0","0","507","0","0","507","0","0","507","0","0","507","0","0","507","0","0","507","0","0","507","0","0","507","0","0","507","0","0","507","0","0"
,"508","0","0","508","0","0","508","0","0","508","0","0","508","0","0","508","0","0","508","0","0","508","0","0","508","0","0","508","0","0","508","0","0","508","0","0","508","0","0","508","0","0","508","0","0","508","0","0","508","0","0","508","0","0","508","0","0","508","0","0","508","0","0","508","0","0","508","0","0","508","0","0","508","0","0","508","0","0","508","0","0","508","0","0","508","0","0","508","0","0","508","0","0","508","0","0","508","0","0","508","0","0","508","0","0","508","0","0","508","0","0","508","0","0","508","0","0","508","0","0","508","0","0","508","0","0","508","0","0","508","0","0","508","0","0","508","0","0","508","0","0","508","0","0","508","0","0","508","0","0","508","0","0","508","0","0","508","0","0","508","0","0","508","0","0","508","0","0","508","0","0","508","0","0","508","0","0","508","0","0"
,"509","0","0","509","0","0","509","0","0","509","0","0","509","0","0","509","0","0","509","0","0","509","0","0","509","0","0","509","0","0","509","0","0","509","0","0","509","0","0","509","0","0","509","0","0","509","0","0","509","0","0","509","0","0","509","0","0","509","0","0","509","0","0","509","0","0","509","0","0","509","0","0","509","0","0","509","0","0","509","0","0","509","0","0","509","0","0","509","0","0","509","0","0","509","0","0","509","0","0","509","0","0","509","0","0","509","0","0","509","0","0","509","0","0","509","0","0","509","0","0","509","0","0","509","0","0","509","0","0","509","0","0","509","0","0","509","0","0","509","0","0","509","0","0","509","0","0","509","0","0","509","0","0","509","0","0","509","0","0","509","0","0","509","0","0","509","0","0","509","0","0","509","0","0","509","0","0","509","0","0"
,"510","0","0","510","0","0","510","0","0","510","0","0","510","0","0","510","0","0","510","0","0","510","0","0","510","0","0","510","0","0","510","0","0","510","0","0","510","0","0","510","0","0","510","0","0","510","0","0","510","0","0","510","0","0","510","0","0","510","0","0","510","0","0","510","0","0","510","0","0","510","0","0","510","0","0","510","0","0","510","0","0","510","0","0","510","0","0","510","0","0","510","0","0","510","0","0","510","0","0","510","0","0","510","0","0","510","0","0","510","0","0","510","0","0","510","0","0","510","0","0","510","0","0","510","0","0","510","0","0","510","0","0","510","0","0","510","0","0","510","0","0","510","0","0","510","0","0","510","0","0","510","0","0","510","0","0","510","0","0","510","0","0","510","0","0","510","0","0","510","0","0","510","0","0","510","0","0","510","0","0"
,"511","0","0","511","0","0","511","0","0","511","0","0","511","0","0","511","0","0","511","0","0","511","0","0","511","0","0","511","0","0","511","0","0","511","0","0","511","0","0","511","0","0","511","0","0","511","0","0","511","0","0","511","0","0","511","0","0","511","0","0","511","0","0","511","0","0","511","0","0","511","0","0","511","0","0","511","0","0","511","0","0","511","0","0","511","0","0","511","0","0","511","0","0","511","0","0","511","0","0","511","0","0","511","0","0","511","0","0","511","0","0","511","0","0","511","0","0","511","0","0","511","0","0","511","0","0","511","0","0","511","0","0","511","0","0","511","0","0","511","0","0","511","0","0","511","0","0","511","0","0","511","0","0","511","0","0","511","0","0","511","0","0","511","0","0","511","0","0","511","0","0","511","0","0","511","0","0","511","0","0"
,"512","0","0","512","0","0","512","0","0","512","0","0","512","0","0","512","0","0","512","0","0","512","0","0","512","0","0","512","0","0","512","0","0","512","0","0","512","0","0","512","0","0","512","0","0","512","0","0","512","0","0","512","0","0","512","0","0","512","0","0","512","0","0","512","0","0","512","0","0","512","0","0","512","0","0","512","0","0","512","0","0","512","0","0","512","0","0","512","0","0","512","0","0","512","0","0","512","0","0","512","0","0","512","0","0","512","0","0","512","0","0","512","0","0","512","0","0","512","0","0","512","0","0","512","0","0","512","0","0","512","0","0","512","0","0","512","0","0","512","0","0","512","0","0","512","0","0","512","0","0","512","0","0","512","0","0","512","0","0","512","0","0","512","0","0","512","0","0","512","0","0","512","0","0","512","0","0","512","0","0"
,"513","0","0","513","0","0","513","0","0","513","0","0","513","0","0","513","0","0","513","0","0","513","0","0","513","0","0","513","0","0","513","0","0","513","0","0","513","0","0","513","0","0","513","0","0","513","0","0","513","0","0","513","0","0","513","0","0","513","0","0","513","0","0","513","0","0","513","0","0","513","0","0","513","0","0","513","0","0","513","0","0","513","0","0","513","0","0","513","0","0","513","0","0","513","0","0","513","0","0","513","0","0","513","0","0","513","0","0","513","0","0","513","0","0","513","0","0","513","0","0","513","0","0","513","0","0","513","0","0","513","0","0","513","0","0","513","0","0","513","0","0","513","0","0","513","0","0","513","0","0","513","0","0","513","0","0","513","0","0","513","0","0","513","0","0","513","0","0","513","0","0","513","0","0","513","0","0","513","0","0"
,"514","0","0","514","0","0","514","0","0","514","0","0","514","0","0","514","0","0","514","0","0","514","0","0","514","0","0","514","0","0","514","0","0","514","0","0","514","0","0","514","0","0","514","0","0","514","0","0","514","0","0","514","0","0","514","0","0","514","0","0","514","0","0","514","0","0","514","0","0","514","0","0","514","0","0","514","0","0","514","0","0","514","0","0","514","0","0","514","0","0","514","0","0","514","0","0","514","0","0","514","0","0","514","0","0","514","0","0","514","0","0","514","0","0","514","0","0","514","0","0","514","0","0","514","0","0","514","0","0","514","0","0","514","0","0","514","0","0","514","0","0","514","0","0","514","0","0","514","0","0","514","0","0","514","0","0","514","0","0","514","0","0","514","0","0","514","0","0","514","0","0","514","0","0","514","0","0","514","0","0"
,"515","0","0","515","0","0","515","0","0","515","0","0","515","0","0","515","0","0","515","0","0","515","0","0","515","0","0","515","0","0","515","0","0","515","0","0","515","0","0","515","0","0","515","0","0","515","0","0","515","0","0","515","0","0","515","0","0","515","0","0","515","0","0","515","0","0","515","0","0","515","0","0","515","0","0","515","0","0","515","0","0","515","0","0","515","0","0","515","0","0","515","0","0","515","0","0","515","0","0","515","0","0","515","0","0","515","0","0","515","0","0","515","0","0","515","0","0","515","0","0","515","0","0","515","0","0","515","0","0","515","0","0","515","0","0","515","0","0","515","0","0","515","0","0","515","0","0","515","0","0","515","0","0","515","0","0","515","0","0","515","0","0","515","0","0","515","0","0","515","0","0","515","0","0","515","0","0","515","0","0"
,"516","0","0","516","0","0","516","0","0","516","0","0","516","0","0","516","0","0","516","0","0","516","0","0","516","0","0","516","0","0","516","0","0","516","0","0","516","0","0","516","0","0","516","0","0","516","0","0","516","0","0","516","0","0","516","0","0","516","0","0","516","0","0","516","0","0","516","0","0","516","0","0","516","0","0","516","0","0","516","0","0","516","0","0","516","0","0","516","0","0","516","0","0","516","0","0","516","0","0","516","0","0","516","0","0","516","0","0","516","0","0","516","0","0","516","0","0","516","0","0","516","0","0","516","0","0","516","0","0","516","0","0","516","0","0","516","0","0","516","0","0","516","0","0","516","0","0","516","0","0","516","0","0","516","0","0","516","0","0","516","0","0","516","0","0","516","0","0","516","0","0","516","0","0","516","0","0","516","0","0"
,"517","0","0","517","0","0","517","0","0","517","0","0","517","0","0","517","0","0","517","0","0","517","0","0","517","0","0","517","0","0","517","0","0","517","0","0","517","0","0","517","0","0","517","0","0","517","0","0","517","0","0","517","0","0","517","0","0","517","0","0","517","0","0","517","0","0","517","0","0","517","0","0","517","0","0","517","0","0","517","0","0","517","0","0","517","0","0","517","0","0","517","0","0","517","0","0","517","0","0","517","0","0","517","0","0","517","0","0","517","0","0","517","0","0","517","0","0","517","0","0","517","0","0","517","0","0","517","0","0","517","0","0","517","0","0","517","0","0","517","0","0","517","0","0","517","0","0","517","0","0","517","0","0","517","0","0","517","0","0","517","0","0","517","0","0","517","0","0","517","0","0","517","0","0","517","0","0","517","0","0"
,"518","0","0","518","0","0","518","0","0","518","0","0","518","0","0","518","0","0","518","0","0","518","0","0","518","0","0","518","0","0","518","0","0","518","0","0","518","0","0","518","0","0","518","0","0","518","0","0","518","0","0","518","0","0","518","0","0","518","0","0","518","0","0","518","0","0","518","0","0","518","0","0","518","0","0","518","0","0","518","0","0","518","0","0","518","0","0","518","0","0","518","0","0","518","0","0","518","0","0","518","0","0","518","0","0","518","0","0","518","0","0","518","0","0","518","0","0","518","0","0","518","0","0","518","0","0","518","0","0","518","0","0","518","0","0","518","0","0","518","0","0","518","0","0","518","0","0","518","0","0","518","0","0","518","0","0","518","0","0","518","0","0","518","0","0","518","0","0","518","0","0","518","0","0","518","0","0","518","0","0"
,"519","0","0","519","0","0","519","0","0","519","0","0","519","0","0","519","0","0","519","0","0","519","0","0","519","0","0","519","0","0","519","0","0","519","0","0","519","0","0","519","0","0","519","0","0","519","0","0","519","0","0","519","0","0","519","0","0","519","0","0","519","0","0","519","0","0","519","0","0","519","0","0","519","0","0","519","0","0","519","0","0","519","0","0","519","0","0","519","0","0","519","0","0","519","0","0","519","0","0","519","0","0","519","0","0","519","0","0","519","0","0","519","0","0","519","0","0","519","0","0","519","0","0","519","0","0","519","0","0","519","0","0","519","0","0","519","0","0","519","0","0","519","0","0","519","0","0","519","0","0","519","0","0","519","0","0","519","0","0","519","0","0","519","0","0","519","0","0","519","0","0","519","0","0","519","0","0","519","0","0"
,"520","0","0","520","0","0","520","0","0","520","0","0","520","0","0","520","0","0","520","0","0","520","0","0","520","0","0","520","0","0","520","0","0","520","0","0","520","0","0","520","0","0","520","0","0","520","0","0","520","0","0","520","0","0","520","0","0","520","0","0","520","0","0","520","0","0","520","0","0","520","0","0","520","0","0","520","0","0","520","0","0","520","0","0","520","0","0","520","0","0","520","0","0","520","0","0","520","0","0","520","0","0","520","0","0","520","0","0","520","0","0","520","0","0","520","0","0","520","0","0","520","0","0","520","0","0","520","0","0","520","0","0","520","0","0","520","0","0","520","0","0","520","0","0","520","0","0","520","0","0","520","0","0","520","0","0","520","0","0","520","0","0","520","0","0","520","0","0","520","0","0","520","0","0","520","0","0","520","0","0"
,"521","0","0","521","0","0","521","0","0","521","0","0","521","0","0","521","0","0","521","0","0","521","0","0","521","0","0","521","0","0","521","0","0","521","0","0","521","0","0","521","0","0","521","0","0","521","0","0","521","0","0","521","0","0","521","0","0","521","0","0","521","0","0","521","0","0","521","0","0","521","0","0","521","0","0","521","0","0","521","0","0","521","0","0","521","0","0","521","0","0","521","0","0","521","0","0","521","0","0","521","0","0","521","0","0","521","0","0","521","0","0","521","0","0","521","0","0","521","0","0","521","0","0","521","0","0","521","0","0","521","0","0","521","0","0","521","0","0","521","0","0","521","0","0","521","0","0","521","0","0","521","0","0","521","0","0","521","0","0","521","0","0","521","0","0","521","0","0","521","0","0","521","0","0","521","0","0","521","0","0"
,"522","0","0","522","0","0","522","0","0","522","0","0","522","0","0","522","0","0","522","0","0","522","0","0","522","0","0","522","0","0","522","0","0","522","0","0","522","0","0","522","0","0","522","0","0","522","0","0","522","0","0","522","0","0","522","0","0","522","0","0","522","0","0","522","0","0","522","0","0","522","0","0","522","0","0","522","0","0","522","0","0","522","0","0","522","0","0","522","0","0","522","0","0","522","0","0","522","0","0","522","0","0","522","0","0","522","0","0","522","0","0","522","0","0","522","0","0","522","0","0","522","0","0","522","0","0","522","0","0","522","0","0","522","0","0","522","0","0","522","0","0","522","0","0","522","0","0","522","0","0","522","0","0","522","0","0","522","0","0","522","0","0","522","0","0","522","0","0","522","0","0","522","0","0","522","0","0","522","0","0"
,"523","0","0","523","0","0","523","0","0","523","0","0","523","0","0","523","0","0","523","0","0","523","0","0","523","0","0","523","0","0","523","0","0","523","0","0","523","0","0","523","0","0","523","0","0","523","0","0","523","0","0","523","0","0","523","0","0","523","0","0","523","0","0","523","0","0","523","0","0","523","0","0","523","0","0","523","0","0","523","0","0","523","0","0","523","0","0","523","0","0","523","0","0","523","0","0","523","0","0","523","0","0","523","0","0","523","0","0","523","0","0","523","0","0","523","0","0","523","0","0","523","0","0","523","0","0","523","0","0","523","0","0","523","0","0","523","0","0","523","0","0","523","0","0","523","0","0","523","0","0","523","0","0","523","0","0","523","0","0","523","0","0","523","0","0","523","0","0","523","0","0","523","0","0","523","0","0","523","0","0"
,"524","0","0","524","0","0","524","0","0","524","0","0","524","0","0","524","0","0","524","0","0","524","0","0","524","0","0","524","0","0","524","0","0","524","0","0","524","0","0","524","0","0","524","0","0","524","0","0","524","0","0","524","0","0","524","0","0","524","0","0","524","0","0","524","0","0","524","0","0","524","0","0","524","0","0","524","0","0","524","0","0","524","0","0","524","0","0","524","0","0","524","0","0","524","0","0","524","0","0","524","0","0","524","0","0","524","0","0","524","0","0","524","0","0","524","0","0","524","0","0","524","0","0","524","0","0","524","0","0","524","0","0","524","0","0","524","0","0","524","0","0","524","0","0","524","0","0","524","0","0","524","0","0","524","0","0","524","0","0","524","0","0","524","0","0","524","0","0","524","0","0","524","0","0","524","0","0","524","0","0"
,"525","0","0","525","0","0","525","0","0","525","0","0","525","0","0","525","0","0","525","0","0","525","0","0","525","0","0","525","0","0","525","0","0","525","0","0","525","0","0","525","0","0","525","0","0","525","0","0","525","0","0","525","0","0","525","0","0","525","0","0","525","0","0","525","0","0","525","0","0","525","0","0","525","0","0","525","0","0","525","0","0","525","0","0","525","0","0","525","0","0","525","0","0","525","0","0","525","0","0","525","0","0","525","0","0","525","0","0","525","0","0","525","0","0","525","0","0","525","0","0","525","0","0","525","0","0","525","0","0","525","0","0","525","0","0","525","0","0","525","0","0","525","0","0","525","0","0","525","0","0","525","0","0","525","0","0","525","0","0","525","0","0","525","0","0","525","0","0","525","0","0","525","0","0","525","0","0","525","0","0"
,"526","0","0","526","0","0","526","0","0","526","0","0","526","0","0","526","0","0","526","0","0","526","0","0","526","0","0","526","0","0","526","0","0","526","0","0","526","0","0","526","0","0","526","0","0","526","0","0","526","0","0","526","0","0","526","0","0","526","0","0","526","0","0","526","0","0","526","0","0","526","0","0","526","0","0","526","0","0","526","0","0","526","0","0","526","0","0","526","0","0","526","0","0","526","0","0","526","0","0","526","0","0","526","0","0","526","0","0","526","0","0","526","0","0","526","0","0","526","0","0","526","0","0","526","0","0","526","0","0","526","0","0","526","0","0","526","0","0","526","0","0","526","0","0","526","0","0","526","0","0","526","0","0","526","0","0","526","0","0","526","0","0","526","0","0","526","0","0","526","0","0","526","0","0","526","0","0","526","0","0"
,"527","0","0","527","0","0","527","0","0","527","0","0","527","0","0","527","0","0","527","0","0","527","0","0","527","0","0","527","0","0","527","0","0","527","0","0","527","0","0","527","0","0","527","0","0","527","0","0","527","0","0","527","0","0","527","0","0","527","0","0","527","0","0","527","0","0","527","0","0","527","0","0","527","0","0","527","0","0","527","0","0","527","0","0","527","0","0","527","0","0","527","0","0","527","0","0","527","0","0","527","0","0","527","0","0","527","0","0","527","0","0","527","0","0","527","0","0","527","0","0","527","0","0","527","0","0","527","0","0","527","0","0","527","0","0","527","0","0","527","0","0","527","0","0","527","0","0","527","0","0","527","0","0","527","0","0","527","0","0","527","0","0","527","0","0","527","0","0","527","0","0","527","0","0","527","0","0","527","0","0"
,"528","0","0","528","0","0","528","0","0","528","0","0","528","0","0","528","0","0","528","0","0","528","0","0","528","0","0","528","0","0","528","0","0","528","0","0","528","0","0","528","0","0","528","0","0","528","0","0","528","0","0","528","0","0","528","0","0","528","0","0","528","0","0","528","0","0","528","0","0","528","0","0","528","0","0","528","0","0","528","0","0","528","0","0","528","0","0","528","0","0","528","0","0","528","0","0","528","0","0","528","0","0","528","0","0","528","0","0","528","0","0","528","0","0","528","0","0","528","0","0","528","0","0","528","0","0","528","0","0","528","0","0","528","0","0","528","0","0","528","0","0","528","0","0","528","0","0","528","0","0","528","0","0","528","0","0","528","0","0","528","0","0","528","0","0","528","0","0","528","0","0","528","0","0","528","0","0","528","0","0"
,"529","0","0","529","0","0","529","0","0","529","0","0","529","0","0","529","0","0","529","0","0","529","0","0","529","0","0","529","0","0","529","0","0","529","0","0","529","0","0","529","0","0","529","0","0","529","0","0","529","0","0","529","0","0","529","0","0","529","0","0","529","0","0","529","0","0","529","0","0","529","0","0","529","0","0","529","0","0","529","0","0","529","0","0","529","0","0","529","0","0","529","0","0","529","0","0","529","0","0","529","0","0","529","0","0","529","0","0","529","0","0","529","0","0","529","0","0","529","0","0","529","0","0","529","0","0","529","0","0","529","0","0","529","0","0","529","0","0","529","0","0","529","0","0","529","0","0","529","0","0","529","0","0","529","0","0","529","0","0","529","0","0","529","0","0","529","0","0","529","0","0","529","0","0","529","0","0","529","0","0"
,"530","0","0","530","0","0","530","0","0","530","0","0","530","0","0","530","0","0","530","0","0","530","0","0","530","0","0","530","0","0","530","0","0","530","0","0","530","0","0","530","0","0","530","0","0","530","0","0","530","0","0","530","0","0","530","0","0","530","0","0","530","0","0","530","0","0","530","0","0","530","0","0","530","0","0","530","0","0","530","0","0","530","0","0","530","0","0","530","0","0","530","0","0","530","0","0","530","0","0","530","0","0","530","0","0","530","0","0","530","0","0","530","0","0","530","0","0","530","0","0","530","0","0","530","0","0","530","0","0","530","0","0","530","0","0","530","0","0","530","0","0","530","0","0","530","0","0","530","0","0","530","0","0","530","0","0","530","0","0","530","0","0","530","0","0","530","0","0","530","0","0","530","0","0","530","0","0","530","0","0"
,"531","0","0","531","0","0","531","0","0","531","0","0","531","0","0","531","0","0","531","0","0","531","0","0","531","0","0","531","0","0","531","0","0","531","0","0","531","0","0","531","0","0","531","0","0","531","0","0","531","0","0","531","0","0","531","0","0","531","0","0","531","0","0","531","0","0","531","0","0","531","0","0","531","0","0","531","0","0","531","0","0","531","0","0","531","0","0","531","0","0","531","0","0","531","0","0","531","0","0","531","0","0","531","0","0","531","0","0","531","0","0","531","0","0","531","0","0","531","0","0","531","0","0","531","0","0","531","0","0","531","0","0","531","0","0","531","0","0","531","0","0","531","0","0","531","0","0","531","0","0","531","0","0","531","0","0","531","0","0","531","0","0","531","0","0","531","0","0","531","0","0","531","0","0","531","0","0","531","0","0"
,"532","0","0","532","0","0","532","0","0","532","0","0","532","0","0","532","0","0","532","0","0","532","0","0","532","0","0","532","0","0","532","0","0","532","0","0","532","0","0","532","0","0","532","0","0","532","0","0","532","0","0","532","0","0","532","0","0","532","0","0","532","0","0","532","0","0","532","0","0","532","0","0","532","0","0","532","0","0","532","0","0","532","0","0","532","0","0","532","0","0","532","0","0","532","0","0","532","0","0","532","0","0","532","0","0","532","0","0","532","0","0","532","0","0","532","0","0","532","0","0","532","0","0","532","0","0","532","0","0","532","0","0","532","0","0","532","0","0","532","0","0","532","0","0","532","0","0","532","0","0","532","0","0","532","0","0","532","0","0","532","0","0","532","0","0","532","0","0","532","0","0","532","0","0","532","0","0","532","0","0"
,"533","0","0","533","0","0","533","0","0","533","0","0","533","0","0","533","0","0","533","0","0","533","0","0","533","0","0","533","0","0","533","0","0","533","0","0","533","0","0","533","0","0","533","0","0","533","0","0","533","0","0","533","0","0","533","0","0","533","0","0","533","0","0","533","0","0","533","0","0","533","0","0","533","0","0","533","0","0","533","0","0","533","0","0","533","0","0","533","0","0","533","0","0","533","0","0","533","0","0","533","0","0","533","0","0","533","0","0","533","0","0","533","0","0","533","0","0","533","0","0","533","0","0","533","0","0","533","0","0","533","0","0","533","0","0","533","0","0","533","0","0","533","0","0","533","0","0","533","0","0","533","0","0","533","0","0","533","0","0","533","0","0","533","0","0","533","0","0","533","0","0","533","0","0","533","0","0","533","0","0"
,"534","0","0","534","0","0","534","0","0","534","0","0","534","0","0","534","0","0","534","0","0","534","0","0","534","0","0","534","0","0","534","0","0","534","0","0","534","0","0","534","0","0","534","0","0","534","0","0","534","0","0","534","0","0","534","0","0","534","0","0","534","0","0","534","0","0","534","0","0","534","0","0","534","0","0","534","0","0","534","0","0","534","0","0","534","0","0","534","0","0","534","0","0","534","0","0","534","0","0","534","0","0","534","0","0","534","0","0","534","0","0","534","0","0","534","0","0","534","0","0","534","0","0","534","0","0","534","0","0","534","0","0","534","0","0","534","0","0","534","0","0","534","0","0","534","0","0","534","0","0","534","0","0","534","0","0","534","0","0","534","0","0","534","0","0","534","0","0","534","0","0","534","0","0","534","0","0","534","0","0"
,"535","0","0","535","0","0","535","0","0","535","0","0","535","0","0","535","0","0","535","0","0","535","0","0","535","0","0","535","0","0","535","0","0","535","0","0","535","0","0","535","0","0","535","0","0","535","0","0","535","0","0","535","0","0","535","0","0","535","0","0","535","0","0","535","0","0","535","0","0","535","0","0","535","0","0","535","0","0","535","0","0","535","0","0","535","0","0","535","0","0","535","0","0","535","0","0","535","0","0","535","0","0","535","0","0","535","0","0","535","0","0","535","0","0","535","0","0","535","0","0","535","0","0","535","0","0","535","0","0","535","0","0","535","0","0","535","0","0","535","0","0","535","0","0","535","0","0","535","0","0","535","0","0","535","0","0","535","0","0","535","0","0","535","0","0","535","0","0","535","0","0","535","0","0","535","0","0","535","0","0"
,"536","0","0","536","0","0","536","0","0","536","0","0","536","0","0","536","0","0","536","0","0","536","0","0","536","0","0","536","0","0","536","0","0","536","0","0","536","0","0","536","0","0","536","0","0","536","0","0","536","0","0","536","0","0","536","0","0","536","0","0","536","0","0","536","0","0","536","0","0","536","0","0","536","0","0","536","0","0","536","0","0","536","0","0","536","0","0","536","0","0","536","0","0","536","0","0","536","0","0","536","0","0","536","0","0","536","0","0","536","0","0","536","0","0","536","0","0","536","0","0","536","0","0","536","0","0","536","0","0","536","0","0","536","0","0","536","0","0","536","0","0","536","0","0","536","0","0","536","0","0","536","0","0","536","0","0","536","0","0","536","0","0","536","0","0","536","0","0","536","0","0","536","0","0","536","0","0","536","0","0"
,"537","0","0","537","0","0","537","0","0","537","0","0","537","0","0","537","0","0","537","0","0","537","0","0","537","0","0","537","0","0","537","0","0","537","0","0","537","0","0","537","0","0","537","0","0","537","0","0","537","0","0","537","0","0","537","0","0","537","0","0","537","0","0","537","0","0","537","0","0","537","0","0","537","0","0","537","0","0","537","0","0","537","0","0","537","0","0","537","0","0","537","0","0","537","0","0","537","0","0","537","0","0","537","0","0","537","0","0","537","0","0","537","0","0","537","0","0","537","0","0","537","0","0","537","0","0","537","0","0","537","0","0","537","0","0","537","0","0","537","0","0","537","0","0","537","0","0","537","0","0","537","0","0","537","0","0","537","0","0","537","0","0","537","0","0","537","0","0","537","0","0","537","0","0","537","0","0","537","0","0"
,"538","0","0","538","0","0","538","0","0","538","0","0","538","0","0","538","0","0","538","0","0","538","0","0","538","0","0","538","0","0","538","0","0","538","0","0","538","0","0","538","0","0","538","0","0","538","0","0","538","0","0","538","0","0","538","0","0","538","0","0","538","0","0","538","0","0","538","0","0","538","0","0","538","0","0","538","0","0","538","0","0","538","0","0","538","0","0","538","0","0","538","0","0","538","0","0","538","0","0","538","0","0","538","0","0","538","0","0","538","0","0","538","0","0","538","0","0","538","0","0","538","0","0","538","0","0","538","0","0","538","0","0","538","0","0","538","0","0","538","0","0","538","0","0","538","0","0","538","0","0","538","0","0","538","0","0","538","0","0","538","0","0","538","0","0","538","0","0","538","0","0","538","0","0","538","0","0","538","0","0"
,"539","0","0","539","0","0","539","0","0","539","0","0","539","0","0","539","0","0","539","0","0","539","0","0","539","0","0","539","0","0","539","0","0","539","0","0","539","0","0","539","0","0","539","0","0","539","0","0","539","0","0","539","0","0","539","0","0","539","0","0","539","0","0","539","0","0","539","0","0","539","0","0","539","0","0","539","0","0","539","0","0","539","0","0","539","0","0","539","0","0","539","0","0","539","0","0","539","0","0","539","0","0","539","0","0","539","0","0","539","0","0","539","0","0","539","0","0","539","0","0","539","0","0","539","0","0","539","0","0","539","0","0","539","0","0","539","0","0","539","0","0","539","0","0","539","0","0","539","0","0","539","0","0","539","0","0","539","0","0","539","0","0","539","0","0","539","0","0","539","0","0","539","0","0","539","0","0","539","0","0"
,"540","0","0","540","0","0","540","0","0","540","0","0","540","0","0","540","0","0","540","0","0","540","0","0","540","0","0","540","0","0","540","0","0","540","0","0","540","0","0","540","0","0","540","0","0","540","0","0","540","0","0","540","0","0","540","0","0","540","0","0","540","0","0","540","0","0","540","0","0","540","0","0","540","0","0","540","0","0","540","0","0","540","0","0","540","0","0","540","0","0","540","0","0","540","0","0","540","0","0","540","0","0","540","0","0","540","0","0","540","0","0","540","0","0","540","0","0","540","0","0","540","0","0","540","0","0","540","0","0","540","0","0","540","0","0","540","0","0","540","0","0","540","0","0","540","0","0","540","0","0","540","0","0","540","0","0","540","0","0","540","0","0","540","0","0","540","0","0","540","0","0","540","0","0","540","0","0","540","0","0"
,"541","0","0","541","0","0","541","0","0","541","0","0","541","0","0","541","0","0","541","0","0","541","0","0","541","0","0","541","0","0","541","0","0","541","0","0","541","0","0","541","0","0","541","0","0","541","0","0","541","0","0","541","0","0","541","0","0","541","0","0","541","0","0","541","0","0","541","0","0","541","0","0","541","0","0","541","0","0","541","0","0","541","0","0","541","0","0","541","0","0","541","0","0","541","0","0","541","0","0","541","0","0","541","0","0","541","0","0","541","0","0","541","0","0","541","0","0","541","0","0","541","0","0","541","0","0","541","0","0","541","0","0","541","0","0","541","0","0","541","0","0","541","0","0","541","0","0","541","0","0","541","0","0","541","0","0","541","0","0","541","0","0","541","0","0","541","0","0","541","0","0","541","0","0","541","0","0","541","0","0"
,"542","0","0","542","0","0","542","0","0","542","0","0","542","0","0","542","0","0","542","0","0","542","0","0","542","0","0","542","0","0","542","0","0","542","0","0","542","0","0","542","0","0","542","0","0","542","0","0","542","0","0","542","0","0","542","0","0","542","0","0","542","0","0","542","0","0","542","0","0","542","0","0","542","0","0","542","0","0","542","0","0","542","0","0","542","0","0","542","0","0","542","0","0","542","0","0","542","0","0","542","0","0","542","0","0","542","0","0","542","0","0","542","0","0","542","0","0","542","0","0","542","0","0","542","0","0","542","0","0","542","0","0","542","0","0","542","0","0","542","0","0","542","0","0","542","0","0","542","0","0","542","0","0","542","0","0","542","0","0","542","0","0","542","0","0","542","0","0","542","0","0","542","0","0","542","0","0","542","0","0"
,"543","0","0","543","0","0","543","0","0","543","0","0","543","0","0","543","0","0","543","0","0","543","0","0","543","0","0","543","0","0","543","0","0","543","0","0","543","0","0","543","0","0","543","0","0","543","0","0","543","0","0","543","0","0","543","0","0","543","0","0","543","0","0","543","0","0","543","0","0","543","0","0","543","0","0","543","0","0","543","0","0","543","0","0","543","0","0","543","0","0","543","0","0","543","0","0","543","0","0","543","0","0","543","0","0","543","0","0","543","0","0","543","0","0","543","0","0","543","0","0","543","0","0","543","0","0","543","0","0","543","0","0","543","0","0","543","0","0","543","0","0","543","0","0","543","0","0","543","0","0","543","0","0","543","0","0","543","0","0","543","0","0","543","0","0","543","0","0","543","0","0","543","0","0","543","0","0","543","0","0"
,"544","0","0","544","0","0","544","0","0","544","0","0","544","0","0","544","0","0","544","0","0","544","0","0","544","0","0","544","0","0","544","0","0","544","0","0","544","0","0","544","0","0","544","0","0","544","0","0","544","0","0","544","0","0","544","0","0","544","0","0","544","0","0","544","0","0","544","0","0","544","0","0","544","0","0","544","0","0","544","0","0","544","0","0","544","0","0","544","0","0","544","0","0","544","0","0","544","0","0","544","0","0","544","0","0","544","0","0","544","0","0","544","0","0","544","0","0","544","0","0","544","0","0","544","0","0","544","0","0","544","0","0","544","0","0","544","0","0","544","0","0","544","0","0","544","0","0","544","0","0","544","0","0","544","0","0","544","0","0","544","0","0","544","0","0","544","0","0","544","0","0","544","0","0","544","0","0","544","0","0"
,"545","0","0","545","0","0","545","0","0","545","0","0","545","0","0","545","0","0","545","0","0","545","0","0","545","0","0","545","0","0","545","0","0","545","0","0","545","0","0","545","0","0","545","0","0","545","0","0","545","0","0","545","0","0","545","0","0","545","0","0","545","0","0","545","0","0","545","0","0","545","0","0","545","0","0","545","0","0","545","0","0","545","0","0","545","0","0","545","0","0","545","0","0","545","0","0","545","0","0","545","0","0","545","0","0","545","0","0","545","0","0","545","0","0","545","0","0","545","0","0","545","0","0","545","0","0","545","0","0","545","0","0","545","0","0","545","0","0","545","0","0","545","0","0","545","0","0","545","0","0","545","0","0","545","0","0","545","0","0","545","0","0","545","0","0","545","0","0","545","0","0","545","0","0","545","0","0","545","0","0"
,"546","0","0","546","0","0","546","0","0","546","0","0","546","0","0","546","0","0","546","0","0","546","0","0","546","0","0","546","0","0","546","0","0","546","0","0","546","0","0","546","0","0","546","0","0","546","0","0","546","0","0","546","0","0","546","0","0","546","0","0","546","0","0","546","0","0","546","0","0","546","0","0","546","0","0","546","0","0","546","0","0","546","0","0","546","0","0","546","0","0","546","0","0","546","0","0","546","0","0","546","0","0","546","0","0","546","0","0","546","0","0","546","0","0","546","0","0","546","0","0","546","0","0","546","0","0","546","0","0","546","0","0","546","0","0","546","0","0","546","0","0","546","0","0","546","0","0","546","0","0","546","0","0","546","0","0","546","0","0","546","0","0","546","0","0","546","0","0","546","0","0","546","0","0","546","0","0","546","0","0"
,"547","0","0","547","0","0","547","0","0","547","0","0","547","0","0","547","0","0","547","0","0","547","0","0","547","0","0","547","0","0","547","0","0","547","0","0","547","0","0","547","0","0","547","0","0","547","0","0","547","0","0","547","0","0","547","0","0","547","0","0","547","0","0","547","0","0","547","0","0","547","0","0","547","0","0","547","0","0","547","0","0","547","0","0","547","0","0","547","0","0","547","0","0","547","0","0","547","0","0","547","0","0","547","0","0","547","0","0","547","0","0","547","0","0","547","0","0","547","0","0","547","0","0","547","0","0","547","0","0","547","0","0","547","0","0","547","0","0","547","0","0","547","0","0","547","0","0","547","0","0","547","0","0","547","0","0","547","0","0","547","0","0","547","0","0","547","0","0","547","0","0","547","0","0","547","0","0","547","0","0"
,"548","0","0","548","0","0","548","0","0","548","0","0","548","0","0","548","0","0","548","0","0","548","0","0","548","0","0","548","0","0","548","0","0","548","0","0","548","0","0","548","0","0","548","0","0","548","0","0","548","0","0","548","0","0","548","0","0","548","0","0","548","0","0","548","0","0","548","0","0","548","0","0","548","0","0","548","0","0","548","0","0","548","0","0","548","0","0","548","0","0","548","0","0","548","0","0","548","0","0","548","0","0","548","0","0","548","0","0","548","0","0","548","0","0","548","0","0","548","0","0","548","0","0","548","0","0","548","0","0","548","0","0","548","0","0","548","0","0","548","0","0","548","0","0","548","0","0","548","0","0","548","0","0","548","0","0","548","0","0","548","0","0","548","0","0","548","0","0","548","0","0","548","0","0","548","0","0","548","0","0"
,"549","0","0","549","0","0","549","0","0","549","0","0","549","0","0","549","0","0","549","0","0","549","0","0","549","0","0","549","0","0","549","0","0","549","0","0","549","0","0","549","0","0","549","0","0","549","0","0","549","0","0","549","0","0","549","0","0","549","0","0","549","0","0","549","0","0","549","0","0","549","0","0","549","0","0","549","0","0","549","0","0","549","0","0","549","0","0","549","0","0","549","0","0","549","0","0","549","0","0","549","0","0","549","0","0","549","0","0","549","0","0","549","0","0","549","0","0","549","0","0","549","0","0","549","0","0","549","0","0","549","0","0","549","0","0","549","0","0","549","0","0","549","0","0","549","0","0","549","0","0","549","0","0","549","0","0","549","0","0","549","0","0","549","0","0","549","0","0","549","0","0","549","0","0","549","0","0","549","0","0"
,"550","0","0","550","0","0","550","0","0","550","0","0","550","0","0","550","0","0","550","0","0","550","0","0","550","0","0","550","0","0","550","0","0","550","0","0","550","0","0","550","0","0","550","0","0","550","0","0","550","0","0","550","0","0","550","0","0","550","0","0","550","0","0","550","0","0","550","0","0","550","0","0","550","0","0","550","0","0","550","0","0","550","0","0","550","0","0","550","0","0","550","0","0","550","0","0","550","0","0","550","0","0","550","0","0","550","0","0","550","0","0","550","0","0","550","0","0","550","0","0","550","0","0","550","0","0","550","0","0","550","0","0","550","0","0","550","0","0","550","0","0","550","0","0","550","0","0","550","0","0","550","0","0","550","0","0","550","0","0","550","0","0","550","0","0","550","0","0","550","0","0","550","0","0","550","0","0","550","0","0"
,"551","0","0","551","0","0","551","0","0","551","0","0","551","0","0","551","0","0","551","0","0","551","0","0","551","0","0","551","0","0","551","0","0","551","0","0","551","0","0","551","0","0","551","0","0","551","0","0","551","0","0","551","0","0","551","0","0","551","0","0","551","0","0","551","0","0","551","0","0","551","0","0","551","0","0","551","0","0","551","0","0","551","0","0","551","0","0","551","0","0","551","0","0","551","0","0","551","0","0","551","0","0","551","0","0","551","0","0","551","0","0","551","0","0","551","0","0","551","0","0","551","0","0","551","0","0","551","0","0","551","0","0","551","0","0","551","0","0","551","0","0","551","0","0","551","0","0","551","0","0","551","0","0","551","0","0","551","0","0","551","0","0","551","0","0","551","0","0","551","0","0","551","0","0","551","0","0","551","0","0"
,"552","0","0","552","0","0","552","0","0","552","0","0","552","0","0","552","0","0","552","0","0","552","0","0","552","0","0","552","0","0","552","0","0","552","0","0","552","0","0","552","0","0","552","0","0","552","0","0","552","0","0","552","0","0","552","0","0","552","0","0","552","0","0","552","0","0","552","0","0","552","0","0","552","0","0","552","0","0","552","0","0","552","0","0","552","0","0","552","0","0","552","0","0","552","0","0","552","0","0","552","0","0","552","0","0","552","0","0","552","0","0","552","0","0","552","0","0","552","0","0","552","0","0","552","0","0","552","0","0","552","0","0","552","0","0","552","0","0","552","0","0","552","0","0","552","0","0","552","0","0","552","0","0","552","0","0","552","0","0","552","0","0","552","0","0","552","0","0","552","0","0","552","0","0","552","0","0","552","0","0"
,"553","0","0","553","0","0","553","0","0","553","0","0","553","0","0","553","0","0","553","0","0","553","0","0","553","0","0","553","0","0","553","0","0","553","0","0","553","0","0","553","0","0","553","0","0","553","0","0","553","0","0","553","0","0","553","0","0","553","0","0","553","0","0","553","0","0","553","0","0","553","0","0","553","0","0","553","0","0","553","0","0","553","0","0","553","0","0","553","0","0","553","0","0","553","0","0","553","0","0","553","0","0","553","0","0","553","0","0","553","0","0","553","0","0","553","0","0","553","0","0","553","0","0","553","0","0","553","0","0","553","0","0","553","0","0","553","0","0","553","0","0","553","0","0","553","0","0","553","0","0","553","0","0","553","0","0","553","0","0","553","0","0","553","0","0","553","0","0","553","0","0","553","0","0","553","0","0","553","0","0"
,"554","0","0","554","0","0","554","0","0","554","0","0","554","0","0","554","0","0","554","0","0","554","0","0","554","0","0","554","0","0","554","0","0","554","0","0","554","0","0","554","0","0","554","0","0","554","0","0","554","0","0","554","0","0","554","0","0","554","0","0","554","0","0","554","0","0","554","0","0","554","0","0","554","0","0","554","0","0","554","0","0","554","0","0","554","0","0","554","0","0","554","0","0","554","0","0","554","0","0","554","0","0","554","0","0","554","0","0","554","0","0","554","0","0","554","0","0","554","0","0","554","0","0","554","0","0","554","0","0","554","0","0","554","0","0","554","0","0","554","0","0","554","0","0","554","0","0","554","0","0","554","0","0","554","0","0","554","0","0","554","0","0","554","0","0","554","0","0","554","0","0","554","0","0","554","0","0","554","0","0"
,"555","0","0","555","0","0","555","0","0","555","0","0","555","0","0","555","0","0","555","0","0","555","0","0","555","0","0","555","0","0","555","0","0","555","0","0","555","0","0","555","0","0","555","0","0","555","0","0","555","0","0","555","0","0","555","0","0","555","0","0","555","0","0","555","0","0","555","0","0","555","0","0","555","0","0","555","0","0","555","0","0","555","0","0","555","0","0","555","0","0","555","0","0","555","0","0","555","0","0","555","0","0","555","0","0","555","0","0","555","0","0","555","0","0","555","0","0","555","0","0","555","0","0","555","0","0","555","0","0","555","0","0","555","0","0","555","0","0","555","0","0","555","0","0","555","0","0","555","0","0","555","0","0","555","0","0","555","0","0","555","0","0","555","0","0","555","0","0","555","0","0","555","0","0","555","0","0","555","0","0"
,"556","0","0","556","0","0","556","0","0","556","0","0","556","0","0","556","0","0","556","0","0","556","0","0","556","0","0","556","0","0","556","0","0","556","0","0","556","0","0","556","0","0","556","0","0","556","0","0","556","0","0","556","0","0","556","0","0","556","0","0","556","0","0","556","0","0","556","0","0","556","0","0","556","0","0","556","0","0","556","0","0","556","0","0","556","0","0","556","0","0","556","0","0","556","0","0","556","0","0","556","0","0","556","0","0","556","0","0","556","0","0","556","0","0","556","0","0","556","0","0","556","0","0","556","0","0","556","0","0","556","0","0","556","0","0","556","0","0","556","0","0","556","0","0","556","0","0","556","0","0","556","0","0","556","0","0","556","0","0","556","0","0","556","0","0","556","0","0","556","0","0","556","0","0","556","0","0","556","0","0"
,"557","0","0","557","0","0","557","0","0","557","0","0","557","0","0","557","0","0","557","0","0","557","0","0","557","0","0","557","0","0","557","0","0","557","0","0","557","0","0","557","0","0","557","0","0","557","0","0","557","0","0","557","0","0","557","0","0","557","0","0","557","0","0","557","0","0","557","0","0","557","0","0","557","0","0","557","0","0","557","0","0","557","0","0","557","0","0","557","0","0","557","0","0","557","0","0","557","0","0","557","0","0","557","0","0","557","0","0","557","0","0","557","0","0","557","0","0","557","0","0","557","0","0","557","0","0","557","0","0","557","0","0","557","0","0","557","0","0","557","0","0","557","0","0","557","0","0","557","0","0","557","0","0","557","0","0","557","0","0","557","0","0","557","0","0","557","0","0","557","0","0","557","0","0","557","0","0","557","0","0"
,"558","0","0","558","0","0","558","0","0","558","0","0","558","0","0","558","0","0","558","0","0","558","0","0","558","0","0","558","0","0","558","0","0","558","0","0","558","0","0","558","0","0","558","0","0","558","0","0","558","0","0","558","0","0","558","0","0","558","0","0","558","0","0","558","0","0","558","0","0","558","0","0","558","0","0","558","0","0","558","0","0","558","0","0","558","0","0","558","0","0","558","0","0","558","0","0","558","0","0","558","0","0","558","0","0","558","0","0","558","0","0","558","0","0","558","0","0","558","0","0","558","0","0","558","0","0","558","0","0","558","0","0","558","0","0","558","0","0","558","0","0","558","0","0","558","0","0","558","0","0","558","0","0","558","0","0","558","0","0","558","0","0","558","0","0","558","0","0","558","0","0","558","0","0","558","0","0","558","0","0"
,"559","0","0","559","0","0","559","0","0","559","0","0","559","0","0","559","0","0","559","0","0","559","0","0","559","0","0","559","0","0","559","0","0","559","0","0","559","0","0","559","0","0","559","0","0","559","0","0","559","0","0","559","0","0","559","0","0","559","0","0","559","0","0","559","0","0","559","0","0","559","0","0","559","0","0","559","0","0","559","0","0","559","0","0","559","0","0","559","0","0","559","0","0","559","0","0","559","0","0","559","0","0","559","0","0","559","0","0","559","0","0","559","0","0","559","0","0","559","0","0","559","0","0","559","0","0","559","0","0","559","0","0","559","0","0","559","0","0","559","0","0","559","0","0","559","0","0","559","0","0","559","0","0","559","0","0","559","0","0","559","0","0","559","0","0","559","0","0","559","0","0","559","0","0","559","0","0","559","0","0"
,"560","0","0","560","0","0","560","0","0","560","0","0","560","0","0","560","0","0","560","0","0","560","0","0","560","0","0","560","0","0","560","0","0","560","0","0","560","0","0","560","0","0","560","0","0","560","0","0","560","0","0","560","0","0","560","0","0","560","0","0","560","0","0","560","0","0","560","0","0","560","0","0","560","0","0","560","0","0","560","0","0","560","0","0","560","0","0","560","0","0","560","0","0","560","0","0","560","0","0","560","0","0","560","0","0","560","0","0","560","0","0","560","0","0","560","0","0","560","0","0","560","0","0","560","0","0","560","0","0","560","0","0","560","0","0","560","0","0","560","0","0","560","0","0","560","0","0","560","0","0","560","0","0","560","0","0","560","0","0","560","0","0","560","0","0","560","0","0","560","0","0","560","0","0","560","0","0","560","0","0"
,"561","0","0","561","0","0","561","0","0","561","0","0","561","0","0","561","0","0","561","0","0","561","0","0","561","0","0","561","0","0","561","0","0","561","0","0","561","0","0","561","0","0","561","0","0","561","0","0","561","0","0","561","0","0","561","0","0","561","0","0","561","0","0","561","0","0","561","0","0","561","0","0","561","0","0","561","0","0","561","0","0","561","0","0","561","0","0","561","0","0","561","0","0","561","0","0","561","0","0","561","0","0","561","0","0","561","0","0","561","0","0","561","0","0","561","0","0","561","0","0","561","0","0","561","0","0","561","0","0","561","0","0","561","0","0","561","0","0","561","0","0","561","0","0","561","0","0","561","0","0","561","0","0","561","0","0","561","0","0","561","0","0","561","0","0","561","0","0","561","0","0","561","0","0","561","0","0","561","0","0"
,"562","0","0","562","0","0","562","0","0","562","0","0","562","0","0","562","0","0","562","0","0","562","0","0","562","0","0","562","0","0","562","0","0","562","0","0","562","0","0","562","0","0","562","0","0","562","0","0","562","0","0","562","0","0","562","0","0","562","0","0","562","0","0","562","0","0","562","0","0","562","0","0","562","0","0","562","0","0","562","0","0","562","0","0","562","0","0","562","0","0","562","0","0","562","0","0","562","0","0","562","0","0","562","0","0","562","0","0","562","0","0","562","0","0","562","0","0","562","0","0","562","0","0","562","0","0","562","0","0","562","0","0","562","0","0","562","0","0","562","0","0","562","0","0","562","0","0","562","0","0","562","0","0","562","0","0","562","0","0","562","0","0","562","0","0","562","0","0","562","0","0","562","0","0","562","0","0","562","0","0"
,"563","0","0","563","0","0","563","0","0","563","0","0","563","0","0","563","0","0","563","0","0","563","0","0","563","0","0","563","0","0","563","0","0","563","0","0","563","0","0","563","0","0","563","0","0","563","0","0","563","0","0","563","0","0","563","0","0","563","0","0","563","0","0","563","0","0","563","0","0","563","0","0","563","0","0","563","0","0","563","0","0","563","0","0","563","0","0","563","0","0","563","0","0","563","0","0","563","0","0","563","0","0","563","0","0","563","0","0","563","0","0","563","0","0","563","0","0","563","0","0","563","0","0","563","0","0","563","0","0","563","0","0","563","0","0","563","0","0","563","0","0","563","0","0","563","0","0","563","0","0","563","0","0","563","0","0","563","0","0","563","0","0","563","0","0","563","0","0","563","0","0","563","0","0","563","0","0","563","0","0"
,"564","0","0","564","0","0","564","0","0","564","0","0","564","0","0","564","0","0","564","0","0","564","0","0","564","0","0","564","0","0","564","0","0","564","0","0","564","0","0","564","0","0","564","0","0","564","0","0","564","0","0","564","0","0","564","0","0","564","0","0","564","0","0","564","0","0","564","0","0","564","0","0","564","0","0","564","0","0","564","0","0","564","0","0","564","0","0","564","0","0","564","0","0","564","0","0","564","0","0","564","0","0","564","0","0","564","0","0","564","0","0","564","0","0","564","0","0","564","0","0","564","0","0","564","0","0","564","0","0","564","0","0","564","0","0","564","0","0","564","0","0","564","0","0","564","0","0","564","0","0","564","0","0","564","0","0","564","0","0","564","0","0","564","0","0","564","0","0","564","0","0","564","0","0","564","0","0","564","0","0"
,"565","0","0","565","0","0","565","0","0","565","0","0","565","0","0","565","0","0","565","0","0","565","0","0","565","0","0","565","0","0","565","0","0","565","0","0","565","0","0","565","0","0","565","0","0","565","0","0","565","0","0","565","0","0","565","0","0","565","0","0","565","0","0","565","0","0","565","0","0","565","0","0","565","0","0","565","0","0","565","0","0","565","0","0","565","0","0","565","0","0","565","0","0","565","0","0","565","0","0","565","0","0","565","0","0","565","0","0","565","0","0","565","0","0","565","0","0","565","0","0","565","0","0","565","0","0","565","0","0","565","0","0","565","0","0","565","0","0","565","0","0","565","0","0","565","0","0","565","0","0","565","0","0","565","0","0","565","0","0","565","0","0","565","0","0","565","0","0","565","0","0","565","0","0","565","0","0","565","0","0"
,"566","0","0","566","0","0","566","0","0","566","0","0","566","0","0","566","0","0","566","0","0","566","0","0","566","0","0","566","0","0","566","0","0","566","0","0","566","0","0","566","0","0","566","0","0","566","0","0","566","0","0","566","0","0","566","0","0","566","0","0","566","0","0","566","0","0","566","0","0","566","0","0","566","0","0","566","0","0","566","0","0","566","0","0","566","0","0","566","0","0","566","0","0","566","0","0","566","0","0","566","0","0","566","0","0","566","0","0","566","0","0","566","0","0","566","0","0","566","0","0","566","0","0","566","0","0","566","0","0","566","0","0","566","0","0","566","0","0","566","0","0","566","0","0","566","0","0","566","0","0","566","0","0","566","0","0","566","0","0","566","0","0","566","0","0","566","0","0","566","0","0","566","0","0","566","0","0","566","0","0"
,"567","0","0","567","0","0","567","0","0","567","0","0","567","0","0","567","0","0","567","0","0","567","0","0","567","0","0","567","0","0","567","0","0","567","0","0","567","0","0","567","0","0","567","0","0","567","0","0","567","0","0","567","0","0","567","0","0","567","0","0","567","0","0","567","0","0","567","0","0","567","0","0","567","0","0","567","0","0","567","0","0","567","0","0","567","0","0","567","0","0","567","0","0","567","0","0","567","0","0","567","0","0","567","0","0","567","0","0","567","0","0","567","0","0","567","0","0","567","0","0","567","0","0","567","0","0","567","0","0","567","0","0","567","0","0","567","0","0","567","0","0","567","0","0","567","0","0","567","0","0","567","0","0","567","0","0","567","0","0","567","0","0","567","0","0","567","0","0","567","0","0","567","0","0","567","0","0","567","0","0"
,"568","0","0","568","0","0","568","0","0","568","0","0","568","0","0","568","0","0","568","0","0","568","0","0","568","0","0","568","0","0","568","0","0","568","0","0","568","0","0","568","0","0","568","0","0","568","0","0","568","0","0","568","0","0","568","0","0","568","0","0","568","0","0","568","0","0","568","0","0","568","0","0","568","0","0","568","0","0","568","0","0","568","0","0","568","0","0","568","0","0","568","0","0","568","0","0","568","0","0","568","0","0","568","0","0","568","0","0","568","0","0","568","0","0","568","0","0","568","0","0","568","0","0","568","0","0","568","0","0","568","0","0","568","0","0","568","0","0","568","0","0","568","0","0","568","0","0","568","0","0","568","0","0","568","0","0","568","0","0","568","0","0","568","0","0","568","0","0","568","0","0","568","0","0","568","0","0","568","0","0"
,"569","0","0","569","0","0","569","0","0","569","0","0","569","0","0","569","0","0","569","0","0","569","0","0","569","0","0","569","0","0","569","0","0","569","0","0","569","0","0","569","0","0","569","0","0","569","0","0","569","0","0","569","0","0","569","0","0","569","0","0","569","0","0","569","0","0","569","0","0","569","0","0","569","0","0","569","0","0","569","0","0","569","0","0","569","0","0","569","0","0","569","0","0","569","0","0","569","0","0","569","0","0","569","0","0","569","0","0","569","0","0","569","0","0","569","0","0","569","0","0","569","0","0","569","0","0","569","0","0","569","0","0","569","0","0","569","0","0","569","0","0","569","0","0","569","0","0","569","0","0","569","0","0","569","0","0","569","0","0","569","0","0","569","0","0","569","0","0","569","0","0","569","0","0","569","0","0","569","0","0"
,"570","0","0","570","0","0","570","0","0","570","0","0","570","0","0","570","0","0","570","0","0","570","0","0","570","0","0","570","0","0","570","0","0","570","0","0","570","0","0","570","0","0","570","0","0","570","0","0","570","0","0","570","0","0","570","0","0","570","0","0","570","0","0","570","0","0","570","0","0","570","0","0","570","0","0","570","0","0","570","0","0","570","0","0","570","0","0","570","0","0","570","0","0","570","0","0","570","0","0","570","0","0","570","0","0","570","0","0","570","0","0","570","0","0","570","0","0","570","0","0","570","0","0","570","0","0","570","0","0","570","0","0","570","0","0","570","0","0","570","0","0","570","0","0","570","0","0","570","0","0","570","0","0","570","0","0","570","0","0","570","0","0","570","0","0","570","0","0","570","0","0","570","0","0","570","0","0","570","0","0"
,"571","0","0","571","0","0","571","0","0","571","0","0","571","0","0","571","0","0","571","0","0","571","0","0","571","0","0","571","0","0","571","0","0","571","0","0","571","0","0","571","0","0","571","0","0","571","0","0","571","0","0","571","0","0","571","0","0","571","0","0","571","0","0","571","0","0","571","0","0","571","0","0","571","0","0","571","0","0","571","0","0","571","0","0","571","0","0","571","0","0","571","0","0","571","0","0","571","0","0","571","0","0","571","0","0","571","0","0","571","0","0","571","0","0","571","0","0","571","0","0","571","0","0","571","0","0","571","0","0","571","0","0","571","0","0","571","0","0","571","0","0","571","0","0","571","0","0","571","0","0","571","0","0","571","0","0","571","0","0","571","0","0","571","0","0","571","0","0","571","0","0","571","0","0","571","0","0","571","0","0"
,"572","0","0","572","0","0","572","0","0","572","0","0","572","0","0","572","0","0","572","0","0","572","0","0","572","0","0","572","0","0","572","0","0","572","0","0","572","0","0","572","0","0","572","0","0","572","0","0","572","0","0","572","0","0","572","0","0","572","0","0","572","0","0","572","0","0","572","0","0","572","0","0","572","0","0","572","0","0","572","0","0","572","0","0","572","0","0","572","0","0","572","0","0","572","0","0","572","0","0","572","0","0","572","0","0","572","0","0","572","0","0","572","0","0","572","0","0","572","0","0","572","0","0","572","0","0","572","0","0","572","0","0","572","0","0","572","0","0","572","0","0","572","0","0","572","0","0","572","0","0","572","0","0","572","0","0","572","0","0","572","0","0","572","0","0","572","0","0","572","0","0","572","0","0","572","0","0","572","0","0"
,"573","0","0","573","0","0","573","0","0","573","0","0","573","0","0","573","0","0","573","0","0","573","0","0","573","0","0","573","0","0","573","0","0","573","0","0","573","0","0","573","0","0","573","0","0","573","0","0","573","0","0","573","0","0","573","0","0","573","0","0","573","0","0","573","0","0","573","0","0","573","0","0","573","0","0","573","0","0","573","0","0","573","0","0","573","0","0","573","0","0","573","0","0","573","0","0","573","0","0","573","0","0","573","0","0","573","0","0","573","0","0","573","0","0","573","0","0","573","0","0","573","0","0","573","0","0","573","0","0","573","0","0","573","0","0","573","0","0","573","0","0","573","0","0","573","0","0","573","0","0","573","0","0","573","0","0","573","0","0","573","0","0","573","0","0","573","0","0","573","0","0","573","0","0","573","0","0","573","0","0"
,"574","0","0","574","0","0","574","0","0","574","0","0","574","0","0","574","0","0","574","0","0","574","0","0","574","0","0","574","0","0","574","0","0","574","0","0","574","0","0","574","0","0","574","0","0","574","0","0","574","0","0","574","0","0","574","0","0","574","0","0","574","0","0","574","0","0","574","0","0","574","0","0","574","0","0","574","0","0","574","0","0","574","0","0","574","0","0","574","0","0","574","0","0","574","0","0","574","0","0","574","0","0","574","0","0","574","0","0","574","0","0","574","0","0","574","0","0","574","0","0","574","0","0","574","0","0","574","0","0","574","0","0","574","0","0","574","0","0","574","0","0","574","0","0","574","0","0","574","0","0","574","0","0","574","0","0","574","0","0","574","0","0","574","0","0","574","0","0","574","0","0","574","0","0","574","0","0","574","0","0"
,"575","0","0","575","0","0","575","0","0","575","0","0","575","0","0","575","0","0","575","0","0","575","0","0","575","0","0","575","0","0","575","0","0","575","0","0","575","0","0","575","0","0","575","0","0","575","0","0","575","0","0","575","0","0","575","0","0","575","0","0","575","0","0","575","0","0","575","0","0","575","0","0","575","0","0","575","0","0","575","0","0","575","0","0","575","0","0","575","0","0","575","0","0","575","0","0","575","0","0","575","0","0","575","0","0","575","0","0","575","0","0","575","0","0","575","0","0","575","0","0","575","0","0","575","0","0","575","0","0","575","0","0","575","0","0","575","0","0","575","0","0","575","0","0","575","0","0","575","0","0","575","0","0","575","0","0","575","0","0","575","0","0","575","0","0","575","0","0","575","0","0","575","0","0","575","0","0","575","0","0"
,"576","0","0","576","0","0","576","0","0","576","0","0","576","0","0","576","0","0","576","0","0","576","0","0","576","0","0","576","0","0","576","0","0","576","0","0","576","0","0","576","0","0","576","0","0","576","0","0","576","0","0","576","0","0","576","0","0","576","0","0","576","0","0","576","0","0","576","0","0","576","0","0","576","0","0","576","0","0","576","0","0","576","0","0","576","0","0","576","0","0","576","0","0","576","0","0","576","0","0","576","0","0","576","0","0","576","0","0","576","0","0","576","0","0","576","0","0","576","0","0","576","0","0","576","0","0","576","0","0","576","0","0","576","0","0","576","0","0","576","0","0","576","0","0","576","0","0","576","0","0","576","0","0","576","0","0","576","0","0","576","0","0","576","0","0","576","0","0","576","0","0","576","0","0","576","0","0","576","0","0"
,"577","0","0","577","0","0","577","0","0","577","0","0","577","0","0","577","0","0","577","0","0","577","0","0","577","0","0","577","0","0","577","0","0","577","0","0","577","0","0","577","0","0","577","0","0","577","0","0","577","0","0","577","0","0","577","0","0","577","0","0","577","0","0","577","0","0","577","0","0","577","0","0","577","0","0","577","0","0","577","0","0","577","0","0","577","0","0","577","0","0","577","0","0","577","0","0","577","0","0","577","0","0","577","0","0","577","0","0","577","0","0","577","0","0","577","0","0","577","0","0","577","0","0","577","0","0","577","0","0","577","0","0","577","0","0","577","0","0","577","0","0","577","0","0","577","0","0","577","0","0","577","0","0","577","0","0","577","0","0","577","0","0","577","0","0","577","0","0","577","0","0","577","0","0","577","0","0","577","0","0"
,"578","0","0","578","0","0","578","0","0","578","0","0","578","0","0","578","0","0","578","0","0","578","0","0","578","0","0","578","0","0","578","0","0","578","0","0","578","0","0","578","0","0","578","0","0","578","0","0","578","0","0","578","0","0","578","0","0","578","0","0","578","0","0","578","0","0","578","0","0","578","0","0","578","0","0","578","0","0","578","0","0","578","0","0","578","0","0","578","0","0","578","0","0","578","0","0","578","0","0","578","0","0","578","0","0","578","0","0","578","0","0","578","0","0","578","0","0","578","0","0","578","0","0","578","0","0","578","0","0","578","0","0","578","0","0","578","0","0","578","0","0","578","0","0","578","0","0","578","0","0","578","0","0","578","0","0","578","0","0","578","0","0","578","0","0","578","0","0","578","0","0","578","0","0","578","0","0","578","0","0"
,"579","0","0","579","0","0","579","0","0","579","0","0","579","0","0","579","0","0","579","0","0","579","0","0","579","0","0","579","0","0","579","0","0","579","0","0","579","0","0","579","0","0","579","0","0","579","0","0","579","0","0","579","0","0","579","0","0","579","0","0","579","0","0","579","0","0","579","0","0","579","0","0","579","0","0","579","0","0","579","0","0","579","0","0","579","0","0","579","0","0","579","0","0","579","0","0","579","0","0","579","0","0","579","0","0","579","0","0","579","0","0","579","0","0","579","0","0","579","0","0","579","0","0","579","0","0","579","0","0","579","0","0","579","0","0","579","0","0","579","0","0","579","0","0","579","0","0","579","0","0","579","0","0","579","0","0","579","0","0","579","0","0","579","0","0","579","0","0","579","0","0","579","0","0","579","0","0","579","0","0"
,"580","0","0","580","0","0","580","0","0","580","0","0","580","0","0","580","0","0","580","0","0","580","0","0","580","0","0","580","0","0","580","0","0","580","0","0","580","0","0","580","0","0","580","0","0","580","0","0","580","0","0","580","0","0","580","0","0","580","0","0","580","0","0","580","0","0","580","0","0","580","0","0","580","0","0","580","0","0","580","0","0","580","0","0","580","0","0","580","0","0","580","0","0","580","0","0","580","0","0","580","0","0","580","0","0","580","0","0","580","0","0","580","0","0","580","0","0","580","0","0","580","0","0","580","0","0","580","0","0","580","0","0","580","0","0","580","0","0","580","0","0","580","0","0","580","0","0","580","0","0","580","0","0","580","0","0","580","0","0","580","0","0","580","0","0","580","0","0","580","0","0","580","0","0","580","0","0","580","0","0"
,"581","0","0","581","0","0","581","0","0","581","0","0","581","0","0","581","0","0","581","0","0","581","0","0","581","0","0","581","0","0","581","0","0","581","0","0","581","0","0","581","0","0","581","0","0","581","0","0","581","0","0","581","0","0","581","0","0","581","0","0","581","0","0","581","0","0","581","0","0","581","0","0","581","0","0","581","0","0","581","0","0","581","0","0","581","0","0","581","0","0","581","0","0","581","0","0","581","0","0","581","0","0","581","0","0","581","0","0","581","0","0","581","0","0","581","0","0","581","0","0","581","0","0","581","0","0","581","0","0","581","0","0","581","0","0","581","0","0","581","0","0","581","0","0","581","0","0","581","0","0","581","0","0","581","0","0","581","0","0","581","0","0","581","0","0","581","0","0","581","0","0","581","0","0","581","0","0","581","0","0"
,"582","0","0","582","0","0","582","0","0","582","0","0","582","0","0","582","0","0","582","0","0","582","0","0","582","0","0","582","0","0","582","0","0","582","0","0","582","0","0","582","0","0","582","0","0","582","0","0","582","0","0","582","0","0","582","0","0","582","0","0","582","0","0","582","0","0","582","0","0","582","0","0","582","0","0","582","0","0","582","0","0","582","0","0","582","0","0","582","0","0","582","0","0","582","0","0","582","0","0","582","0","0","582","0","0","582","0","0","582","0","0","582","0","0","582","0","0","582","0","0","582","0","0","582","0","0","582","0","0","582","0","0","582","0","0","582","0","0","582","0","0","582","0","0","582","0","0","582","0","0","582","0","0","582","0","0","582","0","0","582","0","0","582","0","0","582","0","0","582","0","0","582","0","0","582","0","0","582","0","0"
,"583","0","0","583","0","0","583","0","0","583","0","0","583","0","0","583","0","0","583","0","0","583","0","0","583","0","0","583","0","0","583","0","0","583","0","0","583","0","0","583","0","0","583","0","0","583","0","0","583","0","0","583","0","0","583","0","0","583","0","0","583","0","0","583","0","0","583","0","0","583","0","0","583","0","0","583","0","0","583","0","0","583","0","0","583","0","0","583","0","0","583","0","0","583","0","0","583","0","0","583","0","0","583","0","0","583","0","0","583","0","0","583","0","0","583","0","0","583","0","0","583","0","0","583","0","0","583","0","0","583","0","0","583","0","0","583","0","0","583","0","0","583","0","0","583","0","0","583","0","0","583","0","0","583","0","0","583","0","0","583","0","0","583","0","0","583","0","0","583","0","0","583","0","0","583","0","0","583","0","0"
,"584","0","0","584","0","0","584","0","0","584","0","0","584","0","0","584","0","0","584","0","0","584","0","0","584","0","0","584","0","0","584","0","0","584","0","0","584","0","0","584","0","0","584","0","0","584","0","0","584","0","0","584","0","0","584","0","0","584","0","0","584","0","0","584","0","0","584","0","0","584","0","0","584","0","0","584","0","0","584","0","0","584","0","0","584","0","0","584","0","0","584","0","0","584","0","0","584","0","0","584","0","0","584","0","0","584","0","0","584","0","0","584","0","0","584","0","0","584","0","0","584","0","0","584","0","0","584","0","0","584","0","0","584","0","0","584","0","0","584","0","0","584","0","0","584","0","0","584","0","0","584","0","0","584","0","0","584","0","0","584","0","0","584","0","0","584","0","0","584","0","0","584","0","0","584","0","0","584","0","0"
,"585","0","0","585","0","0","585","0","0","585","0","0","585","0","0","585","0","0","585","0","0","585","0","0","585","0","0","585","0","0","585","0","0","585","0","0","585","0","0","585","0","0","585","0","0","585","0","0","585","0","0","585","0","0","585","0","0","585","0","0","585","0","0","585","0","0","585","0","0","585","0","0","585","0","0","585","0","0","585","0","0","585","0","0","585","0","0","585","0","0","585","0","0","585","0","0","585","0","0","585","0","0","585","0","0","585","0","0","585","0","0","585","0","0","585","0","0","585","0","0","585","0","0","585","0","0","585","0","0","585","0","0","585","0","0","585","0","0","585","0","0","585","0","0","585","0","0","585","0","0","585","0","0","585","0","0","585","0","0","585","0","0","585","0","0","585","0","0","585","0","0","585","0","0","585","0","0","585","0","0"
,"586","0","0","586","0","0","586","0","0","586","0","0","586","0","0","586","0","0","586","0","0","586","0","0","586","0","0","586","0","0","586","0","0","586","0","0","586","0","0","586","0","0","586","0","0","586","0","0","586","0","0","586","0","0","586","0","0","586","0","0","586","0","0","586","0","0","586","0","0","586","0","0","586","0","0","586","0","0","586","0","0","586","0","0","586","0","0","586","0","0","586","0","0","586","0","0","586","0","0","586","0","0","586","0","0","586","0","0","586","0","0","586","0","0","586","0","0","586","0","0","586","0","0","586","0","0","586","0","0","586","0","0","586","0","0","586","0","0","586","0","0","586","0","0","586","0","0","586","0","0","586","0","0","586","0","0","586","0","0","586","0","0","586","0","0","586","0","0","586","0","0","586","0","0","586","0","0","586","0","0"
,"587","0","0","587","0","0","587","0","0","587","0","0","587","0","0","587","0","0","587","0","0","587","0","0","587","0","0","587","0","0","587","0","0","587","0","0","587","0","0","587","0","0","587","0","0","587","0","0","587","0","0","587","0","0","587","0","0","587","0","0","587","0","0","587","0","0","587","0","0","587","0","0","587","0","0","587","0","0","587","0","0","587","0","0","587","0","0","587","0","0","587","0","0","587","0","0","587","0","0","587","0","0","587","0","0","587","0","0","587","0","0","587","0","0","587","0","0","587","0","0","587","0","0","587","0","0","587","0","0","587","0","0","587","0","0","587","0","0","587","0","0","587","0","0","587","0","0","587","0","0","587","0","0","587","0","0","587","0","0","587","0","0","587","0","0","587","0","0","587","0","0","587","0","0","587","0","0","587","0","0"
,"588","0","0","588","0","0","588","0","0","588","0","0","588","0","0","588","0","0","588","0","0","588","0","0","588","0","0","588","0","0","588","0","0","588","0","0","588","0","0","588","0","0","588","0","0","588","0","0","588","0","0","588","0","0","588","0","0","588","0","0","588","0","0","588","0","0","588","0","0","588","0","0","588","0","0","588","0","0","588","0","0","588","0","0","588","0","0","588","0","0","588","0","0","588","0","0","588","0","0","588","0","0","588","0","0","588","0","0","588","0","0","588","0","0","588","0","0","588","0","0","588","0","0","588","0","0","588","0","0","588","0","0","588","0","0","588","0","0","588","0","0","588","0","0","588","0","0","588","0","0","588","0","0","588","0","0","588","0","0","588","0","0","588","0","0","588","0","0","588","0","0","588","0","0","588","0","0","588","0","0"
,"589","0","0","589","0","0","589","0","0","589","0","0","589","0","0","589","0","0","589","0","0","589","0","0","589","0","0","589","0","0","589","0","0","589","0","0","589","0","0","589","0","0","589","0","0","589","0","0","589","0","0","589","0","0","589","0","0","589","0","0","589","0","0","589","0","0","589","0","0","589","0","0","589","0","0","589","0","0","589","0","0","589","0","0","589","0","0","589","0","0","589","0","0","589","0","0","589","0","0","589","0","0","589","0","0","589","0","0","589","0","0","589","0","0","589","0","0","589","0","0","589","0","0","589","0","0","589","0","0","589","0","0","589","0","0","589","0","0","589","0","0","589","0","0","589","0","0","589","0","0","589","0","0","589","0","0","589","0","0","589","0","0","589","0","0","589","0","0","589","0","0","589","0","0","589","0","0","589","0","0"
,"590","0","0","590","0","0","590","0","0","590","0","0","590","0","0","590","0","0","590","0","0","590","0","0","590","0","0","590","0","0","590","0","0","590","0","0","590","0","0","590","0","0","590","0","0","590","0","0","590","0","0","590","0","0","590","0","0","590","0","0","590","0","0","590","0","0","590","0","0","590","0","0","590","0","0","590","0","0","590","0","0","590","0","0","590","0","0","590","0","0","590","0","0","590","0","0","590","0","0","590","0","0","590","0","0","590","0","0","590","0","0","590","0","0","590","0","0","590","0","0","590","0","0","590","0","0","590","0","0","590","0","0","590","0","0","590","0","0","590","0","0","590","0","0","590","0","0","590","0","0","590","0","0","590","0","0","590","0","0","590","0","0","590","0","0","590","0","0","590","0","0","590","0","0","590","0","0","590","0","0"
,"591","0","0","591","0","0","591","0","0","591","0","0","591","0","0","591","0","0","591","0","0","591","0","0","591","0","0","591","0","0","591","0","0","591","0","0","591","0","0","591","0","0","591","0","0","591","0","0","591","0","0","591","0","0","591","0","0","591","0","0","591","0","0","591","0","0","591","0","0","591","0","0","591","0","0","591","0","0","591","0","0","591","0","0","591","0","0","591","0","0","591","0","0","591","0","0","591","0","0","591","0","0","591","0","0","591","0","0","591","0","0","591","0","0","591","0","0","591","0","0","591","0","0","591","0","0","591","0","0","591","0","0","591","0","0","591","0","0","591","0","0","591","0","0","591","0","0","591","0","0","591","0","0","591","0","0","591","0","0","591","0","0","591","0","0","591","0","0","591","0","0","591","0","0","591","0","0","591","0","0"
,"592","0","0","592","0","0","592","0","0","592","0","0","592","0","0","592","0","0","592","0","0","592","0","0","592","0","0","592","0","0","592","0","0","592","0","0","592","0","0","592","0","0","592","0","0","592","0","0","592","0","0","592","0","0","592","0","0","592","0","0","592","0","0","592","0","0","592","0","0","592","0","0","592","0","0","592","0","0","592","0","0","592","0","0","592","0","0","592","0","0","592","0","0","592","0","0","592","0","0","592","0","0","592","0","0","592","0","0","592","0","0","592","0","0","592","0","0","592","0","0","592","0","0","592","0","0","592","0","0","592","0","0","592","0","0","592","0","0","592","0","0","592","0","0","592","0","0","592","0","0","592","0","0","592","0","0","592","0","0","592","0","0","592","0","0","592","0","0","592","0","0","592","0","0","592","0","0","592","0","0"
,"593","0","0","593","0","0","593","0","0","593","0","0","593","0","0","593","0","0","593","0","0","593","0","0","593","0","0","593","0","0","593","0","0","593","0","0","593","0","0","593","0","0","593","0","0","593","0","0","593","0","0","593","0","0","593","0","0","593","0","0","593","0","0","593","0","0","593","0","0","593","0","0","593","0","0","593","0","0","593","0","0","593","0","0","593","0","0","593","0","0","593","0","0","593","0","0","593","0","0","593","0","0","593","0","0","593","0","0","593","0","0","593","0","0","593","0","0","593","0","0","593","0","0","593","0","0","593","0","0","593","0","0","593","0","0","593","0","0","593","0","0","593","0","0","593","0","0","593","0","0","593","0","0","593","0","0","593","0","0","593","0","0","593","0","0","593","0","0","593","0","0","593","0","0","593","0","0","593","0","0"
,"594","0","0","594","0","0","594","0","0","594","0","0","594","0","0","594","0","0","594","0","0","594","0","0","594","0","0","594","0","0","594","0","0","594","0","0","594","0","0","594","0","0","594","0","0","594","0","0","594","0","0","594","0","0","594","0","0","594","0","0","594","0","0","594","0","0","594","0","0","594","0","0","594","0","0","594","0","0","594","0","0","594","0","0","594","0","0","594","0","0","594","0","0","594","0","0","594","0","0","594","0","0","594","0","0","594","0","0","594","0","0","594","0","0","594","0","0","594","0","0","594","0","0","594","0","0","594","0","0","594","0","0","594","0","0","594","0","0","594","0","0","594","0","0","594","0","0","594","0","0","594","0","0","594","0","0","594","0","0","594","0","0","594","0","0","594","0","0","594","0","0","594","0","0","594","0","0","594","0","0"
,"595","0","0","595","0","0","595","0","0","595","0","0","595","0","0","595","0","0","595","0","0","595","0","0","595","0","0","595","0","0","595","0","0","595","0","0","595","0","0","595","0","0","595","0","0","595","0","0","595","0","0","595","0","0","595","0","0","595","0","0","595","0","0","595","0","0","595","0","0","595","0","0","595","0","0","595","0","0","595","0","0","595","0","0","595","0","0","595","0","0","595","0","0","595","0","0","595","0","0","595","0","0","595","0","0","595","0","0","595","0","0","595","0","0","595","0","0","595","0","0","595","0","0","595","0","0","595","0","0","595","0","0","595","0","0","595","0","0","595","0","0","595","0","0","595","0","0","595","0","0","595","0","0","595","0","0","595","0","0","595","0","0","595","0","0","595","0","0","595","0","0","595","0","0","595","0","0","595","0","0"
,"596","0","0","596","0","0","596","0","0","596","0","0","596","0","0","596","0","0","596","0","0","596","0","0","596","0","0","596","0","0","596","0","0","596","0","0","596","0","0","596","0","0","596","0","0","596","0","0","596","0","0","596","0","0","596","0","0","596","0","0","596","0","0","596","0","0","596","0","0","596","0","0","596","0","0","596","0","0","596","0","0","596","0","0","596","0","0","596","0","0","596","0","0","596","0","0","596","0","0","596","0","0","596","0","0","596","0","0","596","0","0","596","0","0","596","0","0","596","0","0","596","0","0","596","0","0","596","0","0","596","0","0","596","0","0","596","0","0","596","0","0","596","0","0","596","0","0","596","0","0","596","0","0","596","0","0","596","0","0","596","0","0","596","0","0","596","0","0","596","0","0","596","0","0","596","0","0","596","0","0"
,"597","0","0","597","0","0","597","0","0","597","0","0","597","0","0","597","0","0","597","0","0","597","0","0","597","0","0","597","0","0","597","0","0","597","0","0","597","0","0","597","0","0","597","0","0","597","0","0","597","0","0","597","0","0","597","0","0","597","0","0","597","0","0","597","0","0","597","0","0","597","0","0","597","0","0","597","0","0","597","0","0","597","0","0","597","0","0","597","0","0","597","0","0","597","0","0","597","0","0","597","0","0","597","0","0","597","0","0","597","0","0","597","0","0","597","0","0","597","0","0","597","0","0","597","0","0","597","0","0","597","0","0","597","0","0","597","0","0","597","0","0","597","0","0","597","0","0","597","0","0","597","0","0","597","0","0","597","0","0","597","0","0","597","0","0","597","0","0","597","0","0","597","0","0","597","0","0","597","0","0"
,"598","0","0","598","0","0","598","0","0","598","0","0","598","0","0","598","0","0","598","0","0","598","0","0","598","0","0","598","0","0","598","0","0","598","0","0","598","0","0","598","0","0","598","0","0","598","0","0","598","0","0","598","0","0","598","0","0","598","0","0","598","0","0","598","0","0","598","0","0","598","0","0","598","0","0","598","0","0","598","0","0","598","0","0","598","0","0","598","0","0","598","0","0","598","0","0","598","0","0","598","0","0","598","0","0","598","0","0","598","0","0","598","0","0","598","0","0","598","0","0","598","0","0","598","0","0","598","0","0","598","0","0","598","0","0","598","0","0","598","0","0","598","0","0","598","0","0","598","0","0","598","0","0","598","0","0","598","0","0","598","0","0","598","0","0","598","0","0","598","0","0","598","0","0","598","0","0","598","0","0"
,"599","0","0","599","0","0","599","0","0","599","0","0","599","0","0","599","0","0","599","0","0","599","0","0","599","0","0","599","0","0","599","0","0","599","0","0","599","0","0","599","0","0","599","0","0","599","0","0","599","0","0","599","0","0","599","0","0","599","0","0","599","0","0","599","0","0","599","0","0","599","0","0","599","0","0","599","0","0","599","0","0","599","0","0","599","0","0","599","0","0","599","0","0","599","0","0","599","0","0","599","0","0","599","0","0","599","0","0","599","0","0","599","0","0","599","0","0","599","0","0","599","0","0","599","0","0","599","0","0","599","0","0","599","0","0","599","0","0","599","0","0","599","0","0","599","0","0","599","0","0","599","0","0","599","0","0","599","0","0","599","0","0","599","0","0","599","0","0","599","0","0","599","0","0","599","0","0","599","0","0"
,"600","0","0","600","0","0","600","0","0","600","0","0","600","0","0","600","0","0","600","0","0","600","0","0","600","0","0","600","0","0","600","0","0","600","0","0","600","0","0","600","0","0","600","0","0","600","0","0","600","0","0","600","0","0","600","0","0","600","0","0","600","0","0","600","0","0","600","0","0","600","0","0","600","0","0","600","0","0","600","0","0","600","0","0","600","0","0","600","0","0","600","0","0","600","0","0","600","0","0","600","0","0","600","0","0","600","0","0","600","0","0","600","0","0","600","0","0","600","0","0","600","0","0","600","0","0","600","0","0","600","0","0","600","0","0","600","0","0","600","0","0","600","0","0","600","0","0","600","0","0","600","0","0","600","0","0","600","0","0","600","0","0","600","0","0","600","0","0","600","0","0","600","0","0","600","0","0","600","0","0"
,"601","0","0","601","0","0","601","0","0","601","0","0","601","0","0","601","0","0","601","0","0","601","0","0","601","0","0","601","0","0","601","0","0","601","0","0","601","0","0","601","0","0","601","0","0","601","0","0","601","0","0","601","0","0","601","0","0","601","0","0","601","0","0","601","0","0","601","0","0","601","0","0","601","0","0","601","0","0","601","0","0","601","0","0","601","0","0","601","0","0","601","0","0","601","0","0","601","0","0","601","0","0","601","0","0","601","0","0","601","0","0","601","0","0","601","0","0","601","0","0","601","0","0","601","0","0","601","0","0","601","0","0","601","0","0","601","0","0","601","0","0","601","0","0","601","0","0","601","0","0","601","0","0","601","0","0","601","0","0","601","0","0","601","0","0","601","0","0","601","0","0","601","0","0","601","0","0","601","0","0"
,"602","0","0","602","0","0","602","0","0","602","0","0","602","0","0","602","0","0","602","0","0","602","0","0","602","0","0","602","0","0","602","0","0","602","0","0","602","0","0","602","0","0","602","0","0","602","0","0","602","0","0","602","0","0","602","0","0","602","0","0","602","0","0","602","0","0","602","0","0","602","0","0","602","0","0","602","0","0","602","0","0","602","0","0","602","0","0","602","0","0","602","0","0","602","0","0","602","0","0","602","0","0","602","0","0","602","0","0","602","0","0","602","0","0","602","0","0","602","0","0","602","0","0","602","0","0","602","0","0","602","0","0","602","0","0","602","0","0","602","0","0","602","0","0","602","0","0","602","0","0","602","0","0","602","0","0","602","0","0","602","0","0","602","0","0","602","0","0","602","0","0","602","0","0","602","0","0","602","0","0"
,"603","0","0","603","0","0","603","0","0","603","0","0","603","0","0","603","0","0","603","0","0","603","0","0","603","0","0","603","0","0","603","0","0","603","0","0","603","0","0","603","0","0","603","0","0","603","0","0","603","0","0","603","0","0","603","0","0","603","0","0","603","0","0","603","0","0","603","0","0","603","0","0","603","0","0","603","0","0","603","0","0","603","0","0","603","0","0","603","0","0","603","0","0","603","0","0","603","0","0","603","0","0","603","0","0","603","0","0","603","0","0","603","0","0","603","0","0","603","0","0","603","0","0","603","0","0","603","0","0","603","0","0","603","0","0","603","0","0","603","0","0","603","0","0","603","0","0","603","0","0","603","0","0","603","0","0","603","0","0","603","0","0","603","0","0","603","0","0","603","0","0","603","0","0","603","0","0","603","0","0"
,"604","0","0","604","0","0","604","0","0","604","0","0","604","0","0","604","0","0","604","0","0","604","0","0","604","0","0","604","0","0","604","0","0","604","0","0","604","0","0","604","0","0","604","0","0","604","0","0","604","0","0","604","0","0","604","0","0","604","0","0","604","0","0","604","0","0","604","0","0","604","0","0","604","0","0","604","0","0","604","0","0","604","0","0","604","0","0","604","0","0","604","0","0","604","0","0","604","0","0","604","0","0","604","0","0","604","0","0","604","0","0","604","0","0","604","0","0","604","0","0","604","0","0","604","0","0","604","0","0","604","0","0","604","0","0","604","0","0","604","0","0","604","0","0","604","0","0","604","0","0","604","0","0","604","0","0","604","0","0","604","0","0","604","0","0","604","0","0","604","0","0","604","0","0","604","0","0","604","0","0"
,"605","0","0","605","0","0","605","0","0","605","0","0","605","0","0","605","0","0","605","0","0","605","0","0","605","0","0","605","0","0","605","0","0","605","0","0","605","0","0","605","0","0","605","0","0","605","0","0","605","0","0","605","0","0","605","0","0","605","0","0","605","0","0","605","0","0","605","0","0","605","0","0","605","0","0","605","0","0","605","0","0","605","0","0","605","0","0","605","0","0","605","0","0","605","0","0","605","0","0","605","0","0","605","0","0","605","0","0","605","0","0","605","0","0","605","0","0","605","0","0","605","0","0","605","0","0","605","0","0","605","0","0","605","0","0","605","0","0","605","0","0","605","0","0","605","0","0","605","0","0","605","0","0","605","0","0","605","0","0","605","0","0","605","0","0","605","0","0","605","0","0","605","0","0","605","0","0","605","0","0"
,"606","0","0","606","0","0","606","0","0","606","0","0","606","0","0","606","0","0","606","0","0","606","0","0","606","0","0","606","0","0","606","0","0","606","0","0","606","0","0","606","0","0","606","0","0","606","0","0","606","0","0","606","0","0","606","0","0","606","0","0","606","0","0","606","0","0","606","0","0","606","0","0","606","0","0","606","0","0","606","0","0","606","0","0","606","0","0","606","0","0","606","0","0","606","0","0","606","0","0","606","0","0","606","0","0","606","0","0","606","0","0","606","0","0","606","0","0","606","0","0","606","0","0","606","0","0","606","0","0","606","0","0","606","0","0","606","0","0","606","0","0","606","0","0","606","0","0","606","0","0","606","0","0","606","0","0","606","0","0","606","0","0","606","0","0","606","0","0","606","0","0","606","0","0","606","0","0","606","0","0"
,"607","0","0","607","0","0","607","0","0","607","0","0","607","0","0","607","0","0","607","0","0","607","0","0","607","0","0","607","0","0","607","0","0","607","0","0","607","0","0","607","0","0","607","0","0","607","0","0","607","0","0","607","0","0","607","0","0","607","0","0","607","0","0","607","0","0","607","0","0","607","0","0","607","0","0","607","0","0","607","0","0","607","0","0","607","0","0","607","0","0","607","0","0","607","0","0","607","0","0","607","0","0","607","0","0","607","0","0","607","0","0","607","0","0","607","0","0","607","0","0","607","0","0","607","0","0","607","0","0","607","0","0","607","0","0","607","0","0","607","0","0","607","0","0","607","0","0","607","0","0","607","0","0","607","0","0","607","0","0","607","0","0","607","0","0","607","0","0","607","0","0","607","0","0","607","0","0","607","0","0"
,"608","0","0","608","0","0","608","0","0","608","0","0","608","0","0","608","0","0","608","0","0","608","0","0","608","0","0","608","0","0","608","0","0","608","0","0","608","0","0","608","0","0","608","0","0","608","0","0","608","0","0","608","0","0","608","0","0","608","0","0","608","0","0","608","0","0","608","0","0","608","0","0","608","0","0","608","0","0","608","0","0","608","0","0","608","0","0","608","0","0","608","0","0","608","0","0","608","0","0","608","0","0","608","0","0","608","0","0","608","0","0","608","0","0","608","0","0","608","0","0","608","0","0","608","0","0","608","0","0","608","0","0","608","0","0","608","0","0","608","0","0","608","0","0","608","0","0","608","0","0","608","0","0","608","0","0","608","0","0","608","0","0","608","0","0","608","0","0","608","0","0","608","0","0","608","0","0","608","0","0"
,"609","0","0","609","0","0","609","0","0","609","0","0","609","0","0","609","0","0","609","0","0","609","0","0","609","0","0","609","0","0","609","0","0","609","0","0","609","0","0","609","0","0","609","0","0","609","0","0","609","0","0","609","0","0","609","0","0","609","0","0","609","0","0","609","0","0","609","0","0","609","0","0","609","0","0","609","0","0","609","0","0","609","0","0","609","0","0","609","0","0","609","0","0","609","0","0","609","0","0","609","0","0","609","0","0","609","0","0","609","0","0","609","0","0","609","0","0","609","0","0","609","0","0","609","0","0","609","0","0","609","0","0","609","0","0","609","0","0","609","0","0","609","0","0","609","0","0","609","0","0","609","0","0","609","0","0","609","0","0","609","0","0","609","0","0","609","0","0","609","0","0","609","0","0","609","0","0","609","0","0"
,"610","0","0","610","0","0","610","0","0","610","0","0","610","0","0","610","0","0","610","0","0","610","0","0","610","0","0","610","0","0","610","0","0","610","0","0","610","0","0","610","0","0","610","0","0","610","0","0","610","0","0","610","0","0","610","0","0","610","0","0","610","0","0","610","0","0","610","0","0","610","0","0","610","0","0","610","0","0","610","0","0","610","0","0","610","0","0","610","0","0","610","0","0","610","0","0","610","0","0","610","0","0","610","0","0","610","0","0","610","0","0","610","0","0","610","0","0","610","0","0","610","0","0","610","0","0","610","0","0","610","0","0","610","0","0","610","0","0","610","0","0","610","0","0","610","0","0","610","0","0","610","0","0","610","0","0","610","0","0","610","0","0","610","0","0","610","0","0","610","0","0","610","0","0","610","0","0","610","0","0"
,"611","0","0","611","0","0","611","0","0","611","0","0","611","0","0","611","0","0","611","0","0","611","0","0","611","0","0","611","0","0","611","0","0","611","0","0","611","0","0","611","0","0","611","0","0","611","0","0","611","0","0","611","0","0","611","0","0","611","0","0","611","0","0","611","0","0","611","0","0","611","0","0","611","0","0","611","0","0","611","0","0","611","0","0","611","0","0","611","0","0","611","0","0","611","0","0","611","0","0","611","0","0","611","0","0","611","0","0","611","0","0","611","0","0","611","0","0","611","0","0","611","0","0","611","0","0","611","0","0","611","0","0","611","0","0","611","0","0","611","0","0","611","0","0","611","0","0","611","0","0","611","0","0","611","0","0","611","0","0","611","0","0","611","0","0","611","0","0","611","0","0","611","0","0","611","0","0","611","0","0"
,"612","0","0","612","0","0","612","0","0","612","0","0","612","0","0","612","0","0","612","0","0","612","0","0","612","0","0","612","0","0","612","0","0","612","0","0","612","0","0","612","0","0","612","0","0","612","0","0","612","0","0","612","0","0","612","0","0","612","0","0","612","0","0","612","0","0","612","0","0","612","0","0","612","0","0","612","0","0","612","0","0","612","0","0","612","0","0","612","0","0","612","0","0","612","0","0","612","0","0","612","0","0","612","0","0","612","0","0","612","0","0","612","0","0","612","0","0","612","0","0","612","0","0","612","0","0","612","0","0","612","0","0","612","0","0","612","0","0","612","0","0","612","0","0","612","0","0","612","0","0","612","0","0","612","0","0","612","0","0","612","0","0","612","0","0","612","0","0","612","0","0","612","0","0","612","0","0","612","0","0"
,"613","0","0","613","0","0","613","0","0","613","0","0","613","0","0","613","0","0","613","0","0","613","0","0","613","0","0","613","0","0","613","0","0","613","0","0","613","0","0","613","0","0","613","0","0","613","0","0","613","0","0","613","0","0","613","0","0","613","0","0","613","0","0","613","0","0","613","0","0","613","0","0","613","0","0","613","0","0","613","0","0","613","0","0","613","0","0","613","0","0","613","0","0","613","0","0","613","0","0","613","0","0","613","0","0","613","0","0","613","0","0","613","0","0","613","0","0","613","0","0","613","0","0","613","0","0","613","0","0","613","0","0","613","0","0","613","0","0","613","0","0","613","0","0","613","0","0","613","0","0","613","0","0","613","0","0","613","0","0","613","0","0","613","0","0","613","0","0","613","0","0","613","0","0","613","0","0","613","0","0"
,"614","0","0","614","0","0","614","0","0","614","0","0","614","0","0","614","0","0","614","0","0","614","0","0","614","0","0","614","0","0","614","0","0","614","0","0","614","0","0","614","0","0","614","0","0","614","0","0","614","0","0","614","0","0","614","0","0","614","0","0","614","0","0","614","0","0","614","0","0","614","0","0","614","0","0","614","0","0","614","0","0","614","0","0","614","0","0","614","0","0","614","0","0","614","0","0","614","0","0","614","0","0","614","0","0","614","0","0","614","0","0","614","0","0","614","0","0","614","0","0","614","0","0","614","0","0","614","0","0","614","0","0","614","0","0","614","0","0","614","0","0","614","0","0","614","0","0","614","0","0","614","0","0","614","0","0","614","0","0","614","0","0","614","0","0","614","0","0","614","0","0","614","0","0","614","0","0","614","0","0"
,"615","0","0","615","0","0","615","0","0","615","0","0","615","0","0","615","0","0","615","0","0","615","0","0","615","0","0","615","0","0","615","0","0","615","0","0","615","0","0","615","0","0","615","0","0","615","0","0","615","0","0","615","0","0","615","0","0","615","0","0","615","0","0","615","0","0","615","0","0","615","0","0","615","0","0","615","0","0","615","0","0","615","0","0","615","0","0","615","0","0","615","0","0","615","0","0","615","0","0","615","0","0","615","0","0","615","0","0","615","0","0","615","0","0","615","0","0","615","0","0","615","0","0","615","0","0","615","0","0","615","0","0","615","0","0","615","0","0","615","0","0","615","0","0","615","0","0","615","0","0","615","0","0","615","0","0","615","0","0","615","0","0","615","0","0","615","0","0","615","0","0","615","0","0","615","0","0","615","0","0"
,"616","0","0","616","0","0","616","0","0","616","0","0","616","0","0","616","0","0","616","0","0","616","0","0","616","0","0","616","0","0","616","0","0","616","0","0","616","0","0","616","0","0","616","0","0","616","0","0","616","0","0","616","0","0","616","0","0","616","0","0","616","0","0","616","0","0","616","0","0","616","0","0","616","0","0","616","0","0","616","0","0","616","0","0","616","0","0","616","0","0","616","0","0","616","0","0","616","0","0","616","0","0","616","0","0","616","0","0","616","0","0","616","0","0","616","0","0","616","0","0","616","0","0","616","0","0","616","0","0","616","0","0","616","0","0","616","0","0","616","0","0","616","0","0","616","0","0","616","0","0","616","0","0","616","0","0","616","0","0","616","0","0","616","0","0","616","0","0","616","0","0","616","0","0","616","0","0","616","0","0"
,"617","0","0","617","0","0","617","0","0","617","0","0","617","0","0","617","0","0","617","0","0","617","0","0","617","0","0","617","0","0","617","0","0","617","0","0","617","0","0","617","0","0","617","0","0","617","0","0","617","0","0","617","0","0","617","0","0","617","0","0","617","0","0","617","0","0","617","0","0","617","0","0","617","0","0","617","0","0","617","0","0","617","0","0","617","0","0","617","0","0","617","0","0","617","0","0","617","0","0","617","0","0","617","0","0","617","0","0","617","0","0","617","0","0","617","0","0","617","0","0","617","0","0","617","0","0","617","0","0","617","0","0","617","0","0","617","0","0","617","0","0","617","0","0","617","0","0","617","0","0","617","0","0","617","0","0","617","0","0","617","0","0","617","0","0","617","0","0","617","0","0","617","0","0","617","0","0","617","0","0"
,"618","0","0","618","0","0","618","0","0","618","0","0","618","0","0","618","0","0","618","0","0","618","0","0","618","0","0","618","0","0","618","0","0","618","0","0","618","0","0","618","0","0","618","0","0","618","0","0","618","0","0","618","0","0","618","0","0","618","0","0","618","0","0","618","0","0","618","0","0","618","0","0","618","0","0","618","0","0","618","0","0","618","0","0","618","0","0","618","0","0","618","0","0","618","0","0","618","0","0","618","0","0","618","0","0","618","0","0","618","0","0","618","0","0","618","0","0","618","0","0","618","0","0","618","0","0","618","0","0","618","0","0","618","0","0","618","0","0","618","0","0","618","0","0","618","0","0","618","0","0","618","0","0","618","0","0","618","0","0","618","0","0","618","0","0","618","0","0","618","0","0","618","0","0","618","0","0","618","0","0"
,"619","0","0","619","0","0","619","0","0","619","0","0","619","0","0","619","0","0","619","0","0","619","0","0","619","0","0","619","0","0","619","0","0","619","0","0","619","0","0","619","0","0","619","0","0","619","0","0","619","0","0","619","0","0","619","0","0","619","0","0","619","0","0","619","0","0","619","0","0","619","0","0","619","0","0","619","0","0","619","0","0","619","0","0","619","0","0","619","0","0","619","0","0","619","0","0","619","0","0","619","0","0","619","0","0","619","0","0","619","0","0","619","0","0","619","0","0","619","0","0","619","0","0","619","0","0","619","0","0","619","0","0","619","0","0","619","0","0","619","0","0","619","0","0","619","0","0","619","0","0","619","0","0","619","0","0","619","0","0","619","0","0","619","0","0","619","0","0","619","0","0","619","0","0","619","0","0","619","0","0"
,"620","0","0","620","0","0","620","0","0","620","0","0","620","0","0","620","0","0","620","0","0","620","0","0","620","0","0","620","0","0","620","0","0","620","0","0","620","0","0","620","0","0","620","0","0","620","0","0","620","0","0","620","0","0","620","0","0","620","0","0","620","0","0","620","0","0","620","0","0","620","0","0","620","0","0","620","0","0","620","0","0","620","0","0","620","0","0","620","0","0","620","0","0","620","0","0","620","0","0","620","0","0","620","0","0","620","0","0","620","0","0","620","0","0","620","0","0","620","0","0","620","0","0","620","0","0","620","0","0","620","0","0","620","0","0","620","0","0","620","0","0","620","0","0","620","0","0","620","0","0","620","0","0","620","0","0","620","0","0","620","0","0","620","0","0","620","0","0","620","0","0","620","0","0","620","0","0","620","0","0"
,"621","0","0","621","0","0","621","0","0","621","0","0","621","0","0","621","0","0","621","0","0","621","0","0","621","0","0","621","0","0","621","0","0","621","0","0","621","0","0","621","0","0","621","0","0","621","0","0","621","0","0","621","0","0","621","0","0","621","0","0","621","0","0","621","0","0","621","0","0","621","0","0","621","0","0","621","0","0","621","0","0","621","0","0","621","0","0","621","0","0","621","0","0","621","0","0","621","0","0","621","0","0","621","0","0","621","0","0","621","0","0","621","0","0","621","0","0","621","0","0","621","0","0","621","0","0","621","0","0","621","0","0","621","0","0","621","0","0","621","0","0","621","0","0","621","0","0","621","0","0","621","0","0","621","0","0","621","0","0","621","0","0","621","0","0","621","0","0","621","0","0","621","0","0","621","0","0","621","0","0"
,"622","0","0","622","0","0","622","0","0","622","0","0","622","0","0","622","0","0","622","0","0","622","0","0","622","0","0","622","0","0","622","0","0","622","0","0","622","0","0","622","0","0","622","0","0","622","0","0","622","0","0","622","0","0","622","0","0","622","0","0","622","0","0","622","0","0","622","0","0","622","0","0","622","0","0","622","0","0","622","0","0","622","0","0","622","0","0","622","0","0","622","0","0","622","0","0","622","0","0","622","0","0","622","0","0","622","0","0","622","0","0","622","0","0","622","0","0","622","0","0","622","0","0","622","0","0","622","0","0","622","0","0","622","0","0","622","0","0","622","0","0","622","0","0","622","0","0","622","0","0","622","0","0","622","0","0","622","0","0","622","0","0","622","0","0","622","0","0","622","0","0","622","0","0","622","0","0","622","0","0"
,"623","0","0","623","0","0","623","0","0","623","0","0","623","0","0","623","0","0","623","0","0","623","0","0","623","0","0","623","0","0","623","0","0","623","0","0","623","0","0","623","0","0","623","0","0","623","0","0","623","0","0","623","0","0","623","0","0","623","0","0","623","0","0","623","0","0","623","0","0","623","0","0","623","0","0","623","0","0","623","0","0","623","0","0","623","0","0","623","0","0","623","0","0","623","0","0","623","0","0","623","0","0","623","0","0","623","0","0","623","0","0","623","0","0","623","0","0","623","0","0","623","0","0","623","0","0","623","0","0","623","0","0","623","0","0","623","0","0","623","0","0","623","0","0","623","0","0","623","0","0","623","0","0","623","0","0","623","0","0","623","0","0","623","0","0","623","0","0","623","0","0","623","0","0","623","0","0","623","0","0"
,"624","0","0","624","0","0","624","0","0","624","0","0","624","0","0","624","0","0","624","0","0","624","0","0","624","0","0","624","0","0","624","0","0","624","0","0","624","0","0","624","0","0","624","0","0","624","0","0","624","0","0","624","0","0","624","0","0","624","0","0","624","0","0","624","0","0","624","0","0","624","0","0","624","0","0","624","0","0","624","0","0","624","0","0","624","0","0","624","0","0","624","0","0","624","0","0","624","0","0","624","0","0","624","0","0","624","0","0","624","0","0","624","0","0","624","0","0","624","0","0","624","0","0","624","0","0","624","0","0","624","0","0","624","0","0","624","0","0","624","0","0","624","0","0","624","0","0","624","0","0","624","0","0","624","0","0","624","0","0","624","0","0","624","0","0","624","0","0","624","0","0","624","0","0","624","0","0","624","0","0"
,"625","0","0","625","0","0","625","0","0","625","0","0","625","0","0","625","0","0","625","0","0","625","0","0","625","0","0","625","0","0","625","0","0","625","0","0","625","0","0","625","0","0","625","0","0","625","0","0","625","0","0","625","0","0","625","0","0","625","0","0","625","0","0","625","0","0","625","0","0","625","0","0","625","0","0","625","0","0","625","0","0","625","0","0","625","0","0","625","0","0","625","0","0","625","0","0","625","0","0","625","0","0","625","0","0","625","0","0","625","0","0","625","0","0","625","0","0","625","0","0","625","0","0","625","0","0","625","0","0","625","0","0","625","0","0","625","0","0","625","0","0","625","0","0","625","0","0","625","0","0","625","0","0","625","0","0","625","0","0","625","0","0","625","0","0","625","0","0","625","0","0","625","0","0","625","0","0","625","0","0"
,"626","0","0","626","0","0","626","0","0","626","0","0","626","0","0","626","0","0","626","0","0","626","0","0","626","0","0","626","0","0","626","0","0","626","0","0","626","0","0","626","0","0","626","0","0","626","0","0","626","0","0","626","0","0","626","0","0","626","0","0","626","0","0","626","0","0","626","0","0","626","0","0","626","0","0","626","0","0","626","0","0","626","0","0","626","0","0","626","0","0","626","0","0","626","0","0","626","0","0","626","0","0","626","0","0","626","0","0","626","0","0","626","0","0","626","0","0","626","0","0","626","0","0","626","0","0","626","0","0","626","0","0","626","0","0","626","0","0","626","0","0","626","0","0","626","0","0","626","0","0","626","0","0","626","0","0","626","0","0","626","0","0","626","0","0","626","0","0","626","0","0","626","0","0","626","0","0","626","0","0"
,"627","0","0","627","0","0","627","0","0","627","0","0","627","0","0","627","0","0","627","0","0","627","0","0","627","0","0","627","0","0","627","0","0","627","0","0","627","0","0","627","0","0","627","0","0","627","0","0","627","0","0","627","0","0","627","0","0","627","0","0","627","0","0","627","0","0","627","0","0","627","0","0","627","0","0","627","0","0","627","0","0","627","0","0","627","0","0","627","0","0","627","0","0","627","0","0","627","0","0","627","0","0","627","0","0","627","0","0","627","0","0","627","0","0","627","0","0","627","0","0","627","0","0","627","0","0","627","0","0","627","0","0","627","0","0","627","0","0","627","0","0","627","0","0","627","0","0","627","0","0","627","0","0","627","0","0","627","0","0","627","0","0","627","0","0","627","0","0","627","0","0","627","0","0","627","0","0","627","0","0"
,"628","0","0","628","0","0","628","0","0","628","0","0","628","0","0","628","0","0","628","0","0","628","0","0","628","0","0","628","0","0","628","0","0","628","0","0","628","0","0","628","0","0","628","0","0","628","0","0","628","0","0","628","0","0","628","0","0","628","0","0","628","0","0","628","0","0","628","0","0","628","0","0","628","0","0","628","0","0","628","0","0","628","0","0","628","0","0","628","0","0","628","0","0","628","0","0","628","0","0","628","0","0","628","0","0","628","0","0","628","0","0","628","0","0","628","0","0","628","0","0","628","0","0","628","0","0","628","0","0","628","0","0","628","0","0","628","0","0","628","0","0","628","0","0","628","0","0","628","0","0","628","0","0","628","0","0","628","0","0","628","0","0","628","0","0","628","0","0","628","0","0","628","0","0","628","0","0","628","0","0"
,"629","0","0","629","0","0","629","0","0","629","0","0","629","0","0","629","0","0","629","0","0","629","0","0","629","0","0","629","0","0","629","0","0","629","0","0","629","0","0","629","0","0","629","0","0","629","0","0","629","0","0","629","0","0","629","0","0","629","0","0","629","0","0","629","0","0","629","0","0","629","0","0","629","0","0","629","0","0","629","0","0","629","0","0","629","0","0","629","0","0","629","0","0","629","0","0","629","0","0","629","0","0","629","0","0","629","0","0","629","0","0","629","0","0","629","0","0","629","0","0","629","0","0","629","0","0","629","0","0","629","0","0","629","0","0","629","0","0","629","0","0","629","0","0","629","0","0","629","0","0","629","0","0","629","0","0","629","0","0","629","0","0","629","0","0","629","0","0","629","0","0","629","0","0","629","0","0","629","0","0"
,"630","0","0","630","0","0","630","0","0","630","0","0","630","0","0","630","0","0","630","0","0","630","0","0","630","0","0","630","0","0","630","0","0","630","0","0","630","0","0","630","0","0","630","0","0","630","0","0","630","0","0","630","0","0","630","0","0","630","0","0","630","0","0","630","0","0","630","0","0","630","0","0","630","0","0","630","0","0","630","0","0","630","0","0","630","0","0","630","0","0","630","0","0","630","0","0","630","0","0","630","0","0","630","0","0","630","0","0","630","0","0","630","0","0","630","0","0","630","0","0","630","0","0","630","0","0","630","0","0","630","0","0","630","0","0","630","0","0","630","0","0","630","0","0","630","0","0","630","0","0","630","0","0","630","0","0","630","0","0","630","0","0","630","0","0","630","0","0","630","0","0","630","0","0","630","0","0","630","0","0"
,"631","0","0","631","0","0","631","0","0","631","0","0","631","0","0","631","0","0","631","0","0","631","0","0","631","0","0","631","0","0","631","0","0","631","0","0","631","0","0","631","0","0","631","0","0","631","0","0","631","0","0","631","0","0","631","0","0","631","0","0","631","0","0","631","0","0","631","0","0","631","0","0","631","0","0","631","0","0","631","0","0","631","0","0","631","0","0","631","0","0","631","0","0","631","0","0","631","0","0","631","0","0","631","0","0","631","0","0","631","0","0","631","0","0","631","0","0","631","0","0","631","0","0","631","0","0","631","0","0","631","0","0","631","0","0","631","0","0","631","0","0","631","0","0","631","0","0","631","0","0","631","0","0","631","0","0","631","0","0","631","0","0","631","0","0","631","0","0","631","0","0","631","0","0","631","0","0","631","0","0"
,"632","0","0","632","0","0","632","0","0","632","0","0","632","0","0","632","0","0","632","0","0","632","0","0","632","0","0","632","0","0","632","0","0","632","0","0","632","0","0","632","0","0","632","0","0","632","0","0","632","0","0","632","0","0","632","0","0","632","0","0","632","0","0","632","0","0","632","0","0","632","0","0","632","0","0","632","0","0","632","0","0","632","0","0","632","0","0","632","0","0","632","0","0","632","0","0","632","0","0","632","0","0","632","0","0","632","0","0","632","0","0","632","0","0","632","0","0","632","0","0","632","0","0","632","0","0","632","0","0","632","0","0","632","0","0","632","0","0","632","0","0","632","0","0","632","0","0","632","0","0","632","0","0","632","0","0","632","0","0","632","0","0","632","0","0","632","0","0","632","0","0","632","0","0","632","0","0","632","0","0"
,"633","0","0","633","0","0","633","0","0","633","0","0","633","0","0","633","0","0","633","0","0","633","0","0","633","0","0","633","0","0","633","0","0","633","0","0","633","0","0","633","0","0","633","0","0","633","0","0","633","0","0","633","0","0","633","0","0","633","0","0","633","0","0","633","0","0","633","0","0","633","0","0","633","0","0","633","0","0","633","0","0","633","0","0","633","0","0","633","0","0","633","0","0","633","0","0","633","0","0","633","0","0","633","0","0","633","0","0","633","0","0","633","0","0","633","0","0","633","0","0","633","0","0","633","0","0","633","0","0","633","0","0","633","0","0","633","0","0","633","0","0","633","0","0","633","0","0","633","0","0","633","0","0","633","0","0","633","0","0","633","0","0","633","0","0","633","0","0","633","0","0","633","0","0","633","0","0","633","0","0"
,"634","0","0","634","0","0","634","0","0","634","0","0","634","0","0","634","0","0","634","0","0","634","0","0","634","0","0","634","0","0","634","0","0","634","0","0","634","0","0","634","0","0","634","0","0","634","0","0","634","0","0","634","0","0","634","0","0","634","0","0","634","0","0","634","0","0","634","0","0","634","0","0","634","0","0","634","0","0","634","0","0","634","0","0","634","0","0","634","0","0","634","0","0","634","0","0","634","0","0","634","0","0","634","0","0","634","0","0","634","0","0","634","0","0","634","0","0","634","0","0","634","0","0","634","0","0","634","0","0","634","0","0","634","0","0","634","0","0","634","0","0","634","0","0","634","0","0","634","0","0","634","0","0","634","0","0","634","0","0","634","0","0","634","0","0","634","0","0","634","0","0","634","0","0","634","0","0","634","0","0"
,"635","0","0","635","0","0","635","0","0","635","0","0","635","0","0","635","0","0","635","0","0","635","0","0","635","0","0","635","0","0","635","0","0","635","0","0","635","0","0","635","0","0","635","0","0","635","0","0","635","0","0","635","0","0","635","0","0","635","0","0","635","0","0","635","0","0","635","0","0","635","0","0","635","0","0","635","0","0","635","0","0","635","0","0","635","0","0","635","0","0","635","0","0","635","0","0","635","0","0","635","0","0","635","0","0","635","0","0","635","0","0","635","0","0","635","0","0","635","0","0","635","0","0","635","0","0","635","0","0","635","0","0","635","0","0","635","0","0","635","0","0","635","0","0","635","0","0","635","0","0","635","0","0","635","0","0","635","0","0","635","0","0","635","0","0","635","0","0","635","0","0","635","0","0","635","0","0","635","0","0"
,"636","0","0","636","0","0","636","0","0","636","0","0","636","0","0","636","0","0","636","0","0","636","0","0","636","0","0","636","0","0","636","0","0","636","0","0","636","0","0","636","0","0","636","0","0","636","0","0","636","0","0","636","0","0","636","0","0","636","0","0","636","0","0","636","0","0","636","0","0","636","0","0","636","0","0","636","0","0","636","0","0","636","0","0","636","0","0","636","0","0","636","0","0","636","0","0","636","0","0","636","0","0","636","0","0","636","0","0","636","0","0","636","0","0","636","0","0","636","0","0","636","0","0","636","0","0","636","0","0","636","0","0","636","0","0","636","0","0","636","0","0","636","0","0","636","0","0","636","0","0","636","0","0","636","0","0","636","0","0","636","0","0","636","0","0","636","0","0","636","0","0","636","0","0","636","0","0","636","0","0"
,"637","0","0","637","0","0","637","0","0","637","0","0","637","0","0","637","0","0","637","0","0","637","0","0","637","0","0","637","0","0","637","0","0","637","0","0","637","0","0","637","0","0","637","0","0","637","0","0","637","0","0","637","0","0","637","0","0","637","0","0","637","0","0","637","0","0","637","0","0","637","0","0","637","0","0","637","0","0","637","0","0","637","0","0","637","0","0","637","0","0","637","0","0","637","0","0","637","0","0","637","0","0","637","0","0","637","0","0","637","0","0","637","0","0","637","0","0","637","0","0","637","0","0","637","0","0","637","0","0","637","0","0","637","0","0","637","0","0","637","0","0","637","0","0","637","0","0","637","0","0","637","0","0","637","0","0","637","0","0","637","0","0","637","0","0","637","0","0","637","0","0","637","0","0","637","0","0","637","0","0"
,"638","0","0","638","0","0","638","0","0","638","0","0","638","0","0","638","0","0","638","0","0","638","0","0","638","0","0","638","0","0","638","0","0","638","0","0","638","0","0","638","0","0","638","0","0","638","0","0","638","0","0","638","0","0","638","0","0","638","0","0","638","0","0","638","0","0","638","0","0","638","0","0","638","0","0","638","0","0","638","0","0","638","0","0","638","0","0","638","0","0","638","0","0","638","0","0","638","0","0","638","0","0","638","0","0","638","0","0","638","0","0","638","0","0","638","0","0","638","0","0","638","0","0","638","0","0","638","0","0","638","0","0","638","0","0","638","0","0","638","0","0","638","0","0","638","0","0","638","0","0","638","0","0","638","0","0","638","0","0","638","0","0","638","0","0","638","0","0","638","0","0","638","0","0","638","0","0","638","0","0"
,"639","0","0","639","0","0","639","0","0","639","0","0","639","0","0","639","0","0","639","0","0","639","0","0","639","0","0","639","0","0","639","0","0","639","0","0","639","0","0","639","0","0","639","0","0","639","0","0","639","0","0","639","0","0","639","0","0","639","0","0","639","0","0","639","0","0","639","0","0","639","0","0","639","0","0","639","0","0","639","0","0","639","0","0","639","0","0","639","0","0","639","0","0","639","0","0","639","0","0","639","0","0","639","0","0","639","0","0","639","0","0","639","0","0","639","0","0","639","0","0","639","0","0","639","0","0","639","0","0","639","0","0","639","0","0","639","0","0","639","0","0","639","0","0","639","0","0","639","0","0","639","0","0","639","0","0","639","0","0","639","0","0","639","0","0","639","0","0","639","0","0","639","0","0","639","0","0","639","0","0"
,"640","0","0","640","0","0","640","0","0","640","0","0","640","0","0","640","0","0","640","0","0","640","0","0","640","0","0","640","0","0","640","0","0","640","0","0","640","0","0","640","0","0","640","0","0","640","0","0","640","0","0","640","0","0","640","0","0","640","0","0","640","0","0","640","0","0","640","0","0","640","0","0","640","0","0","640","0","0","640","0","0","640","0","0","640","0","0","640","0","0","640","0","0","640","0","0","640","0","0","640","0","0","640","0","0","640","0","0","640","0","0","640","0","0","640","0","0","640","0","0","640","0","0","640","0","0","640","0","0","640","0","0","640","0","0","640","0","0","640","0","0","640","0","0","640","0","0","640","0","0","640","0","0","640","0","0","640","0","0","640","0","0","640","0","0","640","0","0","640","0","0","640","0","0","640","0","0","640","0","0"
,"641","0","0","641","0","0","641","0","0","641","0","0","641","0","0","641","0","0","641","0","0","641","0","0","641","0","0","641","0","0","641","0","0","641","0","0","641","0","0","641","0","0","641","0","0","641","0","0","641","0","0","641","0","0","641","0","0","641","0","0","641","0","0","641","0","0","641","0","0","641","0","0","641","0","0","641","0","0","641","0","0","641","0","0","641","0","0","641","0","0","641","0","0","641","0","0","641","0","0","641","0","0","641","0","0","641","0","0","641","0","0","641","0","0","641","0","0","641","0","0","641","0","0","641","0","0","641","0","0","641","0","0","641","0","0","641","0","0","641","0","0","641","0","0","641","0","0","641","0","0","641","0","0","641","0","0","641","0","0","641","0","0","641","0","0","641","0","0","641","0","0","641","0","0","641","0","0","641","0","0"
,"642","0","0","642","0","0","642","0","0","642","0","0","642","0","0","642","0","0","642","0","0","642","0","0","642","0","0","642","0","0","642","0","0","642","0","0","642","0","0","642","0","0","642","0","0","642","0","0","642","0","0","642","0","0","642","0","0","642","0","0","642","0","0","642","0","0","642","0","0","642","0","0","642","0","0","642","0","0","642","0","0","642","0","0","642","0","0","642","0","0","642","0","0","642","0","0","642","0","0","642","0","0","642","0","0","642","0","0","642","0","0","642","0","0","642","0","0","642","0","0","642","0","0","642","0","0","642","0","0","642","0","0","642","0","0","642","0","0","642","0","0","642","0","0","642","0","0","642","0","0","642","0","0","642","0","0","642","0","0","642","0","0","642","0","0","642","0","0","642","0","0","642","0","0","642","0","0","642","0","0"
,"643","0","0","643","0","0","643","0","0","643","0","0","643","0","0","643","0","0","643","0","0","643","0","0","643","0","0","643","0","0","643","0","0","643","0","0","643","0","0","643","0","0","643","0","0","643","0","0","643","0","0","643","0","0","643","0","0","643","0","0","643","0","0","643","0","0","643","0","0","643","0","0","643","0","0","643","0","0","643","0","0","643","0","0","643","0","0","643","0","0","643","0","0","643","0","0","643","0","0","643","0","0","643","0","0","643","0","0","643","0","0","643","0","0","643","0","0","643","0","0","643","0","0","643","0","0","643","0","0","643","0","0","643","0","0","643","0","0","643","0","0","643","0","0","643","0","0","643","0","0","643","0","0","643","0","0","643","0","0","643","0","0","643","0","0","643","0","0","643","0","0","643","0","0","643","0","0","643","0","0"
,"644","0","0","644","0","0","644","0","0","644","0","0","644","0","0","644","0","0","644","0","0","644","0","0","644","0","0","644","0","0","644","0","0","644","0","0","644","0","0","644","0","0","644","0","0","644","0","0","644","0","0","644","0","0","644","0","0","644","0","0","644","0","0","644","0","0","644","0","0","644","0","0","644","0","0","644","0","0","644","0","0","644","0","0","644","0","0","644","0","0","644","0","0","644","0","0","644","0","0","644","0","0","644","0","0","644","0","0","644","0","0","644","0","0","644","0","0","644","0","0","644","0","0","644","0","0","644","0","0","644","0","0","644","0","0","644","0","0","644","0","0","644","0","0","644","0","0","644","0","0","644","0","0","644","0","0","644","0","0","644","0","0","644","0","0","644","0","0","644","0","0","644","0","0","644","0","0","644","0","0"
,"645","0","0","645","0","0","645","0","0","645","0","0","645","0","0","645","0","0","645","0","0","645","0","0","645","0","0","645","0","0","645","0","0","645","0","0","645","0","0","645","0","0","645","0","0","645","0","0","645","0","0","645","0","0","645","0","0","645","0","0","645","0","0","645","0","0","645","0","0","645","0","0","645","0","0","645","0","0","645","0","0","645","0","0","645","0","0","645","0","0","645","0","0","645","0","0","645","0","0","645","0","0","645","0","0","645","0","0","645","0","0","645","0","0","645","0","0","645","0","0","645","0","0","645","0","0","645","0","0","645","0","0","645","0","0","645","0","0","645","0","0","645","0","0","645","0","0","645","0","0","645","0","0","645","0","0","645","0","0","645","0","0","645","0","0","645","0","0","645","0","0","645","0","0","645","0","0","645","0","0"
,"646","0","0","646","0","0","646","0","0","646","0","0","646","0","0","646","0","0","646","0","0","646","0","0","646","0","0","646","0","0","646","0","0","646","0","0","646","0","0","646","0","0","646","0","0","646","0","0","646","0","0","646","0","0","646","0","0","646","0","0","646","0","0","646","0","0","646","0","0","646","0","0","646","0","0","646","0","0","646","0","0","646","0","0","646","0","0","646","0","0","646","0","0","646","0","0","646","0","0","646","0","0","646","0","0","646","0","0","646","0","0","646","0","0","646","0","0","646","0","0","646","0","0","646","0","0","646","0","0","646","0","0","646","0","0","646","0","0","646","0","0","646","0","0","646","0","0","646","0","0","646","0","0","646","0","0","646","0","0","646","0","0","646","0","0","646","0","0","646","0","0","646","0","0","646","0","0","646","0","0"
,"647","0","0","647","0","0","647","0","0","647","0","0","647","0","0","647","0","0","647","0","0","647","0","0","647","0","0","647","0","0","647","0","0","647","0","0","647","0","0","647","0","0","647","0","0","647","0","0","647","0","0","647","0","0","647","0","0","647","0","0","647","0","0","647","0","0","647","0","0","647","0","0","647","0","0","647","0","0","647","0","0","647","0","0","647","0","0","647","0","0","647","0","0","647","0","0","647","0","0","647","0","0","647","0","0","647","0","0","647","0","0","647","0","0","647","0","0","647","0","0","647","0","0","647","0","0","647","0","0","647","0","0","647","0","0","647","0","0","647","0","0","647","0","0","647","0","0","647","0","0","647","0","0","647","0","0","647","0","0","647","0","0","647","0","0","647","0","0","647","0","0","647","0","0","647","0","0","647","0","0"
,"648","0","0","648","0","0","648","0","0","648","0","0","648","0","0","648","0","0","648","0","0","648","0","0","648","0","0","648","0","0","648","0","0","648","0","0","648","0","0","648","0","0","648","0","0","648","0","0","648","0","0","648","0","0","648","0","0","648","0","0","648","0","0","648","0","0","648","0","0","648","0","0","648","0","0","648","0","0","648","0","0","648","0","0","648","0","0","648","0","0","648","0","0","648","0","0","648","0","0","648","0","0","648","0","0","648","0","0","648","0","0","648","0","0","648","0","0","648","0","0","648","0","0","648","0","0","648","0","0","648","0","0","648","0","0","648","0","0","648","0","0","648","0","0","648","0","0","648","0","0","648","0","0","648","0","0","648","0","0","648","0","0","648","0","0","648","0","0","648","0","0","648","0","0","648","0","0","648","0","0"
,"649","0","0","649","0","0","649","0","0","649","0","0","649","0","0","649","0","0","649","0","0","649","0","0","649","0","0","649","0","0","649","0","0","649","0","0","649","0","0","649","0","0","649","0","0","649","0","0","649","0","0","649","0","0","649","0","0","649","0","0","649","0","0","649","0","0","649","0","0","649","0","0","649","0","0","649","0","0","649","0","0","649","0","0","649","0","0","649","0","0","649","0","0","649","0","0","649","0","0","649","0","0","649","0","0","649","0","0","649","0","0","649","0","0","649","0","0","649","0","0","649","0","0","649","0","0","649","0","0","649","0","0","649","0","0","649","0","0","649","0","0","649","0","0","649","0","0","649","0","0","649","0","0","649","0","0","649","0","0","649","0","0","649","0","0","649","0","0","649","0","0","649","0","0","649","0","0","649","0","0"
,"650","0","0","650","0","0","650","0","0","650","0","0","650","0","0","650","0","0","650","0","0","650","0","0","650","0","0","650","0","0","650","0","0","650","0","0","650","0","0","650","0","0","650","0","0","650","0","0","650","0","0","650","0","0","650","0","0","650","0","0","650","0","0","650","0","0","650","0","0","650","0","0","650","0","0","650","0","0","650","0","0","650","0","0","650","0","0","650","0","0","650","0","0","650","0","0","650","0","0","650","0","0","650","0","0","650","0","0","650","0","0","650","0","0","650","0","0","650","0","0","650","0","0","650","0","0","650","0","0","650","0","0","650","0","0","650","0","0","650","0","0","650","0","0","650","0","0","650","0","0","650","0","0","650","0","0","650","0","0","650","0","0","650","0","0","650","0","0","650","0","0","650","0","0","650","0","0","650","0","0"
,"651","0","0","651","0","0","651","0","0","651","0","0","651","0","0","651","0","0","651","0","0","651","0","0","651","0","0","651","0","0","651","0","0","651","0","0","651","0","0","651","0","0","651","0","0","651","0","0","651","0","0","651","0","0","651","0","0","651","0","0","651","0","0","651","0","0","651","0","0","651","0","0","651","0","0","651","0","0","651","0","0","651","0","0","651","0","0","651","0","0","651","0","0","651","0","0","651","0","0","651","0","0","651","0","0","651","0","0","651","0","0","651","0","0","651","0","0","651","0","0","651","0","0","651","0","0","651","0","0","651","0","0","651","0","0","651","0","0","651","0","0","651","0","0","651","0","0","651","0","0","651","0","0","651","0","0","651","0","0","651","0","0","651","0","0","651","0","0","651","0","0","651","0","0","651","0","0","651","0","0"
,"652","0","0","652","0","0","652","0","0","652","0","0","652","0","0","652","0","0","652","0","0","652","0","0","652","0","0","652","0","0","652","0","0","652","0","0","652","0","0","652","0","0","652","0","0","652","0","0","652","0","0","652","0","0","652","0","0","652","0","0","652","0","0","652","0","0","652","0","0","652","0","0","652","0","0","652","0","0","652","0","0","652","0","0","652","0","0","652","0","0","652","0","0","652","0","0","652","0","0","652","0","0","652","0","0","652","0","0","652","0","0","652","0","0","652","0","0","652","0","0","652","0","0","652","0","0","652","0","0","652","0","0","652","0","0","652","0","0","652","0","0","652","0","0","652","0","0","652","0","0","652","0","0","652","0","0","652","0","0","652","0","0","652","0","0","652","0","0","652","0","0","652","0","0","652","0","0","652","0","0"
,"653","0","0","653","0","0","653","0","0","653","0","0","653","0","0","653","0","0","653","0","0","653","0","0","653","0","0","653","0","0","653","0","0","653","0","0","653","0","0","653","0","0","653","0","0","653","0","0","653","0","0","653","0","0","653","0","0","653","0","0","653","0","0","653","0","0","653","0","0","653","0","0","653","0","0","653","0","0","653","0","0","653","0","0","653","0","0","653","0","0","653","0","0","653","0","0","653","0","0","653","0","0","653","0","0","653","0","0","653","0","0","653","0","0","653","0","0","653","0","0","653","0","0","653","0","0","653","0","0","653","0","0","653","0","0","653","0","0","653","0","0","653","0","0","653","0","0","653","0","0","653","0","0","653","0","0","653","0","0","653","0","0","653","0","0","653","0","0","653","0","0","653","0","0","653","0","0","653","0","0"
,"654","0","0","654","0","0","654","0","0","654","0","0","654","0","0","654","0","0","654","0","0","654","0","0","654","0","0","654","0","0","654","0","0","654","0","0","654","0","0","654","0","0","654","0","0","654","0","0","654","0","0","654","0","0","654","0","0","654","0","0","654","0","0","654","0","0","654","0","0","654","0","0","654","0","0","654","0","0","654","0","0","654","0","0","654","0","0","654","0","0","654","0","0","654","0","0","654","0","0","654","0","0","654","0","0","654","0","0","654","0","0","654","0","0","654","0","0","654","0","0","654","0","0","654","0","0","654","0","0","654","0","0","654","0","0","654","0","0","654","0","0","654","0","0","654","0","0","654","0","0","654","0","0","654","0","0","654","0","0","654","0","0","654","0","0","654","0","0","654","0","0","654","0","0","654","0","0","654","0","0"
,"655","0","0","655","0","0","655","0","0","655","0","0","655","0","0","655","0","0","655","0","0","655","0","0","655","0","0","655","0","0","655","0","0","655","0","0","655","0","0","655","0","0","655","0","0","655","0","0","655","0","0","655","0","0","655","0","0","655","0","0","655","0","0","655","0","0","655","0","0","655","0","0","655","0","0","655","0","0","655","0","0","655","0","0","655","0","0","655","0","0","655","0","0","655","0","0","655","0","0","655","0","0","655","0","0","655","0","0","655","0","0","655","0","0","655","0","0","655","0","0","655","0","0","655","0","0","655","0","0","655","0","0","655","0","0","655","0","0","655","0","0","655","0","0","655","0","0","655","0","0","655","0","0","655","0","0","655","0","0","655","0","0","655","0","0","655","0","0","655","0","0","655","0","0","655","0","0","655","0","0"
,"656","0","0","656","0","0","656","0","0","656","0","0","656","0","0","656","0","0","656","0","0","656","0","0","656","0","0","656","0","0","656","0","0","656","0","0","656","0","0","656","0","0","656","0","0","656","0","0","656","0","0","656","0","0","656","0","0","656","0","0","656","0","0","656","0","0","656","0","0","656","0","0","656","0","0","656","0","0","656","0","0","656","0","0","656","0","0","656","0","0","656","0","0","656","0","0","656","0","0","656","0","0","656","0","0","656","0","0","656","0","0","656","0","0","656","0","0","656","0","0","656","0","0","656","0","0","656","0","0","656","0","0","656","0","0","656","0","0","656","0","0","656","0","0","656","0","0","656","0","0","656","0","0","656","0","0","656","0","0","656","0","0","656","0","0","656","0","0","656","0","0","656","0","0","656","0","0","656","0","0"
,"657","0","0","657","0","0","657","0","0","657","0","0","657","0","0","657","0","0","657","0","0","657","0","0","657","0","0","657","0","0","657","0","0","657","0","0","657","0","0","657","0","0","657","0","0","657","0","0","657","0","0","657","0","0","657","0","0","657","0","0","657","0","0","657","0","0","657","0","0","657","0","0","657","0","0","657","0","0","657","0","0","657","0","0","657","0","0","657","0","0","657","0","0","657","0","0","657","0","0","657","0","0","657","0","0","657","0","0","657","0","0","657","0","0","657","0","0","657","0","0","657","0","0","657","0","0","657","0","0","657","0","0","657","0","0","657","0","0","657","0","0","657","0","0","657","0","0","657","0","0","657","0","0","657","0","0","657","0","0","657","0","0","657","0","0","657","0","0","657","0","0","657","0","0","657","0","0","657","0","0"
,"658","0","0","658","0","0","658","0","0","658","0","0","658","0","0","658","0","0","658","0","0","658","0","0","658","0","0","658","0","0","658","0","0","658","0","0","658","0","0","658","0","0","658","0","0","658","0","0","658","0","0","658","0","0","658","0","0","658","0","0","658","0","0","658","0","0","658","0","0","658","0","0","658","0","0","658","0","0","658","0","0","658","0","0","658","0","0","658","0","0","658","0","0","658","0","0","658","0","0","658","0","0","658","0","0","658","0","0","658","0","0","658","0","0","658","0","0","658","0","0","658","0","0","658","0","0","658","0","0","658","0","0","658","0","0","658","0","0","658","0","0","658","0","0","658","0","0","658","0","0","658","0","0","658","0","0","658","0","0","658","0","0","658","0","0","658","0","0","658","0","0","658","0","0","658","0","0","658","0","0"
,"659","0","0","659","0","0","659","0","0","659","0","0","659","0","0","659","0","0","659","0","0","659","0","0","659","0","0","659","0","0","659","0","0","659","0","0","659","0","0","659","0","0","659","0","0","659","0","0","659","0","0","659","0","0","659","0","0","659","0","0","659","0","0","659","0","0","659","0","0","659","0","0","659","0","0","659","0","0","659","0","0","659","0","0","659","0","0","659","0","0","659","0","0","659","0","0","659","0","0","659","0","0","659","0","0","659","0","0","659","0","0","659","0","0","659","0","0","659","0","0","659","0","0","659","0","0","659","0","0","659","0","0","659","0","0","659","0","0","659","0","0","659","0","0","659","0","0","659","0","0","659","0","0","659","0","0","659","0","0","659","0","0","659","0","0","659","0","0","659","0","0","659","0","0","659","0","0","659","0","0"
,"660","0","0","660","0","0","660","0","0","660","0","0","660","0","0","660","0","0","660","0","0","660","0","0","660","0","0","660","0","0","660","0","0","660","0","0","660","0","0","660","0","0","660","0","0","660","0","0","660","0","0","660","0","0","660","0","0","660","0","0","660","0","0","660","0","0","660","0","0","660","0","0","660","0","0","660","0","0","660","0","0","660","0","0","660","0","0","660","0","0","660","0","0","660","0","0","660","0","0","660","0","0","660","0","0","660","0","0","660","0","0","660","0","0","660","0","0","660","0","0","660","0","0","660","0","0","660","0","0","660","0","0","660","0","0","660","0","0","660","0","0","660","0","0","660","0","0","660","0","0","660","0","0","660","0","0","660","0","0","660","0","0","660","0","0","660","0","0","660","0","0","660","0","0","660","0","0","660","0","0"
,"661","0","0","661","0","0","661","0","0","661","0","0","661","0","0","661","0","0","661","0","0","661","0","0","661","0","0","661","0","0","661","0","0","661","0","0","661","0","0","661","0","0","661","0","0","661","0","0","661","0","0","661","0","0","661","0","0","661","0","0","661","0","0","661","0","0","661","0","0","661","0","0","661","0","0","661","0","0","661","0","0","661","0","0","661","0","0","661","0","0","661","0","0","661","0","0","661","0","0","661","0","0","661","0","0","661","0","0","661","0","0","661","0","0","661","0","0","661","0","0","661","0","0","661","0","0","661","0","0","661","0","0","661","0","0","661","0","0","661","0","0","661","0","0","661","0","0","661","0","0","661","0","0","661","0","0","661","0","0","661","0","0","661","0","0","661","0","0","661","0","0","661","0","0","661","0","0","661","0","0"
,"662","0","0","662","0","0","662","0","0","662","0","0","662","0","0","662","0","0","662","0","0","662","0","0","662","0","0","662","0","0","662","0","0","662","0","0","662","0","0","662","0","0","662","0","0","662","0","0","662","0","0","662","0","0","662","0","0","662","0","0","662","0","0","662","0","0","662","0","0","662","0","0","662","0","0","662","0","0","662","0","0","662","0","0","662","0","0","662","0","0","662","0","0","662","0","0","662","0","0","662","0","0","662","0","0","662","0","0","662","0","0","662","0","0","662","0","0","662","0","0","662","0","0","662","0","0","662","0","0","662","0","0","662","0","0","662","0","0","662","0","0","662","0","0","662","0","0","662","0","0","662","0","0","662","0","0","662","0","0","662","0","0","662","0","0","662","0","0","662","0","0","662","0","0","662","0","0","662","0","0"
,"663","0","0","663","0","0","663","0","0","663","0","0","663","0","0","663","0","0","663","0","0","663","0","0","663","0","0","663","0","0","663","0","0","663","0","0","663","0","0","663","0","0","663","0","0","663","0","0","663","0","0","663","0","0","663","0","0","663","0","0","663","0","0","663","0","0","663","0","0","663","0","0","663","0","0","663","0","0","663","0","0","663","0","0","663","0","0","663","0","0","663","0","0","663","0","0","663","0","0","663","0","0","663","0","0","663","0","0","663","0","0","663","0","0","663","0","0","663","0","0","663","0","0","663","0","0","663","0","0","663","0","0","663","0","0","663","0","0","663","0","0","663","0","0","663","0","0","663","0","0","663","0","0","663","0","0","663","0","0","663","0","0","663","0","0","663","0","0","663","0","0","663","0","0","663","0","0","663","0","0"
,"664","0","0","664","0","0","664","0","0","664","0","0","664","0","0","664","0","0","664","0","0","664","0","0","664","0","0","664","0","0","664","0","0","664","0","0","664","0","0","664","0","0","664","0","0","664","0","0","664","0","0","664","0","0","664","0","0","664","0","0","664","0","0","664","0","0","664","0","0","664","0","0","664","0","0","664","0","0","664","0","0","664","0","0","664","0","0","664","0","0","664","0","0","664","0","0","664","0","0","664","0","0","664","0","0","664","0","0","664","0","0","664","0","0","664","0","0","664","0","0","664","0","0","664","0","0","664","0","0","664","0","0","664","0","0","664","0","0","664","0","0","664","0","0","664","0","0","664","0","0","664","0","0","664","0","0","664","0","0","664","0","0","664","0","0","664","0","0","664","0","0","664","0","0","664","0","0","664","0","0"
,"665","0","0","665","0","0","665","0","0","665","0","0","665","0","0","665","0","0","665","0","0","665","0","0","665","0","0","665","0","0","665","0","0","665","0","0","665","0","0","665","0","0","665","0","0","665","0","0","665","0","0","665","0","0","665","0","0","665","0","0","665","0","0","665","0","0","665","0","0","665","0","0","665","0","0","665","0","0","665","0","0","665","0","0","665","0","0","665","0","0","665","0","0","665","0","0","665","0","0","665","0","0","665","0","0","665","0","0","665","0","0","665","0","0","665","0","0","665","0","0","665","0","0","665","0","0","665","0","0","665","0","0","665","0","0","665","0","0","665","0","0","665","0","0","665","0","0","665","0","0","665","0","0","665","0","0","665","0","0","665","0","0","665","0","0","665","0","0","665","0","0","665","0","0","665","0","0","665","0","0"
,"666","0","0","666","0","0","666","0","0","666","0","0","666","0","0","666","0","0","666","0","0","666","0","0","666","0","0","666","0","0","666","0","0","666","0","0","666","0","0","666","0","0","666","0","0","666","0","0","666","0","0","666","0","0","666","0","0","666","0","0","666","0","0","666","0","0","666","0","0","666","0","0","666","0","0","666","0","0","666","0","0","666","0","0","666","0","0","666","0","0","666","0","0","666","0","0","666","0","0","666","0","0","666","0","0","666","0","0","666","0","0","666","0","0","666","0","0","666","0","0","666","0","0","666","0","0","666","0","0","666","0","0","666","0","0","666","0","0","666","0","0","666","0","0","666","0","0","666","0","0","666","0","0","666","0","0","666","0","0","666","0","0","666","0","0","666","0","0","666","0","0","666","0","0","666","0","0","666","0","0"
,"667","0","0","667","0","0","667","0","0","667","0","0","667","0","0","667","0","0","667","0","0","667","0","0","667","0","0","667","0","0","667","0","0","667","0","0","667","0","0","667","0","0","667","0","0","667","0","0","667","0","0","667","0","0","667","0","0","667","0","0","667","0","0","667","0","0","667","0","0","667","0","0","667","0","0","667","0","0","667","0","0","667","0","0","667","0","0","667","0","0","667","0","0","667","0","0","667","0","0","667","0","0","667","0","0","667","0","0","667","0","0","667","0","0","667","0","0","667","0","0","667","0","0","667","0","0","667","0","0","667","0","0","667","0","0","667","0","0","667","0","0","667","0","0","667","0","0","667","0","0","667","0","0","667","0","0","667","0","0","667","0","0","667","0","0","667","0","0","667","0","0","667","0","0","667","0","0","667","0","0"
,"668","0","0","668","0","0","668","0","0","668","0","0","668","0","0","668","0","0","668","0","0","668","0","0","668","0","0","668","0","0","668","0","0","668","0","0","668","0","0","668","0","0","668","0","0","668","0","0","668","0","0","668","0","0","668","0","0","668","0","0","668","0","0","668","0","0","668","0","0","668","0","0","668","0","0","668","0","0","668","0","0","668","0","0","668","0","0","668","0","0","668","0","0","668","0","0","668","0","0","668","0","0","668","0","0","668","0","0","668","0","0","668","0","0","668","0","0","668","0","0","668","0","0","668","0","0","668","0","0","668","0","0","668","0","0","668","0","0","668","0","0","668","0","0","668","0","0","668","0","0","668","0","0","668","0","0","668","0","0","668","0","0","668","0","0","668","0","0","668","0","0","668","0","0","668","0","0","668","0","0"
,"669","0","0","669","0","0","669","0","0","669","0","0","669","0","0","669","0","0","669","0","0","669","0","0","669","0","0","669","0","0","669","0","0","669","0","0","669","0","0","669","0","0","669","0","0","669","0","0","669","0","0","669","0","0","669","0","0","669","0","0","669","0","0","669","0","0","669","0","0","669","0","0","669","0","0","669","0","0","669","0","0","669","0","0","669","0","0","669","0","0","669","0","0","669","0","0","669","0","0","669","0","0","669","0","0","669","0","0","669","0","0","669","0","0","669","0","0","669","0","0","669","0","0","669","0","0","669","0","0","669","0","0","669","0","0","669","0","0","669","0","0","669","0","0","669","0","0","669","0","0","669","0","0","669","0","0","669","0","0","669","0","0","669","0","0","669","0","0","669","0","0","669","0","0","669","0","0","669","0","0"
,"670","0","0","670","0","0","670","0","0","670","0","0","670","0","0","670","0","0","670","0","0","670","0","0","670","0","0","670","0","0","670","0","0","670","0","0","670","0","0","670","0","0","670","0","0","670","0","0","670","0","0","670","0","0","670","0","0","670","0","0","670","0","0","670","0","0","670","0","0","670","0","0","670","0","0","670","0","0","670","0","0","670","0","0","670","0","0","670","0","0","670","0","0","670","0","0","670","0","0","670","0","0","670","0","0","670","0","0","670","0","0","670","0","0","670","0","0","670","0","0","670","0","0","670","0","0","670","0","0","670","0","0","670","0","0","670","0","0","670","0","0","670","0","0","670","0","0","670","0","0","670","0","0","670","0","0","670","0","0","670","0","0","670","0","0","670","0","0","670","0","0","670","0","0","670","0","0","670","0","0"
,"671","0","0","671","0","0","671","0","0","671","0","0","671","0","0","671","0","0","671","0","0","671","0","0","671","0","0","671","0","0","671","0","0","671","0","0","671","0","0","671","0","0","671","0","0","671","0","0","671","0","0","671","0","0","671","0","0","671","0","0","671","0","0","671","0","0","671","0","0","671","0","0","671","0","0","671","0","0","671","0","0","671","0","0","671","0","0","671","0","0","671","0","0","671","0","0","671","0","0","671","0","0","671","0","0","671","0","0","671","0","0","671","0","0","671","0","0","671","0","0","671","0","0","671","0","0","671","0","0","671","0","0","671","0","0","671","0","0","671","0","0","671","0","0","671","0","0","671","0","0","671","0","0","671","0","0","671","0","0","671","0","0","671","0","0","671","0","0","671","0","0","671","0","0","671","0","0","671","0","0"
,"672","0","0","672","0","0","672","0","0","672","0","0","672","0","0","672","0","0","672","0","0","672","0","0","672","0","0","672","0","0","672","0","0","672","0","0","672","0","0","672","0","0","672","0","0","672","0","0","672","0","0","672","0","0","672","0","0","672","0","0","672","0","0","672","0","0","672","0","0","672","0","0","672","0","0","672","0","0","672","0","0","672","0","0","672","0","0","672","0","0","672","0","0","672","0","0","672","0","0","672","0","0","672","0","0","672","0","0","672","0","0","672","0","0","672","0","0","672","0","0","672","0","0","672","0","0","672","0","0","672","0","0","672","0","0","672","0","0","672","0","0","672","0","0","672","0","0","672","0","0","672","0","0","672","0","0","672","0","0","672","0","0","672","0","0","672","0","0","672","0","0","672","0","0","672","0","0","672","0","0"
,"673","0","0","673","0","0","673","0","0","673","0","0","673","0","0","673","0","0","673","0","0","673","0","0","673","0","0","673","0","0","673","0","0","673","0","0","673","0","0","673","0","0","673","0","0","673","0","0","673","0","0","673","0","0","673","0","0","673","0","0","673","0","0","673","0","0","673","0","0","673","0","0","673","0","0","673","0","0","673","0","0","673","0","0","673","0","0","673","0","0","673","0","0","673","0","0","673","0","0","673","0","0","673","0","0","673","0","0","673","0","0","673","0","0","673","0","0","673","0","0","673","0","0","673","0","0","673","0","0","673","0","0","673","0","0","673","0","0","673","0","0","673","0","0","673","0","0","673","0","0","673","0","0","673","0","0","673","0","0","673","0","0","673","0","0","673","0","0","673","0","0","673","0","0","673","0","0","673","0","0"
,"674","0","0","674","0","0","674","0","0","674","0","0","674","0","0","674","0","0","674","0","0","674","0","0","674","0","0","674","0","0","674","0","0","674","0","0","674","0","0","674","0","0","674","0","0","674","0","0","674","0","0","674","0","0","674","0","0","674","0","0","674","0","0","674","0","0","674","0","0","674","0","0","674","0","0","674","0","0","674","0","0","674","0","0","674","0","0","674","0","0","674","0","0","674","0","0","674","0","0","674","0","0","674","0","0","674","0","0","674","0","0","674","0","0","674","0","0","674","0","0","674","0","0","674","0","0","674","0","0","674","0","0","674","0","0","674","0","0","674","0","0","674","0","0","674","0","0","674","0","0","674","0","0","674","0","0","674","0","0","674","0","0","674","0","0","674","0","0","674","0","0","674","0","0","674","0","0","674","0","0"
,"675","0","0","675","0","0","675","0","0","675","0","0","675","0","0","675","0","0","675","0","0","675","0","0","675","0","0","675","0","0","675","0","0","675","0","0","675","0","0","675","0","0","675","0","0","675","0","0","675","0","0","675","0","0","675","0","0","675","0","0","675","0","0","675","0","0","675","0","0","675","0","0","675","0","0","675","0","0","675","0","0","675","0","0","675","0","0","675","0","0","675","0","0","675","0","0","675","0","0","675","0","0","675","0","0","675","0","0","675","0","0","675","0","0","675","0","0","675","0","0","675","0","0","675","0","0","675","0","0","675","0","0","675","0","0","675","0","0","675","0","0","675","0","0","675","0","0","675","0","0","675","0","0","675","0","0","675","0","0","675","0","0","675","0","0","675","0","0","675","0","0","675","0","0","675","0","0","675","0","0"
,"676","0","0","676","0","0","676","0","0","676","0","0","676","0","0","676","0","0","676","0","0","676","0","0","676","0","0","676","0","0","676","0","0","676","0","0","676","0","0","676","0","0","676","0","0","676","0","0","676","0","0","676","0","0","676","0","0","676","0","0","676","0","0","676","0","0","676","0","0","676","0","0","676","0","0","676","0","0","676","0","0","676","0","0","676","0","0","676","0","0","676","0","0","676","0","0","676","0","0","676","0","0","676","0","0","676","0","0","676","0","0","676","0","0","676","0","0","676","0","0","676","0","0","676","0","0","676","0","0","676","0","0","676","0","0","676","0","0","676","0","0","676","0","0","676","0","0","676","0","0","676","0","0","676","0","0","676","0","0","676","0","0","676","0","0","676","0","0","676","0","0","676","0","0","676","0","0","676","0","0"
,"677","0","0","677","0","0","677","0","0","677","0","0","677","0","0","677","0","0","677","0","0","677","0","0","677","0","0","677","0","0","677","0","0","677","0","0","677","0","0","677","0","0","677","0","0","677","0","0","677","0","0","677","0","0","677","0","0","677","0","0","677","0","0","677","0","0","677","0","0","677","0","0","677","0","0","677","0","0","677","0","0","677","0","0","677","0","0","677","0","0","677","0","0","677","0","0","677","0","0","677","0","0","677","0","0","677","0","0","677","0","0","677","0","0","677","0","0","677","0","0","677","0","0","677","0","0","677","0","0","677","0","0","677","0","0","677","0","0","677","0","0","677","0","0","677","0","0","677","0","0","677","0","0","677","0","0","677","0","0","677","0","0","677","0","0","677","0","0","677","0","0","677","0","0","677","0","0","677","0","0"
,"678","0","0","678","0","0","678","0","0","678","0","0","678","0","0","678","0","0","678","0","0","678","0","0","678","0","0","678","0","0","678","0","0","678","0","0","678","0","0","678","0","0","678","0","0","678","0","0","678","0","0","678","0","0","678","0","0","678","0","0","678","0","0","678","0","0","678","0","0","678","0","0","678","0","0","678","0","0","678","0","0","678","0","0","678","0","0","678","0","0","678","0","0","678","0","0","678","0","0","678","0","0","678","0","0","678","0","0","678","0","0","678","0","0","678","0","0","678","0","0","678","0","0","678","0","0","678","0","0","678","0","0","678","0","0","678","0","0","678","0","0","678","0","0","678","0","0","678","0","0","678","0","0","678","0","0","678","0","0","678","0","0","678","0","0","678","0","0","678","0","0","678","0","0","678","0","0","678","0","0"
,"679","0","0","679","0","0","679","0","0","679","0","0","679","0","0","679","0","0","679","0","0","679","0","0","679","0","0","679","0","0","679","0","0","679","0","0","679","0","0","679","0","0","679","0","0","679","0","0","679","0","0","679","0","0","679","0","0","679","0","0","679","0","0","679","0","0","679","0","0","679","0","0","679","0","0","679","0","0","679","0","0","679","0","0","679","0","0","679","0","0","679","0","0","679","0","0","679","0","0","679","0","0","679","0","0","679","0","0","679","0","0","679","0","0","679","0","0","679","0","0","679","0","0","679","0","0","679","0","0","679","0","0","679","0","0","679","0","0","679","0","0","679","0","0","679","0","0","679","0","0","679","0","0","679","0","0","679","0","0","679","0","0","679","0","0","679","0","0","679","0","0","679","0","0","679","0","0","679","0","0"
,"680","0","0","680","0","0","680","0","0","680","0","0","680","0","0","680","0","0","680","0","0","680","0","0","680","0","0","680","0","0","680","0","0","680","0","0","680","0","0","680","0","0","680","0","0","680","0","0","680","0","0","680","0","0","680","0","0","680","0","0","680","0","0","680","0","0","680","0","0","680","0","0","680","0","0","680","0","0","680","0","0","680","0","0","680","0","0","680","0","0","680","0","0","680","0","0","680","0","0","680","0","0","680","0","0","680","0","0","680","0","0","680","0","0","680","0","0","680","0","0","680","0","0","680","0","0","680","0","0","680","0","0","680","0","0","680","0","0","680","0","0","680","0","0","680","0","0","680","0","0","680","0","0","680","0","0","680","0","0","680","0","0","680","0","0","680","0","0","680","0","0","680","0","0","680","0","0","680","0","0"
,"681","0","0","681","0","0","681","0","0","681","0","0","681","0","0","681","0","0","681","0","0","681","0","0","681","0","0","681","0","0","681","0","0","681","0","0","681","0","0","681","0","0","681","0","0","681","0","0","681","0","0","681","0","0","681","0","0","681","0","0","681","0","0","681","0","0","681","0","0","681","0","0","681","0","0","681","0","0","681","0","0","681","0","0","681","0","0","681","0","0","681","0","0","681","0","0","681","0","0","681","0","0","681","0","0","681","0","0","681","0","0","681","0","0","681","0","0","681","0","0","681","0","0","681","0","0","681","0","0","681","0","0","681","0","0","681","0","0","681","0","0","681","0","0","681","0","0","681","0","0","681","0","0","681","0","0","681","0","0","681","0","0","681","0","0","681","0","0","681","0","0","681","0","0","681","0","0","681","0","0"
,"682","0","0","682","0","0","682","0","0","682","0","0","682","0","0","682","0","0","682","0","0","682","0","0","682","0","0","682","0","0","682","0","0","682","0","0","682","0","0","682","0","0","682","0","0","682","0","0","682","0","0","682","0","0","682","0","0","682","0","0","682","0","0","682","0","0","682","0","0","682","0","0","682","0","0","682","0","0","682","0","0","682","0","0","682","0","0","682","0","0","682","0","0","682","0","0","682","0","0","682","0","0","682","0","0","682","0","0","682","0","0","682","0","0","682","0","0","682","0","0","682","0","0","682","0","0","682","0","0","682","0","0","682","0","0","682","0","0","682","0","0","682","0","0","682","0","0","682","0","0","682","0","0","682","0","0","682","0","0","682","0","0","682","0","0","682","0","0","682","0","0","682","0","0","682","0","0","682","0","0"
,"683","0","0","683","0","0","683","0","0","683","0","0","683","0","0","683","0","0","683","0","0","683","0","0","683","0","0","683","0","0","683","0","0","683","0","0","683","0","0","683","0","0","683","0","0","683","0","0","683","0","0","683","0","0","683","0","0","683","0","0","683","0","0","683","0","0","683","0","0","683","0","0","683","0","0","683","0","0","683","0","0","683","0","0","683","0","0","683","0","0","683","0","0","683","0","0","683","0","0","683","0","0","683","0","0","683","0","0","683","0","0","683","0","0","683","0","0","683","0","0","683","0","0","683","0","0","683","0","0","683","0","0","683","0","0","683","0","0","683","0","0","683","0","0","683","0","0","683","0","0","683","0","0","683","0","0","683","0","0","683","0","0","683","0","0","683","0","0","683","0","0","683","0","0","683","0","0","683","0","0"
,"684","0","0","684","0","0","684","0","0","684","0","0","684","0","0","684","0","0","684","0","0","684","0","0","684","0","0","684","0","0","684","0","0","684","0","0","684","0","0","684","0","0","684","0","0","684","0","0","684","0","0","684","0","0","684","0","0","684","0","0","684","0","0","684","0","0","684","0","0","684","0","0","684","0","0","684","0","0","684","0","0","684","0","0","684","0","0","684","0","0","684","0","0","684","0","0","684","0","0","684","0","0","684","0","0","684","0","0","684","0","0","684","0","0","684","0","0","684","0","0","684","0","0","684","0","0","684","0","0","684","0","0","684","0","0","684","0","0","684","0","0","684","0","0","684","0","0","684","0","0","684","0","0","684","0","0","684","0","0","684","0","0","684","0","0","684","0","0","684","0","0","684","0","0","684","0","0","684","0","0"
,"685","0","0","685","0","0","685","0","0","685","0","0","685","0","0","685","0","0","685","0","0","685","0","0","685","0","0","685","0","0","685","0","0","685","0","0","685","0","0","685","0","0","685","0","0","685","0","0","685","0","0","685","0","0","685","0","0","685","0","0","685","0","0","685","0","0","685","0","0","685","0","0","685","0","0","685","0","0","685","0","0","685","0","0","685","0","0","685","0","0","685","0","0","685","0","0","685","0","0","685","0","0","685","0","0","685","0","0","685","0","0","685","0","0","685","0","0","685","0","0","685","0","0","685","0","0","685","0","0","685","0","0","685","0","0","685","0","0","685","0","0","685","0","0","685","0","0","685","0","0","685","0","0","685","0","0","685","0","0","685","0","0","685","0","0","685","0","0","685","0","0","685","0","0","685","0","0","685","0","0"
,"686","0","0","686","0","0","686","0","0","686","0","0","686","0","0","686","0","0","686","0","0","686","0","0","686","0","0","686","0","0","686","0","0","686","0","0","686","0","0","686","0","0","686","0","0","686","0","0","686","0","0","686","0","0","686","0","0","686","0","0","686","0","0","686","0","0","686","0","0","686","0","0","686","0","0","686","0","0","686","0","0","686","0","0","686","0","0","686","0","0","686","0","0","686","0","0","686","0","0","686","0","0","686","0","0","686","0","0","686","0","0","686","0","0","686","0","0","686","0","0","686","0","0","686","0","0","686","0","0","686","0","0","686","0","0","686","0","0","686","0","0","686","0","0","686","0","0","686","0","0","686","0","0","686","0","0","686","0","0","686","0","0","686","0","0","686","0","0","686","0","0","686","0","0","686","0","0","686","0","0"
,"687","0","0","687","0","0","687","0","0","687","0","0","687","0","0","687","0","0","687","0","0","687","0","0","687","0","0","687","0","0","687","0","0","687","0","0","687","0","0","687","0","0","687","0","0","687","0","0","687","0","0","687","0","0","687","0","0","687","0","0","687","0","0","687","0","0","687","0","0","687","0","0","687","0","0","687","0","0","687","0","0","687","0","0","687","0","0","687","0","0","687","0","0","687","0","0","687","0","0","687","0","0","687","0","0","687","0","0","687","0","0","687","0","0","687","0","0","687","0","0","687","0","0","687","0","0","687","0","0","687","0","0","687","0","0","687","0","0","687","0","0","687","0","0","687","0","0","687","0","0","687","0","0","687","0","0","687","0","0","687","0","0","687","0","0","687","0","0","687","0","0","687","0","0","687","0","0","687","0","0"
,"688","0","0","688","0","0","688","0","0","688","0","0","688","0","0","688","0","0","688","0","0","688","0","0","688","0","0","688","0","0","688","0","0","688","0","0","688","0","0","688","0","0","688","0","0","688","0","0","688","0","0","688","0","0","688","0","0","688","0","0","688","0","0","688","0","0","688","0","0","688","0","0","688","0","0","688","0","0","688","0","0","688","0","0","688","0","0","688","0","0","688","0","0","688","0","0","688","0","0","688","0","0","688","0","0","688","0","0","688","0","0","688","0","0","688","0","0","688","0","0","688","0","0","688","0","0","688","0","0","688","0","0","688","0","0","688","0","0","688","0","0","688","0","0","688","0","0","688","0","0","688","0","0","688","0","0","688","0","0","688","0","0","688","0","0","688","0","0","688","0","0","688","0","0","688","0","0","688","0","0"
,"689","0","0","689","0","0","689","0","0","689","0","0","689","0","0","689","0","0","689","0","0","689","0","0","689","0","0","689","0","0","689","0","0","689","0","0","689","0","0","689","0","0","689","0","0","689","0","0","689","0","0","689","0","0","689","0","0","689","0","0","689","0","0","689","0","0","689","0","0","689","0","0","689","0","0","689","0","0","689","0","0","689","0","0","689","0","0","689","0","0","689","0","0","689","0","0","689","0","0","689","0","0","689","0","0","689","0","0","689","0","0","689","0","0","689","0","0","689","0","0","689","0","0","689","0","0","689","0","0","689","0","0","689","0","0","689","0","0","689","0","0","689","0","0","689","0","0","689","0","0","689","0","0","689","0","0","689","0","0","689","0","0","689","0","0","689","0","0","689","0","0","689","0","0","689","0","0","689","0","0"
,"690","0","0","690","0","0","690","0","0","690","0","0","690","0","0","690","0","0","690","0","0","690","0","0","690","0","0","690","0","0","690","0","0","690","0","0","690","0","0","690","0","0","690","0","0","690","0","0","690","0","0","690","0","0","690","0","0","690","0","0","690","0","0","690","0","0","690","0","0","690","0","0","690","0","0","690","0","0","690","0","0","690","0","0","690","0","0","690","0","0","690","0","0","690","0","0","690","0","0","690","0","0","690","0","0","690","0","0","690","0","0","690","0","0","690","0","0","690","0","0","690","0","0","690","0","0","690","0","0","690","0","0","690","0","0","690","0","0","690","0","0","690","0","0","690","0","0","690","0","0","690","0","0","690","0","0","690","0","0","690","0","0","690","0","0","690","0","0","690","0","0","690","0","0","690","0","0","690","0","0"
,"691","0","0","691","0","0","691","0","0","691","0","0","691","0","0","691","0","0","691","0","0","691","0","0","691","0","0","691","0","0","691","0","0","691","0","0","691","0","0","691","0","0","691","0","0","691","0","0","691","0","0","691","0","0","691","0","0","691","0","0","691","0","0","691","0","0","691","0","0","691","0","0","691","0","0","691","0","0","691","0","0","691","0","0","691","0","0","691","0","0","691","0","0","691","0","0","691","0","0","691","0","0","691","0","0","691","0","0","691","0","0","691","0","0","691","0","0","691","0","0","691","0","0","691","0","0","691","0","0","691","0","0","691","0","0","691","0","0","691","0","0","691","0","0","691","0","0","691","0","0","691","0","0","691","0","0","691","0","0","691","0","0","691","0","0","691","0","0","691","0","0","691","0","0","691","0","0","691","0","0"
,"692","0","0","692","0","0","692","0","0","692","0","0","692","0","0","692","0","0","692","0","0","692","0","0","692","0","0","692","0","0","692","0","0","692","0","0","692","0","0","692","0","0","692","0","0","692","0","0","692","0","0","692","0","0","692","0","0","692","0","0","692","0","0","692","0","0","692","0","0","692","0","0","692","0","0","692","0","0","692","0","0","692","0","0","692","0","0","692","0","0","692","0","0","692","0","0","692","0","0","692","0","0","692","0","0","692","0","0","692","0","0","692","0","0","692","0","0","692","0","0","692","0","0","692","0","0","692","0","0","692","0","0","692","0","0","692","0","0","692","0","0","692","0","0","692","0","0","692","0","0","692","0","0","692","0","0","692","0","0","692","0","0","692","0","0","692","0","0","692","0","0","692","0","0","692","0","0","692","0","0"
,"693","0","0","693","0","0","693","0","0","693","0","0","693","0","0","693","0","0","693","0","0","693","0","0","693","0","0","693","0","0","693","0","0","693","0","0","693","0","0","693","0","0","693","0","0","693","0","0","693","0","0","693","0","0","693","0","0","693","0","0","693","0","0","693","0","0","693","0","0","693","0","0","693","0","0","693","0","0","693","0","0","693","0","0","693","0","0","693","0","0","693","0","0","693","0","0","693","0","0","693","0","0","693","0","0","693","0","0","693","0","0","693","0","0","693","0","0","693","0","0","693","0","0","693","0","0","693","0","0","693","0","0","693","0","0","693","0","0","693","0","0","693","0","0","693","0","0","693","0","0","693","0","0","693","0","0","693","0","0","693","0","0","693","0","0","693","0","0","693","0","0","693","0","0","693","0","0","693","0","0"
,"694","0","0","694","0","0","694","0","0","694","0","0","694","0","0","694","0","0","694","0","0","694","0","0","694","0","0","694","0","0","694","0","0","694","0","0","694","0","0","694","0","0","694","0","0","694","0","0","694","0","0","694","0","0","694","0","0","694","0","0","694","0","0","694","0","0","694","0","0","694","0","0","694","0","0","694","0","0","694","0","0","694","0","0","694","0","0","694","0","0","694","0","0","694","0","0","694","0","0","694","0","0","694","0","0","694","0","0","694","0","0","694","0","0","694","0","0","694","0","0","694","0","0","694","0","0","694","0","0","694","0","0","694","0","0","694","0","0","694","0","0","694","0","0","694","0","0","694","0","0","694","0","0","694","0","0","694","0","0","694","0","0","694","0","0","694","0","0","694","0","0","694","0","0","694","0","0","694","0","0"
,"695","0","0","695","0","0","695","0","0","695","0","0","695","0","0","695","0","0","695","0","0","695","0","0","695","0","0","695","0","0","695","0","0","695","0","0","695","0","0","695","0","0","695","0","0","695","0","0","695","0","0","695","0","0","695","0","0","695","0","0","695","0","0","695","0","0","695","0","0","695","0","0","695","0","0","695","0","0","695","0","0","695","0","0","695","0","0","695","0","0","695","0","0","695","0","0","695","0","0","695","0","0","695","0","0","695","0","0","695","0","0","695","0","0","695","0","0","695","0","0","695","0","0","695","0","0","695","0","0","695","0","0","695","0","0","695","0","0","695","0","0","695","0","0","695","0","0","695","0","0","695","0","0","695","0","0","695","0","0","695","0","0","695","0","0","695","0","0","695","0","0","695","0","0","695","0","0","695","0","0"
,"696","0","0","696","0","0","696","0","0","696","0","0","696","0","0","696","0","0","696","0","0","696","0","0","696","0","0","696","0","0","696","0","0","696","0","0","696","0","0","696","0","0","696","0","0","696","0","0","696","0","0","696","0","0","696","0","0","696","0","0","696","0","0","696","0","0","696","0","0","696","0","0","696","0","0","696","0","0","696","0","0","696","0","0","696","0","0","696","0","0","696","0","0","696","0","0","696","0","0","696","0","0","696","0","0","696","0","0","696","0","0","696","0","0","696","0","0","696","0","0","696","0","0","696","0","0","696","0","0","696","0","0","696","0","0","696","0","0","696","0","0","696","0","0","696","0","0","696","0","0","696","0","0","696","0","0","696","0","0","696","0","0","696","0","0","696","0","0","696","0","0","696","0","0","696","0","0","696","0","0"
,"697","0","0","697","0","0","697","0","0","697","0","0","697","0","0","697","0","0","697","0","0","697","0","0","697","0","0","697","0","0","697","0","0","697","0","0","697","0","0","697","0","0","697","0","0","697","0","0","697","0","0","697","0","0","697","0","0","697","0","0","697","0","0","697","0","0","697","0","0","697","0","0","697","0","0","697","0","0","697","0","0","697","0","0","697","0","0","697","0","0","697","0","0","697","0","0","697","0","0","697","0","0","697","0","0","697","0","0","697","0","0","697","0","0","697","0","0","697","0","0","697","0","0","697","0","0","697","0","0","697","0","0","697","0","0","697","0","0","697","0","0","697","0","0","697","0","0","697","0","0","697","0","0","697","0","0","697","0","0","697","0","0","697","0","0","697","0","0","697","0","0","697","0","0","697","0","0","697","0","0"
,"698","0","0","698","0","0","698","0","0","698","0","0","698","0","0","698","0","0","698","0","0","698","0","0","698","0","0","698","0","0","698","0","0","698","0","0","698","0","0","698","0","0","698","0","0","698","0","0","698","0","0","698","0","0","698","0","0","698","0","0","698","0","0","698","0","0","698","0","0","698","0","0","698","0","0","698","0","0","698","0","0","698","0","0","698","0","0","698","0","0","698","0","0","698","0","0","698","0","0","698","0","0","698","0","0","698","0","0","698","0","0","698","0","0","698","0","0","698","0","0","698","0","0","698","0","0","698","0","0","698","0","0","698","0","0","698","0","0","698","0","0","698","0","0","698","0","0","698","0","0","698","0","0","698","0","0","698","0","0","698","0","0","698","0","0","698","0","0","698","0","0","698","0","0","698","0","0","698","0","0"
,"699","0","0","699","0","0","699","0","0","699","0","0","699","0","0","699","0","0","699","0","0","699","0","0","699","0","0","699","0","0","699","0","0","699","0","0","699","0","0","699","0","0","699","0","0","699","0","0","699","0","0","699","0","0","699","0","0","699","0","0","699","0","0","699","0","0","699","0","0","699","0","0","699","0","0","699","0","0","699","0","0","699","0","0","699","0","0","699","0","0","699","0","0","699","0","0","699","0","0","699","0","0","699","0","0","699","0","0","699","0","0","699","0","0","699","0","0","699","0","0","699","0","0","699","0","0","699","0","0","699","0","0","699","0","0","699","0","0","699","0","0","699","0","0","699","0","0","699","0","0","699","0","0","699","0","0","699","0","0","699","0","0","699","0","0","699","0","0","699","0","0","699","0","0","699","0","0","699","0","0"
,"700","0","0","700","0","0","700","0","0","700","0","0","700","0","0","700","0","0","700","0","0","700","0","0","700","0","0","700","0","0","700","0","0","700","0","0","700","0","0","700","0","0","700","0","0","700","0","0","700","0","0","700","0","0","700","0","0","700","0","0","700","0","0","700","0","0","700","0","0","700","0","0","700","0","0","700","0","0","700","0","0","700","0","0","700","0","0","700","0","0","700","0","0","700","0","0","700","0","0","700","0","0","700","0","0","700","0","0","700","0","0","700","0","0","700","0","0","700","0","0","700","0","0","700","0","0","700","0","0","700","0","0","700","0","0","700","0","0","700","0","0","700","0","0","700","0","0","700","0","0","700","0","0","700","0","0","700","0","0","700","0","0","700","0","0","700","0","0","700","0","0","700","0","0","700","0","0","700","0","0"
,"701","0","0","701","0","0","701","0","0","701","0","0","701","0","0","701","0","0","701","0","0","701","0","0","701","0","0","701","0","0","701","0","0","701","0","0","701","0","0","701","0","0","701","0","0","701","0","0","701","0","0","701","0","0","701","0","0","701","0","0","701","0","0","701","0","0","701","0","0","701","0","0","701","0","0","701","0","0","701","0","0","701","0","0","701","0","0","701","0","0","701","0","0","701","0","0","701","0","0","701","0","0","701","0","0","701","0","0","701","0","0","701","0","0","701","0","0","701","0","0","701","0","0","701","0","0","701","0","0","701","0","0","701","0","0","701","0","0","701","0","0","701","0","0","701","0","0","701","0","0","701","0","0","701","0","0","701","0","0","701","0","0","701","0","0","701","0","0","701","0","0","701","0","0","701","0","0","701","0","0"
,"702","0","0","702","0","0","702","0","0","702","0","0","702","0","0","702","0","0","702","0","0","702","0","0","702","0","0","702","0","0","702","0","0","702","0","0","702","0","0","702","0","0","702","0","0","702","0","0","702","0","0","702","0","0","702","0","0","702","0","0","702","0","0","702","0","0","702","0","0","702","0","0","702","0","0","702","0","0","702","0","0","702","0","0","702","0","0","702","0","0","702","0","0","702","0","0","702","0","0","702","0","0","702","0","0","702","0","0","702","0","0","702","0","0","702","0","0","702","0","0","702","0","0","702","0","0","702","0","0","702","0","0","702","0","0","702","0","0","702","0","0","702","0","0","702","0","0","702","0","0","702","0","0","702","0","0","702","0","0","702","0","0","702","0","0","702","0","0","702","0","0","702","0","0","702","0","0","702","0","0"
,"703","0","0","703","0","0","703","0","0","703","0","0","703","0","0","703","0","0","703","0","0","703","0","0","703","0","0","703","0","0","703","0","0","703","0","0","703","0","0","703","0","0","703","0","0","703","0","0","703","0","0","703","0","0","703","0","0","703","0","0","703","0","0","703","0","0","703","0","0","703","0","0","703","0","0","703","0","0","703","0","0","703","0","0","703","0","0","703","0","0","703","0","0","703","0","0","703","0","0","703","0","0","703","0","0","703","0","0","703","0","0","703","0","0","703","0","0","703","0","0","703","0","0","703","0","0","703","0","0","703","0","0","703","0","0","703","0","0","703","0","0","703","0","0","703","0","0","703","0","0","703","0","0","703","0","0","703","0","0","703","0","0","703","0","0","703","0","0","703","0","0","703","0","0","703","0","0","703","0","0"
,"704","0","0","704","0","0","704","0","0","704","0","0","704","0","0","704","0","0","704","0","0","704","0","0","704","0","0","704","0","0","704","0","0","704","0","0","704","0","0","704","0","0","704","0","0","704","0","0","704","0","0","704","0","0","704","0","0","704","0","0","704","0","0","704","0","0","704","0","0","704","0","0","704","0","0","704","0","0","704","0","0","704","0","0","704","0","0","704","0","0","704","0","0","704","0","0","704","0","0","704","0","0","704","0","0","704","0","0","704","0","0","704","0","0","704","0","0","704","0","0","704","0","0","704","0","0","704","0","0","704","0","0","704","0","0","704","0","0","704","0","0","704","0","0","704","0","0","704","0","0","704","0","0","704","0","0","704","0","0","704","0","0","704","0","0","704","0","0","704","0","0","704","0","0","704","0","0","704","0","0"
,"705","0","0","705","0","0","705","0","0","705","0","0","705","0","0","705","0","0","705","0","0","705","0","0","705","0","0","705","0","0","705","0","0","705","0","0","705","0","0","705","0","0","705","0","0","705","0","0","705","0","0","705","0","0","705","0","0","705","0","0","705","0","0","705","0","0","705","0","0","705","0","0","705","0","0","705","0","0","705","0","0","705","0","0","705","0","0","705","0","0","705","0","0","705","0","0","705","0","0","705","0","0","705","0","0","705","0","0","705","0","0","705","0","0","705","0","0","705","0","0","705","0","0","705","0","0","705","0","0","705","0","0","705","0","0","705","0","0","705","0","0","705","0","0","705","0","0","705","0","0","705","0","0","705","0","0","705","0","0","705","0","0","705","0","0","705","0","0","705","0","0","705","0","0","705","0","0","705","0","0"
,"706","0","0","706","0","0","706","0","0","706","0","0","706","0","0","706","0","0","706","0","0","706","0","0","706","0","0","706","0","0","706","0","0","706","0","0","706","0","0","706","0","0","706","0","0","706","0","0","706","0","0","706","0","0","706","0","0","706","0","0","706","0","0","706","0","0","706","0","0","706","0","0","706","0","0","706","0","0","706","0","0","706","0","0","706","0","0","706","0","0","706","0","0","706","0","0","706","0","0","706","0","0","706","0","0","706","0","0","706","0","0","706","0","0","706","0","0","706","0","0","706","0","0","706","0","0","706","0","0","706","0","0","706","0","0","706","0","0","706","0","0","706","0","0","706","0","0","706","0","0","706","0","0","706","0","0","706","0","0","706","0","0","706","0","0","706","0","0","706","0","0","706","0","0","706","0","0","706","0","0"
,"707","0","0","707","0","0","707","0","0","707","0","0","707","0","0","707","0","0","707","0","0","707","0","0","707","0","0","707","0","0","707","0","0","707","0","0","707","0","0","707","0","0","707","0","0","707","0","0","707","0","0","707","0","0","707","0","0","707","0","0","707","0","0","707","0","0","707","0","0","707","0","0","707","0","0","707","0","0","707","0","0","707","0","0","707","0","0","707","0","0","707","0","0","707","0","0","707","0","0","707","0","0","707","0","0","707","0","0","707","0","0","707","0","0","707","0","0","707","0","0","707","0","0","707","0","0","707","0","0","707","0","0","707","0","0","707","0","0","707","0","0","707","0","0","707","0","0","707","0","0","707","0","0","707","0","0","707","0","0","707","0","0","707","0","0","707","0","0","707","0","0","707","0","0","707","0","0","707","0","0"
,"708","0","0","708","0","0","708","0","0","708","0","0","708","0","0","708","0","0","708","0","0","708","0","0","708","0","0","708","0","0","708","0","0","708","0","0","708","0","0","708","0","0","708","0","0","708","0","0","708","0","0","708","0","0","708","0","0","708","0","0","708","0","0","708","0","0","708","0","0","708","0","0","708","0","0","708","0","0","708","0","0","708","0","0","708","0","0","708","0","0","708","0","0","708","0","0","708","0","0","708","0","0","708","0","0","708","0","0","708","0","0","708","0","0","708","0","0","708","0","0","708","0","0","708","0","0","708","0","0","708","0","0","708","0","0","708","0","0","708","0","0","708","0","0","708","0","0","708","0","0","708","0","0","708","0","0","708","0","0","708","0","0","708","0","0","708","0","0","708","0","0","708","0","0","708","0","0","708","0","0"
,"709","0","0","709","0","0","709","0","0","709","0","0","709","0","0","709","0","0","709","0","0","709","0","0","709","0","0","709","0","0","709","0","0","709","0","0","709","0","0","709","0","0","709","0","0","709","0","0","709","0","0","709","0","0","709","0","0","709","0","0","709","0","0","709","0","0","709","0","0","709","0","0","709","0","0","709","0","0","709","0","0","709","0","0","709","0","0","709","0","0","709","0","0","709","0","0","709","0","0","709","0","0","709","0","0","709","0","0","709","0","0","709","0","0","709","0","0","709","0","0","709","0","0","709","0","0","709","0","0","709","0","0","709","0","0","709","0","0","709","0","0","709","0","0","709","0","0","709","0","0","709","0","0","709","0","0","709","0","0","709","0","0","709","0","0","709","0","0","709","0","0","709","0","0","709","0","0","709","0","0"
,"710","0","0","710","0","0","710","0","0","710","0","0","710","0","0","710","0","0","710","0","0","710","0","0","710","0","0","710","0","0","710","0","0","710","0","0","710","0","0","710","0","0","710","0","0","710","0","0","710","0","0","710","0","0","710","0","0","710","0","0","710","0","0","710","0","0","710","0","0","710","0","0","710","0","0","710","0","0","710","0","0","710","0","0","710","0","0","710","0","0","710","0","0","710","0","0","710","0","0","710","0","0","710","0","0","710","0","0","710","0","0","710","0","0","710","0","0","710","0","0","710","0","0","710","0","0","710","0","0","710","0","0","710","0","0","710","0","0","710","0","0","710","0","0","710","0","0","710","0","0","710","0","0","710","0","0","710","0","0","710","0","0","710","0","0","710","0","0","710","0","0","710","0","0","710","0","0","710","0","0"
,"711","0","0","711","0","0","711","0","0","711","0","0","711","0","0","711","0","0","711","0","0","711","0","0","711","0","0","711","0","0","711","0","0","711","0","0","711","0","0","711","0","0","711","0","0","711","0","0","711","0","0","711","0","0","711","0","0","711","0","0","711","0","0","711","0","0","711","0","0","711","0","0","711","0","0","711","0","0","711","0","0","711","0","0","711","0","0","711","0","0","711","0","0","711","0","0","711","0","0","711","0","0","711","0","0","711","0","0","711","0","0","711","0","0","711","0","0","711","0","0","711","0","0","711","0","0","711","0","0","711","0","0","711","0","0","711","0","0","711","0","0","711","0","0","711","0","0","711","0","0","711","0","0","711","0","0","711","0","0","711","0","0","711","0","0","711","0","0","711","0","0","711","0","0","711","0","0","711","0","0"
,"712","0","0","712","0","0","712","0","0","712","0","0","712","0","0","712","0","0","712","0","0","712","0","0","712","0","0","712","0","0","712","0","0","712","0","0","712","0","0","712","0","0","712","0","0","712","0","0","712","0","0","712","0","0","712","0","0","712","0","0","712","0","0","712","0","0","712","0","0","712","0","0","712","0","0","712","0","0","712","0","0","712","0","0","712","0","0","712","0","0","712","0","0","712","0","0","712","0","0","712","0","0","712","0","0","712","0","0","712","0","0","712","0","0","712","0","0","712","0","0","712","0","0","712","0","0","712","0","0","712","0","0","712","0","0","712","0","0","712","0","0","712","0","0","712","0","0","712","0","0","712","0","0","712","0","0","712","0","0","712","0","0","712","0","0","712","0","0","712","0","0","712","0","0","712","0","0","712","0","0"
,"713","0","0","713","0","0","713","0","0","713","0","0","713","0","0","713","0","0","713","0","0","713","0","0","713","0","0","713","0","0","713","0","0","713","0","0","713","0","0","713","0","0","713","0","0","713","0","0","713","0","0","713","0","0","713","0","0","713","0","0","713","0","0","713","0","0","713","0","0","713","0","0","713","0","0","713","0","0","713","0","0","713","0","0","713","0","0","713","0","0","713","0","0","713","0","0","713","0","0","713","0","0","713","0","0","713","0","0","713","0","0","713","0","0","713","0","0","713","0","0","713","0","0","713","0","0","713","0","0","713","0","0","713","0","0","713","0","0","713","0","0","713","0","0","713","0","0","713","0","0","713","0","0","713","0","0","713","0","0","713","0","0","713","0","0","713","0","0","713","0","0","713","0","0","713","0","0","713","0","0"
,"714","0","0","714","0","0","714","0","0","714","0","0","714","0","0","714","0","0","714","0","0","714","0","0","714","0","0","714","0","0","714","0","0","714","0","0","714","0","0","714","0","0","714","0","0","714","0","0","714","0","0","714","0","0","714","0","0","714","0","0","714","0","0","714","0","0","714","0","0","714","0","0","714","0","0","714","0","0","714","0","0","714","0","0","714","0","0","714","0","0","714","0","0","714","0","0","714","0","0","714","0","0","714","0","0","714","0","0","714","0","0","714","0","0","714","0","0","714","0","0","714","0","0","714","0","0","714","0","0","714","0","0","714","0","0","714","0","0","714","0","0","714","0","0","714","0","0","714","0","0","714","0","0","714","0","0","714","0","0","714","0","0","714","0","0","714","0","0","714","0","0","714","0","0","714","0","0","714","0","0"
,"715","0","0","715","0","0","715","0","0","715","0","0","715","0","0","715","0","0","715","0","0","715","0","0","715","0","0","715","0","0","715","0","0","715","0","0","715","0","0","715","0","0","715","0","0","715","0","0","715","0","0","715","0","0","715","0","0","715","0","0","715","0","0","715","0","0","715","0","0","715","0","0","715","0","0","715","0","0","715","0","0","715","0","0","715","0","0","715","0","0","715","0","0","715","0","0","715","0","0","715","0","0","715","0","0","715","0","0","715","0","0","715","0","0","715","0","0","715","0","0","715","0","0","715","0","0","715","0","0","715","0","0","715","0","0","715","0","0","715","0","0","715","0","0","715","0","0","715","0","0","715","0","0","715","0","0","715","0","0","715","0","0","715","0","0","715","0","0","715","0","0","715","0","0","715","0","0","715","0","0"
,"716","0","0","716","0","0","716","0","0","716","0","0","716","0","0","716","0","0","716","0","0","716","0","0","716","0","0","716","0","0","716","0","0","716","0","0","716","0","0","716","0","0","716","0","0","716","0","0","716","0","0","716","0","0","716","0","0","716","0","0","716","0","0","716","0","0","716","0","0","716","0","0","716","0","0","716","0","0","716","0","0","716","0","0","716","0","0","716","0","0","716","0","0","716","0","0","716","0","0","716","0","0","716","0","0","716","0","0","716","0","0","716","0","0","716","0","0","716","0","0","716","0","0","716","0","0","716","0","0","716","0","0","716","0","0","716","0","0","716","0","0","716","0","0","716","0","0","716","0","0","716","0","0","716","0","0","716","0","0","716","0","0","716","0","0","716","0","0","716","0","0","716","0","0","716","0","0","716","0","0"
,"717","0","0","717","0","0","717","0","0","717","0","0","717","0","0","717","0","0","717","0","0","717","0","0","717","0","0","717","0","0","717","0","0","717","0","0","717","0","0","717","0","0","717","0","0","717","0","0","717","0","0","717","0","0","717","0","0","717","0","0","717","0","0","717","0","0","717","0","0","717","0","0","717","0","0","717","0","0","717","0","0","717","0","0","717","0","0","717","0","0","717","0","0","717","0","0","717","0","0","717","0","0","717","0","0","717","0","0","717","0","0","717","0","0","717","0","0","717","0","0","717","0","0","717","0","0","717","0","0","717","0","0","717","0","0","717","0","0","717","0","0","717","0","0","717","0","0","717","0","0","717","0","0","717","0","0","717","0","0","717","0","0","717","0","0","717","0","0","717","0","0","717","0","0","717","0","0","717","0","0"
,"718","0","0","718","0","0","718","0","0","718","0","0","718","0","0","718","0","0","718","0","0","718","0","0","718","0","0","718","0","0","718","0","0","718","0","0","718","0","0","718","0","0","718","0","0","718","0","0","718","0","0","718","0","0","718","0","0","718","0","0","718","0","0","718","0","0","718","0","0","718","0","0","718","0","0","718","0","0","718","0","0","718","0","0","718","0","0","718","0","0","718","0","0","718","0","0","718","0","0","718","0","0","718","0","0","718","0","0","718","0","0","718","0","0","718","0","0","718","0","0","718","0","0","718","0","0","718","0","0","718","0","0","718","0","0","718","0","0","718","0","0","718","0","0","718","0","0","718","0","0","718","0","0","718","0","0","718","0","0","718","0","0","718","0","0","718","0","0","718","0","0","718","0","0","718","0","0","718","0","0"
,"719","0","0","719","0","0","719","0","0","719","0","0","719","0","0","719","0","0","719","0","0","719","0","0","719","0","0","719","0","0","719","0","0","719","0","0","719","0","0","719","0","0","719","0","0","719","0","0","719","0","0","719","0","0","719","0","0","719","0","0","719","0","0","719","0","0","719","0","0","719","0","0","719","0","0","719","0","0","719","0","0","719","0","0","719","0","0","719","0","0","719","0","0","719","0","0","719","0","0","719","0","0","719","0","0","719","0","0","719","0","0","719","0","0","719","0","0","719","0","0","719","0","0","719","0","0","719","0","0","719","0","0","719","0","0","719","0","0","719","0","0","719","0","0","719","0","0","719","0","0","719","0","0","719","0","0","719","0","0","719","0","0","719","0","0","719","0","0","719","0","0","719","0","0","719","0","0","719","0","0"
,"720","0","0","720","0","0","720","0","0","720","0","0","720","0","0","720","0","0","720","0","0","720","0","0","720","0","0","720","0","0","720","0","0","720","0","0","720","0","0","720","0","0","720","0","0","720","0","0","720","0","0","720","0","0","720","0","0","720","0","0","720","0","0","720","0","0","720","0","0","720","0","0","720","0","0","720","0","0","720","0","0","720","0","0","720","0","0","720","0","0","720","0","0","720","0","0","720","0","0","720","0","0","720","0","0","720","0","0","720","0","0","720","0","0","720","0","0","720","0","0","720","0","0","720","0","0","720","0","0","720","0","0","720","0","0","720","0","0","720","0","0","720","0","0","720","0","0","720","0","0","720","0","0","720","0","0","720","0","0","720","0","0","720","0","0","720","0","0","720","0","0","720","0","0","720","0","0","720","0","0"
,"721","0","0","721","0","0","721","0","0","721","0","0","721","0","0","721","0","0","721","0","0","721","0","0","721","0","0","721","0","0","721","0","0","721","0","0","721","0","0","721","0","0","721","0","0","721","0","0","721","0","0","721","0","0","721","0","0","721","0","0","721","0","0","721","0","0","721","0","0","721","0","0","721","0","0","721","0","0","721","0","0","721","0","0","721","0","0","721","0","0","721","0","0","721","0","0","721","0","0","721","0","0","721","0","0","721","0","0","721","0","0","721","0","0","721","0","0","721","0","0","721","0","0","721","0","0","721","0","0","721","0","0","721","0","0","721","0","0","721","0","0","721","0","0","721","0","0","721","0","0","721","0","0","721","0","0","721","0","0","721","0","0","721","0","0","721","0","0","721","0","0","721","0","0","721","0","0","721","0","0"
,"722","0","0","722","0","0","722","0","0","722","0","0","722","0","0","722","0","0","722","0","0","722","0","0","722","0","0","722","0","0","722","0","0","722","0","0","722","0","0","722","0","0","722","0","0","722","0","0","722","0","0","722","0","0","722","0","0","722","0","0","722","0","0","722","0","0","722","0","0","722","0","0","722","0","0","722","0","0","722","0","0","722","0","0","722","0","0","722","0","0","722","0","0","722","0","0","722","0","0","722","0","0","722","0","0","722","0","0","722","0","0","722","0","0","722","0","0","722","0","0","722","0","0","722","0","0","722","0","0","722","0","0","722","0","0","722","0","0","722","0","0","722","0","0","722","0","0","722","0","0","722","0","0","722","0","0","722","0","0","722","0","0","722","0","0","722","0","0","722","0","0","722","0","0","722","0","0","722","0","0"
,"723","0","0","723","0","0","723","0","0","723","0","0","723","0","0","723","0","0","723","0","0","723","0","0","723","0","0","723","0","0","723","0","0","723","0","0","723","0","0","723","0","0","723","0","0","723","0","0","723","0","0","723","0","0","723","0","0","723","0","0","723","0","0","723","0","0","723","0","0","723","0","0","723","0","0","723","0","0","723","0","0","723","0","0","723","0","0","723","0","0","723","0","0","723","0","0","723","0","0","723","0","0","723","0","0","723","0","0","723","0","0","723","0","0","723","0","0","723","0","0","723","0","0","723","0","0","723","0","0","723","0","0","723","0","0","723","0","0","723","0","0","723","0","0","723","0","0","723","0","0","723","0","0","723","0","0","723","0","0","723","0","0","723","0","0","723","0","0","723","0","0","723","0","0","723","0","0","723","0","0"
,"724","0","0","724","0","0","724","0","0","724","0","0","724","0","0","724","0","0","724","0","0","724","0","0","724","0","0","724","0","0","724","0","0","724","0","0","724","0","0","724","0","0","724","0","0","724","0","0","724","0","0","724","0","0","724","0","0","724","0","0","724","0","0","724","0","0","724","0","0","724","0","0","724","0","0","724","0","0","724","0","0","724","0","0","724","0","0","724","0","0","724","0","0","724","0","0","724","0","0","724","0","0","724","0","0","724","0","0","724","0","0","724","0","0","724","0","0","724","0","0","724","0","0","724","0","0","724","0","0","724","0","0","724","0","0","724","0","0","724","0","0","724","0","0","724","0","0","724","0","0","724","0","0","724","0","0","724","0","0","724","0","0","724","0","0","724","0","0","724","0","0","724","0","0","724","0","0","724","0","0"
,"725","0","0","725","0","0","725","0","0","725","0","0","725","0","0","725","0","0","725","0","0","725","0","0","725","0","0","725","0","0","725","0","0","725","0","0","725","0","0","725","0","0","725","0","0","725","0","0","725","0","0","725","0","0","725","0","0","725","0","0","725","0","0","725","0","0","725","0","0","725","0","0","725","0","0","725","0","0","725","0","0","725","0","0","725","0","0","725","0","0","725","0","0","725","0","0","725","0","0","725","0","0","725","0","0","725","0","0","725","0","0","725","0","0","725","0","0","725","0","0","725","0","0","725","0","0","725","0","0","725","0","0","725","0","0","725","0","0","725","0","0","725","0","0","725","0","0","725","0","0","725","0","0","725","0","0","725","0","0","725","0","0","725","0","0","725","0","0","725","0","0","725","0","0","725","0","0","725","0","0"
,"726","0","0","726","0","0","726","0","0","726","0","0","726","0","0","726","0","0","726","0","0","726","0","0","726","0","0","726","0","0","726","0","0","726","0","0","726","0","0","726","0","0","726","0","0","726","0","0","726","0","0","726","0","0","726","0","0","726","0","0","726","0","0","726","0","0","726","0","0","726","0","0","726","0","0","726","0","0","726","0","0","726","0","0","726","0","0","726","0","0","726","0","0","726","0","0","726","0","0","726","0","0","726","0","0","726","0","0","726","0","0","726","0","0","726","0","0","726","0","0","726","0","0","726","0","0","726","0","0","726","0","0","726","0","0","726","0","0","726","0","0","726","0","0","726","0","0","726","0","0","726","0","0","726","0","0","726","0","0","726","0","0","726","0","0","726","0","0","726","0","0","726","0","0","726","0","0","726","0","0"
,"727","0","0","727","0","0","727","0","0","727","0","0","727","0","0","727","0","0","727","0","0","727","0","0","727","0","0","727","0","0","727","0","0","727","0","0","727","0","0","727","0","0","727","0","0","727","0","0","727","0","0","727","0","0","727","0","0","727","0","0","727","0","0","727","0","0","727","0","0","727","0","0","727","0","0","727","0","0","727","0","0","727","0","0","727","0","0","727","0","0","727","0","0","727","0","0","727","0","0","727","0","0","727","0","0","727","0","0","727","0","0","727","0","0","727","0","0","727","0","0","727","0","0","727","0","0","727","0","0","727","0","0","727","0","0","727","0","0","727","0","0","727","0","0","727","0","0","727","0","0","727","0","0","727","0","0","727","0","0","727","0","0","727","0","0","727","0","0","727","0","0","727","0","0","727","0","0","727","0","0"
,"728","0","0","728","0","0","728","0","0","728","0","0","728","0","0","728","0","0","728","0","0","728","0","0","728","0","0","728","0","0","728","0","0","728","0","0","728","0","0","728","0","0","728","0","0","728","0","0","728","0","0","728","0","0","728","0","0","728","0","0","728","0","0","728","0","0","728","0","0","728","0","0","728","0","0","728","0","0","728","0","0","728","0","0","728","0","0","728","0","0","728","0","0","728","0","0","728","0","0","728","0","0","728","0","0","728","0","0","728","0","0","728","0","0","728","0","0","728","0","0","728","0","0","728","0","0","728","0","0","728","0","0","728","0","0","728","0","0","728","0","0","728","0","0","728","0","0","728","0","0","728","0","0","728","0","0","728","0","0","728","0","0","728","0","0","728","0","0","728","0","0","728","0","0","728","0","0","728","0","0"
,"729","0","0","729","0","0","729","0","0","729","0","0","729","0","0","729","0","0","729","0","0","729","0","0","729","0","0","729","0","0","729","0","0","729","0","0","729","0","0","729","0","0","729","0","0","729","0","0","729","0","0","729","0","0","729","0","0","729","0","0","729","0","0","729","0","0","729","0","0","729","0","0","729","0","0","729","0","0","729","0","0","729","0","0","729","0","0","729","0","0","729","0","0","729","0","0","729","0","0","729","0","0","729","0","0","729","0","0","729","0","0","729","0","0","729","0","0","729","0","0","729","0","0","729","0","0","729","0","0","729","0","0","729","0","0","729","0","0","729","0","0","729","0","0","729","0","0","729","0","0","729","0","0","729","0","0","729","0","0","729","0","0","729","0","0","729","0","0","729","0","0","729","0","0","729","0","0","729","0","0"
,"730","0","0","730","0","0","730","0","0","730","0","0","730","0","0","730","0","0","730","0","0","730","0","0","730","0","0","730","0","0","730","0","0","730","0","0","730","0","0","730","0","0","730","0","0","730","0","0","730","0","0","730","0","0","730","0","0","730","0","0","730","0","0","730","0","0","730","0","0","730","0","0","730","0","0","730","0","0","730","0","0","730","0","0","730","0","0","730","0","0","730","0","0","730","0","0","730","0","0","730","0","0","730","0","0","730","0","0","730","0","0","730","0","0","730","0","0","730","0","0","730","0","0","730","0","0","730","0","0","730","0","0","730","0","0","730","0","0","730","0","0","730","0","0","730","0","0","730","0","0","730","0","0","730","0","0","730","0","0","730","0","0","730","0","0","730","0","0","730","0","0","730","0","0","730","0","0","730","0","0"
,"731","0","0","731","0","0","731","0","0","731","0","0","731","0","0","731","0","0","731","0","0","731","0","0","731","0","0","731","0","0","731","0","0","731","0","0","731","0","0","731","0","0","731","0","0","731","0","0","731","0","0","731","0","0","731","0","0","731","0","0","731","0","0","731","0","0","731","0","0","731","0","0","731","0","0","731","0","0","731","0","0","731","0","0","731","0","0","731","0","0","731","0","0","731","0","0","731","0","0","731","0","0","731","0","0","731","0","0","731","0","0","731","0","0","731","0","0","731","0","0","731","0","0","731","0","0","731","0","0","731","0","0","731","0","0","731","0","0","731","0","0","731","0","0","731","0","0","731","0","0","731","0","0","731","0","0","731","0","0","731","0","0","731","0","0","731","0","0","731","0","0","731","0","0","731","0","0","731","0","0"
,"732","0","0","732","0","0","732","0","0","732","0","0","732","0","0","732","0","0","732","0","0","732","0","0","732","0","0","732","0","0","732","0","0","732","0","0","732","0","0","732","0","0","732","0","0","732","0","0","732","0","0","732","0","0","732","0","0","732","0","0","732","0","0","732","0","0","732","0","0","732","0","0","732","0","0","732","0","0","732","0","0","732","0","0","732","0","0","732","0","0","732","0","0","732","0","0","732","0","0","732","0","0","732","0","0","732","0","0","732","0","0","732","0","0","732","0","0","732","0","0","732","0","0","732","0","0","732","0","0","732","0","0","732","0","0","732","0","0","732","0","0","732","0","0","732","0","0","732","0","0","732","0","0","732","0","0","732","0","0","732","0","0","732","0","0","732","0","0","732","0","0","732","0","0","732","0","0","732","0","0"
,"733","0","0","733","0","0","733","0","0","733","0","0","733","0","0","733","0","0","733","0","0","733","0","0","733","0","0","733","0","0","733","0","0","733","0","0","733","0","0","733","0","0","733","0","0","733","0","0","733","0","0","733","0","0","733","0","0","733","0","0","733","0","0","733","0","0","733","0","0","733","0","0","733","0","0","733","0","0","733","0","0","733","0","0","733","0","0","733","0","0","733","0","0","733","0","0","733","0","0","733","0","0","733","0","0","733","0","0","733","0","0","733","0","0","733","0","0","733","0","0","733","0","0","733","0","0","733","0","0","733","0","0","733","0","0","733","0","0","733","0","0","733","0","0","733","0","0","733","0","0","733","0","0","733","0","0","733","0","0","733","0","0","733","0","0","733","0","0","733","0","0","733","0","0","733","0","0","733","0","0"
,"734","0","0","734","0","0","734","0","0","734","0","0","734","0","0","734","0","0","734","0","0","734","0","0","734","0","0","734","0","0","734","0","0","734","0","0","734","0","0","734","0","0","734","0","0","734","0","0","734","0","0","734","0","0","734","0","0","734","0","0","734","0","0","734","0","0","734","0","0","734","0","0","734","0","0","734","0","0","734","0","0","734","0","0","734","0","0","734","0","0","734","0","0","734","0","0","734","0","0","734","0","0","734","0","0","734","0","0","734","0","0","734","0","0","734","0","0","734","0","0","734","0","0","734","0","0","734","0","0","734","0","0","734","0","0","734","0","0","734","0","0","734","0","0","734","0","0","734","0","0","734","0","0","734","0","0","734","0","0","734","0","0","734","0","0","734","0","0","734","0","0","734","0","0","734","0","0","734","0","0"
,"735","0","0","735","0","0","735","0","0","735","0","0","735","0","0","735","0","0","735","0","0","735","0","0","735","0","0","735","0","0","735","0","0","735","0","0","735","0","0","735","0","0","735","0","0","735","0","0","735","0","0","735","0","0","735","0","0","735","0","0","735","0","0","735","0","0","735","0","0","735","0","0","735","0","0","735","0","0","735","0","0","735","0","0","735","0","0","735","0","0","735","0","0","735","0","0","735","0","0","735","0","0","735","0","0","735","0","0","735","0","0","735","0","0","735","0","0","735","0","0","735","0","0","735","0","0","735","0","0","735","0","0","735","0","0","735","0","0","735","0","0","735","0","0","735","0","0","735","0","0","735","0","0","735","0","0","735","0","0","735","0","0","735","0","0","735","0","0","735","0","0","735","0","0","735","0","0","735","0","0"
,"736","0","0","736","0","0","736","0","0","736","0","0","736","0","0","736","0","0","736","0","0","736","0","0","736","0","0","736","0","0","736","0","0","736","0","0","736","0","0","736","0","0","736","0","0","736","0","0","736","0","0","736","0","0","736","0","0","736","0","0","736","0","0","736","0","0","736","0","0","736","0","0","736","0","0","736","0","0","736","0","0","736","0","0","736","0","0","736","0","0","736","0","0","736","0","0","736","0","0","736","0","0","736","0","0","736","0","0","736","0","0","736","0","0","736","0","0","736","0","0","736","0","0","736","0","0","736","0","0","736","0","0","736","0","0","736","0","0","736","0","0","736","0","0","736","0","0","736","0","0","736","0","0","736","0","0","736","0","0","736","0","0","736","0","0","736","0","0","736","0","0","736","0","0","736","0","0","736","0","0"
,"737","0","0","737","0","0","737","0","0","737","0","0","737","0","0","737","0","0","737","0","0","737","0","0","737","0","0","737","0","0","737","0","0","737","0","0","737","0","0","737","0","0","737","0","0","737","0","0","737","0","0","737","0","0","737","0","0","737","0","0","737","0","0","737","0","0","737","0","0","737","0","0","737","0","0","737","0","0","737","0","0","737","0","0","737","0","0","737","0","0","737","0","0","737","0","0","737","0","0","737","0","0","737","0","0","737","0","0","737","0","0","737","0","0","737","0","0","737","0","0","737","0","0","737","0","0","737","0","0","737","0","0","737","0","0","737","0","0","737","0","0","737","0","0","737","0","0","737","0","0","737","0","0","737","0","0","737","0","0","737","0","0","737","0","0","737","0","0","737","0","0","737","0","0","737","0","0","737","0","0"
,"738","0","0","738","0","0","738","0","0","738","0","0","738","0","0","738","0","0","738","0","0","738","0","0","738","0","0","738","0","0","738","0","0","738","0","0","738","0","0","738","0","0","738","0","0","738","0","0","738","0","0","738","0","0","738","0","0","738","0","0","738","0","0","738","0","0","738","0","0","738","0","0","738","0","0","738","0","0","738","0","0","738","0","0","738","0","0","738","0","0","738","0","0","738","0","0","738","0","0","738","0","0","738","0","0","738","0","0","738","0","0","738","0","0","738","0","0","738","0","0","738","0","0","738","0","0","738","0","0","738","0","0","738","0","0","738","0","0","738","0","0","738","0","0","738","0","0","738","0","0","738","0","0","738","0","0","738","0","0","738","0","0","738","0","0","738","0","0","738","0","0","738","0","0","738","0","0","738","0","0"
,"739","0","0","739","0","0","739","0","0","739","0","0","739","0","0","739","0","0","739","0","0","739","0","0","739","0","0","739","0","0","739","0","0","739","0","0","739","0","0","739","0","0","739","0","0","739","0","0","739","0","0","739","0","0","739","0","0","739","0","0","739","0","0","739","0","0","739","0","0","739","0","0","739","0","0","739","0","0","739","0","0","739","0","0","739","0","0","739","0","0","739","0","0","739","0","0","739","0","0","739","0","0","739","0","0","739","0","0","739","0","0","739","0","0","739","0","0","739","0","0","739","0","0","739","0","0","739","0","0","739","0","0","739","0","0","739","0","0","739","0","0","739","0","0","739","0","0","739","0","0","739","0","0","739","0","0","739","0","0","739","0","0","739","0","0","739","0","0","739","0","0","739","0","0","739","0","0","739","0","0"
,"740","0","0","740","0","0","740","0","0","740","0","0","740","0","0","740","0","0","740","0","0","740","0","0","740","0","0","740","0","0","740","0","0","740","0","0","740","0","0","740","0","0","740","0","0","740","0","0","740","0","0","740","0","0","740","0","0","740","0","0","740","0","0","740","0","0","740","0","0","740","0","0","740","0","0","740","0","0","740","0","0","740","0","0","740","0","0","740","0","0","740","0","0","740","0","0","740","0","0","740","0","0","740","0","0","740","0","0","740","0","0","740","0","0","740","0","0","740","0","0","740","0","0","740","0","0","740","0","0","740","0","0","740","0","0","740","0","0","740","0","0","740","0","0","740","0","0","740","0","0","740","0","0","740","0","0","740","0","0","740","0","0","740","0","0","740","0","0","740","0","0","740","0","0","740","0","0","740","0","0"
,"741","0","0","741","0","0","741","0","0","741","0","0","741","0","0","741","0","0","741","0","0","741","0","0","741","0","0","741","0","0","741","0","0","741","0","0","741","0","0","741","0","0","741","0","0","741","0","0","741","0","0","741","0","0","741","0","0","741","0","0","741","0","0","741","0","0","741","0","0","741","0","0","741","0","0","741","0","0","741","0","0","741","0","0","741","0","0","741","0","0","741","0","0","741","0","0","741","0","0","741","0","0","741","0","0","741","0","0","741","0","0","741","0","0","741","0","0","741","0","0","741","0","0","741","0","0","741","0","0","741","0","0","741","0","0","741","0","0","741","0","0","741","0","0","741","0","0","741","0","0","741","0","0","741","0","0","741","0","0","741","0","0","741","0","0","741","0","0","741","0","0","741","0","0","741","0","0","741","0","0"
,"742","0","0","742","0","0","742","0","0","742","0","0","742","0","0","742","0","0","742","0","0","742","0","0","742","0","0","742","0","0","742","0","0","742","0","0","742","0","0","742","0","0","742","0","0","742","0","0","742","0","0","742","0","0","742","0","0","742","0","0","742","0","0","742","0","0","742","0","0","742","0","0","742","0","0","742","0","0","742","0","0","742","0","0","742","0","0","742","0","0","742","0","0","742","0","0","742","0","0","742","0","0","742","0","0","742","0","0","742","0","0","742","0","0","742","0","0","742","0","0","742","0","0","742","0","0","742","0","0","742","0","0","742","0","0","742","0","0","742","0","0","742","0","0","742","0","0","742","0","0","742","0","0","742","0","0","742","0","0","742","0","0","742","0","0","742","0","0","742","0","0","742","0","0","742","0","0","742","0","0"
,"743","0","0","743","0","0","743","0","0","743","0","0","743","0","0","743","0","0","743","0","0","743","0","0","743","0","0","743","0","0","743","0","0","743","0","0","743","0","0","743","0","0","743","0","0","743","0","0","743","0","0","743","0","0","743","0","0","743","0","0","743","0","0","743","0","0","743","0","0","743","0","0","743","0","0","743","0","0","743","0","0","743","0","0","743","0","0","743","0","0","743","0","0","743","0","0","743","0","0","743","0","0","743","0","0","743","0","0","743","0","0","743","0","0","743","0","0","743","0","0","743","0","0","743","0","0","743","0","0","743","0","0","743","0","0","743","0","0","743","0","0","743","0","0","743","0","0","743","0","0","743","0","0","743","0","0","743","0","0","743","0","0","743","0","0","743","0","0","743","0","0","743","0","0","743","0","0","743","0","0"
,"744","0","0","744","0","0","744","0","0","744","0","0","744","0","0","744","0","0","744","0","0","744","0","0","744","0","0","744","0","0","744","0","0","744","0","0","744","0","0","744","0","0","744","0","0","744","0","0","744","0","0","744","0","0","744","0","0","744","0","0","744","0","0","744","0","0","744","0","0","744","0","0","744","0","0","744","0","0","744","0","0","744","0","0","744","0","0","744","0","0","744","0","0","744","0","0","744","0","0","744","0","0","744","0","0","744","0","0","744","0","0","744","0","0","744","0","0","744","0","0","744","0","0","744","0","0","744","0","0","744","0","0","744","0","0","744","0","0","744","0","0","744","0","0","744","0","0","744","0","0","744","0","0","744","0","0","744","0","0","744","0","0","744","0","0","744","0","0","744","0","0","744","0","0","744","0","0","744","0","0"
,"745","0","0","745","0","0","745","0","0","745","0","0","745","0","0","745","0","0","745","0","0","745","0","0","745","0","0","745","0","0","745","0","0","745","0","0","745","0","0","745","0","0","745","0","0","745","0","0","745","0","0","745","0","0","745","0","0","745","0","0","745","0","0","745","0","0","745","0","0","745","0","0","745","0","0","745","0","0","745","0","0","745","0","0","745","0","0","745","0","0","745","0","0","745","0","0","745","0","0","745","0","0","745","0","0","745","0","0","745","0","0","745","0","0","745","0","0","745","0","0","745","0","0","745","0","0","745","0","0","745","0","0","745","0","0","745","0","0","745","0","0","745","0","0","745","0","0","745","0","0","745","0","0","745","0","0","745","0","0","745","0","0","745","0","0","745","0","0","745","0","0","745","0","0","745","0","0","745","0","0"
,"746","0","0","746","0","0","746","0","0","746","0","0","746","0","0","746","0","0","746","0","0","746","0","0","746","0","0","746","0","0","746","0","0","746","0","0","746","0","0","746","0","0","746","0","0","746","0","0","746","0","0","746","0","0","746","0","0","746","0","0","746","0","0","746","0","0","746","0","0","746","0","0","746","0","0","746","0","0","746","0","0","746","0","0","746","0","0","746","0","0","746","0","0","746","0","0","746","0","0","746","0","0","746","0","0","746","0","0","746","0","0","746","0","0","746","0","0","746","0","0","746","0","0","746","0","0","746","0","0","746","0","0","746","0","0","746","0","0","746","0","0","746","0","0","746","0","0","746","0","0","746","0","0","746","0","0","746","0","0","746","0","0","746","0","0","746","0","0","746","0","0","746","0","0","746","0","0","746","0","0"
,"747","0","0","747","0","0","747","0","0","747","0","0","747","0","0","747","0","0","747","0","0","747","0","0","747","0","0","747","0","0","747","0","0","747","0","0","747","0","0","747","0","0","747","0","0","747","0","0","747","0","0","747","0","0","747","0","0","747","0","0","747","0","0","747","0","0","747","0","0","747","0","0","747","0","0","747","0","0","747","0","0","747","0","0","747","0","0","747","0","0","747","0","0","747","0","0","747","0","0","747","0","0","747","0","0","747","0","0","747","0","0","747","0","0","747","0","0","747","0","0","747","0","0","747","0","0","747","0","0","747","0","0","747","0","0","747","0","0","747","0","0","747","0","0","747","0","0","747","0","0","747","0","0","747","0","0","747","0","0","747","0","0","747","0","0","747","0","0","747","0","0","747","0","0","747","0","0","747","0","0"
,"748","0","0","748","0","0","748","0","0","748","0","0","748","0","0","748","0","0","748","0","0","748","0","0","748","0","0","748","0","0","748","0","0","748","0","0","748","0","0","748","0","0","748","0","0","748","0","0","748","0","0","748","0","0","748","0","0","748","0","0","748","0","0","748","0","0","748","0","0","748","0","0","748","0","0","748","0","0","748","0","0","748","0","0","748","0","0","748","0","0","748","0","0","748","0","0","748","0","0","748","0","0","748","0","0","748","0","0","748","0","0","748","0","0","748","0","0","748","0","0","748","0","0","748","0","0","748","0","0","748","0","0","748","0","0","748","0","0","748","0","0","748","0","0","748","0","0","748","0","0","748","0","0","748","0","0","748","0","0","748","0","0","748","0","0","748","0","0","748","0","0","748","0","0","748","0","0","748","0","0"
,"749","0","0","749","0","0","749","0","0","749","0","0","749","0","0","749","0","0","749","0","0","749","0","0","749","0","0","749","0","0","749","0","0","749","0","0","749","0","0","749","0","0","749","0","0","749","0","0","749","0","0","749","0","0","749","0","0","749","0","0","749","0","0","749","0","0","749","0","0","749","0","0","749","0","0","749","0","0","749","0","0","749","0","0","749","0","0","749","0","0","749","0","0","749","0","0","749","0","0","749","0","0","749","0","0","749","0","0","749","0","0","749","0","0","749","0","0","749","0","0","749","0","0","749","0","0","749","0","0","749","0","0","749","0","0","749","0","0","749","0","0","749","0","0","749","0","0","749","0","0","749","0","0","749","0","0","749","0","0","749","0","0","749","0","0","749","0","0","749","0","0","749","0","0","749","0","0","749","0","0"
,"750","0","0","750","0","0","750","0","0","750","0","0","750","0","0","750","0","0","750","0","0","750","0","0","750","0","0","750","0","0","750","0","0","750","0","0","750","0","0","750","0","0","750","0","0","750","0","0","750","0","0","750","0","0","750","0","0","750","0","0","750","0","0","750","0","0","750","0","0","750","0","0","750","0","0","750","0","0","750","0","0","750","0","0","750","0","0","750","0","0","750","0","0","750","0","0","750","0","0","750","0","0","750","0","0","750","0","0","750","0","0","750","0","0","750","0","0","750","0","0","750","0","0","750","0","0","750","0","0","750","0","0","750","0","0","750","0","0","750","0","0","750","0","0","750","0","0","750","0","0","750","0","0","750","0","0","750","0","0","750","0","0","750","0","0","750","0","0","750","0","0","750","0","0","750","0","0","750","0","0"
,"751","0","0","751","0","0","751","0","0","751","0","0","751","0","0","751","0","0","751","0","0","751","0","0","751","0","0","751","0","0","751","0","0","751","0","0","751","0","0","751","0","0","751","0","0","751","0","0","751","0","0","751","0","0","751","0","0","751","0","0","751","0","0","751","0","0","751","0","0","751","0","0","751","0","0","751","0","0","751","0","0","751","0","0","751","0","0","751","0","0","751","0","0","751","0","0","751","0","0","751","0","0","751","0","0","751","0","0","751","0","0","751","0","0","751","0","0","751","0","0","751","0","0","751","0","0","751","0","0","751","0","0","751","0","0","751","0","0","751","0","0","751","0","0","751","0","0","751","0","0","751","0","0","751","0","0","751","0","0","751","0","0","751","0","0","751","0","0","751","0","0","751","0","0","751","0","0","751","0","0"
,"752","0","0","752","0","0","752","0","0","752","0","0","752","0","0","752","0","0","752","0","0","752","0","0","752","0","0","752","0","0","752","0","0","752","0","0","752","0","0","752","0","0","752","0","0","752","0","0","752","0","0","752","0","0","752","0","0","752","0","0","752","0","0","752","0","0","752","0","0","752","0","0","752","0","0","752","0","0","752","0","0","752","0","0","752","0","0","752","0","0","752","0","0","752","0","0","752","0","0","752","0","0","752","0","0","752","0","0","752","0","0","752","0","0","752","0","0","752","0","0","752","0","0","752","0","0","752","0","0","752","0","0","752","0","0","752","0","0","752","0","0","752","0","0","752","0","0","752","0","0","752","0","0","752","0","0","752","0","0","752","0","0","752","0","0","752","0","0","752","0","0","752","0","0","752","0","0","752","0","0"
,"753","0","0","753","0","0","753","0","0","753","0","0","753","0","0","753","0","0","753","0","0","753","0","0","753","0","0","753","0","0","753","0","0","753","0","0","753","0","0","753","0","0","753","0","0","753","0","0","753","0","0","753","0","0","753","0","0","753","0","0","753","0","0","753","0","0","753","0","0","753","0","0","753","0","0","753","0","0","753","0","0","753","0","0","753","0","0","753","0","0","753","0","0","753","0","0","753","0","0","753","0","0","753","0","0","753","0","0","753","0","0","753","0","0","753","0","0","753","0","0","753","0","0","753","0","0","753","0","0","753","0","0","753","0","0","753","0","0","753","0","0","753","0","0","753","0","0","753","0","0","753","0","0","753","0","0","753","0","0","753","0","0","753","0","0","753","0","0","753","0","0","753","0","0","753","0","0","753","0","0"
,"754","0","0","754","0","0","754","0","0","754","0","0","754","0","0","754","0","0","754","0","0","754","0","0","754","0","0","754","0","0","754","0","0","754","0","0","754","0","0","754","0","0","754","0","0","754","0","0","754","0","0","754","0","0","754","0","0","754","0","0","754","0","0","754","0","0","754","0","0","754","0","0","754","0","0","754","0","0","754","0","0","754","0","0","754","0","0","754","0","0","754","0","0","754","0","0","754","0","0","754","0","0","754","0","0","754","0","0","754","0","0","754","0","0","754","0","0","754","0","0","754","0","0","754","0","0","754","0","0","754","0","0","754","0","0","754","0","0","754","0","0","754","0","0","754","0","0","754","0","0","754","0","0","754","0","0","754","0","0","754","0","0","754","0","0","754","0","0","754","0","0","754","0","0","754","0","0","754","0","0"
,"755","0","0","755","0","0","755","0","0","755","0","0","755","0","0","755","0","0","755","0","0","755","0","0","755","0","0","755","0","0","755","0","0","755","0","0","755","0","0","755","0","0","755","0","0","755","0","0","755","0","0","755","0","0","755","0","0","755","0","0","755","0","0","755","0","0","755","0","0","755","0","0","755","0","0","755","0","0","755","0","0","755","0","0","755","0","0","755","0","0","755","0","0","755","0","0","755","0","0","755","0","0","755","0","0","755","0","0","755","0","0","755","0","0","755","0","0","755","0","0","755","0","0","755","0","0","755","0","0","755","0","0","755","0","0","755","0","0","755","0","0","755","0","0","755","0","0","755","0","0","755","0","0","755","0","0","755","0","0","755","0","0","755","0","0","755","0","0","755","0","0","755","0","0","755","0","0","755","0","0"
,"756","0","0","756","0","0","756","0","0","756","0","0","756","0","0","756","0","0","756","0","0","756","0","0","756","0","0","756","0","0","756","0","0","756","0","0","756","0","0","756","0","0","756","0","0","756","0","0","756","0","0","756","0","0","756","0","0","756","0","0","756","0","0","756","0","0","756","0","0","756","0","0","756","0","0","756","0","0","756","0","0","756","0","0","756","0","0","756","0","0","756","0","0","756","0","0","756","0","0","756","0","0","756","0","0","756","0","0","756","0","0","756","0","0","756","0","0","756","0","0","756","0","0","756","0","0","756","0","0","756","0","0","756","0","0","756","0","0","756","0","0","756","0","0","756","0","0","756","0","0","756","0","0","756","0","0","756","0","0","756","0","0","756","0","0","756","0","0","756","0","0","756","0","0","756","0","0","756","0","0"
,"757","0","0","757","0","0","757","0","0","757","0","0","757","0","0","757","0","0","757","0","0","757","0","0","757","0","0","757","0","0","757","0","0","757","0","0","757","0","0","757","0","0","757","0","0","757","0","0","757","0","0","757","0","0","757","0","0","757","0","0","757","0","0","757","0","0","757","0","0","757","0","0","757","0","0","757","0","0","757","0","0","757","0","0","757","0","0","757","0","0","757","0","0","757","0","0","757","0","0","757","0","0","757","0","0","757","0","0","757","0","0","757","0","0","757","0","0","757","0","0","757","0","0","757","0","0","757","0","0","757","0","0","757","0","0","757","0","0","757","0","0","757","0","0","757","0","0","757","0","0","757","0","0","757","0","0","757","0","0","757","0","0","757","0","0","757","0","0","757","0","0","757","0","0","757","0","0","757","0","0"
,"758","0","0","758","0","0","758","0","0","758","0","0","758","0","0","758","0","0","758","0","0","758","0","0","758","0","0","758","0","0","758","0","0","758","0","0","758","0","0","758","0","0","758","0","0","758","0","0","758","0","0","758","0","0","758","0","0","758","0","0","758","0","0","758","0","0","758","0","0","758","0","0","758","0","0","758","0","0","758","0","0","758","0","0","758","0","0","758","0","0","758","0","0","758","0","0","758","0","0","758","0","0","758","0","0","758","0","0","758","0","0","758","0","0","758","0","0","758","0","0","758","0","0","758","0","0","758","0","0","758","0","0","758","0","0","758","0","0","758","0","0","758","0","0","758","0","0","758","0","0","758","0","0","758","0","0","758","0","0","758","0","0","758","0","0","758","0","0","758","0","0","758","0","0","758","0","0","758","0","0"
,"759","0","0","759","0","0","759","0","0","759","0","0","759","0","0","759","0","0","759","0","0","759","0","0","759","0","0","759","0","0","759","0","0","759","0","0","759","0","0","759","0","0","759","0","0","759","0","0","759","0","0","759","0","0","759","0","0","759","0","0","759","0","0","759","0","0","759","0","0","759","0","0","759","0","0","759","0","0","759","0","0","759","0","0","759","0","0","759","0","0","759","0","0","759","0","0","759","0","0","759","0","0","759","0","0","759","0","0","759","0","0","759","0","0","759","0","0","759","0","0","759","0","0","759","0","0","759","0","0","759","0","0","759","0","0","759","0","0","759","0","0","759","0","0","759","0","0","759","0","0","759","0","0","759","0","0","759","0","0","759","0","0","759","0","0","759","0","0","759","0","0","759","0","0","759","0","0","759","0","0"
,"760","0","0","760","0","0","760","0","0","760","0","0","760","0","0","760","0","0","760","0","0","760","0","0","760","0","0","760","0","0","760","0","0","760","0","0","760","0","0","760","0","0","760","0","0","760","0","0","760","0","0","760","0","0","760","0","0","760","0","0","760","0","0","760","0","0","760","0","0","760","0","0","760","0","0","760","0","0","760","0","0","760","0","0","760","0","0","760","0","0","760","0","0","760","0","0","760","0","0","760","0","0","760","0","0","760","0","0","760","0","0","760","0","0","760","0","0","760","0","0","760","0","0","760","0","0","760","0","0","760","0","0","760","0","0","760","0","0","760","0","0","760","0","0","760","0","0","760","0","0","760","0","0","760","0","0","760","0","0","760","0","0","760","0","0","760","0","0","760","0","0","760","0","0","760","0","0","760","0","0"
,"761","0","0","761","0","0","761","0","0","761","0","0","761","0","0","761","0","0","761","0","0","761","0","0","761","0","0","761","0","0","761","0","0","761","0","0","761","0","0","761","0","0","761","0","0","761","0","0","761","0","0","761","0","0","761","0","0","761","0","0","761","0","0","761","0","0","761","0","0","761","0","0","761","0","0","761","0","0","761","0","0","761","0","0","761","0","0","761","0","0","761","0","0","761","0","0","761","0","0","761","0","0","761","0","0","761","0","0","761","0","0","761","0","0","761","0","0","761","0","0","761","0","0","761","0","0","761","0","0","761","0","0","761","0","0","761","0","0","761","0","0","761","0","0","761","0","0","761","0","0","761","0","0","761","0","0","761","0","0","761","0","0","761","0","0","761","0","0","761","0","0","761","0","0","761","0","0","761","0","0"
,"762","0","0","762","0","0","762","0","0","762","0","0","762","0","0","762","0","0","762","0","0","762","0","0","762","0","0","762","0","0","762","0","0","762","0","0","762","0","0","762","0","0","762","0","0","762","0","0","762","0","0","762","0","0","762","0","0","762","0","0","762","0","0","762","0","0","762","0","0","762","0","0","762","0","0","762","0","0","762","0","0","762","0","0","762","0","0","762","0","0","762","0","0","762","0","0","762","0","0","762","0","0","762","0","0","762","0","0","762","0","0","762","0","0","762","0","0","762","0","0","762","0","0","762","0","0","762","0","0","762","0","0","762","0","0","762","0","0","762","0","0","762","0","0","762","0","0","762","0","0","762","0","0","762","0","0","762","0","0","762","0","0","762","0","0","762","0","0","762","0","0","762","0","0","762","0","0","762","0","0"
,"763","0","0","763","0","0","763","0","0","763","0","0","763","0","0","763","0","0","763","0","0","763","0","0","763","0","0","763","0","0","763","0","0","763","0","0","763","0","0","763","0","0","763","0","0","763","0","0","763","0","0","763","0","0","763","0","0","763","0","0","763","0","0","763","0","0","763","0","0","763","0","0","763","0","0","763","0","0","763","0","0","763","0","0","763","0","0","763","0","0","763","0","0","763","0","0","763","0","0","763","0","0","763","0","0","763","0","0","763","0","0","763","0","0","763","0","0","763","0","0","763","0","0","763","0","0","763","0","0","763","0","0","763","0","0","763","0","0","763","0","0","763","0","0","763","0","0","763","0","0","763","0","0","763","0","0","763","0","0","763","0","0","763","0","0","763","0","0","763","0","0","763","0","0","763","0","0","763","0","0"
,"764","0","0","764","0","0","764","0","0","764","0","0","764","0","0","764","0","0","764","0","0","764","0","0","764","0","0","764","0","0","764","0","0","764","0","0","764","0","0","764","0","0","764","0","0","764","0","0","764","0","0","764","0","0","764","0","0","764","0","0","764","0","0","764","0","0","764","0","0","764","0","0","764","0","0","764","0","0","764","0","0","764","0","0","764","0","0","764","0","0","764","0","0","764","0","0","764","0","0","764","0","0","764","0","0","764","0","0","764","0","0","764","0","0","764","0","0","764","0","0","764","0","0","764","0","0","764","0","0","764","0","0","764","0","0","764","0","0","764","0","0","764","0","0","764","0","0","764","0","0","764","0","0","764","0","0","764","0","0","764","0","0","764","0","0","764","0","0","764","0","0","764","0","0","764","0","0","764","0","0"
,"765","0","0","765","0","0","765","0","0","765","0","0","765","0","0","765","0","0","765","0","0","765","0","0","765","0","0","765","0","0","765","0","0","765","0","0","765","0","0","765","0","0","765","0","0","765","0","0","765","0","0","765","0","0","765","0","0","765","0","0","765","0","0","765","0","0","765","0","0","765","0","0","765","0","0","765","0","0","765","0","0","765","0","0","765","0","0","765","0","0","765","0","0","765","0","0","765","0","0","765","0","0","765","0","0","765","0","0","765","0","0","765","0","0","765","0","0","765","0","0","765","0","0","765","0","0","765","0","0","765","0","0","765","0","0","765","0","0","765","0","0","765","0","0","765","0","0","765","0","0","765","0","0","765","0","0","765","0","0","765","0","0","765","0","0","765","0","0","765","0","0","765","0","0","765","0","0","765","0","0"
,"766","0","0","766","0","0","766","0","0","766","0","0","766","0","0","766","0","0","766","0","0","766","0","0","766","0","0","766","0","0","766","0","0","766","0","0","766","0","0","766","0","0","766","0","0","766","0","0","766","0","0","766","0","0","766","0","0","766","0","0","766","0","0","766","0","0","766","0","0","766","0","0","766","0","0","766","0","0","766","0","0","766","0","0","766","0","0","766","0","0","766","0","0","766","0","0","766","0","0","766","0","0","766","0","0","766","0","0","766","0","0","766","0","0","766","0","0","766","0","0","766","0","0","766","0","0","766","0","0","766","0","0","766","0","0","766","0","0","766","0","0","766","0","0","766","0","0","766","0","0","766","0","0","766","0","0","766","0","0","766","0","0","766","0","0","766","0","0","766","0","0","766","0","0","766","0","0","766","0","0"
,"767","0","0","767","0","0","767","0","0","767","0","0","767","0","0","767","0","0","767","0","0","767","0","0","767","0","0","767","0","0","767","0","0","767","0","0","767","0","0","767","0","0","767","0","0","767","0","0","767","0","0","767","0","0","767","0","0","767","0","0","767","0","0","767","0","0","767","0","0","767","0","0","767","0","0","767","0","0","767","0","0","767","0","0","767","0","0","767","0","0","767","0","0","767","0","0","767","0","0","767","0","0","767","0","0","767","0","0","767","0","0","767","0","0","767","0","0","767","0","0","767","0","0","767","0","0","767","0","0","767","0","0","767","0","0","767","0","0","767","0","0","767","0","0","767","0","0","767","0","0","767","0","0","767","0","0","767","0","0","767","0","0","767","0","0","767","0","0","767","0","0","767","0","0","767","0","0","767","0","0"
,"768","0","0","768","0","0","768","0","0","768","0","0","768","0","0","768","0","0","768","0","0","768","0","0","768","0","0","768","0","0","768","0","0","768","0","0","768","0","0","768","0","0","768","0","0","768","0","0","768","0","0","768","0","0","768","0","0","768","0","0","768","0","0","768","0","0","768","0","0","768","0","0","768","0","0","768","0","0","768","0","0","768","0","0","768","0","0","768","0","0","768","0","0","768","0","0","768","0","0","768","0","0","768","0","0","768","0","0","768","0","0","768","0","0","768","0","0","768","0","0","768","0","0","768","0","0","768","0","0","768","0","0","768","0","0","768","0","0","768","0","0","768","0","0","768","0","0","768","0","0","768","0","0","768","0","0","768","0","0","768","0","0","768","0","0","768","0","0","768","0","0","768","0","0","768","0","0","768","0","0"
,"769","0","0","769","0","0","769","0","0","769","0","0","769","0","0","769","0","0","769","0","0","769","0","0","769","0","0","769","0","0","769","0","0","769","0","0","769","0","0","769","0","0","769","0","0","769","0","0","769","0","0","769","0","0","769","0","0","769","0","0","769","0","0","769","0","0","769","0","0","769","0","0","769","0","0","769","0","0","769","0","0","769","0","0","769","0","0","769","0","0","769","0","0","769","0","0","769","0","0","769","0","0","769","0","0","769","0","0","769","0","0","769","0","0","769","0","0","769","0","0","769","0","0","769","0","0","769","0","0","769","0","0","769","0","0","769","0","0","769","0","0","769","0","0","769","0","0","769","0","0","769","0","0","769","0","0","769","0","0","769","0","0","769","0","0","769","0","0","769","0","0","769","0","0","769","0","0","769","0","0"
,"770","0","0","770","0","0","770","0","0","770","0","0","770","0","0","770","0","0","770","0","0","770","0","0","770","0","0","770","0","0","770","0","0","770","0","0","770","0","0","770","0","0","770","0","0","770","0","0","770","0","0","770","0","0","770","0","0","770","0","0","770","0","0","770","0","0","770","0","0","770","0","0","770","0","0","770","0","0","770","0","0","770","0","0","770","0","0","770","0","0","770","0","0","770","0","0","770","0","0","770","0","0","770","0","0","770","0","0","770","0","0","770","0","0","770","0","0","770","0","0","770","0","0","770","0","0","770","0","0","770","0","0","770","0","0","770","0","0","770","0","0","770","0","0","770","0","0","770","0","0","770","0","0","770","0","0","770","0","0","770","0","0","770","0","0","770","0","0","770","0","0","770","0","0","770","0","0","770","0","0"
,"771","0","0","771","0","0","771","0","0","771","0","0","771","0","0","771","0","0","771","0","0","771","0","0","771","0","0","771","0","0","771","0","0","771","0","0","771","0","0","771","0","0","771","0","0","771","0","0","771","0","0","771","0","0","771","0","0","771","0","0","771","0","0","771","0","0","771","0","0","771","0","0","771","0","0","771","0","0","771","0","0","771","0","0","771","0","0","771","0","0","771","0","0","771","0","0","771","0","0","771","0","0","771","0","0","771","0","0","771","0","0","771","0","0","771","0","0","771","0","0","771","0","0","771","0","0","771","0","0","771","0","0","771","0","0","771","0","0","771","0","0","771","0","0","771","0","0","771","0","0","771","0","0","771","0","0","771","0","0","771","0","0","771","0","0","771","0","0","771","0","0","771","0","0","771","0","0","771","0","0"
,"772","0","0","772","0","0","772","0","0","772","0","0","772","0","0","772","0","0","772","0","0","772","0","0","772","0","0","772","0","0","772","0","0","772","0","0","772","0","0","772","0","0","772","0","0","772","0","0","772","0","0","772","0","0","772","0","0","772","0","0","772","0","0","772","0","0","772","0","0","772","0","0","772","0","0","772","0","0","772","0","0","772","0","0","772","0","0","772","0","0","772","0","0","772","0","0","772","0","0","772","0","0","772","0","0","772","0","0","772","0","0","772","0","0","772","0","0","772","0","0","772","0","0","772","0","0","772","0","0","772","0","0","772","0","0","772","0","0","772","0","0","772","0","0","772","0","0","772","0","0","772","0","0","772","0","0","772","0","0","772","0","0","772","0","0","772","0","0","772","0","0","772","0","0","772","0","0","772","0","0"
,"773","0","0","773","0","0","773","0","0","773","0","0","773","0","0","773","0","0","773","0","0","773","0","0","773","0","0","773","0","0","773","0","0","773","0","0","773","0","0","773","0","0","773","0","0","773","0","0","773","0","0","773","0","0","773","0","0","773","0","0","773","0","0","773","0","0","773","0","0","773","0","0","773","0","0","773","0","0","773","0","0","773","0","0","773","0","0","773","0","0","773","0","0","773","0","0","773","0","0","773","0","0","773","0","0","773","0","0","773","0","0","773","0","0","773","0","0","773","0","0","773","0","0","773","0","0","773","0","0","773","0","0","773","0","0","773","0","0","773","0","0","773","0","0","773","0","0","773","0","0","773","0","0","773","0","0","773","0","0","773","0","0","773","0","0","773","0","0","773","0","0","773","0","0","773","0","0","773","0","0"
,"774","0","0","774","0","0","774","0","0","774","0","0","774","0","0","774","0","0","774","0","0","774","0","0","774","0","0","774","0","0","774","0","0","774","0","0","774","0","0","774","0","0","774","0","0","774","0","0","774","0","0","774","0","0","774","0","0","774","0","0","774","0","0","774","0","0","774","0","0","774","0","0","774","0","0","774","0","0","774","0","0","774","0","0","774","0","0","774","0","0","774","0","0","774","0","0","774","0","0","774","0","0","774","0","0","774","0","0","774","0","0","774","0","0","774","0","0","774","0","0","774","0","0","774","0","0","774","0","0","774","0","0","774","0","0","774","0","0","774","0","0","774","0","0","774","0","0","774","0","0","774","0","0","774","0","0","774","0","0","774","0","0","774","0","0","774","0","0","774","0","0","774","0","0","774","0","0","774","0","0"
,"775","0","0","775","0","0","775","0","0","775","0","0","775","0","0","775","0","0","775","0","0","775","0","0","775","0","0","775","0","0","775","0","0","775","0","0","775","0","0","775","0","0","775","0","0","775","0","0","775","0","0","775","0","0","775","0","0","775","0","0","775","0","0","775","0","0","775","0","0","775","0","0","775","0","0","775","0","0","775","0","0","775","0","0","775","0","0","775","0","0","775","0","0","775","0","0","775","0","0","775","0","0","775","0","0","775","0","0","775","0","0","775","0","0","775","0","0","775","0","0","775","0","0","775","0","0","775","0","0","775","0","0","775","0","0","775","0","0","775","0","0","775","0","0","775","0","0","775","0","0","775","0","0","775","0","0","775","0","0","775","0","0","775","0","0","775","0","0","775","0","0","775","0","0","775","0","0","775","0","0"
,"776","0","0","776","0","0","776","0","0","776","0","0","776","0","0","776","0","0","776","0","0","776","0","0","776","0","0","776","0","0","776","0","0","776","0","0","776","0","0","776","0","0","776","0","0","776","0","0","776","0","0","776","0","0","776","0","0","776","0","0","776","0","0","776","0","0","776","0","0","776","0","0","776","0","0","776","0","0","776","0","0","776","0","0","776","0","0","776","0","0","776","0","0","776","0","0","776","0","0","776","0","0","776","0","0","776","0","0","776","0","0","776","0","0","776","0","0","776","0","0","776","0","0","776","0","0","776","0","0","776","0","0","776","0","0","776","0","0","776","0","0","776","0","0","776","0","0","776","0","0","776","0","0","776","0","0","776","0","0","776","0","0","776","0","0","776","0","0","776","0","0","776","0","0","776","0","0","776","0","0"
,"777","0","0","777","0","0","777","0","0","777","0","0","777","0","0","777","0","0","777","0","0","777","0","0","777","0","0","777","0","0","777","0","0","777","0","0","777","0","0","777","0","0","777","0","0","777","0","0","777","0","0","777","0","0","777","0","0","777","0","0","777","0","0","777","0","0","777","0","0","777","0","0","777","0","0","777","0","0","777","0","0","777","0","0","777","0","0","777","0","0","777","0","0","777","0","0","777","0","0","777","0","0","777","0","0","777","0","0","777","0","0","777","0","0","777","0","0","777","0","0","777","0","0","777","0","0","777","0","0","777","0","0","777","0","0","777","0","0","777","0","0","777","0","0","777","0","0","777","0","0","777","0","0","777","0","0","777","0","0","777","0","0","777","0","0","777","0","0","777","0","0","777","0","0","777","0","0","777","0","0"
,"778","0","0","778","0","0","778","0","0","778","0","0","778","0","0","778","0","0","778","0","0","778","0","0","778","0","0","778","0","0","778","0","0","778","0","0","778","0","0","778","0","0","778","0","0","778","0","0","778","0","0","778","0","0","778","0","0","778","0","0","778","0","0","778","0","0","778","0","0","778","0","0","778","0","0","778","0","0","778","0","0","778","0","0","778","0","0","778","0","0","778","0","0","778","0","0","778","0","0","778","0","0","778","0","0","778","0","0","778","0","0","778","0","0","778","0","0","778","0","0","778","0","0","778","0","0","778","0","0","778","0","0","778","0","0","778","0","0","778","0","0","778","0","0","778","0","0","778","0","0","778","0","0","778","0","0","778","0","0","778","0","0","778","0","0","778","0","0","778","0","0","778","0","0","778","0","0","778","0","0"
,"779","0","0","779","0","0","779","0","0","779","0","0","779","0","0","779","0","0","779","0","0","779","0","0","779","0","0","779","0","0","779","0","0","779","0","0","779","0","0","779","0","0","779","0","0","779","0","0","779","0","0","779","0","0","779","0","0","779","0","0","779","0","0","779","0","0","779","0","0","779","0","0","779","0","0","779","0","0","779","0","0","779","0","0","779","0","0","779","0","0","779","0","0","779","0","0","779","0","0","779","0","0","779","0","0","779","0","0","779","0","0","779","0","0","779","0","0","779","0","0","779","0","0","779","0","0","779","0","0","779","0","0","779","0","0","779","0","0","779","0","0","779","0","0","779","0","0","779","0","0","779","0","0","779","0","0","779","0","0","779","0","0","779","0","0","779","0","0","779","0","0","779","0","0","779","0","0","779","0","0"
,"780","0","0","780","0","0","780","0","0","780","0","0","780","0","0","780","0","0","780","0","0","780","0","0","780","0","0","780","0","0","780","0","0","780","0","0","780","0","0","780","0","0","780","0","0","780","0","0","780","0","0","780","0","0","780","0","0","780","0","0","780","0","0","780","0","0","780","0","0","780","0","0","780","0","0","780","0","0","780","0","0","780","0","0","780","0","0","780","0","0","780","0","0","780","0","0","780","0","0","780","0","0","780","0","0","780","0","0","780","0","0","780","0","0","780","0","0","780","0","0","780","0","0","780","0","0","780","0","0","780","0","0","780","0","0","780","0","0","780","0","0","780","0","0","780","0","0","780","0","0","780","0","0","780","0","0","780","0","0","780","0","0","780","0","0","780","0","0","780","0","0","780","0","0","780","0","0","780","0","0"
,"781","0","0","781","0","0","781","0","0","781","0","0","781","0","0","781","0","0","781","0","0","781","0","0","781","0","0","781","0","0","781","0","0","781","0","0","781","0","0","781","0","0","781","0","0","781","0","0","781","0","0","781","0","0","781","0","0","781","0","0","781","0","0","781","0","0","781","0","0","781","0","0","781","0","0","781","0","0","781","0","0","781","0","0","781","0","0","781","0","0","781","0","0","781","0","0","781","0","0","781","0","0","781","0","0","781","0","0","781","0","0","781","0","0","781","0","0","781","0","0","781","0","0","781","0","0","781","0","0","781","0","0","781","0","0","781","0","0","781","0","0","781","0","0","781","0","0","781","0","0","781","0","0","781","0","0","781","0","0","781","0","0","781","0","0","781","0","0","781","0","0","781","0","0","781","0","0","781","0","0"
,"782","0","0","782","0","0","782","0","0","782","0","0","782","0","0","782","0","0","782","0","0","782","0","0","782","0","0","782","0","0","782","0","0","782","0","0","782","0","0","782","0","0","782","0","0","782","0","0","782","0","0","782","0","0","782","0","0","782","0","0","782","0","0","782","0","0","782","0","0","782","0","0","782","0","0","782","0","0","782","0","0","782","0","0","782","0","0","782","0","0","782","0","0","782","0","0","782","0","0","782","0","0","782","0","0","782","0","0","782","0","0","782","0","0","782","0","0","782","0","0","782","0","0","782","0","0","782","0","0","782","0","0","782","0","0","782","0","0","782","0","0","782","0","0","782","0","0","782","0","0","782","0","0","782","0","0","782","0","0","782","0","0","782","0","0","782","0","0","782","0","0","782","0","0","782","0","0","782","0","0"
,"783","0","0","783","0","0","783","0","0","783","0","0","783","0","0","783","0","0","783","0","0","783","0","0","783","0","0","783","0","0","783","0","0","783","0","0","783","0","0","783","0","0","783","0","0","783","0","0","783","0","0","783","0","0","783","0","0","783","0","0","783","0","0","783","0","0","783","0","0","783","0","0","783","0","0","783","0","0","783","0","0","783","0","0","783","0","0","783","0","0","783","0","0","783","0","0","783","0","0","783","0","0","783","0","0","783","0","0","783","0","0","783","0","0","783","0","0","783","0","0","783","0","0","783","0","0","783","0","0","783","0","0","783","0","0","783","0","0","783","0","0","783","0","0","783","0","0","783","0","0","783","0","0","783","0","0","783","0","0","783","0","0","783","0","0","783","0","0","783","0","0","783","0","0","783","0","0","783","0","0"
,"784","0","0","784","0","0","784","0","0","784","0","0","784","0","0","784","0","0","784","0","0","784","0","0","784","0","0","784","0","0","784","0","0","784","0","0","784","0","0","784","0","0","784","0","0","784","0","0","784","0","0","784","0","0","784","0","0","784","0","0","784","0","0","784","0","0","784","0","0","784","0","0","784","0","0","784","0","0","784","0","0","784","0","0","784","0","0","784","0","0","784","0","0","784","0","0","784","0","0","784","0","0","784","0","0","784","0","0","784","0","0","784","0","0","784","0","0","784","0","0","784","0","0","784","0","0","784","0","0","784","0","0","784","0","0","784","0","0","784","0","0","784","0","0","784","0","0","784","0","0","784","0","0","784","0","0","784","0","0","784","0","0","784","0","0","784","0","0","784","0","0","784","0","0","784","0","0","784","0","0"
,"785","0","0","785","0","0","785","0","0","785","0","0","785","0","0","785","0","0","785","0","0","785","0","0","785","0","0","785","0","0","785","0","0","785","0","0","785","0","0","785","0","0","785","0","0","785","0","0","785","0","0","785","0","0","785","0","0","785","0","0","785","0","0","785","0","0","785","0","0","785","0","0","785","0","0","785","0","0","785","0","0","785","0","0","785","0","0","785","0","0","785","0","0","785","0","0","785","0","0","785","0","0","785","0","0","785","0","0","785","0","0","785","0","0","785","0","0","785","0","0","785","0","0","785","0","0","785","0","0","785","0","0","785","0","0","785","0","0","785","0","0","785","0","0","785","0","0","785","0","0","785","0","0","785","0","0","785","0","0","785","0","0","785","0","0","785","0","0","785","0","0","785","0","0","785","0","0","785","0","0"
,"786","0","0","786","0","0","786","0","0","786","0","0","786","0","0","786","0","0","786","0","0","786","0","0","786","0","0","786","0","0","786","0","0","786","0","0","786","0","0","786","0","0","786","0","0","786","0","0","786","0","0","786","0","0","786","0","0","786","0","0","786","0","0","786","0","0","786","0","0","786","0","0","786","0","0","786","0","0","786","0","0","786","0","0","786","0","0","786","0","0","786","0","0","786","0","0","786","0","0","786","0","0","786","0","0","786","0","0","786","0","0","786","0","0","786","0","0","786","0","0","786","0","0","786","0","0","786","0","0","786","0","0","786","0","0","786","0","0","786","0","0","786","0","0","786","0","0","786","0","0","786","0","0","786","0","0","786","0","0","786","0","0","786","0","0","786","0","0","786","0","0","786","0","0","786","0","0","786","0","0"
,"787","0","0","787","0","0","787","0","0","787","0","0","787","0","0","787","0","0","787","0","0","787","0","0","787","0","0","787","0","0","787","0","0","787","0","0","787","0","0","787","0","0","787","0","0","787","0","0","787","0","0","787","0","0","787","0","0","787","0","0","787","0","0","787","0","0","787","0","0","787","0","0","787","0","0","787","0","0","787","0","0","787","0","0","787","0","0","787","0","0","787","0","0","787","0","0","787","0","0","787","0","0","787","0","0","787","0","0","787","0","0","787","0","0","787","0","0","787","0","0","787","0","0","787","0","0","787","0","0","787","0","0","787","0","0","787","0","0","787","0","0","787","0","0","787","0","0","787","0","0","787","0","0","787","0","0","787","0","0","787","0","0","787","0","0","787","0","0","787","0","0","787","0","0","787","0","0","787","0","0"
,"788","0","0","788","0","0","788","0","0","788","0","0","788","0","0","788","0","0","788","0","0","788","0","0","788","0","0","788","0","0","788","0","0","788","0","0","788","0","0","788","0","0","788","0","0","788","0","0","788","0","0","788","0","0","788","0","0","788","0","0","788","0","0","788","0","0","788","0","0","788","0","0","788","0","0","788","0","0","788","0","0","788","0","0","788","0","0","788","0","0","788","0","0","788","0","0","788","0","0","788","0","0","788","0","0","788","0","0","788","0","0","788","0","0","788","0","0","788","0","0","788","0","0","788","0","0","788","0","0","788","0","0","788","0","0","788","0","0","788","0","0","788","0","0","788","0","0","788","0","0","788","0","0","788","0","0","788","0","0","788","0","0","788","0","0","788","0","0","788","0","0","788","0","0","788","0","0","788","0","0"
,"789","0","0","789","0","0","789","0","0","789","0","0","789","0","0","789","0","0","789","0","0","789","0","0","789","0","0","789","0","0","789","0","0","789","0","0","789","0","0","789","0","0","789","0","0","789","0","0","789","0","0","789","0","0","789","0","0","789","0","0","789","0","0","789","0","0","789","0","0","789","0","0","789","0","0","789","0","0","789","0","0","789","0","0","789","0","0","789","0","0","789","0","0","789","0","0","789","0","0","789","0","0","789","0","0","789","0","0","789","0","0","789","0","0","789","0","0","789","0","0","789","0","0","789","0","0","789","0","0","789","0","0","789","0","0","789","0","0","789","0","0","789","0","0","789","0","0","789","0","0","789","0","0","789","0","0","789","0","0","789","0","0","789","0","0","789","0","0","789","0","0","789","0","0","789","0","0","789","0","0"
,"790","0","0","790","0","0","790","0","0","790","0","0","790","0","0","790","0","0","790","0","0","790","0","0","790","0","0","790","0","0","790","0","0","790","0","0","790","0","0","790","0","0","790","0","0","790","0","0","790","0","0","790","0","0","790","0","0","790","0","0","790","0","0","790","0","0","790","0","0","790","0","0","790","0","0","790","0","0","790","0","0","790","0","0","790","0","0","790","0","0","790","0","0","790","0","0","790","0","0","790","0","0","790","0","0","790","0","0","790","0","0","790","0","0","790","0","0","790","0","0","790","0","0","790","0","0","790","0","0","790","0","0","790","0","0","790","0","0","790","0","0","790","0","0","790","0","0","790","0","0","790","0","0","790","0","0","790","0","0","790","0","0","790","0","0","790","0","0","790","0","0","790","0","0","790","0","0","790","0","0"
,"791","0","0","791","0","0","791","0","0","791","0","0","791","0","0","791","0","0","791","0","0","791","0","0","791","0","0","791","0","0","791","0","0","791","0","0","791","0","0","791","0","0","791","0","0","791","0","0","791","0","0","791","0","0","791","0","0","791","0","0","791","0","0","791","0","0","791","0","0","791","0","0","791","0","0","791","0","0","791","0","0","791","0","0","791","0","0","791","0","0","791","0","0","791","0","0","791","0","0","791","0","0","791","0","0","791","0","0","791","0","0","791","0","0","791","0","0","791","0","0","791","0","0","791","0","0","791","0","0","791","0","0","791","0","0","791","0","0","791","0","0","791","0","0","791","0","0","791","0","0","791","0","0","791","0","0","791","0","0","791","0","0","791","0","0","791","0","0","791","0","0","791","0","0","791","0","0","791","0","0"
,"792","0","0","792","0","0","792","0","0","792","0","0","792","0","0","792","0","0","792","0","0","792","0","0","792","0","0","792","0","0","792","0","0","792","0","0","792","0","0","792","0","0","792","0","0","792","0","0","792","0","0","792","0","0","792","0","0","792","0","0","792","0","0","792","0","0","792","0","0","792","0","0","792","0","0","792","0","0","792","0","0","792","0","0","792","0","0","792","0","0","792","0","0","792","0","0","792","0","0","792","0","0","792","0","0","792","0","0","792","0","0","792","0","0","792","0","0","792","0","0","792","0","0","792","0","0","792","0","0","792","0","0","792","0","0","792","0","0","792","0","0","792","0","0","792","0","0","792","0","0","792","0","0","792","0","0","792","0","0","792","0","0","792","0","0","792","0","0","792","0","0","792","0","0","792","0","0","792","0","0"
,"793","0","0","793","0","0","793","0","0","793","0","0","793","0","0","793","0","0","793","0","0","793","0","0","793","0","0","793","0","0","793","0","0","793","0","0","793","0","0","793","0","0","793","0","0","793","0","0","793","0","0","793","0","0","793","0","0","793","0","0","793","0","0","793","0","0","793","0","0","793","0","0","793","0","0","793","0","0","793","0","0","793","0","0","793","0","0","793","0","0","793","0","0","793","0","0","793","0","0","793","0","0","793","0","0","793","0","0","793","0","0","793","0","0","793","0","0","793","0","0","793","0","0","793","0","0","793","0","0","793","0","0","793","0","0","793","0","0","793","0","0","793","0","0","793","0","0","793","0","0","793","0","0","793","0","0","793","0","0","793","0","0","793","0","0","793","0","0","793","0","0","793","0","0","793","0","0","793","0","0"
,"794","0","0","794","0","0","794","0","0","794","0","0","794","0","0","794","0","0","794","0","0","794","0","0","794","0","0","794","0","0","794","0","0","794","0","0","794","0","0","794","0","0","794","0","0","794","0","0","794","0","0","794","0","0","794","0","0","794","0","0","794","0","0","794","0","0","794","0","0","794","0","0","794","0","0","794","0","0","794","0","0","794","0","0","794","0","0","794","0","0","794","0","0","794","0","0","794","0","0","794","0","0","794","0","0","794","0","0","794","0","0","794","0","0","794","0","0","794","0","0","794","0","0","794","0","0","794","0","0","794","0","0","794","0","0","794","0","0","794","0","0","794","0","0","794","0","0","794","0","0","794","0","0","794","0","0","794","0","0","794","0","0","794","0","0","794","0","0","794","0","0","794","0","0","794","0","0","794","0","0"
,"795","0","0","795","0","0","795","0","0","795","0","0","795","0","0","795","0","0","795","0","0","795","0","0","795","0","0","795","0","0","795","0","0","795","0","0","795","0","0","795","0","0","795","0","0","795","0","0","795","0","0","795","0","0","795","0","0","795","0","0","795","0","0","795","0","0","795","0","0","795","0","0","795","0","0","795","0","0","795","0","0","795","0","0","795","0","0","795","0","0","795","0","0","795","0","0","795","0","0","795","0","0","795","0","0","795","0","0","795","0","0","795","0","0","795","0","0","795","0","0","795","0","0","795","0","0","795","0","0","795","0","0","795","0","0","795","0","0","795","0","0","795","0","0","795","0","0","795","0","0","795","0","0","795","0","0","795","0","0","795","0","0","795","0","0","795","0","0","795","0","0","795","0","0","795","0","0","795","0","0"
,"796","0","0","796","0","0","796","0","0","796","0","0","796","0","0","796","0","0","796","0","0","796","0","0","796","0","0","796","0","0","796","0","0","796","0","0","796","0","0","796","0","0","796","0","0","796","0","0","796","0","0","796","0","0","796","0","0","796","0","0","796","0","0","796","0","0","796","0","0","796","0","0","796","0","0","796","0","0","796","0","0","796","0","0","796","0","0","796","0","0","796","0","0","796","0","0","796","0","0","796","0","0","796","0","0","796","0","0","796","0","0","796","0","0","796","0","0","796","0","0","796","0","0","796","0","0","796","0","0","796","0","0","796","0","0","796","0","0","796","0","0","796","0","0","796","0","0","796","0","0","796","0","0","796","0","0","796","0","0","796","0","0","796","0","0","796","0","0","796","0","0","796","0","0","796","0","0","796","0","0"
,"797","0","0","797","0","0","797","0","0","797","0","0","797","0","0","797","0","0","797","0","0","797","0","0","797","0","0","797","0","0","797","0","0","797","0","0","797","0","0","797","0","0","797","0","0","797","0","0","797","0","0","797","0","0","797","0","0","797","0","0","797","0","0","797","0","0","797","0","0","797","0","0","797","0","0","797","0","0","797","0","0","797","0","0","797","0","0","797","0","0","797","0","0","797","0","0","797","0","0","797","0","0","797","0","0","797","0","0","797","0","0","797","0","0","797","0","0","797","0","0","797","0","0","797","0","0","797","0","0","797","0","0","797","0","0","797","0","0","797","0","0","797","0","0","797","0","0","797","0","0","797","0","0","797","0","0","797","0","0","797","0","0","797","0","0","797","0","0","797","0","0","797","0","0","797","0","0","797","0","0"
,"798","0","0","798","0","0","798","0","0","798","0","0","798","0","0","798","0","0","798","0","0","798","0","0","798","0","0","798","0","0","798","0","0","798","0","0","798","0","0","798","0","0","798","0","0","798","0","0","798","0","0","798","0","0","798","0","0","798","0","0","798","0","0","798","0","0","798","0","0","798","0","0","798","0","0","798","0","0","798","0","0","798","0","0","798","0","0","798","0","0","798","0","0","798","0","0","798","0","0","798","0","0","798","0","0","798","0","0","798","0","0","798","0","0","798","0","0","798","0","0","798","0","0","798","0","0","798","0","0","798","0","0","798","0","0","798","0","0","798","0","0","798","0","0","798","0","0","798","0","0","798","0","0","798","0","0","798","0","0","798","0","0","798","0","0","798","0","0","798","0","0","798","0","0","798","0","0","798","0","0"
,"799","0","0","799","0","0","799","0","0","799","0","0","799","0","0","799","0","0","799","0","0","799","0","0","799","0","0","799","0","0","799","0","0","799","0","0","799","0","0","799","0","0","799","0","0","799","0","0","799","0","0","799","0","0","799","0","0","799","0","0","799","0","0","799","0","0","799","0","0","799","0","0","799","0","0","799","0","0","799","0","0","799","0","0","799","0","0","799","0","0","799","0","0","799","0","0","799","0","0","799","0","0","799","0","0","799","0","0","799","0","0","799","0","0","799","0","0","799","0","0","799","0","0","799","0","0","799","0","0","799","0","0","799","0","0","799","0","0","799","0","0","799","0","0","799","0","0","799","0","0","799","0","0","799","0","0","799","0","0","799","0","0","799","0","0","799","0","0","799","0","0","799","0","0","799","0","0","799","0","0"
,"800","0","0","800","0","0","800","0","0","800","0","0","800","0","0","800","0","0","800","0","0","800","0","0","800","0","0","800","0","0","800","0","0","800","0","0","800","0","0","800","0","0","800","0","0","800","0","0","800","0","0","800","0","0","800","0","0","800","0","0","800","0","0","800","0","0","800","0","0","800","0","0","800","0","0","800","0","0","800","0","0","800","0","0","800","0","0","800","0","0","800","0","0","800","0","0","800","0","0","800","0","0","800","0","0","800","0","0","800","0","0","800","0","0","800","0","0","800","0","0","800","0","0","800","0","0","800","0","0","800","0","0","800","0","0","800","0","0","800","0","0","800","0","0","800","0","0","800","0","0","800","0","0","800","0","0","800","0","0","800","0","0","800","0","0","800","0","0","800","0","0","800","0","0","800","0","0","800","0","0"
,"801","0","0","801","0","0","801","0","0","801","0","0","801","0","0","801","0","0","801","0","0","801","0","0","801","0","0","801","0","0","801","0","0","801","0","0","801","0","0","801","0","0","801","0","0","801","0","0","801","0","0","801","0","0","801","0","0","801","0","0","801","0","0","801","0","0","801","0","0","801","0","0","801","0","0","801","0","0","801","0","0","801","0","0","801","0","0","801","0","0","801","0","0","801","0","0","801","0","0","801","0","0","801","0","0","801","0","0","801","0","0","801","0","0","801","0","0","801","0","0","801","0","0","801","0","0","801","0","0","801","0","0","801","0","0","801","0","0","801","0","0","801","0","0","801","0","0","801","0","0","801","0","0","801","0","0","801","0","0","801","0","0","801","0","0","801","0","0","801","0","0","801","0","0","801","0","0","801","0","0"
,"802","0","0","802","0","0","802","0","0","802","0","0","802","0","0","802","0","0","802","0","0","802","0","0","802","0","0","802","0","0","802","0","0","802","0","0","802","0","0","802","0","0","802","0","0","802","0","0","802","0","0","802","0","0","802","0","0","802","0","0","802","0","0","802","0","0","802","0","0","802","0","0","802","0","0","802","0","0","802","0","0","802","0","0","802","0","0","802","0","0","802","0","0","802","0","0","802","0","0","802","0","0","802","0","0","802","0","0","802","0","0","802","0","0","802","0","0","802","0","0","802","0","0","802","0","0","802","0","0","802","0","0","802","0","0","802","0","0","802","0","0","802","0","0","802","0","0","802","0","0","802","0","0","802","0","0","802","0","0","802","0","0","802","0","0","802","0","0","802","0","0","802","0","0","802","0","0","802","0","0"
,"803","0","0","803","0","0","803","0","0","803","0","0","803","0","0","803","0","0","803","0","0","803","0","0","803","0","0","803","0","0","803","0","0","803","0","0","803","0","0","803","0","0","803","0","0","803","0","0","803","0","0","803","0","0","803","0","0","803","0","0","803","0","0","803","0","0","803","0","0","803","0","0","803","0","0","803","0","0","803","0","0","803","0","0","803","0","0","803","0","0","803","0","0","803","0","0","803","0","0","803","0","0","803","0","0","803","0","0","803","0","0","803","0","0","803","0","0","803","0","0","803","0","0","803","0","0","803","0","0","803","0","0","803","0","0","803","0","0","803","0","0","803","0","0","803","0","0","803","0","0","803","0","0","803","0","0","803","0","0","803","0","0","803","0","0","803","0","0","803","0","0","803","0","0","803","0","0","803","0","0"
,"804","0","0","804","0","0","804","0","0","804","0","0","804","0","0","804","0","0","804","0","0","804","0","0","804","0","0","804","0","0","804","0","0","804","0","0","804","0","0","804","0","0","804","0","0","804","0","0","804","0","0","804","0","0","804","0","0","804","0","0","804","0","0","804","0","0","804","0","0","804","0","0","804","0","0","804","0","0","804","0","0","804","0","0","804","0","0","804","0","0","804","0","0","804","0","0","804","0","0","804","0","0","804","0","0","804","0","0","804","0","0","804","0","0","804","0","0","804","0","0","804","0","0","804","0","0","804","0","0","804","0","0","804","0","0","804","0","0","804","0","0","804","0","0","804","0","0","804","0","0","804","0","0","804","0","0","804","0","0","804","0","0","804","0","0","804","0","0","804","0","0","804","0","0","804","0","0","804","0","0"
,"805","0","0","805","0","0","805","0","0","805","0","0","805","0","0","805","0","0","805","0","0","805","0","0","805","0","0","805","0","0","805","0","0","805","0","0","805","0","0","805","0","0","805","0","0","805","0","0","805","0","0","805","0","0","805","0","0","805","0","0","805","0","0","805","0","0","805","0","0","805","0","0","805","0","0","805","0","0","805","0","0","805","0","0","805","0","0","805","0","0","805","0","0","805","0","0","805","0","0","805","0","0","805","0","0","805","0","0","805","0","0","805","0","0","805","0","0","805","0","0","805","0","0","805","0","0","805","0","0","805","0","0","805","0","0","805","0","0","805","0","0","805","0","0","805","0","0","805","0","0","805","0","0","805","0","0","805","0","0","805","0","0","805","0","0","805","0","0","805","0","0","805","0","0","805","0","0","805","0","0"
,"806","0","0","806","0","0","806","0","0","806","0","0","806","0","0","806","0","0","806","0","0","806","0","0","806","0","0","806","0","0","806","0","0","806","0","0","806","0","0","806","0","0","806","0","0","806","0","0","806","0","0","806","0","0","806","0","0","806","0","0","806","0","0","806","0","0","806","0","0","806","0","0","806","0","0","806","0","0","806","0","0","806","0","0","806","0","0","806","0","0","806","0","0","806","0","0","806","0","0","806","0","0","806","0","0","806","0","0","806","0","0","806","0","0","806","0","0","806","0","0","806","0","0","806","0","0","806","0","0","806","0","0","806","0","0","806","0","0","806","0","0","806","0","0","806","0","0","806","0","0","806","0","0","806","0","0","806","0","0","806","0","0","806","0","0","806","0","0","806","0","0","806","0","0","806","0","0","806","0","0"
,"807","0","0","807","0","0","807","0","0","807","0","0","807","0","0","807","0","0","807","0","0","807","0","0","807","0","0","807","0","0","807","0","0","807","0","0","807","0","0","807","0","0","807","0","0","807","0","0","807","0","0","807","0","0","807","0","0","807","0","0","807","0","0","807","0","0","807","0","0","807","0","0","807","0","0","807","0","0","807","0","0","807","0","0","807","0","0","807","0","0","807","0","0","807","0","0","807","0","0","807","0","0","807","0","0","807","0","0","807","0","0","807","0","0","807","0","0","807","0","0","807","0","0","807","0","0","807","0","0","807","0","0","807","0","0","807","0","0","807","0","0","807","0","0","807","0","0","807","0","0","807","0","0","807","0","0","807","0","0","807","0","0","807","0","0","807","0","0","807","0","0","807","0","0","807","0","0","807","0","0"
,"808","0","0","808","0","0","808","0","0","808","0","0","808","0","0","808","0","0","808","0","0","808","0","0","808","0","0","808","0","0","808","0","0","808","0","0","808","0","0","808","0","0","808","0","0","808","0","0","808","0","0","808","0","0","808","0","0","808","0","0","808","0","0","808","0","0","808","0","0","808","0","0","808","0","0","808","0","0","808","0","0","808","0","0","808","0","0","808","0","0","808","0","0","808","0","0","808","0","0","808","0","0","808","0","0","808","0","0","808","0","0","808","0","0","808","0","0","808","0","0","808","0","0","808","0","0","808","0","0","808","0","0","808","0","0","808","0","0","808","0","0","808","0","0","808","0","0","808","0","0","808","0","0","808","0","0","808","0","0","808","0","0","808","0","0","808","0","0","808","0","0","808","0","0","808","0","0","808","0","0"
,"809","0","0","809","0","0","809","0","0","809","0","0","809","0","0","809","0","0","809","0","0","809","0","0","809","0","0","809","0","0","809","0","0","809","0","0","809","0","0","809","0","0","809","0","0","809","0","0","809","0","0","809","0","0","809","0","0","809","0","0","809","0","0","809","0","0","809","0","0","809","0","0","809","0","0","809","0","0","809","0","0","809","0","0","809","0","0","809","0","0","809","0","0","809","0","0","809","0","0","809","0","0","809","0","0","809","0","0","809","0","0","809","0","0","809","0","0","809","0","0","809","0","0","809","0","0","809","0","0","809","0","0","809","0","0","809","0","0","809","0","0","809","0","0","809","0","0","809","0","0","809","0","0","809","0","0","809","0","0","809","0","0","809","0","0","809","0","0","809","0","0","809","0","0","809","0","0","809","0","0"
,"810","0","0","810","0","0","810","0","0","810","0","0","810","0","0","810","0","0","810","0","0","810","0","0","810","0","0","810","0","0","810","0","0","810","0","0","810","0","0","810","0","0","810","0","0","810","0","0","810","0","0","810","0","0","810","0","0","810","0","0","810","0","0","810","0","0","810","0","0","810","0","0","810","0","0","810","0","0","810","0","0","810","0","0","810","0","0","810","0","0","810","0","0","810","0","0","810","0","0","810","0","0","810","0","0","810","0","0","810","0","0","810","0","0","810","0","0","810","0","0","810","0","0","810","0","0","810","0","0","810","0","0","810","0","0","810","0","0","810","0","0","810","0","0","810","0","0","810","0","0","810","0","0","810","0","0","810","0","0","810","0","0","810","0","0","810","0","0","810","0","0","810","0","0","810","0","0","810","0","0"
,"811","0","0","811","0","0","811","0","0","811","0","0","811","0","0","811","0","0","811","0","0","811","0","0","811","0","0","811","0","0","811","0","0","811","0","0","811","0","0","811","0","0","811","0","0","811","0","0","811","0","0","811","0","0","811","0","0","811","0","0","811","0","0","811","0","0","811","0","0","811","0","0","811","0","0","811","0","0","811","0","0","811","0","0","811","0","0","811","0","0","811","0","0","811","0","0","811","0","0","811","0","0","811","0","0","811","0","0","811","0","0","811","0","0","811","0","0","811","0","0","811","0","0","811","0","0","811","0","0","811","0","0","811","0","0","811","0","0","811","0","0","811","0","0","811","0","0","811","0","0","811","0","0","811","0","0","811","0","0","811","0","0","811","0","0","811","0","0","811","0","0","811","0","0","811","0","0","811","0","0"
,"812","0","0","812","0","0","812","0","0","812","0","0","812","0","0","812","0","0","812","0","0","812","0","0","812","0","0","812","0","0","812","0","0","812","0","0","812","0","0","812","0","0","812","0","0","812","0","0","812","0","0","812","0","0","812","0","0","812","0","0","812","0","0","812","0","0","812","0","0","812","0","0","812","0","0","812","0","0","812","0","0","812","0","0","812","0","0","812","0","0","812","0","0","812","0","0","812","0","0","812","0","0","812","0","0","812","0","0","812","0","0","812","0","0","812","0","0","812","0","0","812","0","0","812","0","0","812","0","0","812","0","0","812","0","0","812","0","0","812","0","0","812","0","0","812","0","0","812","0","0","812","0","0","812","0","0","812","0","0","812","0","0","812","0","0","812","0","0","812","0","0","812","0","0","812","0","0","812","0","0"
,"813","0","0","813","0","0","813","0","0","813","0","0","813","0","0","813","0","0","813","0","0","813","0","0","813","0","0","813","0","0","813","0","0","813","0","0","813","0","0","813","0","0","813","0","0","813","0","0","813","0","0","813","0","0","813","0","0","813","0","0","813","0","0","813","0","0","813","0","0","813","0","0","813","0","0","813","0","0","813","0","0","813","0","0","813","0","0","813","0","0","813","0","0","813","0","0","813","0","0","813","0","0","813","0","0","813","0","0","813","0","0","813","0","0","813","0","0","813","0","0","813","0","0","813","0","0","813","0","0","813","0","0","813","0","0","813","0","0","813","0","0","813","0","0","813","0","0","813","0","0","813","0","0","813","0","0","813","0","0","813","0","0","813","0","0","813","0","0","813","0","0","813","0","0","813","0","0","813","0","0"
,"814","0","0","814","0","0","814","0","0","814","0","0","814","0","0","814","0","0","814","0","0","814","0","0","814","0","0","814","0","0","814","0","0","814","0","0","814","0","0","814","0","0","814","0","0","814","0","0","814","0","0","814","0","0","814","0","0","814","0","0","814","0","0","814","0","0","814","0","0","814","0","0","814","0","0","814","0","0","814","0","0","814","0","0","814","0","0","814","0","0","814","0","0","814","0","0","814","0","0","814","0","0","814","0","0","814","0","0","814","0","0","814","0","0","814","0","0","814","0","0","814","0","0","814","0","0","814","0","0","814","0","0","814","0","0","814","0","0","814","0","0","814","0","0","814","0","0","814","0","0","814","0","0","814","0","0","814","0","0","814","0","0","814","0","0","814","0","0","814","0","0","814","0","0","814","0","0","814","0","0"
,"815","0","0","815","0","0","815","0","0","815","0","0","815","0","0","815","0","0","815","0","0","815","0","0","815","0","0","815","0","0","815","0","0","815","0","0","815","0","0","815","0","0","815","0","0","815","0","0","815","0","0","815","0","0","815","0","0","815","0","0","815","0","0","815","0","0","815","0","0","815","0","0","815","0","0","815","0","0","815","0","0","815","0","0","815","0","0","815","0","0","815","0","0","815","0","0","815","0","0","815","0","0","815","0","0","815","0","0","815","0","0","815","0","0","815","0","0","815","0","0","815","0","0","815","0","0","815","0","0","815","0","0","815","0","0","815","0","0","815","0","0","815","0","0","815","0","0","815","0","0","815","0","0","815","0","0","815","0","0","815","0","0","815","0","0","815","0","0","815","0","0","815","0","0","815","0","0","815","0","0"
,"816","0","0","816","0","0","816","0","0","816","0","0","816","0","0","816","0","0","816","0","0","816","0","0","816","0","0","816","0","0","816","0","0","816","0","0","816","0","0","816","0","0","816","0","0","816","0","0","816","0","0","816","0","0","816","0","0","816","0","0","816","0","0","816","0","0","816","0","0","816","0","0","816","0","0","816","0","0","816","0","0","816","0","0","816","0","0","816","0","0","816","0","0","816","0","0","816","0","0","816","0","0","816","0","0","816","0","0","816","0","0","816","0","0","816","0","0","816","0","0","816","0","0","816","0","0","816","0","0","816","0","0","816","0","0","816","0","0","816","0","0","816","0","0","816","0","0","816","0","0","816","0","0","816","0","0","816","0","0","816","0","0","816","0","0","816","0","0","816","0","0","816","0","0","816","0","0","816","0","0"
,"817","0","0","817","0","0","817","0","0","817","0","0","817","0","0","817","0","0","817","0","0","817","0","0","817","0","0","817","0","0","817","0","0","817","0","0","817","0","0","817","0","0","817","0","0","817","0","0","817","0","0","817","0","0","817","0","0","817","0","0","817","0","0","817","0","0","817","0","0","817","0","0","817","0","0","817","0","0","817","0","0","817","0","0","817","0","0","817","0","0","817","0","0","817","0","0","817","0","0","817","0","0","817","0","0","817","0","0","817","0","0","817","0","0","817","0","0","817","0","0","817","0","0","817","0","0","817","0","0","817","0","0","817","0","0","817","0","0","817","0","0","817","0","0","817","0","0","817","0","0","817","0","0","817","0","0","817","0","0","817","0","0","817","0","0","817","0","0","817","0","0","817","0","0","817","0","0","817","0","0"
,"818","0","0","818","0","0","818","0","0","818","0","0","818","0","0","818","0","0","818","0","0","818","0","0","818","0","0","818","0","0","818","0","0","818","0","0","818","0","0","818","0","0","818","0","0","818","0","0","818","0","0","818","0","0","818","0","0","818","0","0","818","0","0","818","0","0","818","0","0","818","0","0","818","0","0","818","0","0","818","0","0","818","0","0","818","0","0","818","0","0","818","0","0","818","0","0","818","0","0","818","0","0","818","0","0","818","0","0","818","0","0","818","0","0","818","0","0","818","0","0","818","0","0","818","0","0","818","0","0","818","0","0","818","0","0","818","0","0","818","0","0","818","0","0","818","0","0","818","0","0","818","0","0","818","0","0","818","0","0","818","0","0","818","0","0","818","0","0","818","0","0","818","0","0","818","0","0","818","0","0"
,"819","0","0","819","0","0","819","0","0","819","0","0","819","0","0","819","0","0","819","0","0","819","0","0","819","0","0","819","0","0","819","0","0","819","0","0","819","0","0","819","0","0","819","0","0","819","0","0","819","0","0","819","0","0","819","0","0","819","0","0","819","0","0","819","0","0","819","0","0","819","0","0","819","0","0","819","0","0","819","0","0","819","0","0","819","0","0","819","0","0","819","0","0","819","0","0","819","0","0","819","0","0","819","0","0","819","0","0","819","0","0","819","0","0","819","0","0","819","0","0","819","0","0","819","0","0","819","0","0","819","0","0","819","0","0","819","0","0","819","0","0","819","0","0","819","0","0","819","0","0","819","0","0","819","0","0","819","0","0","819","0","0","819","0","0","819","0","0","819","0","0","819","0","0","819","0","0","819","0","0"
,"820","0","0","820","0","0","820","0","0","820","0","0","820","0","0","820","0","0","820","0","0","820","0","0","820","0","0","820","0","0","820","0","0","820","0","0","820","0","0","820","0","0","820","0","0","820","0","0","820","0","0","820","0","0","820","0","0","820","0","0","820","0","0","820","0","0","820","0","0","820","0","0","820","0","0","820","0","0","820","0","0","820","0","0","820","0","0","820","0","0","820","0","0","820","0","0","820","0","0","820","0","0","820","0","0","820","0","0","820","0","0","820","0","0","820","0","0","820","0","0","820","0","0","820","0","0","820","0","0","820","0","0","820","0","0","820","0","0","820","0","0","820","0","0","820","0","0","820","0","0","820","0","0","820","0","0","820","0","0","820","0","0","820","0","0","820","0","0","820","0","0","820","0","0","820","0","0","820","0","0"
,"821","0","0","821","0","0","821","0","0","821","0","0","821","0","0","821","0","0","821","0","0","821","0","0","821","0","0","821","0","0","821","0","0","821","0","0","821","0","0","821","0","0","821","0","0","821","0","0","821","0","0","821","0","0","821","0","0","821","0","0","821","0","0","821","0","0","821","0","0","821","0","0","821","0","0","821","0","0","821","0","0","821","0","0","821","0","0","821","0","0","821","0","0","821","0","0","821","0","0","821","0","0","821","0","0","821","0","0","821","0","0","821","0","0","821","0","0","821","0","0","821","0","0","821","0","0","821","0","0","821","0","0","821","0","0","821","0","0","821","0","0","821","0","0","821","0","0","821","0","0","821","0","0","821","0","0","821","0","0","821","0","0","821","0","0","821","0","0","821","0","0","821","0","0","821","0","0","821","0","0"
,"822","0","0","822","0","0","822","0","0","822","0","0","822","0","0","822","0","0","822","0","0","822","0","0","822","0","0","822","0","0","822","0","0","822","0","0","822","0","0","822","0","0","822","0","0","822","0","0","822","0","0","822","0","0","822","0","0","822","0","0","822","0","0","822","0","0","822","0","0","822","0","0","822","0","0","822","0","0","822","0","0","822","0","0","822","0","0","822","0","0","822","0","0","822","0","0","822","0","0","822","0","0","822","0","0","822","0","0","822","0","0","822","0","0","822","0","0","822","0","0","822","0","0","822","0","0","822","0","0","822","0","0","822","0","0","822","0","0","822","0","0","822","0","0","822","0","0","822","0","0","822","0","0","822","0","0","822","0","0","822","0","0","822","0","0","822","0","0","822","0","0","822","0","0","822","0","0","822","0","0"
,"823","0","0","823","0","0","823","0","0","823","0","0","823","0","0","823","0","0","823","0","0","823","0","0","823","0","0","823","0","0","823","0","0","823","0","0","823","0","0","823","0","0","823","0","0","823","0","0","823","0","0","823","0","0","823","0","0","823","0","0","823","0","0","823","0","0","823","0","0","823","0","0","823","0","0","823","0","0","823","0","0","823","0","0","823","0","0","823","0","0","823","0","0","823","0","0","823","0","0","823","0","0","823","0","0","823","0","0","823","0","0","823","0","0","823","0","0","823","0","0","823","0","0","823","0","0","823","0","0","823","0","0","823","0","0","823","0","0","823","0","0","823","0","0","823","0","0","823","0","0","823","0","0","823","0","0","823","0","0","823","0","0","823","0","0","823","0","0","823","0","0","823","0","0","823","0","0","823","0","0"
,"824","0","0","824","0","0","824","0","0","824","0","0","824","0","0","824","0","0","824","0","0","824","0","0","824","0","0","824","0","0","824","0","0","824","0","0","824","0","0","824","0","0","824","0","0","824","0","0","824","0","0","824","0","0","824","0","0","824","0","0","824","0","0","824","0","0","824","0","0","824","0","0","824","0","0","824","0","0","824","0","0","824","0","0","824","0","0","824","0","0","824","0","0","824","0","0","824","0","0","824","0","0","824","0","0","824","0","0","824","0","0","824","0","0","824","0","0","824","0","0","824","0","0","824","0","0","824","0","0","824","0","0","824","0","0","824","0","0","824","0","0","824","0","0","824","0","0","824","0","0","824","0","0","824","0","0","824","0","0","824","0","0","824","0","0","824","0","0","824","0","0","824","0","0","824","0","0","824","0","0"
,"825","0","0","825","0","0","825","0","0","825","0","0","825","0","0","825","0","0","825","0","0","825","0","0","825","0","0","825","0","0","825","0","0","825","0","0","825","0","0","825","0","0","825","0","0","825","0","0","825","0","0","825","0","0","825","0","0","825","0","0","825","0","0","825","0","0","825","0","0","825","0","0","825","0","0","825","0","0","825","0","0","825","0","0","825","0","0","825","0","0","825","0","0","825","0","0","825","0","0","825","0","0","825","0","0","825","0","0","825","0","0","825","0","0","825","0","0","825","0","0","825","0","0","825","0","0","825","0","0","825","0","0","825","0","0","825","0","0","825","0","0","825","0","0","825","0","0","825","0","0","825","0","0","825","0","0","825","0","0","825","0","0","825","0","0","825","0","0","825","0","0","825","0","0","825","0","0","825","0","0"
,"826","0","0","826","0","0","826","0","0","826","0","0","826","0","0","826","0","0","826","0","0","826","0","0","826","0","0","826","0","0","826","0","0","826","0","0","826","0","0","826","0","0","826","0","0","826","0","0","826","0","0","826","0","0","826","0","0","826","0","0","826","0","0","826","0","0","826","0","0","826","0","0","826","0","0","826","0","0","826","0","0","826","0","0","826","0","0","826","0","0","826","0","0","826","0","0","826","0","0","826","0","0","826","0","0","826","0","0","826","0","0","826","0","0","826","0","0","826","0","0","826","0","0","826","0","0","826","0","0","826","0","0","826","0","0","826","0","0","826","0","0","826","0","0","826","0","0","826","0","0","826","0","0","826","0","0","826","0","0","826","0","0","826","0","0","826","0","0","826","0","0","826","0","0","826","0","0","826","0","0"
,"827","0","0","827","0","0","827","0","0","827","0","0","827","0","0","827","0","0","827","0","0","827","0","0","827","0","0","827","0","0","827","0","0","827","0","0","827","0","0","827","0","0","827","0","0","827","0","0","827","0","0","827","0","0","827","0","0","827","0","0","827","0","0","827","0","0","827","0","0","827","0","0","827","0","0","827","0","0","827","0","0","827","0","0","827","0","0","827","0","0","827","0","0","827","0","0","827","0","0","827","0","0","827","0","0","827","0","0","827","0","0","827","0","0","827","0","0","827","0","0","827","0","0","827","0","0","827","0","0","827","0","0","827","0","0","827","0","0","827","0","0","827","0","0","827","0","0","827","0","0","827","0","0","827","0","0","827","0","0","827","0","0","827","0","0","827","0","0","827","0","0","827","0","0","827","0","0","827","0","0"
,"828","0","0","828","0","0","828","0","0","828","0","0","828","0","0","828","0","0","828","0","0","828","0","0","828","0","0","828","0","0","828","0","0","828","0","0","828","0","0","828","0","0","828","0","0","828","0","0","828","0","0","828","0","0","828","0","0","828","0","0","828","0","0","828","0","0","828","0","0","828","0","0","828","0","0","828","0","0","828","0","0","828","0","0","828","0","0","828","0","0","828","0","0","828","0","0","828","0","0","828","0","0","828","0","0","828","0","0","828","0","0","828","0","0","828","0","0","828","0","0","828","0","0","828","0","0","828","0","0","828","0","0","828","0","0","828","0","0","828","0","0","828","0","0","828","0","0","828","0","0","828","0","0","828","0","0","828","0","0","828","0","0","828","0","0","828","0","0","828","0","0","828","0","0","828","0","0","828","0","0"
,"829","0","0","829","0","0","829","0","0","829","0","0","829","0","0","829","0","0","829","0","0","829","0","0","829","0","0","829","0","0","829","0","0","829","0","0","829","0","0","829","0","0","829","0","0","829","0","0","829","0","0","829","0","0","829","0","0","829","0","0","829","0","0","829","0","0","829","0","0","829","0","0","829","0","0","829","0","0","829","0","0","829","0","0","829","0","0","829","0","0","829","0","0","829","0","0","829","0","0","829","0","0","829","0","0","829","0","0","829","0","0","829","0","0","829","0","0","829","0","0","829","0","0","829","0","0","829","0","0","829","0","0","829","0","0","829","0","0","829","0","0","829","0","0","829","0","0","829","0","0","829","0","0","829","0","0","829","0","0","829","0","0","829","0","0","829","0","0","829","0","0","829","0","0","829","0","0","829","0","0"
,"830","0","0","830","0","0","830","0","0","830","0","0","830","0","0","830","0","0","830","0","0","830","0","0","830","0","0","830","0","0","830","0","0","830","0","0","830","0","0","830","0","0","830","0","0","830","0","0","830","0","0","830","0","0","830","0","0","830","0","0","830","0","0","830","0","0","830","0","0","830","0","0","830","0","0","830","0","0","830","0","0","830","0","0","830","0","0","830","0","0","830","0","0","830","0","0","830","0","0","830","0","0","830","0","0","830","0","0","830","0","0","830","0","0","830","0","0","830","0","0","830","0","0","830","0","0","830","0","0","830","0","0","830","0","0","830","0","0","830","0","0","830","0","0","830","0","0","830","0","0","830","0","0","830","0","0","830","0","0","830","0","0","830","0","0","830","0","0","830","0","0","830","0","0","830","0","0","830","0","0"
,"831","0","0","831","0","0","831","0","0","831","0","0","831","0","0","831","0","0","831","0","0","831","0","0","831","0","0","831","0","0","831","0","0","831","0","0","831","0","0","831","0","0","831","0","0","831","0","0","831","0","0","831","0","0","831","0","0","831","0","0","831","0","0","831","0","0","831","0","0","831","0","0","831","0","0","831","0","0","831","0","0","831","0","0","831","0","0","831","0","0","831","0","0","831","0","0","831","0","0","831","0","0","831","0","0","831","0","0","831","0","0","831","0","0","831","0","0","831","0","0","831","0","0","831","0","0","831","0","0","831","0","0","831","0","0","831","0","0","831","0","0","831","0","0","831","0","0","831","0","0","831","0","0","831","0","0","831","0","0","831","0","0","831","0","0","831","0","0","831","0","0","831","0","0","831","0","0","831","0","0"
,"832","0","0","832","0","0","832","0","0","832","0","0","832","0","0","832","0","0","832","0","0","832","0","0","832","0","0","832","0","0","832","0","0","832","0","0","832","0","0","832","0","0","832","0","0","832","0","0","832","0","0","832","0","0","832","0","0","832","0","0","832","0","0","832","0","0","832","0","0","832","0","0","832","0","0","832","0","0","832","0","0","832","0","0","832","0","0","832","0","0","832","0","0","832","0","0","832","0","0","832","0","0","832","0","0","832","0","0","832","0","0","832","0","0","832","0","0","832","0","0","832","0","0","832","0","0","832","0","0","832","0","0","832","0","0","832","0","0","832","0","0","832","0","0","832","0","0","832","0","0","832","0","0","832","0","0","832","0","0","832","0","0","832","0","0","832","0","0","832","0","0","832","0","0","832","0","0","832","0","0"
,"833","0","0","833","0","0","833","0","0","833","0","0","833","0","0","833","0","0","833","0","0","833","0","0","833","0","0","833","0","0","833","0","0","833","0","0","833","0","0","833","0","0","833","0","0","833","0","0","833","0","0","833","0","0","833","0","0","833","0","0","833","0","0","833","0","0","833","0","0","833","0","0","833","0","0","833","0","0","833","0","0","833","0","0","833","0","0","833","0","0","833","0","0","833","0","0","833","0","0","833","0","0","833","0","0","833","0","0","833","0","0","833","0","0","833","0","0","833","0","0","833","0","0","833","0","0","833","0","0","833","0","0","833","0","0","833","0","0","833","0","0","833","0","0","833","0","0","833","0","0","833","0","0","833","0","0","833","0","0","833","0","0","833","0","0","833","0","0","833","0","0","833","0","0","833","0","0","833","0","0"
,"834","0","0","834","0","0","834","0","0","834","0","0","834","0","0","834","0","0","834","0","0","834","0","0","834","0","0","834","0","0","834","0","0","834","0","0","834","0","0","834","0","0","834","0","0","834","0","0","834","0","0","834","0","0","834","0","0","834","0","0","834","0","0","834","0","0","834","0","0","834","0","0","834","0","0","834","0","0","834","0","0","834","0","0","834","0","0","834","0","0","834","0","0","834","0","0","834","0","0","834","0","0","834","0","0","834","0","0","834","0","0","834","0","0","834","0","0","834","0","0","834","0","0","834","0","0","834","0","0","834","0","0","834","0","0","834","0","0","834","0","0","834","0","0","834","0","0","834","0","0","834","0","0","834","0","0","834","0","0","834","0","0","834","0","0","834","0","0","834","0","0","834","0","0","834","0","0","834","0","0"
